"";"data";"hora";"natureza_acidente";"situacao";"bairro";"endereco";"numero";"detalhe_endereco_acidente";"complemento";"bairro_cruzamento";"num_semaforo";"sentido_via";"tipo";"descricao";"auto";"moto";"ciclom";"ciclista";"pedestre";"onibus";"caminhao";"viatura";"outros";"vitimas";"vitimasfatais";"acidente_verificado";"tempo_clima";"situacao_semaforo";"sinalizacao";"condicao_via";"conservacao_via";"ponto_controle";"situacao_placa";"velocidade_max_via";"mao_direcao";"divisao_via1";"divisao_via2";"divisao_via3"
"112";2020-01-05;"19:23:00";"COM VÍTIMA";"FINALIZADA";"MUSTARDINHA";"RUA VINTE E UM DE ABRIL";"711";"RUA JOAO LEITE";"E/F A CAPELA DE SÃO JOSÉ / PRÓX A MT-MOTOS";"MUSTARDINHA";NA;"SUBURBIO";"ATROPELAMENTO";"ENTRE MOTO E PEDESTRE. C/V";0;1;0;0;1;0;0;0;0;2;0;"Longo da via";"Bom";"Não existe";"Não existente";"Seca";"Perfeito estado";"Não existe";"Não há placas";"";"Dupla";"Não existe";"";""
"113";2020-01-05;"19:31:00";"SEM VÍTIMA";"FINALIZADA";"ROSARINHO";"AV SANTOS DUMONT";"815";"";"";"ROSARINHO";NA;"";"COLISÃO TRASEIRA";"COLISAO SEM VITIMAS";2;0;0;0;0;0;0;0;0;0;0;"Longo da via";"Bom";"Sem defeito";"Perfeito estado";"Seca";"Perfeito estado";"Não existe";"R-6a";"";"Única";"Não existe";"";""
"114";2020-01-05;"19:35:00";"COM VÍTIMA";"FINALIZADA";"LINHA DO TIRO";"RUA PROFESSOR JOSE AMARINO DOS REIS";"117";"";"E/F A ASSEMBLEIA DE DEUS";"LINHA DO TIRO";NA;"SUBURBIO";"ATROPELAMENTO";"ENTRE MOTO E PEDESTRE. C/V";0;1;0;0;1;0;0;0;0;1;0;"Longo da via";"Bom";"Não existe";"Não existente";"Seca";"Perfeito estado";"Não existe";"Não há placas";"";"Dupla";"Não existe";"";""
"115";2020-01-05;"19:47:00";"SEM VÍTIMA";"CANCELADA";"CÓRREGO DO JENIPAPO";"RUA ERUNDINA NEGREIROS DE ARAUJO";"582";"";"PROX AO TERMINAL DO LARGO DO MARACANA";"CÓRREGO DO JENIPAPO";NA;"";"COLISÃO";"COLISAO SEM VITMAS";1;1;0;0;0;0;0;0;0;0;0;"";"";"";"";"";"";"";"";"";"";"";"";""
"116";2020-01-05;"19:49:00";"COM VÍTIMA";"FINALIZADA";"IBURA";"AV DOIS RIOS";"";"LAD DA COHAB";"AO LADO DA POLICLINICA ARNALDO BARROS. LADO OPOSTO AO POSTE B041617.";"IBURA";NA;"SUBURBIO";"ABALROAMENTO TRANSVERSAL";"ENTRE AUTO E MOTO. C/V";1;1;0;0;0;0;0;0;0;2;0;"Esquina";"Bom";"Não existe";"Perfeito estado";"Seca";"Perfeito estado";"Não existe";"Não há placas";"";"Dupla";"Canteiro central";"";""
"117";2020-01-05;"20:08:00";"SEM VÍTIMA";"FINALIZADA";"TORRÕES";"AV ENGENHEIRO ABDIAS DE CARVALHO";"51";"";"EM FRENTE AO PLATO TURBO";"TORRÕES";NA;"CIDADE";"ABALROAMENTO LONGITUDINAL";"COLISAO SEM VITIMAS";1;0;0;0;0;0;0;0;2;0;0;"Longo da via";"Bom";"Não existe";"Perfeito estado";"Seca";"Perfeito estado";"Não existe";"Não há placas";"";"Única";"Faixa seccionada";"";""
"118";2020-01-05;"22:35:00";"COM VÍTIMA";"FINALIZADA";"CASA FORTE";"EST DO ENCANAMENTO";"";"EST DAS UBAIAS-";"NO CRUZAMENTO MESMO";"CASA FORTE";593;"SUBURBIO";"ABALROAMENTO TRANSVERSAL";"COLISAO COM VITIMAS";1;1;0;0;0;0;0;0;0;1;0;"Cruzamento";"Bom";"Sem defeito";"Perfeito estado";"Seca";"Perfeito estado";"Faixa de pedestre";"Outras";"";"Única";"Faixa contínua";"";""
"119";2020-01-06;"06:47:00";"SEM VÍTIMA";"FINALIZADA";"ÁGUA FRIA";"AV BEBERIBE";"1799";"RUA ZEFERINO AGRA";"";"ÁGUA FRIA";NA;"CIDADE";"ABALROAMENTO LONGITUDINAL";"S/VITIMA";1;1;0;0;0;0;0;0;0;0;0;"Longo da via";"Bom";"Não existe";"Perfeito estado";"Seca";"Perfeito estado";"Faixa de pedestre";"R-6a";"";"Dupla";"Faixa contínua";"";""
"120";2020-01-06;"07:00:00";"SEM VÍTIMA";"FINALIZADA";"ILHA DO LEITE";"AV GOVERNADOR AGAMENON MAGALHAES";"422";"RUA HENRIQUE DIAS";"SOB A LINHA DE RETENÇÃO DO SEMÁFORO Nº 068";"ILHA DO LEITE";68;"";"COLISÃO TRASEIRA";"COLISAO S/ VITIMA. ENTRE DOIS VEICULOS. GM: JOAO VITOR E MAURICIOS SANTOS NO LOCAL";2;0;0;0;0;0;0;0;0;0;0;"Longo da via";"Bom";"Sem defeito";"Perfeito estado";"Seca";"Perfeito estado";"Agente";"Não há placas";"60 km/h";"Dupla";"Faixa seccionada";"Canteiro central";""
"121";2020-01-06;"07:31:00";"COM VÍTIMA";"FINALIZADA";"PRADO";"AV ENGENHEIRO ABDIAS DE CARVALHO";"";"RUA CARLOS GOMES";"PRÓXIMO A FARMÁCIA PAGUE MENOS";"PRADO";57;"CIDADE";"COLISÃO COM CICLISTA";"AUTO E BICICLETA.";1;0;0;1;0;0;0;0;0;1;0;"Esquina";"Bom";"Sem defeito";"Perfeito estado";"Seca";"Perfeito estado";"";"Outras";"";"Única";"";"";""
"122";2020-01-06;"08:35:00";"SEM VÍTIMA";"FINALIZADA";"IMBIRIBEIRA";"RUA ENGENHEIRO JOSE BRANDAO CAVALCANTE";"95";"RUA GENERAL GOES MONTEIRO";"";"IMBIRIBEIRA";NA;"CIDADE";"ABALROAMENTO TRANSVERSAL";"SEM VITIMAS";2;0;0;0;0;0;0;0;0;0;0;"Cruzamento";"Bom";"Não existe";"Não existente";"Seca";"Perfeito estado";"Não existe";"Não há placas";"";"Dupla";"Não existe";"";""
"123";2020-01-06;"08:54:00";"SEM VÍTIMA";"CANCELADA";"CASA AMARELA";"RUA PADRE LEMOS";"309";"";"EM FRENTE A CAIXA ECONOMICA";"CASA AMARELA";NA;"";"COLISÃO";"COLISAO S/ VITIMA ENTRE ONIBUS E CARRO PASSEIO";1;0;0;0;0;1;0;0;0;0;0;"";"";"";"";"";"";"";"";"";"";"";"";""
"124";2020-01-06;"09:03:00";"COM VÍTIMA";"FINALIZADA";"MANGABEIRA";"AV NORTE";"4681";"RUA RODRIGUES SETE";"PROX. TOTAL CAR";"MANGABEIRA";NA;"CIDADE";"ABALROAMENTO TRANSVERSAL";"COLISAO COM VITIMA ENTRE VEICULO E MOTO";1;1;0;0;0;0;0;0;0;1;0;"Longo da via";"Bom";"Sem defeito";"Perfeito estado";"Seca";"Perfeito estado";"Outros";"Não há placas";"";"Dupla";"Canteiro central";"";""
"125";2020-01-06;"09:30:00";"SEM VÍTIMA";"FINALIZADA";"AREIAS";"AV RECIFE";"657";"";"MAKRO";"AREIAS";NA;"SUBURBIO";"COLISÃO TRASEIRA";"SEM VITIMAS";1;0;0;0;0;0;1;0;0;0;0;"Longo da via";"Bom";"";"Perfeito estado";"Seca";"Perfeito estado";"Faixa de pedestre";"";"";"Dupla";"Canteiro central";"";""
"126";2020-01-06;"10:21:00";"SEM VÍTIMA";"FINALIZADA";"ESPINHEIRO";"AV GOVERNADOR AGAMENON MAGALHAES";"3158";"";"EM FRENTE A MEDICAL";"ESPINHEIRO";NA;"";"CHOQUE VEÍCULO PARADO";"DOIS AUTOS";2;0;0;0;0;0;0;0;0;0;0;"Longo da via";"Bom";"Não existe";"Perfeito estado";"Seca";"Perfeito estado";"Não existe";"Não há placas";"60 km/h";"Dupla";"Faixa seccionada";"";""
"127";2020-01-06;"10:21:00";"SEM VÍTIMA";"FINALIZADA";"BOA VISTA";"RUA DO HOSPICIO";"";"";"EM FRENTE A LOJAS AMERICANAS";"BOA VISTA";NA;"CIDADE";"ABALROAMENTO LONGITUDINAL";"COLISÃO S/VITIMAS ENTRE UM AUTO E UM ONIBUS";1;0;0;0;0;1;0;0;0;0;0;"Longo da via";"Bom";"Não existe";"Perfeito estado";"Seca";"Perfeito estado";"Não existe";"Outras";"";"Única";"Não existe";"";""
"128";2020-01-06;"11:15:00";"SEM VÍTIMA";"FINALIZADA";"SAN MARTIN";"AV ENGENHEIRO ABDIAS DE CARVALHO";"";"RUA QUINZE DE MARCO";"SEMÁFORO 422";"SAN MARTIN";422;"CIDADE";"COLISÃO TRASEIRA";"DOIS AUTOS";2;0;0;0;0;0;0;0;0;0;0;"Cruzamento";"Bom";"Sem defeito";"Perfeito estado";"Seca";"Perfeito estado";"Faixa de pedestre";"Não há placas";"";"Dupla";"Canteiro central";"";""
"129";2020-01-06;"11:49:00";"SEM VÍTIMA";"FINALIZADA";"SANTO AMARO";"TRV CRUZ CABUGA";"";"";"AO LADO DO SHOPPING TACARUNA";"SANTO AMARO";NA;"CIDADE";"ABALROAMENTO LONGITUDINAL";"COLISAO S/ VITIMA ENTRE VEICULO E MOTO";1;1;0;0;0;0;0;0;0;0;0;"Longo da via";"Bom";"Não existe";"Perfeito estado";"Seca";"Perfeito estado";"Não existe";"R-6a";"";"Única";"Não existe";"";""
"130";2020-01-06;"11:53:00";"SEM VÍTIMA";"FINALIZADA";"PAISSANDU";"AV GOVERNADOR AGAMENON MAGALHAES";"";"";"LADO OPOSTO AO Nº 4575";"PAISSANDU";NA;"";"ABALROAMENTO LONGITUDINAL";"DOIS AUTOS";2;0;0;0;0;0;0;0;0;0;0;"Longo da via";"Bom";"Sem defeito";"Perfeito estado";"Seca";"Perfeito estado";"Faixa de pedestre";"Outras";"60 km/h";"Dupla";"Canteiro central";"";""
"131";2020-01-06;"12:10:00";"SEM VÍTIMA";"FINALIZADA";"PINA";"AV ANTONIO DE GOES";"260";"";"EM FRENTE A LOJA FBA NAUTICA";"PINA";NA;"CIDADE";"COLISÃO TRASEIRA";"COLISAO ENTRE AUTO E MOTO S/V";1;1;0;0;0;0;0;0;0;0;0;"Longo da via";"Bom";"Sem defeito";"Perfeito estado";"Seca";"Perfeito estado";"Agente";"Não há placas";"60 km/h";"Única";"Faixa contínua";"";""
"132";2020-01-06;"12:47:00";"SEM VÍTIMA";"FINALIZADA";"PINA";"AV HERCULANO BANDEIRA";"1001";"RUA ARQUITETO AUGUSTO REINALDO";"EM FRENTE AO ATACADO DA CONTRUÇAO";"PINA";660;"SUBURBIO";"ABALROAMENTO LONGITUDINAL";"COLISAO ENTRE";1;0;0;0;0;1;0;0;0;0;0;"Cruzamento";"Bom";"Sem defeito";"Perfeito estado";"Seca";"Perfeito estado";"Faixa de pedestre";"Não há placas";"";"Única";"";"";""
"133";2020-01-06;"13:00:00";"SEM VÍTIMA";"FINALIZADA";"IMBIRIBEIRA";"AV MARECHAL MASCARENHAS DE MORAES";"";"";"";"IMBIRIBEIRA";631;"CIDADE";"COLISÃO TRASEIRA";"COLISAO ENTRE AUTO E MOTO S/V";1;1;0;0;0;0;0;0;0;0;0;"Cruzamento";"Bom";"Sem defeito";"Perfeito estado";"Seca";"Perfeito estado";"";"Outras";"60 km/h";"Dupla";"Canteiro central";"";""
"134";2020-01-06;"13:04:00";"SEM VÍTIMA";"FINALIZADA";"IMBIRIBEIRA";"AV MARECHAL MASCARENHAS DE MORAES";"6333";"";"AEROPORTO";"IMBIRIBEIRA";625;"SUBURBIO";"ABALROAMENTO LONGITUDINAL";"COLISAO ENTRE DOIS AUTOS S/V";2;0;0;0;0;0;0;0;0;0;0;"Longo da via";"Bom";"Sem defeito";"Perfeito estado";"Seca";"Perfeito estado";"Faixa de pedestre";"Não há placas";"";"Dupla";"Canteiro central";"";""
"135";2020-01-06;"13:14:00";"COM VÍTIMA";"FINALIZADA";"IMBIRIBEIRA";"RUA ARQUITETO LUIZ NUNES";"1650";"";"AO LADO DA DROGASIL";"IMBIRIBEIRA";NA;"SUBURBIO";"ABALROAMENTO LONGITUDINAL";"COLISAO COM VITIMA ENTRE VEICULO E MOTO";1;1;0;0;0;0;0;0;0;1;0;"Longo da via";"Bom";"Não existe";"Ilegível";"Seca";"Mal iluminada";"Não existe";"Outras";"";"Dupla";"Faixa seccionada";"";""
"136";2020-01-06;"13:36:00";"SEM VÍTIMA";"FINALIZADA";"BOA VISTA";"RUA DOM BOSCO";"";"RUA JOAQUIM DE BRITO";"";"BOA VISTA";NA;"CIDADE";"ABALROAMENTO LONGITUDINAL";"COLISÃO SEM VITIMA";2;0;0;0;0;0;0;0;0;0;0;"Cruzamento";"Bom";"Não existe";"Incompleta";"Seca";"Perfeito estado";"";"Placas Pare";"";"";"Não existe";"";""
"137";2020-01-06;"13:44:00";"COM VÍTIMA";"FINALIZADA";"PINA";"AV REPUBLICA DO LIBANO";"";"";"VIADUTO SHOPPING RIO MAR.";"PINA";NA;"SUBURBIO";"ABALROAMENTO LONGITUDINAL";"COLISAO COM VITIMA ENTRE VEICULO E MOTO";1;1;0;0;0;0;0;0;0;1;0;"Longo da via";"Bom";"Não existe";"Perfeito estado";"Seca";"Perfeito estado";"Agente";"Não há placas";"";"Única";"Faixa contínua";"";""
"138";2020-01-06;"14:02:00";"COM VÍTIMA";"FINALIZADA";"AREIAS";"AV DR JOSE RUFINO";"1501";"";"E/F A IGREJA PRESBITERIANA";"AREIAS";44;"CIDADE";"COLISÃO TRASEIRA";"COLISAO ENTRE AUTO E MOTO";1;1;0;0;0;0;0;0;0;2;0;"Longo da via";"Bom";"Sem defeito";"Incompleta";"Seca";"Perfeito estado";"Faixa de pedestre";"R-6a";"";"Dupla";"Faixa contínua";"";""
"139";2020-01-06;"14:25:00";"SEM VÍTIMA";"FINALIZADA";"SANTO AMARO";"AV NORTE";"141";"RUA VINTE E QUATRO DE AGOSTO";"EM FRENTE AO 21º CSM";"SANTO AMARO";463;"SUBURBIO";"ABALROAMENTO LONGITUDINAL";"";1;0;0;0;0;1;0;0;0;0;0;"Longo da via";"Bom";"Sem defeito";"Perfeito estado";"Seca";"Perfeito estado";"Faixa de retenção";"Outras";"60 km/h";"Dupla";"Faixa contínua";"Canteiro central";""
"140";2020-01-06;"14:38:00";"SEM VÍTIMA";"FINALIZADA";"NOVA DESCOBERTA";"AV VEREADOR OTACILIO AZEVEDO";"";"";"E/F A ESCOLA ROTARY";"NOVA DESCOBERTA";NA;"SUBURBIO";"COLISÃO TRASEIRA";"COLISAO SEM VITIMAS";1;1;0;0;0;0;0;0;0;0;0;"Longo da via";"Bom";"Não existe";"Perfeito estado";"Seca";"Perfeito estado";"Faixa de pedestre";"Outras";"";"Dupla";"Faixa contínua";"";""
"141";2020-01-06;"14:46:00";"SEM VÍTIMA";"FINALIZADA";"PINA";"RUA CONSUL JOSEPH NOUJAIM";"";"RUA NOGUEIRA DE SOUZA";"";"PINA";658;"CIDADE";"ABALROAMENTO LONGITUDINAL";"COLISAO DE DOIS AUTOS SEM VITIMAS";2;0;0;0;0;0;0;0;0;0;0;"Cruzamento";"Bom";"Sem defeito";"Perfeito estado";"Seca";"Perfeito estado";"Faixa de pedestre";"Não há placas";"";"Única";"Faixa seccionada";"";""
"142";2020-01-06;"14:48:00";"SEM VÍTIMA";"FINALIZADA";"BOA VIAGEM";"AV ENGENHEIRO DOMINGOS FERREIRA";"2640";"";"POSTO BR";"BOA VIAGEM";NA;"SUBURBIO";"COLISÃO TRASEIRA";"COLISÃO SEM VITIMA";3;0;0;0;0;0;0;0;0;0;0;"Longo da via";"Bom";"Não existe";"Perfeito estado";"Seca";"Perfeito estado";"Não existe";"Não há placas";"";"Única";"Faixa seccionada";"";""
"143";2020-01-06;"14:59:00";"SEM VÍTIMA";"DUPLICIDADE";"PINA";"RUA CONSUL JOSEPH NOUJAIM";"";"";"";"PINA";658;"";"COLISÃO";"COLISÃO SEM VITIMA";2;0;0;0;0;0;0;0;0;0;0;"";"";"";"";"";"";"";"";"";"";"";"";""
"144";2020-01-06;"15:27:00";"SEM VÍTIMA";"FINALIZADA";"ILHA DO LEITE";"RUA GENERAL JOAQUIM INACIO";"4481";"";"AO LADO DO BANCO";"ILHA DO LEITE";69;"SUBURBIO";"COLISÃO TRASEIRA";"COLISAO SEM VITIMAS";2;0;0;0;0;0;0;0;0;0;0;"Longo da via";"Bom";"Sem defeito";"Perfeito estado";"Seca";"Perfeito estado";"Faixa de pedestre";"Não há placas";"40 km/h";"Única";"Faixa contínua";"";""
"145";2020-01-06;"17:24:00";"SEM VÍTIMA";"FINALIZADA";"IMBIRIBEIRA";"AV MARECHAL MASCARENHAS DE MORAES";"2657";"";"E/F A IMBIRIBEIRA DIESEL";"IMBIRIBEIRA";7;"CIDADE";"COLISÃO TRASEIRA";"COLISAO ENTRE ONIBUS E AUTOS S/V";1;0;0;0;0;1;0;0;0;0;0;"Longo da via";"Bom";"Sem defeito";"Perfeito estado";"Seca";"Perfeito estado";"Faixa de pedestre";"";"60 km/h";"Única";"Canteiro central";"";""
"146";2020-01-06;"17:46:00";"SEM VÍTIMA";"FINALIZADA";"BOA VIAGEM";"RUA ANTONIO FALCAO";"";"RUA MINISTRO NELSON HUNGRIA";"PARQUE TRIGO";"BOA VIAGEM";NA;"";"ABALROAMENTO TRANSVERSAL";"COLISÃO COM VITIMA/ AGUARDANDO SAMU NO LOCAL";2;1;0;0;0;0;0;0;0;0;0;"Cruzamento";"Bom";"Não existe";"Incompleta";"Seca";"Perfeito estado";"Não existe";"Não há placas";"60 km/h";"Única";"Não existe";"";""
"147";2020-01-06;"18:38:00";"SEM VÍTIMA";"FINALIZADA";"ÁGUA FRIA";"AV BEBERIBE";"2238";"";"MERCADINHO DOIS IRMÃOS / SOBERANO";"ÁGUA FRIA";NA;"SUBURBIO";"ABALROAMENTO LONGITUDINAL";"COLISAO SEM VITIMAS";1;0;0;0;0;1;0;0;0;0;0;"Longo da via";"Bom";"Não existe";"Perfeito estado";"Seca";"Perfeito estado";"Não existe";"Não há placas";"";"Dupla";"Faixa contínua";"Faixa seccionada";""
"148";2020-01-06;"18:49:00";"SEM VÍTIMA";"FINALIZADA";"BOA VIAGEM";"AV CONSELHEIRO AGUIAR";"3572";"";"LOJA CORTA JACA";"BOA VIAGEM";NA;"CIDADE";"ABALROAMENTO LONGITUDINAL";"ENTRE 2 AUTOS. S/V";2;0;0;0;0;0;0;0;0;0;0;"Longo da via";"Bom";"Não existe";"Perfeito estado";"Seca";"Perfeito estado";"Não existe";"R-6a";"60 km/h";"Única";"Faixa seccionada";"";""
"149";2020-01-06;"18:58:00";"COM VÍTIMA";"FINALIZADA";"SANTO ANTÔNIO";"RUA DO SOL";"";"AV GUARARAPES";"CRUZAMENTO C/AV GUARARAPES";"SANTO ANTÔNIO";14;"SUBURBIO";"ATROPELAMENTO";"ATROPELAMENTO ENTRE CAMINHONETE E PEDESTRE.";1;0;0;0;2;0;0;0;0;2;0;"Cruzamento";"Bom";"Sem defeito";"Perfeito estado";"Seca";"Perfeito estado";"Agente";"R-6a";"";"Única";"";"";""
"150";2020-01-06;"19:32:00";"SEM VÍTIMA";"FINALIZADA";"ROSARINHO";"AV CONS ROSA E SILVA";"1997";"";"FARMÁCIA PAGUE MENOS";"ROSARINHO";NA;"SUBURBIO";"ABALROAMENTO TRANSVERSAL";"ENTRE AUTO E CAMINHÃO. S/V";1;0;0;0;0;0;1;0;0;0;0;"Longo da via";"Bom";"Não existe";"Perfeito estado";"Seca";"Perfeito estado";"Não existe";"Não há placas";"";"Única";"Faixa contínua";"";""
"151";2020-01-06;"19:52:00";"SEM VÍTIMA";"FINALIZADA";"IBURA";"AV DOIS RIOS";"1103";"";"EM FRENTE AO Nº 1103";"IBURA";NA;"";"COLISÃO TRASEIRA";"COLISAO SEM VITIMAS";2;0;0;0;0;0;0;0;0;0;0;"Longo da via";"Bom";"Sem defeito";"Perfeito estado";"Seca";"Mal iluminada";"Não existe";"Não há placas";"";"Dupla";"Faixa contínua";"";""
"152";2020-01-06;"20:11:00";"SEM VÍTIMA";"FINALIZADA";"BOA VISTA";"RUA LUIZ BARBALHO";"89";"RUA MIGUEL COUTO";"EMLURB";"BOA VISTA";NA;"CIDADE";"ABALROAMENTO LONGITUDINAL";"ENTRE 2 AUTOS. S/V";2;0;0;0;0;0;0;0;0;0;0;"Cruzamento";"Bom";"Não existe";"";"Seca";"Perfeito estado";"Não existe";"Não há placas";"";"Dupla";"Não existe";"";""
"153";2020-01-06;"20:28:00";"SEM VÍTIMA";"FINALIZADA";"SANTO ANTÔNIO";"C SANTA RITA";"";"";"PRÓXIMO A ENTRADA DO TERMINAL";"SANTO ANTÔNIO";76;"CIDADE";"ABALROAMENTO LONGITUDINAL";"ENTRE AUTO E ÔNIBUS. S/V";1;0;0;0;0;1;0;0;0;0;0;"Longo da via";"Bom";"Sem defeito";"Perfeito estado";"Seca";"Perfeito estado";"Não existe";"Não há placas";"";"Dupla";"Canteiro central";"Faixa contínua";""
"154";2020-01-07;"07:32:00";"SEM VÍTIMA";"CANCELADA";"JARDIM SÃO PAULO";"AV SAO PAULO";"932";"RUA CAPETINGA";"200METROS APÓS O CONDOMINIO EL SALVADOR";"JARDIM SÃO PAULO";NA;"BR 101";"COLISÃO";"SEM VITIMAS";2;0;0;0;0;0;0;0;0;0;0;"";"";"";"";"";"";"";"";"";"";"";"";""
"155";2020-01-07;"07:32:00";"SEM VÍTIMA";"FINALIZADA";"DOIS IRMÃOS";"RUA DOIS IRMAOS";"";"AV DA RECUPERACAO";"";"DOIS IRMÃOS";416;"CIDADE";"ABALROAMENTO LONGITUDINAL";"COLISÃO SEM VITIMAS  GM  ANDRE MANOEL QTH";0;2;0;0;0;0;0;0;0;0;0;"Cruzamento";"Chuvoso";"Sem defeito";"Perfeito estado";"Molhada";"Perfeito estado";"Não existe";"Não há placas";"";"Dupla";"Não existe";"";""
"156";2020-01-07;"08:01:00";"SEM VÍTIMA";"FINALIZADA";"VÁRZEA";"AV CAXANGA";"";"";"LADO OPOSTO A UPA ESCRITOR PAULO CAVALCANTI CAXANGÁ";"VÁRZEA";281;"CIDADE";"COLISÃO TRASEIRA";"SEM VITIMA. ENTRE TRES VEICULOS. GM: FONTENELE. PONTO FIXO NO LOCAL";3;0;0;0;0;0;0;0;0;0;0;"Longo da via";"Chuvoso";"Sem defeito";"Perfeito estado";"Molhada";"Perfeito estado";"Agente";"Não há placas";"60 km/h";"Dupla";"Faixa seccionada";"Canteiro central";""
"157";2020-01-07;"08:06:00";"SEM VÍTIMA";"FINALIZADA";"ESPINHEIRO";"AV CONS ROSA E SILVA";"";"";"EM FRENTE AO HOSPITAL DOS SERVIDORES DO ESTADO - HSE";"ESPINHEIRO";309;"SUBURBIO";"COLISÃO TRASEIRA";"SEM VITIMAS";2;0;0;0;0;0;0;0;0;0;0;"Longo da via";"Bom";"Sem defeito";"Perfeito estado";"Seca";"Perfeito estado";"Faixa de pedestre";"";"";"Única";"Faixa seccionada";"";""
"158";2020-01-07;"08:11:00";"SEM VÍTIMA";"FINALIZADA";"GRAÇAS";"AV RUI BARBOSA";"870";"";"EM FRENTE AO Nº 870";"GRAÇAS";48;"CIDADE";"COLISÃO TRASEIRA";"DOIS AUTOS PONTO FIXO GM PARAISO E LUCAS";2;0;0;0;0;0;0;0;0;0;0;"Longo da via";"Bom";"Sem defeito";"Perfeito estado";"Seca";"Perfeito estado";"Agente";"Outras";"";"Única";"Faixa seccionada";"";""
"159";2020-01-07;"09:23:00";"SEM VÍTIMA";"FINALIZADA";"AFOGADOS";"RUA SAO MIGUEL";"650";"";"LADO OP A PORTUGUÊS STO INÁCIO AUTO PEÇAS";"AFOGADOS";391;"CIDADE";"ABALROAMENTO LONGITUDINAL";"COLISÃO SEM VITIMAS";1;0;0;0;0;1;0;0;0;0;0;"Longo da via";"Bom";"Sem defeito";"Incompleta";"Seca";"";"";"Outras";"50 km/h";"Dupla";"";"";""
"160";2020-01-07;"09:25:00";"SEM VÍTIMA";"CANCELADA";"IMBIRIBEIRA";"AV MARECHAL MASCARENHAS DE MORAES";"";"";"EM FRENTE AO JUIZADO DE PEQUENAS CAUSAS";"IMBIRIBEIRA";NA;"AFOGADOS";"COLISÃO";"COLISÃO SEM VITIMAS";1;0;0;0;0;1;0;0;0;0;0;"";"";"";"";"";"";"";"";"";"";"";"";""
"161";2020-01-07;"09:58:00";"SEM VÍTIMA";"FINALIZADA";"IMBIRIBEIRA";"AV MARECHAL MASCARENHAS DE MORAES";"";"RUA JOAQUIM BANDEIRA";"CONCESSIONÁRIA MITSUBISH MOTORS";"IMBIRIBEIRA";534;"SUBURBIO";"ABALROAMENTO LONGITUDINAL";"COLISAO S/ VITIMA CAMINHAO E ONIBUS";0;0;0;0;0;1;1;0;0;0;0;"Cruzamento";"Bom";"Sem defeito";"Perfeito estado";"Seca";"Perfeito estado";"Faixa de pedestre";"Não há placas";"60 km/h";"Dupla";"Canteiro central";"";""
"162";2020-01-07;"11:05:00";"SEM VÍTIMA";"FINALIZADA";"AFLITOS";"AV CONS ROSA E SILVA";"632";"";"GALERIA MOLDULAR";"AFLITOS";NA;"SUBURBIO";"COLISÃO TRASEIRA";"COLISÃO SEM VITIMAS";2;0;0;0;0;0;0;0;0;0;0;"Longo da via";"Bom";"Sem defeito";"Perfeito estado";"Seca";"Perfeito estado";"Não existe";"R-6a";"40 km/h";"Única";"Faixa contínua";"";""
"163";2020-01-07;"11:20:00";"SEM VÍTIMA";"FINALIZADA";"CAMPO GRANDE";"RUA DR MACHADO";"353";"RUA VOLUNTARIOS DA PATRIA";"";"CAMPO GRANDE";NA;"";"COLISÃO TRASEIRA";"COLISÃO SEM VITIMAS";2;0;0;0;0;0;0;0;0;0;0;"Cruzamento";"Bom";"Sem defeito";"Perfeito estado";"Seca";"Perfeito estado";"Não existe";"Placas Pare";"";"Única";"Não existe";"";""
"164";2020-01-07;"11:27:00";"COM VÍTIMA";"FINALIZADA";"IPUTINGA";"RUA EMILIANO BRAGA";"163";"RUA MANOEL JOAQUIM DE ALMEIDA";"ED NOVA ESPERANÇA";"IPUTINGA";NA;"";"ABALROAMENTO TRANSVERSAL";"COLISAO COM VITIMA. ENTRE CARRO E MOTO";1;1;0;0;0;0;0;0;0;1;0;"Cruzamento";"Bom";"Não existe";"Incompleta";"Seca";"Perfeito estado";"Não existe";"Não há placas";"";"Dupla";"Não existe";"";""
"165";2020-01-07;"11:28:00";"SEM VÍTIMA";"FINALIZADA";"ESPINHEIRO";"RUA CONS PORTELA";"";"RUA BARAO DE ITAMARACA";"IGREJA MATRIZ DO ESPINHEIRO";"ESPINHEIRO";464;"CIDADE";"ABALROAMENTO LONGITUDINAL";"AUTO E CAMINHÃO";1;0;0;0;0;0;1;0;0;0;0;"Longo da via";"Bom";"Sem defeito";"Perfeito estado";"Seca";"Perfeito estado";"Faixa de pedestre";"R-6a";"";"Única";"Faixa seccionada";"";""
"166";2020-01-07;"11:32:00";"SEM VÍTIMA";"FINALIZADA";"PRADO";"AV ENGENHEIRO ABDIAS DE CARVALHO";"";"";"ZERO GRAU / ESTÁCIO CLÍNICA DE PSICOLOGIA";"PRADO";327;"CIDADE";"COLISÃO TRASEIRA";"SEM VITIMAS";2;0;0;0;0;0;0;0;0;0;0;"Longo da via";"Bom";"Sem defeito";"Perfeito estado";"Seca";"Perfeito estado";"Faixa de pedestre";"R-6a";"60 km/h";"Única";"Faixa contínua";"";""