"";"data";"hora";"natureza_acidente";"situacao";"bairro";"endereco";"numero";"detalhe_endereco_acidente";"complemento";"bairro_cruzamento";"num_semaforo";"sentido_via";"tipo";"descricao";"auto";"moto";"ciclom";"ciclista";"pedestre";"onibus";"caminhao";"viatura";"outros";"vitimas";"vitimasfatais";"acidente_verificado";"tempo_clima";"situacao_semaforo";"sinalizacao";"condicao_via";"conservacao_via";"ponto_controle";"situacao_placa";"velocidade_max_via";"mao_direcao";"divisao_via1";"divisao_via2";"divisao_via3"
"336";2020-01-12;"12:09:00";"COM VÍTIMA";"FINALIZADA";"BOA VIAGEM";"AV BOA VIAGEM";"848";"";"STUDIO PORTAL DE BOA VIAGEM";"BOA VIAGEM";NA;"CIDADE";"ATROPELAMENTO";"BICICLETA E PEDESTRE";0;0;0;1;1;0;0;0;0;1;0;"Longo da via";"Bom";"Não existe";"Perfeito estado";"Seca";"Perfeito estado";"Não existe";"Não há placas";"";"Única";"Faixa contínua";"";""
"337";2020-01-12;"13:34:00";"COM VÍTIMA";"FINALIZADA";"PASSARINHO";"EST DO PASSARINHO";"3464";"";"PROX AO TERMINAL DE ONIBUS DE DOIS UNIDOS";"PASSARINHO";NA;"SUBURBIO";"COLISÃO FRONTAL";"AUTO PASSEIO X MOTO COM VÍTIMA";1;1;0;0;0;0;0;0;0;1;0;"Longo da via";"Bom";"Não existe";"Não existente";"Seca";"Mal conservada";"Não existe";"Não há placas";"";"Dupla";"Não existe";"";""
"338";2020-01-12;"14:13:00";"SEM VÍTIMA";"CANCELADA";"AFOGADOS";"RUA NICOLAU PEREIRA";"";"RUA DA PAZ";"ANTES DA PONTE MOTOCOLOMBO";"AFOGADOS";73;"SUBURBIO";"COLISÃO";"SEM VITIMA";2;0;0;0;0;0;0;0;0;0;0;"";"";"";"";"";"";"";"";"";"";"";"";""
"339";2020-01-12;"14:22:00";"SEM VÍTIMA";"FINALIZADA";"BOA VIAGEM";"RUA DOS NAVEGANTES";"";"RUA ANTONIO FALCAO";"E/F AO ILHA CAMARÕES";"BOA VIAGEM";NA;"";"ABALROAMENTO LONGITUDINAL";"ENTRE AUTO PASSEIO X MOTO S/V";1;1;0;0;0;0;0;0;0;0;0;"Cruzamento";"Bom";"Não existe";"Perfeito estado";"Seca";"Perfeito estado";"Faixa de retenção";"R-6a";"";"Única";"Não existe";"";""
"340";2020-01-12;"16:27:00";"SEM VÍTIMA";"FINALIZADA";"ESPINHEIRO";"AV GOVERNADOR AGAMENON MAGALHAES";"2125";"";"FR SANTANDER SELECT";"ESPINHEIRO";78;"SUBURBIO";"COLISÃO TRASEIRA";"ENTRE DOIS AUTOS S/V";2;0;0;0;0;0;0;0;0;0;0;"Longo da via";"Bom";"Sem defeito";"Perfeito estado";"Seca";"Perfeito estado";"Faixa de pedestre";"Não há placas";"60 km/h";"Única";"Faixa seccionada";"";""
"341";2020-01-12;"17:13:00";"SEM VÍTIMA";"FINALIZADA";"BOA VIAGEM";"AV DOM JOAO VI";"";"";"LADO OPOSTO AO SHOPPING RECIFE";"BOA VIAGEM";NA;"SUBURBIO";"CAPOTAMENTO";"VEICULO CAPOTA E CAI SOBRE O CANAL";1;0;0;0;0;0;0;0;0;0;0;"Longo da via";"Bom";"Sem defeito";"Perfeito estado";"Seca";"Perfeito estado";"";"";"";"Única";"Faixa seccionada";"";""
"342";2020-01-12;"18:41:00";"SEM VÍTIMA";"FINALIZADA";"IPSEP";"RUA JAMAICA";"";"RUA IZABEL DE SOUZA";"";"IPSEP";NA;"SUBURBIO";"ABALROAMENTO TRANSVERSAL";"ENTRE 2 AUTOS. S/V";2;0;0;0;0;0;0;0;0;0;0;"Cruzamento";"Bom";"Não existe";"Perfeito estado";"Seca";"Perfeito estado";"Não existe";"Não há placas";"";"Única";"Não existe";"";""
"343";2020-01-12;"18:50:00";"SEM VÍTIMA";"FINALIZADA";"ÁGUA FRIA";"RUA JULIO RAMOS";"";"RUA ZEFERINO AGRA";"IMÓVEL Nº 102 ( EM FRENTE)";"ÁGUA FRIA";NA;"SUBURBIO";"COLISÃO FRONTAL";"COLISÃO ENTRE AUTO E MOTO S/V";1;1;0;0;0;0;0;0;0;0;0;"Cruzamento";"Bom";"Não existe";"Perfeito estado";"Seca";"Perfeito estado";"Faixa de pedestre";"Placas Pare";"30 km/h";"Única";"";"";""
"344";2020-01-12;"20:38:00";"SEM VÍTIMA";"FINALIZADA";"BOA VIAGEM";"RUA MARQUES DE VALENCA";"";"RUA OLAVO BILAC";"";"BOA VIAGEM";NA;"CIDADE";"ABALROAMENTO TRANSVERSAL";"COLISÃO ENTRE DOIS AUTOS S/V";2;0;0;0;0;0;0;0;0;0;0;"Longo da via";"Bom";"Não existe";"Perfeito estado";"Seca";"Perfeito estado";"Não existe";"Placas Pare";"";"Única";"Não existe";"";""
"345";2020-01-12;"22:18:00";"SEM VÍTIMA";"FINALIZADA";"PINA";"AV HERCULANO BANDEIRA";"990";"RUA ARQUITETO AUGUSTO REINALDO";"JBS VEÍCULOS";"PINA";660;"SUBURBIO";"ABALROAMENTO TRANSVERSAL";"ENTRE 2 AUTOS. S/V";2;0;0;0;0;0;0;0;0;0;0;"Cruzamento";"Bom";"Sem defeito";"Perfeito estado";"Seca";"Perfeito estado";"Faixa de retenção";"Outras";"";"Única";"Faixa seccionada";"";""
"346";2020-01-13;"06:13:00";"SEM VÍTIMA";"CANCELADA";"IPSEP";"RUA JEAN EMILE FAVRE";"750";"";"EM FRENTE A GALERIA MARIA DE LOURDES";"IPSEP";NA;"";"COLISÃO";"COLISÃO SEM VITIMAS";2;0;0;0;0;0;0;0;0;0;0;"";"";"";"";"";"";"";"";"";"";"";"";""
"347";2020-01-13;"06:39:00";"SEM VÍTIMA";"FINALIZADA";"ENCRUZILHADA";"RUA FERNANDO CESAR";"290";"RUA INACIO GALVAO DOS SANTOS";"";"ENCRUZILHADA";NA;"CIDADE";"ABALROAMENTO TRANSVERSAL";"SEM VITIMAS";2;0;0;0;0;0;0;0;0;0;0;"Cruzamento";"Bom";"Não existe";"Perfeito estado";"Seca";"Perfeito estado";"Faixa de pedestre";"Placas Pare";"";"Única";"Faixa seccionada";"";""
"348";2020-01-13;"06:43:00";"SEM VÍTIMA";"FINALIZADA";"ESTÂNCIA";"AV RECIFE";"";"";"SOB O SEMÁFORO Nº 261 SENTIDO BR 101";"ESTÂNCIA";261;"SUBURBIO";"COLISÃO TRASEIRA";"AUTO E CAMINHÃO";1;0;0;0;0;0;1;0;0;0;0;"Longo da via";"Bom";"Sem defeito";"Perfeito estado";"Seca";"Perfeito estado";"Faixa de retenção";"Outras";"60 km/h";"Dupla";"Faixa contínua";"Canteiro central";""
"349";2020-01-13;"07:02:00";"SEM VÍTIMA";"CANCELADA";"PRADO";"RUA QUATRO DE OUTUBRO";"277";"";"RESIDENCIA  PROX A PADARIA DO DODO";"PRADO";NA;"";"COLISÃO";"COLISÃO SEM VITIMAS";2;0;0;0;0;0;0;0;0;0;0;"";"";"";"";"";"";"";"";"";"";"";"";""
"350";2020-01-13;"07:30:00";"SEM VÍTIMA";"FINALIZADA";"TORRE";"RUA REAL DA TORRE";"1275";"";"";"TORRE";NA;"";"ABALROAMENTO LONGITUDINAL";"SEM VITIMAS";2;0;0;0;0;0;0;0;0;0;0;"Longo da via";"Chuvoso";"Sem defeito";"Perfeito estado";"Molhada";"Perfeito estado";"Faixa de pedestre";"Outras";"40 km/h";"Única";"Faixa seccionada";"";""
"351";2020-01-13;"07:51:00";"SEM VÍTIMA";"FINALIZADA";"CORDEIRO";"AV ENGENHEIRO ABDIAS DE CARVALHO";"";"";"LADO OPOSTO AO NÚMERO 3010";"CORDEIRO";NA;"CIDADE";"COLISÃO TRASEIRA";"COLISÃO SEM VITIMAS GM LUANA QTH";3;0;0;0;0;0;0;0;0;0;0;"Longo da via";"Bom";"Não existe";"Perfeito estado";"Seca";"Perfeito estado";"Não existe";"Não há placas";"60 km/h";"Dupla";"Canteiro central";"";""
"352";2020-01-13;"08:10:00";"COM VÍTIMA";"CANCELADA";"BAIRRO DO RECIFE";"AV ALFREDO LISBOA";"";"";"EM FRENTE AO ESTACIONAMENTO DO PARADOR E AO LADO DO ITAIPAVA 14";"BAIRRO DO RECIFE";NA;"";"COLISÃO";"AUTO E MOTO";1;1;0;0;0;0;0;0;0;1;0;"";"";"";"";"";"";"";"";"";"";"";"";""
"353";2020-01-13;"08:19:00";"COM VÍTIMA";"FINALIZADA";"ALTO JOSÉ BONIFÁCIO";"RUA ALTO JOSE BONIFACIO";"963";"";"PROX: QUADRA DO ALTO JOSE BONIFACIO";"ALTO JOSÉ BONIFÁCIO";NA;"CIDADE";"CHOQUE VEÍCULO PARADO";"COLISAO COM VITIMA. ENTRE UM ONIBUS E UMA MOTO";0;1;0;0;0;1;0;0;0;1;0;"Longo da via";"Chuvoso";"Não existe";"Perfeito estado";"Molhada";"Perfeito estado";"Não existe";"Não há placas";"";"Dupla";"Faixa seccionada";"";""
"354";2020-01-13;"08:24:00";"SEM VÍTIMA";"FINALIZADA";"BARRO";"AV DR JOSE RUFINO";"";"";"VIADUTO DA BR 101";"BARRO";NA;"SUBURBIO";"ABALROAMENTO TRANSVERSAL";"COLISÃO SEM VITIMAS";1;1;0;0;0;0;0;0;0;0;0;"Cruzamento";"Bom";"Não existe";"Incompleta";"Seca";"Perfeito estado";"Não existe";"Não há placas";"";"Dupla";"Faixa seccionada";"";""
"355";2020-01-13;"09:08:00";"SEM VÍTIMA";"FINALIZADA";"ESPINHEIRO";"RUA SAO SALVADOR";"105";"";"MORADA SÃO SALVADOR";"ESPINHEIRO";NA;"CIDADE";"ABALROAMENTO LONGITUDINAL";"DOIS AUTOS";2;0;0;0;0;0;0;0;0;0;0;"Longo da via";"Bom";"Não existe";"Perfeito estado";"Seca";"Perfeito estado";"Não existe";"R-6a";"";"Única";"Não existe";"";""
"356";2020-01-13;"09:35:00";"SEM VÍTIMA";"FINALIZADA";"ILHA JOANA BEZERRA";"AV BEIRA RIO";"";"";"EM FRENTE AO CAMPO DE FUTEBOL DA JOANA BEZERRA";"ILHA JOANA BEZERRA";NA;"CIDADE";"COLISÃO TRASEIRA";"COLISÃO SEM VITIMAS";5;0;0;0;0;0;0;0;0;0;0;"Longo da via";"Bom";"Não existe";"Perfeito estado";"Seca";"Perfeito estado";"Outros";"Não há placas";"";"Dupla";"Faixa contínua";"Faixa seccionada";""
"357";2020-01-13;"09:46:00";"SEM VÍTIMA";"CANCELADA";"BOA VIAGEM";"RUA MAMANGUAPE";"623";"";"EM FRENTE AO EDF CARRARA";"BOA VIAGEM";NA;"";"COLISÃO";"SEM VITIMAS";2;0;0;0;0;0;0;0;0;0;0;"";"";"";"";"";"";"";"";"";"";"";"";""
"358";2020-01-13;"09:48:00";"SEM VÍTIMA";"FINALIZADA";"CASA AMARELA";"RUA BENTO LOYOLA";"75";"AV PROFESSOR JOSE DOS ANJOS";"POSTE CELPE Nº B 005914";"CASA AMARELA";NA;"";"ABALROAMENTO TRANSVERSAL";"DOIS AUTOS";2;0;0;0;0;0;0;0;0;0;0;"Cruzamento";"Bom";"Não existe";"Perfeito estado";"Seca";"Perfeito estado";"Não existe";"Placas Pare";"30 km/h";"Dupla";"Não existe";"";""
"359";2020-01-13;"09:55:00";"SEM VÍTIMA";"FINALIZADA";"BOA VISTA";"";"";"";"ANTES DA ESQUINA COM A RUA DR. JOSÉ MARIANO";"BOA VISTA";209;"";"COLISÃO TRASEIRA";"SEM VITIMAS";2;0;0;0;0;0;0;0;0;0;0;"Longo da via";"Bom";"Sem defeito";"Perfeito estado";"Seca";"Perfeito estado";"Faixa de pedestre";"Não há placas";"";"Única";"Faixa contínua";"";""
"360";2020-01-13;"10:00:00";"SEM VÍTIMA";"FINALIZADA";"SÃO JOSÉ";"RUA DA CONCORDIA";"907";"";"EM FRENTE A LOJA COMANDO DAS BOMBAS";"SÃO JOSÉ";NA;"CIDADE";"ABALROAMENTO TRANSVERSAL";"DOIS AUTOS";2;0;0;0;0;0;0;0;0;0;0;"Longo da via";"Bom";"Não existe";"Perfeito estado";"Seca";"Perfeito estado";"Não existe";"Outras";"";"Única";"Não existe";"";""
"361";2020-01-13;"10:30:00";"SEM VÍTIMA";"FINALIZADA";"BOA VISTA";"RUA DA SOLEDADE";"";"AV CONDE DA BOA VISTA";"";"BOA VISTA";25;"SUBURBIO";"ABALROAMENTO LONGITUDINAL";"SEM VITIMAS";1;0;0;0;0;0;1;0;0;0;0;"Cruzamento";"Bom";"Sem defeito";"Perfeito estado";"Seca";"Perfeito estado";"Faixa de pedestre";"R-6a";"";"Única";"Faixa contínua";"";""
"362";2020-01-13;"10:31:00";"COM VÍTIMA";"FINALIZADA";"IPUTINGA";"AV CAXANGA";"3665";"";"PROX. AO POSTO BR- SENT. CIDADE";"IPUTINGA";NA;"CIDADE";"COLISÃO TRASEIRA";"DUAS MOTOS- GM REGO BARROS NO LOCAL";0;2;0;0;0;0;0;0;0;1;0;"Longo da via";"Bom";"Sem defeito";"Perfeito estado";"Seca";"Perfeito estado";"Agente";"R-5a";"60 km/h";"";"Canteiro central";"";""
"363";2020-01-13;"10:55:00";"SEM VÍTIMA";"FINALIZADA";"IPSEP";"AV RECIFE";"2996";"";"EXATA COR";"IPSEP";NA;"CIDADE";"ABALROAMENTO LONGITUDINAL";"COLISAO S/ VITIMA. ENTRE DOIS VEICULOS";2;0;0;0;0;0;0;0;0;0;0;"Longo da via";"Bom";"Sem defeito";"Perfeito estado";"Seca";"Perfeito estado";"Não existe";"Outras";"60 km/h";"Única";"Faixa seccionada";"Canteiro central";""
"364";2020-01-13;"11:24:00";"SEM VÍTIMA";"DUPLICIDADE";"IPSEP";"AV RECIFE";"2996";"";"EM FRENTE A EMPRESA EXATA  COR";"IPSEP";NA;"AREIAS";"COLISÃO";"COLISÃO SEM VITIMAS";2;0;0;0;0;0;0;0;0;0;0;"";"";"";"";"";"";"";"";"";"";"";"";""
"365";2020-01-13;"11:46:00";"SEM VÍTIMA";"FINALIZADA";"BAIRRO DO RECIFE";"RUA DR ASCANIO PEIXOTO";"";"";"DENTRO DO PORTO DO RECIFE";"BAIRRO DO RECIFE";NA;"CIDADE";"ABALROAMENTO LONGITUDINAL";"COLISÃO SEM VITIMAS";1;0;0;0;0;0;1;0;0;0;0;"Longo da via";"Bom";"Não existe";"Perfeito estado";"Seca";"";"Outros";"Não há placas";"";"Dupla";"Canteiro central";"";""
"366";2020-01-13;"11:48:00";"SEM VÍTIMA";"FINALIZADA";"ALTO JOSÉ DO PINHO";"RUA CORREGO JOSE GRANDE";"121";"";"ESTAÇÃO ELEVATÓRIA DE ÁGUA";"ALTO JOSÉ DO PINHO";NA;"CIDADE";"ABALROAMENTO LONGITUDINAL";"SEM VITIMAS";1;1;0;0;0;0;0;0;0;0;0;"Longo da via";"Bom";"Não existe";"Perfeito estado";"Seca";"Perfeito estado";"Não existe";"Outras";"";"Dupla";"Não existe";"";""
"367";2020-01-13;"11:52:00";"SEM VÍTIMA";"FINALIZADA";"SAN MARTIN";"RUA COMENDADOR FRANCO FERREIRA";"16";"RUA JOSE VELOSO";"";"SAN MARTIN";NA;"SUBURBIO";"ABALROAMENTO LONGITUDINAL";"COLISAO S/ VITIMA. ENTRE DOIS VEICULOS";2;0;0;0;0;0;0;0;0;0;0;"Cruzamento";"Bom";"Não existe";"Incompleta";"Seca";"Perfeito estado";"Outros";"Placas Pare";"30 km/h";"Dupla";"Não existe";"";""
"368";2020-01-13;"12:33:00";"SEM VÍTIMA";"FINALIZADA";"SANTO ANTÔNIO";"AV MARTINS DE BARROS";"";"";"EM FRENTE AO POSTO IPIRANGA";"SANTO ANTÔNIO";NA;"SUBURBIO";"COLISÃO TRASEIRA";"COLISAO ENTRE DOIS AUTOS S/V";2;0;0;0;0;0;0;0;0;0;0;"Longo da via";"Bom";"Não existe";"Perfeito estado";"Seca";"Perfeito estado";"Faixa de pedestre";"Não há placas";"";"Dupla";"Canteiro central";"";""
"369";2020-01-13;"12:57:00";"COM VÍTIMA";"CANCELADA";"CASA FORTE";"AV DEZESSETE DE AGOSTO";"1740";"RUA DOS ARCOS";"CASA ...EM FRENTE AO REAL BOTIQUIM";"CASA FORTE";NA;"";"COLISÃO";"COLISÃO COM VITIMA";1;1;0;0;0;0;0;0;0;1;0;"";"";"";"";"";"";"";"";"";"";"";"";""
"370";2020-01-13;"13:53:00";"SEM VÍTIMA";"FINALIZADA";"VÁRZEA";"RUA MARIO CAMPELO";"394";"AV INACIO DE BARROS BARRETO";"KITANDA RENASCER";"VÁRZEA";NA;"";"ABALROAMENTO LONGITUDINAL";"COLISÃO SEM VITIMA";1;1;0;0;0;0;0;0;0;0;0;"Cruzamento";"Bom";"Não existe";"Não existente";"Seca";"Perfeito estado";"Não existe";"Não há placas";"";"Dupla";"Não existe";"";""
"371";2020-01-13;"14:28:00";"SEM VÍTIMA";"CANCELADA";"BOA VIAGEM";"RUA BARAO DE SOUZA LEAO";"1595";"";"E/F AO COLÉGIO MARIA TEREZA";"BOA VIAGEM";NA;"";"CHOQUE";"CAMINHÃO QUEBRADO NA VIA APÓS CHOQUE COM VIADUTO";0;0;0;0;0;0;1;0;0;0;0;"";"";"";"";"";"";"";"";"";"";"";"";""
"372";2020-01-13;"14:42:00";"SEM VÍTIMA";"FINALIZADA";"MADALENA";"RUA JOAQUIM NABUCO";"";"";"PONTE DA CAPUNGA";"MADALENA";NA;"SUBURBIO";"COLISÃO TRASEIRA";"COLISÃO SEM VÍTIMA / LUIZ BARBOSA DE PO NO LOCAL-TELEFONE 999116655";1;0;0;0;0;0;1;0;0;0;0;"Longo da via";"Bom";"Não existe";"Perfeito estado";"Seca";"Perfeito estado";"Não existe";"Não há placas";"";"Dupla";"Faixa contínua";"";""
"373";2020-01-13;"15:04:00";"SEM VÍTIMA";"FINALIZADA";"AFOGADOS";"RUA NICOLAU PEREIRA";"";"RUA DA PAZ";"FÁBRICA DA ASA";"AFOGADOS";73;"SUBURBIO";"ABALROAMENTO TRANSVERSAL";"COLISÃO S/VITIMAS ENTRE UMA AMBULÂNCIA E UMA AUTO";1;0;0;0;0;0;0;0;1;0;0;"Cruzamento";"Bom";"Sem defeito";"Perfeito estado";"Seca";"Perfeito estado";"Agente";"Outras";"40 km/h";"Única";"Faixa seccionada";"";""
"374";2020-01-13;"15:32:00";"SEM VÍTIMA";"FINALIZADA";"ILHA DO RETIRO";"RUA BENFICA";"";"RUA SPORT CLUBE DO RECIFE";"SPORT CLUBE DO RECIFE";"ILHA DO RETIRO";NA;"SUBURBIO";"COLISÃO TRASEIRA";"COLISÃO S/VITIMAS ENTRE TRES AUTOS";3;0;0;0;0;0;0;0;0;0;0;"Longo da via";"Bom";"Não existe";"Perfeito estado";"Seca";"Perfeito estado";"Não existe";"Outras";"";"Única";"Não existe";"";""
"375";2020-01-13;"15:36:00";"SEM VÍTIMA";"CANCELADA";"ARRUDA";"AV BEBERIBE";"1501";"";"EM FRENTE A ANTIGA SÃO PAULO- E AO CANAL DA CONSTRUÇÃO";"ARRUDA";NA;"";"COLISÃO";"COLISÃO SEM VITIMA";1;1;0;0;0;0;0;0;0;0;0;"";"";"";"";"";"";"";"";"";"";"";"";""
"376";2020-01-13;"15:45:00";"SEM VÍTIMA";"FINALIZADA";"MACAXEIRA";"AV NORTE";"7969";"RUA DO MONTE";"ANTIGO TERMINAL DA MACAXEIRA";"MACAXEIRA";296;"CIDADE";"COLISÃO TRASEIRA";"COLISÃO S/VTIMAS ENTRE UMA MOTO E UM AUTO";1;1;0;0;0;0;0;0;0;0;0;"Longo da via";"Bom";"Sem defeito";"Perfeito estado";"Seca";"Perfeito estado";"Não existe";"R-6a";"60 km/h";"Dupla";"Canteiro central";"";""
"377";2020-01-13;"16:29:00";"SEM VÍTIMA";"FINALIZADA";"JAQUEIRA";"AV RUI BARBOSA";"1601";"";"EM FRENTE AO CURSO DE INGLÊS RED BALLOON";"JAQUEIRA";NA;"CIDADE";"COLISÃO TRASEIRA";"COLISÃO SEM VITIMA";3;0;0;0;0;0;0;0;0;0;0;"Longo da via";"Bom";"Não existe";"Perfeito estado";"Seca";"Perfeito estado";"Não existe";"Não há placas";"60 km/h";"Única";"Faixa contínua";"";""
"378";2020-01-13;"17:03:00";"SEM VÍTIMA";"FINALIZADA";"DERBY";"PRC DO DERBY";"";"RUA JENER DE SOUZA";"PRAÇA DO DERBY";"DERBY";40;"CIDADE";"ABALROAMENTO TRANSVERSAL";"COLISÃO SEM VITIMA";2;0;0;0;0;0;0;0;0;0;0;"Longo da via";"Bom";"Com defeito";"Perfeito estado";"Seca";"Perfeito estado";"Faixa de pedestre";"";"50 km/h";"Dupla";"Faixa contínua";"";""
"379";2020-01-13;"17:12:00";"SEM VÍTIMA";"FINALIZADA";"";"AV MARTINS DE BARROS";"";"";"EM FRENTE AO DELTA EXPRESSO";"";NA;"SUBURBIO";"COLISÃO FRONTAL";"COLISAO ENTRE TRES AUTOS S/V";3;0;0;0;0;0;0;0;0;0;0;"Longo da via";"Bom";"Não existe";"Perfeito estado";"Seca";"Perfeito estado";"Não existe";"R-19";"40 km/h";"Única";"Faixa seccionada";"";""
"380";2020-01-13;"17:32:00";"SEM VÍTIMA";"CANCELADA";"BOA VIAGEM";"RUA DES JOAO PAES";"640";"";"CASA";"BOA VIAGEM";NA;"";"COLISÃO";"COLISÃO SEM VITIMA";1;0;1;0;0;0;0;0;0;0;0;"";"";"";"";"";"";"";"";"";"";"";"";""
"381";2020-01-13;"17:40:00";"SEM VÍTIMA";"FINALIZADA";"BOA VIAGEM";"AV BOA VIAGEM";"4040";"";"";"BOA VIAGEM";NA;"CIDADE";"COLISÃO TRASEIRA";"COLISÃO SEM VÍTIMA";2;0;0;0;0;0;0;0;0;0;0;"Longo da via";"Bom";"Sem defeito";"Perfeito estado";"Seca";"Perfeito estado";"Não existe";"Não há placas";"";"Única";"Faixa seccionada";"";""
"382";2020-01-13;"17:55:00";"SEM VÍTIMA";"FINALIZADA";"SAN MARTIN";"RUA COMENDADOR FRANCO FERREIRA";"201";"RUA EDUARDO DE ANDRADE";"ACADEMIA DA CIDADE";"SAN MARTIN";NA;"";"ABALROAMENTO TRANSVERSAL";"ENTRE AUTO PASSEIO X MOTO";1;1;0;0;0;0;0;0;0;0;0;"Cruzamento";"Bom";"Não existe";"Perfeito estado";"Seca";"Perfeito estado";"Outros";"Placas Pare";"";"Dupla";"Outros";"";""
"383";2020-01-13;"18:05:00";"COM VÍTIMA";"FINALIZADA";"IMBIRIBEIRA";"RUA ENGENHEIRO JOSE APOLINARIO";"103";"RUA ALVARO AMORIM";"POR TRÁS DA ANTIGA DHPP";"IMBIRIBEIRA";NA;"SUBURBIO";"ABALROAMENTO TRANSVERSAL";"MOTO X AUTO PASSEIO COM VÍTIMA";1;1;0;0;0;0;0;0;0;1;0;"Cruzamento";"Bom";"Não existe";"Perfeito estado";"Seca";"Perfeito estado";"Não existe";"Placas Pare";"";"Dupla";"Não existe";"";""
"384";2020-01-13;"18:39:00";"SEM VÍTIMA";"FINALIZADA";"ESPINHEIRO";"RUA QUARENTA E OITO";"347";"";"";"ESPINHEIRO";NA;"CIDADE";"COLISÃO TRASEIRA";"ENTRE 3 AUTOS. S/V";3;0;0;0;0;0;0;0;0;0;0;"Longo da via";"Bom";"Não existe";"Perfeito estado";"Seca";"Perfeito estado";"Não existe";"Não há placas";"";"Única";"Faixa seccionada";"";""
"385";2020-01-13;"18:43:00";"SEM VÍTIMA";"CANCELADA";"GRAÇAS";"RUA ALBERTO PAIVA";"";"";"E/F A FREESABOR";"GRAÇAS";NA;"";"COLISÃO";"ENTRE 2 AUTOS. S/V";2;0;0;0;0;0;0;0;0;0;0;"";"";"";"";"";"";"";"";"";"";"";"";""
"386";2020-01-13;"18:52:00";"SEM VÍTIMA";"FINALIZADA";"BOA VIAGEM";"RUA WALDEMAR NERY CARNEIRO MONTEIRO";"445";"";"";"BOA VIAGEM";NA;"SUBURBIO";"CHOQUE VEÍCULO PARADO";"COLISÃO ENTRE DOIS AUTOS- POSTERIORMENTE UM CAPOTAMENTO";3;0;0;0;0;0;0;0;0;0;0;"Longo da via";"Bom";"Não existe";"Não existente";"Seca";"Perfeito estado";"Não existe";"Não há placas";"";"Dupla";"Não existe";"";""
"387";2020-01-13;"18:58:00";"SEM VÍTIMA";"CANCELADA";"IMBIRIBEIRA";"AV MARECHAL MASCARENHAS DE MORAES";"417";"";"E/F A FLOR ARTE";"IMBIRIBEIRA";NA;"CIDADE";"COLISÃO";"ENTRE DOIS AUTOS S/V";2;0;0;0;0;0;0;0;0;0;0;"";"";"";"";"";"";"";"";"";"";"";"";""
"388";2020-01-13;"19:03:00";"SEM VÍTIMA";"CANCELADA";"BOA VISTA";"RUA PRINCESA IZABEL";"";"RUA DA AURORA";"APÓS A FACULDADE DE DIREITO / E/F AO PRÉDIO DA POLÍCIA CIVIL";"BOA VISTA";NA;"";"COLISÃO";"ENTRE AUTO E ÕNIBUS DE TURISMO. S/V";1;0;0;0;0;1;0;0;0;0;0;"";"";"";"";"";"";"";"";"";"";"";"";""
"389";2020-01-13;"19:06:00";"SEM VÍTIMA";"FINALIZADA";"CURADO";"AV PREFEITO ANTONIO PEREIRA";"";"RUA MINISTRO MARIO ANDREAZZA";"";"CURADO";NA;"";"ABALROAMENTO TRANSVERSAL";"ENTRE ÕNIBUS E AUTO PASSEIO. S/V";1;0;0;0;0;1;0;0;0;0;0;"Cruzamento";"Bom";"Não existe";"Não existente";"Seca";"Perfeito estado";"Não existe";"Não há placas";"";"Dupla";"Canteiro central";"";""
"390";2020-01-13;"22:24:00";"SEM VÍTIMA";"FINALIZADA";"VÁRZEA";"AV AFONSO OLINDENSE";"188";"";"FRENTE RESIDÊNCIA DE Nº 188";"VÁRZEA";NA;"SUBURBIO";"ABALROAMENTO LONGITUDINAL";"ENTRE 2 AUTOS. S/V";2;0;0;0;0;0;0;0;0;0;0;"Longo da via";"Bom";"Não existe";"Perfeito estado";"Seca";"Perfeito estado";"Faixa de pedestre";"Outras";"";"Dupla";"Faixa contínua";"";""
"391";2020-01-14;"06:52:00";"SEM VÍTIMA";"FINALIZADA";"BOA VIAGEM";"RUA VISCONDE DE JEQUITINHONHA";"";"";"EM FRENTE A GALERIA SETUBAL CENTER";"BOA VIAGEM";433;"";"COLISÃO TRASEIRA";"COLISAO S/ VITIMA. ENTRE DOIS VEICULOS";2;0;0;0;0;0;0;0;0;0;0;"Longo da via";"Bom";"Sem defeito";"Perfeito estado";"Seca";"Perfeito estado";"Faixa de retenção";"Não há placas";"";"Única";"Faixa contínua";"";""
"392";2020-01-14;"07:23:00";"SEM VÍTIMA";"FINALIZADA";"PAISSANDU";"AV GOVERNADOR AGAMENON MAGALHAES";"";"RUA PAISSANDU";"SOB O SEMÁFORO Nº 069";"PAISSANDU";69;"";"ABALROAMENTO TRANSVERSAL";"COLISÃO S/VITIMAS ENTRE DOIS AUTOS (PONTO FIXO ERIVAN SILVA E LEILA NO QTH)";2;0;0;0;0;0;0;0;0;0;0;"Cruzamento";"Bom";"Sem defeito";"Perfeito estado";"Seca";"Perfeito estado";"Agente";"Outras";"60 km/h";"Dupla";"Canteiro central";"";""
"393";2020-01-14;"08:02:00";"SEM VÍTIMA";"FINALIZADA";"ESPINHEIRO";"AV JOAO DE BARROS";"";"RUA CONS PORTELA";"";"ESPINHEIRO";NA;"CIDADE";"ABALROAMENTO LONGITUDINAL";"AUTO X ÔNIBUS";1;0;0;0;0;1;0;0;0;0;0;"Longo da via";"Bom";"Não existe";"Perfeito estado";"Seca";"Perfeito estado";"Faixa de pedestre";"Outras";"";"Única";"Faixa seccionada";"";""