"";"data";"hora";"natureza_acidente";"situacao";"bairro";"endereco";"numero";"detalhe_endereco_acidente";"complemento";"bairro_cruzamento";"num_semaforo";"sentido_via";"tipo";"descricao";"auto";"moto";"ciclom";"ciclista";"pedestre";"onibus";"caminhao";"viatura";"outros";"vitimas";"vitimasfatais";"acidente_verificado";"tempo_clima";"situacao_semaforo";"sinalizacao";"condicao_via";"conservacao_via";"ponto_controle";"situacao_placa";"velocidade_max_via";"mao_direcao";"divisao_via1";"divisao_via2";"divisao_via3"
"451";2020-01-15;"17:56:00";"SEM VÍTIMA";"FINALIZADA";"IMBIRIBEIRA";"AV MARECHAL MASCARENHAS DE MORAES";"2728";"";"TAMBAÍ";"IMBIRIBEIRA";161;"SUBURBIO";"COLISÃO TRASEIRA";"ENTRE ONIBUS X AUTO PASSEIO S/V";1;0;0;0;0;1;0;0;0;0;0;"Longo da via";"Bom";"Sem defeito";"Perfeito estado";"Seca";"Perfeito estado";"Faixa de pedestre";"Não há placas";"";"Dupla";"Canteiro central";"";""
"452";2020-01-15;"18:18:00";"SEM VÍTIMA";"FINALIZADA";"BOA VIAGEM";"AVENIDA CELSO FURTADO (VIA MANGUE)";"";"";"";"BOA VIAGEM";NA;"SUBURBIO";"ABALROAMENTO LONGITUDINAL";"ENTRE DOIS AUTOS S/V";2;0;0;0;0;0;0;0;0;0;0;"Longo da via";"Bom";"Não existe";"Perfeito estado";"Seca";"Perfeito estado";"Não existe";"Não há placas";"60 km/h";"Dupla";"Canteiro central";"";""
"453";2020-01-15;"18:34:00";"SEM VÍTIMA";"FINALIZADA";"DOIS IRMÃOS";"";"";"";"PRÓXIMO AO HOTEL SENZALA";"DOIS IRMÃOS";416;"";"ABALROAMENTO LONGITUDINAL";"DOIS ONIX";2;0;0;0;0;0;0;0;0;0;0;"Cruzamento";"Bom";"Sem defeito";"Incompleta";"";"";"Não existe";"R-6a";"";"Dupla";"Não existe";"";""
"454";2020-01-15;"18:58:00";"SEM VÍTIMA";"FINALIZADA";"IMBIRIBEIRA";"RUA ARQUITETO LUIZ NUNES";"873";"";"";"IMBIRIBEIRA";NA;"SUBURBIO";"ABALROAMENTO LONGITUDINAL";"MOTO X COROLA";1;1;0;0;0;0;0;0;0;0;0;"Longo da via";"Bom";"Não existe";"Perfeito estado";"Seca";"Perfeito estado";"Não existe";"Não há placas";"40 km/h";"Dupla";"Faixa contínua";"";""
"455";2020-01-15;"19:13:00";"SEM VÍTIMA";"FINALIZADA";"BOA VIAGEM";"RUA DOS NAVEGANTES";"74";"RUA HENRIQUE CAPITULINO";"EDF VIRGINIA WOOLF Nº 74";"BOA VIAGEM";NA;"SUBURBIO";"ABALROAMENTO TRANSVERSAL";"HONDA HRV X COROLA";2;0;0;0;0;0;0;0;0;0;0;"Cruzamento";"Bom";"Não existe";"Incompleta";"Seca";"Perfeito estado";"Não existe";"Placas Pare";"";"Única";"Faixa seccionada";"";""
"456";2020-01-15;"19:31:00";"COM VÍTIMA";"FINALIZADA";"VÁRZEA";"RUA VALE DO SIRIJI";"130";"";"ENF A FABRICA ESTUDIO ZERO";"VÁRZEA";NA;"SUBURBIO";"ABALROAMENTO LONGITUDINAL";"SANDERO X MOTO";1;1;0;0;0;0;0;0;0;1;0;"Longo da via";"Bom";"Não existe";"Incompleta";"Seca";"Perfeito estado";"Não existe";"Não há placas";"";"Dupla";"Faixa seccionada";"";""
"457";2020-01-15;"19:58:00";"COM VÍTIMA";"CANCELADA";"BOA VIAGEM";"RUA WALDEMAR NERY CARNEIRO MONTEIRO";"";"RUA CRUZEIRO DO FORTE";"E/F A ESCOLA VILA APRENDIZ";"BOA VIAGEM";NA;"";"COLISÃO";"ENTRE AUTO PASSEIO X MOTO COM VÍTIMA";1;1;0;0;0;0;0;0;0;1;0;"";"";"";"";"";"";"";"";"";"";"";"";""
"458";2020-01-15;"20:09:00";"SEM VÍTIMA";"FINALIZADA";"IMBIRIBEIRA";"RUA JACI";"120";"AV GENERAL MAC ARTHUR";"ART LED MAT ELÉTRICOS";"IMBIRIBEIRA";NA;"CIDADE";"ABALROAMENTO LONGITUDINAL";"ENTRE AUTO PASSEIO X ONIBUS S/V";1;0;0;0;0;1;0;0;0;0;0;"Cruzamento";"Bom";"Não existe";"Perfeito estado";"Seca";"Perfeito estado";"Outros";"Placas Pare";"";"Única";"Não existe";"";""
"459";2020-01-15;"22:43:00";"COM VÍTIMA";"FINALIZADA";"BOA VIAGEM";"RUA RIBEIRO DE BRITO";"";"RUA AMALIA BERNARDINO DE SOUZA";"AO LADO DA UNISSAU/ PROX AO RESTAURANTE CARCARÁ";"BOA VIAGEM";NA;"CIDADE";"ABALROAMENTO TRANSVERSAL";"ENTRE AUTO PASSEIO X MOTO COM VÍTIMA";1;1;0;0;0;0;0;0;0;2;0;"Cruzamento";"Bom";"Não existe";"Não existente";"Seca";"Perfeito estado";"Não existe";"Não há placas";"";"Única";"Faixa seccionada";"";""
"460";2020-01-15;"22:45:00";"SEM VÍTIMA";"FINALIZADA";"ILHA DO RETIRO";"AV ENGENHEIRO ABDIAS DE CARVALHO";"";"RUA SENADOR FABIO DE BARROS";"ENTRE AO POSTO IPIRANGA";"ILHA DO RETIRO";355;"SUBURBIO";"ABALROAMENTO LONGITUDINAL";"CELTA X AUTO";2;0;0;0;0;0;0;0;0;0;0;"Longo da via";"Bom";"Sem defeito";"Perfeito estado";"Seca";"Perfeito estado";"";"Não há placas";"";"Única";"Faixa seccionada";"";""
"461";2020-01-16;"05:33:00";"SEM VÍTIMA";"CANCELADA";"BOA VIAGEM";"RUA DR GILSON MACHADO GUIMARAES";"";"AV ENGENHEIRO DOMINGOS FERREIRA";"AO LADO DO EXTRA- FAIXA DA DIREITA";"BOA VIAGEM";NA;"380";"COLISÃO";"COLISÃO ENTRE DOIS CAMINHÕES S/V";0;0;0;0;0;0;2;0;0;0;0;"";"";"";"";"";"";"";"";"";"";"";"";""
"462";2020-01-16;"06:45:00";"SEM VÍTIMA";"FINALIZADA";"IPUTINGA";"RUA PROFESSOR JULIO OLIVEIRA";"7770";"AV PROFESSOR JOAQUIM CAVALCANTI";"";"IPUTINGA";NA;"";"ABALROAMENTO LONGITUDINAL";"SEM VITIMAS";1;0;0;0;0;1;0;0;0;0;0;"";"Bom";"Não existe";"Perfeito estado";"Seca";"Perfeito estado";"Faixa de retenção";"Placas Pare";"";"Única";"Não existe";"";""
"463";2020-01-16;"08:05:00";"COM VÍTIMA";"FINALIZADA";"BOA VIAGEM";"RUA CONEGO ROMEU";"637";"AV MARECHAL JUAREZ TAVORA";"ARMAZEM ECOSEL";"BOA VIAGEM";NA;"CIDADE";"ABALROAMENTO LONGITUDINAL";"COLISAO COM VITIMA. ENTRE VEICULO E MOTO";1;1;0;0;0;0;0;0;0;1;0;"Longo da via";"Bom";"Não existe";"Perfeito estado";"Seca";"Perfeito estado";"Não existe";"Não há placas";"60 km/h";"Dupla";"Canal";"";""
"464";2020-01-16;"09:06:00";"SEM VÍTIMA";"FINALIZADA";"BOA VIAGEM";"RUA PETROLINA";"";"RUA CORONEL BENEDITO CHAVES";"ANTIGO RECIFE MONTE HOTEL";"BOA VIAGEM";NA;"CIDADE";"ABALROAMENTO LONGITUDINAL";"COLISÃO S/VITIMAS ENTRE UM AUTO E UM CAMINHÃO";1;0;0;0;0;0;1;0;0;0;0;"Cruzamento";"Bom";"Não existe";"Incompleta";"Seca";"Perfeito estado";"Não existe";"Não há placas";"30 km/h";"Única";"Não existe";"";""
"465";2020-01-16;"09:06:00";"SEM VÍTIMA";"FINALIZADA";"PRADO";"RUA JOAO IVO DA SILVA";"";"";"";"PRADO";NA;"SUBURBIO";"ABALROAMENTO LONGITUDINAL";"COLISAO S/ VITIMA. ENTRE VEICULO E MOTO";1;1;0;0;0;0;0;0;0;0;0;"Longo da via";"Bom";"Não existe";"Perfeito estado";"Seca";"Perfeito estado";"Não existe";"Não há placas";"";"Única";"Não existe";"";""
"466";2020-01-16;"09:09:00";"SEM VÍTIMA";"CANCELADA";"AFOGADOS";"RUA ERNESTO CAVALCANTI";"104";"";"EM FRENTE A EMPRESA COMPLACAS";"AFOGADOS";NA;"";"COLISÃO";"SEM VITIMAS";1;0;0;0;0;0;1;0;0;0;0;"";"";"";"";"";"";"";"";"";"";"";"";""
"467";2020-01-16;"09:35:00";"COM VÍTIMA";"FINALIZADA";"CAMPO GRANDE";"RUA JERONIMO VILELA";"725";"";"EM FRENTE AO BAR DO ZE E RESTAURANTE ESTAÇÃO DA TERRA";"CAMPO GRANDE";341;"SUBURBIO";"COLISÃO COM CICLISTA";"AUTO E PEDESTRE";1;0;0;1;0;0;0;0;0;1;0;"Longo da via";"Bom";"Sem defeito";"Perfeito estado";"Seca";"Perfeito estado";"Faixa de pedestre";"Outras";"";"Dupla";"Faixa contínua";"";""
"468";2020-01-16;"09:43:00";"COM VÍTIMA";"FINALIZADA";"JOANA BEZERRA";"RUA MIRANDOPOLIS";"";"";"TERMINAL DE JOANA BEZERRA. VIA DE ACESSO AO TI. EM FRENTE A LILI MODAS.";"JOANA BEZERRA";NA;"CIDADE";"ABALROAMENTO LONGITUDINAL";"COLISAO COM VITIMA. ONIBUS E CARROÇA DA PREFEITURA";0;0;0;0;0;1;0;0;1;1;0;"Longo da via";"Bom";"Não existe";"Perfeito estado";"Seca";"Perfeito estado";"Não existe";"R-6a";"";"Única";"Não existe";"";""
"469";2020-01-16;"09:56:00";"SEM VÍTIMA";"FINALIZADA";"CORDEIRO";"AV ENGENHEIRO ABDIAS DE CARVALHO";"";"AV GENERAL SAN MARTIN";"SOB O SEMÁFORO 058";"CORDEIRO";58;"SUBURBIO";"COLISÃO FRONTAL";"COLISAO S/ VITIMA. CARRO E MOTO./GM: ANDRE LUCENA NO QTH";1;1;0;0;0;0;0;0;0;0;0;"Longo da via";"Bom";"Sem defeito";"Perfeito estado";"Seca";"Perfeito estado";"Faixa de pedestre";"Não há placas";"";"Dupla";"Canteiro central";"";""
"470";2020-01-16;"10:10:00";"SEM VÍTIMA";"CANCELADA";"IPSEP";"AV RECIFE";"2829";"RUA ARISTIDES LOBO";"EM FRENTE A BATERIAS HELIAR";"IPSEP";616;"CEASA";"COLISÃO";"SEM VITIMAS";2;0;0;0;0;0;0;0;0;0;0;"";"";"";"";"";"";"";"";"";"";"";"";""
"471";2020-01-16;"10:20:00";"SEM VÍTIMA";"FINALIZADA";"BONGI";"AV ENGENHEIRO ABDIAS DE CARVALHO";"";"AV GENERAL SAN MARTIN";"LADO OPOSTO FUNASE";"BONGI";58;"CIDADE";"COLISÃO TRASEIRA";"COLISÃO S/VITIMAS ENTRE DOIS AUTOS";2;0;0;0;0;0;0;0;0;0;0;"Cruzamento";"Bom";"Sem defeito";"Perfeito estado";"Seca";"Perfeito estado";"Agente";"Outras";"";"Única";"Faixa seccionada";"";""
"472";2020-01-16;"10:52:00";"SEM VÍTIMA";"FINALIZADA";"TORRÕES";"AV BICENTENARIO DA REVOLUCAO FRANCESA";"35";"";"";"TORRÕES";NA;"SUBURBIO";"COLISÃO TRASEIRA";"COLISAO S/ VITIMA. ENTRE CARRO E MOTO";1;1;0;0;0;0;0;0;0;0;0;"Longo da via";"Bom";"Não existe";"Incompleta";"Seca";"Perfeito estado";"Não existe";"Não há placas";"";"Dupla";"Não existe";"";""
"473";2020-01-16;"11:08:00";"SEM VÍTIMA";"FINALIZADA";"MADALENA";"RUA BENFICA";"997";"";"EM FRENTE A BOSCH SERVICE";"MADALENA";NA;"CIDADE";"ABALROAMENTO LONGITUDINAL";"COLISÃO S/VITIMAS ENTRE DOIS AUTOS";2;0;0;0;0;0;0;0;0;0;0;"Longo da via";"Bom";"Não existe";"Perfeito estado";"Seca";"Perfeito estado";"Não existe";"R-6a";"";"Única";"Não existe";"";""
"474";2020-01-16;"11:39:00";"SEM VÍTIMA";"FINALIZADA";"MADALENA";"AV VISCONDE DE ALBUQUERQUE";"457";"RUA BARTOLOMEU DE GUSMAO";"PADARIA ENGENHO MADALENA";"MADALENA";NA;"SUBURBIO";"ABALROAMENTO TRANSVERSAL";"COLISAO S/ VITIMA. DOIS VEICULOS";2;0;0;0;0;0;0;0;0;0;0;"Cruzamento";"Bom";"Não existe";"Perfeito estado";"Seca";"Perfeito estado";"Não existe";"Placas Pare";"";"Única";"Faixa contínua";"Faixa seccionada";""
"475";2020-01-16;"11:52:00";"SEM VÍTIMA";"FINALIZADA";"BOMBA DO HEMETÉRIO";"RUA PROFESSOR JOSE AMARINO DOS REIS";"427";"RUA CHA DE ALEGRIA";"";"BOMBA DO HEMETÉRIO";NA;"SUBURBIO";"CHOQUE VEÍCULO PARADO";"COLISÃO S/VITIMAS ENTRE UM ONIBUS- UM AUTO E UMA MOTO";1;1;0;0;0;1;0;0;0;0;0;"Cruzamento";"Bom";"Não existe";"Perfeito estado";"Seca";"Perfeito estado";"Outros";"R-6a";"";"Dupla";"Não existe";"";""
"476";2020-01-16;"12:39:00";"COM VÍTIMA";"FINALIZADA";"TEJIPIÓ";"AV DR JOSE RUFINO";"248";"";"EM FRENTE AO CARTORIO DE TEJIPIO";"TEJIPIÓ";411;"SUBURBIO";"ABALROAMENTO TRANSVERSAL";"COLISÃO COM VITIMA";1;1;0;0;0;0;0;0;0;1;0;"Longo da via";"Bom";"Sem defeito";"Perfeito estado";"Seca";"Perfeito estado";"Faixa de pedestre";"";"";"Dupla";"";"";""
"477";2020-01-16;"13:16:00";"SEM VÍTIMA";"FINALIZADA";"ILHA DO LEITE";"RUA FRANCISCO ALVES";"408";"";"HOSP. UNIMED - BEIRA RIO";"ILHA DO LEITE";NA;"SUBURBIO";"COLISÃO TRASEIRA";"COLISÃO SEM COLISÃO";2;0;0;0;0;0;0;0;0;0;0;"Longo da via";"Bom";"Não existe";"Perfeito estado";"Seca";"Perfeito estado";"";"";"";"Dupla";"Faixa contínua";"";""
"478";2020-01-16;"13:36:00";"SEM VÍTIMA";"PENDENTE";"MADALENA";"RUA JOSE OSORIO";"";"";"EM FRENTE AO RM EXPRESS";"MADALENA";NA;"";"COLISÃO";"COLISÃO SEM VÍTIMA";2;1;0;0;0;0;0;0;0;0;0;"";"";"";"";"";"";"";"";"";"";"";"";""
"479";2020-01-16;"13:36:00";"SEM VÍTIMA";"FINALIZADA";"BOA VIAGEM";"AV BOA VIAGEM";"3114";"";"EM FRENTE AO HOTEL JANGADEIRO";"BOA VIAGEM";555;"CIDADE";"COLISÃO TRASEIRA";"COLISAO SEM VITIMAS";2;0;0;0;0;0;0;0;0;0;0;"Longo da via";"Bom";"Sem defeito";"Perfeito estado";"Seca";"Perfeito estado";"Faixa de pedestre";"Outras";"";"Única";"Faixa contínua";"Faixa seccionada";""
"480";2020-01-16;"13:52:00";"SEM VÍTIMA";"FINALIZADA";"ESTÂNCIA";"RUA JOSE GOMES DE MOURA";"816";"";"AO LADO DA CASA DO PORTA PALETES";"ESTÂNCIA";NA;"SUBURBIO";"ABALROAMENTO LONGITUDINAL";"COLISÃO SEM VITIMA";1;0;0;0;0;1;0;0;0;0;0;"Longo da via";"Bom";"Não existe";"Incompleta";"Seca";"Perfeito estado";"Não existe";"Não há placas";"";"Única";"Não existe";"";""
"481";2020-01-16;"14:31:00";"SEM VÍTIMA";"FINALIZADA";"DERBY";"AV GOVERNADOR AGAMENON MAGALHAES";"";"AV GOVERNADOR CARLOS DE LIMA CAVALCANTI";"SEMÁFORO";"DERBY";75;"";"COLISÃO TRASEIRA";"COLISAO ENTRE TRES VEICULOS SEM VITIMAS";3;0;0;0;0;0;0;0;0;0;0;"Cruzamento";"Bom";"Sem defeito";"Perfeito estado";"Seca";"Perfeito estado";"";"";"60 km/h";"Dupla";"Canal";"";""
"482";2020-01-16;"15:28:00";"SEM VÍTIMA";"FINALIZADA";"VÁRZEA";"AV JOAQUIM RIBEIRO";"";"";"UPA CAXANGÁ";"VÁRZEA";281;"SUBURBIO";"ABALROAMENTO LONGITUDINAL";"COLISÃO SEM VITIMA";2;0;0;0;0;0;0;0;0;0;0;"Longo da via";"Bom";"Sem defeito";"Perfeito estado";"Seca";"Perfeito estado";"Agente";"Outras";"";"Dupla";"Faixa contínua";"Faixa seccionada";"Canteiro central"
"483";2020-01-16;"15:30:00";"SEM VÍTIMA";"FINALIZADA";"ESPINHEIRO";"RUA QUARENTA E OITO";"97";"";"EM FRENTE AO Nº 97";"ESPINHEIRO";NA;"";"COLISÃO TRASEIRA";"COLISÃO SEM VÍTIMA";2;0;0;0;0;0;0;0;0;0;0;"Longo da via";"Bom";"Não existe";"Perfeito estado";"Seca";"Perfeito estado";"Faixa de pedestre";"Outras";"";"Única";"Faixa contínua";"";""
"484";2020-01-16;"15:43:00";"SEM VÍTIMA";"FINALIZADA";"";"AV GOVERNADOR AGAMENON MAGALHAES";"";"";"SOB O SEMÁFORO Nº 173- SENTIDO BOA VIAGEM";"";173;"";"COLISÃO TRASEIRA";"COLISÃO SEM VÍTIMA";2;0;0;0;0;0;0;0;0;0;0;"Longo da via";"Bom";"Sem defeito";"Perfeito estado";"Seca";"Perfeito estado";"Faixa de pedestre";"Não há placas";"60 km/h";"Dupla";"Faixa contínua";"";""
"485";2020-01-16;"16:08:00";"SEM VÍTIMA";"FINALIZADA";"IPUTINGA";"RUA MINISTRO JOAO ALBERTO";"";"";"AO LADO DO SHOPPING DOS COLCHÕES";"IPUTINGA";231;"SUBURBIO";"COLISÃO TRASEIRA";"COLISÃO SEM VITIMA";1;0;0;0;0;1;0;0;0;0;0;"Longo da via";"Bom";"Sem defeito";"Incompleta";"Seca";"Perfeito estado";"Faixa de pedestre";"R-6a";"";"Única";"Faixa contínua";"";""
"486";2020-01-16;"16:35:00";"SEM VÍTIMA";"FINALIZADA";"BOA VIAGEM";"AV CONSELHEIRO AGUIAR";"4880";"";"EM FRENTE A GALERIA PRAIA SUL";"BOA VIAGEM";NA;"CIDADE";"COLISÃO TRASEIRA";"COLISAO SEM VITIMAS";3;0;0;0;0;0;0;0;0;0;0;"Longo da via";"Bom";"Não existe";"Perfeito estado";"Seca";"Perfeito estado";"Não existe";"Outras";"60 km/h";"Única";"Faixa seccionada";"";""
"487";2020-01-16;"17:06:00";"SEM VÍTIMA";"FINALIZADA";"ILHA DO LEITE";"RUA SENADOR JOSE HENRIQUE";"224";"AV GOVERNADOR AGAMENON MAGALHAES";"EM FRENTE AO RESIDENCIAL ISAAC NEWTON";"ILHA DO LEITE";NA;"SUBURBIO";"COLISÃO TRASEIRA";"COLISÃO SEM VITIMA";2;0;0;0;0;0;0;0;0;0;0;"Longo da via";"Bom";"Não existe";"Perfeito estado";"Seca";"Perfeito estado";"Faixa de pedestre";"R-6b";"30 km/h";"Única";"Faixa seccionada";"";""
"488";2020-01-16;"17:08:00";"SEM VÍTIMA";"FINALIZADA";"ESPINHEIRO";"RUA DO ESPINHEIRO";"";"AV JOAO DE BARROS";"";"ESPINHEIRO";89;"";"COLISÃO TRASEIRA";"AUTO X MOTO SEM VÍTIMA";1;1;0;0;0;0;0;0;0;0;0;"Longo da via";"Bom";"Sem defeito";"Perfeito estado";"Seca";"Perfeito estado";"Faixa de pedestre";"Outras";"";"Única";"Faixa contínua";"";""
"489";2020-01-16;"17:26:00";"COM VÍTIMA";"EQUIPE EM DESLOCAMENTO";"MACAXEIRA";"RUA CORONEL JOAO BATISTA DO REGO BARROS";"";"";"EM FRENTE A ENTRADA DO PARQUE DA MACAXEIRA";"MACAXEIRA";NA;"CIDADE";"ABALROAMENTO LONGITUDINAL";"COLISÃO COM VITIMA";1;1;0;0;0;0;0;0;0;1;0;"Longo da via";"Bom";"Não existe";"Perfeito estado";"Seca";"Perfeito estado";"Não existe";"Não há placas";"";"Dupla";"Não existe";"";""
"490";2020-01-16;"17:31:00";"SEM VÍTIMA";"FINALIZADA";"AFOGADOS";"RUA SAO MIGUEL";"41";"EST DOS REMEDIOS";"VIDRAÇARIA DIAMANTE LADO OPOSTO";"AFOGADOS";53;"SUBURBIO";"ABALROAMENTO LONGITUDINAL";"COLISÃO SEM VÍTIMA";1;0;0;0;0;0;1;0;0;0;0;"Longo da via";"Bom";"Sem defeito";"Perfeito estado";"Seca";"Perfeito estado";"Faixa de pedestre";"Outras";"";"Dupla";"Faixa seccionada";"";""
"491";2020-01-16;"18:12:00";"SEM VÍTIMA";"FINALIZADA";"PRADO";"EST DOS REMEDIOS";"2056";"AV ENGENHEIRO ABDIAS DE CARVALHO";"BOB´S";"PRADO";52;"CIDADE";"COLISÃO TRASEIRA";"ONIX X PRISMA";2;0;0;0;0;0;0;0;0;0;0;"Longo da via";"Bom";"Sem defeito";"Perfeito estado";"Seca";"Perfeito estado";"Faixa de pedestre";"Outras";"";"Única";"Faixa contínua";"Faixa seccionada";""
"492";2020-01-16;"18:50:00";"COM VÍTIMA";"FINALIZADA";"PINA";"AVENIDA CELSO FURTADO (VIA MANGUE)";"";"";"SNT BOA VIAGEM / AO LADO DO CAMPO DA AVIAÇÃO / APÓS O RIO MAR";"PINA";NA;"CIDADE";"CHOQUE OBJETO FIXO";"AUTO ACABOU SE CHOCANDO COM O POSTE- LOGO EM SEGUIDA SEM CONTROLE ALGUM- ACABOU COLIDINDO CONTRA O CANTEIRO. C/V.";1;0;0;0;0;0;0;0;0;1;0;"Longo da via";"Bom";"Não existe";"Ilegível";"Seca";"Mal iluminada";"Não existe";"Não há placas";"60 km/h";"Dupla";"Canteiro central";"";""
"493";2020-01-16;"20:23:00";"SEM VÍTIMA";"CANCELADA";"CAMPO GRANDE";"EST DE BELEM";"";"RUA GONCALVES DIAS";"SEMÁFORO 458";"CAMPO GRANDE";NA;"";"COLISÃO";"TRATOR X AUTO PASSEIO. S/V";2;0;0;0;0;0;0;0;0;0;0;"";"";"";"";"";"";"";"";"";"";"";"";""
"494";2020-01-17;"00:32:00";"SEM VÍTIMA";"FINALIZADA";"BOA VIAGEM";"RUA VISCONDE DE JEQUITINHONHA";"";"";"AO LADO DO RECIFE FLAT HOTEL";"BOA VIAGEM";NA;"SUBURBIO";"CHOQUE VEÍCULO PARADO";"CONDUTOR PERDEU O CONTROLE DO SEU VEÍCULO E ACABOU COLIDINDO CONTRA AUTO ESTACIONADO. S/V";2;0;0;0;0;0;0;0;0;0;0;"Longo da via";"Bom";"Não existe";"Perfeito estado";"Seca";"Perfeito estado";"Não existe";"Não há placas";"";"Única";"Faixa contínua";"";""
"495";2020-01-17;"00:52:00";"SEM VÍTIMA";"CANCELADA";"TORRÕES";"AV ENGENHEIRO ABDIAS DE CARVALHO";"";"";"EM FRENTE A BLT";"TORRÕES";NA;"";"COLISÃO";"COLISÃO ENTRE DOIS AUTOS- S/V";2;0;0;0;0;0;0;0;0;0;0;"";"";"";"";"";"";"";"";"";"";"";"";""
"496";2020-01-17;"01:01:00";"SEM VÍTIMA";"FINALIZADA";"PINA";"AV CONSELHEIRO AGUIAR";"";"RUA PEREIRA DA COSTA";"";"PINA";140;"CIDADE";"ABALROAMENTO TRANSVERSAL";"ENTRE 2 AUTOS. S/V";2;0;0;0;0;0;0;0;0;0;0;"Cruzamento";"Bom";"Intermitente";"Perfeito estado";"Seca";"Perfeito estado";"Faixa de pedestre";"";"";"Única";"Faixa seccionada";"";""
"497";2020-01-17;"01:36:00";"SEM VÍTIMA";"FINALIZADA";"SANTO AMARO";"AV CRUZ CABUGA";"";"RUA DOS CASADOS";"";"SANTO AMARO";202;"CIDADE";"COLISÃO TRASEIRA";"ENTRE 2 AUTOS. S/V";2;0;0;0;0;0;0;0;0;0;0;"Cruzamento";"Bom";"Sem defeito";"Perfeito estado";"Seca";"Perfeito estado";"Faixa de retenção";"Não há placas";"60 km/h";"Dupla";"Faixa contínua";"";""
"498";2020-01-17;"02:26:00";"SEM VÍTIMA";"FINALIZADA";"BOA VIAGEM";"RUA PROFESSOR AUGUSTO LINS E SILVA";"481";"";"ED. FLÁVIA HELENA";"BOA VIAGEM";NA;"CIDADE";"COLISÃO TRASEIRA";"ENTRE 6 AUTOS. S/V";6;0;0;0;0;0;0;0;0;0;0;"Longo da via";"Bom";"Não existe";"Perfeito estado";"Seca";"Perfeito estado";"Não existe";"Outras";"";"Dupla";"Não existe";"";""
"499";2020-01-17;"07:18:00";"COM VÍTIMA";"FINALIZADA";"COELHOS";"RUA DOS COELHOS";"361";"";"ANTIGA MATERNIDADE OSCA COTINHO. EM FRENTE AO IMIP";"COELHOS";359;"CIDADE";"ATROPELAMENTO";"ATROPELAMENTO COM VITIMA/ VEICULO E PEDESTRE. GM. ITALO E MARCOS SOBRINHO NO LOCAL.";1;0;0;0;1;0;0;0;0;1;0;"Longo da via";"Bom";"Sem defeito";"Perfeito estado";"Seca";"";"Faixa de pedestre";"Outras";"";"Dupla";"Faixa contínua";"";""
"500";2020-01-17;"08:35:00";"COM VÍTIMA";"FINALIZADA";"BOA VIAGEM";"RUA RIBEIRO DE BRITO";"458";"RUA PROFESSOR JOAO MEDEIROS";"TIDELLI";"BOA VIAGEM";332;"CIDADE";"ABALROAMENTO LONGITUDINAL";"COLISAO COM VITIMA. ENTRE MOTO E VEICULO . GM:DECIO E ANDRE SANTO - NO LOCAL";1;1;0;0;0;0;0;0;0;1;0;"Cruzamento";"Bom";"Sem defeito";"Perfeito estado";"Seca";"Perfeito estado";"Faixa de pedestre";"Outras";"40 km/h";"Única";"Faixa contínua";"Faixa seccionada";""
"501";2020-01-17;"10:08:00";"SEM VÍTIMA";"FINALIZADA";"PINA";"AV ANTONIO DE GOES";"720";"";"SOB O SEMÁFORO 103";"PINA";103;"CIDADE";"COLISÃO TRASEIRA";"COLISAO SEM/ VITIMA E A OUTRA PARTE SE EVADIU DO LOCAL APOS DISCUTIR COM AGENTE DE TRANSITO. PONTO FIXO: ALEXANDRA";2;0;0;0;0;0;0;0;0;0;0;"Longo da via";"Bom";"Sem defeito";"Perfeito estado";"Seca";"Perfeito estado";"Agente";"";"60 km/h";"";"Faixa contínua";"";""
"502";2020-01-17;"10:22:00";"SEM VÍTIMA";"FINALIZADA";"BOA VIAGEM";"AV CONSELHEIRO AGUIAR";"2814";"RUA TENENTE JOAO CICERO";"";"BOA VIAGEM";NA;"CIDADE";"ABALROAMENTO LONGITUDINAL";"AUTO E MOTO SUB INSP. ROMERO NO LOCAL";1;1;0;0;0;0;0;0;0;0;0;"Cruzamento";"Bom";"Não existe";"Perfeito estado";"Seca";"Perfeito estado";"Não existe";"Não há placas";"";"Única";"Faixa seccionada";"";""
"503";2020-01-17;"10:26:00";"COM VÍTIMA";"FINALIZADA";"BAIRRO DO RECIFE";"RUA MARIZ E BARROS";"173";"AV ALFREDO LISBOA";"EM FRENTE AO POSTO BR";"BAIRRO DO RECIFE";NA;"SUBURBIO";"ABALROAMENTO LONGITUDINAL";"COM UMA VITIMA AGUARDANDO SAMU";1;1;0;0;0;0;0;0;0;1;0;"Esquina";"Bom";"Não existe";"Perfeito estado";"Seca";"Perfeito estado";"Não existe";"Outras";"";"Única";"Não existe";"";""
"504";2020-01-17;"10:27:00";"SEM VÍTIMA";"FINALIZADA";"AREIAS";"AV RECIFE";"5586";"";"EM FRENTE AO POSTO BR DO MACRO";"AREIAS";NA;"";"COLISÃO TRASEIRA";"COLISAO S/ VITIMA. ENTRE DOIS VEICULOS";2;0;0;0;0;0;0;0;0;0;0;"Longo da via";"Bom";"Não existe";"Perfeito estado";"Seca";"Perfeito estado";"Não existe";"Não há placas";"60 km/h";"Dupla";"Canteiro central";"";""