"";"data";"hora";"natureza_acidente";"situacao";"bairro";"endereco";"numero";"detalhe_endereco_acidente";"complemento";"bairro_cruzamento";"num_semaforo";"sentido_via";"tipo";"descricao";"auto";"moto";"ciclom";"ciclista";"pedestre";"onibus";"caminhao";"viatura";"outros";"vitimas";"vitimasfatais";"acidente_verificado";"tempo_clima";"situacao_semaforo";"sinalizacao";"condicao_via";"conservacao_via";"ponto_controle";"situacao_placa";"velocidade_max_via";"mao_direcao";"divisao_via1";"divisao_via2";"divisao_via3"
"1009";2020-02-04;"10:02:00";"SEM VÍTIMA";"FINALIZADA";"AFOGADOS";"AV SUL";"";"";"CLIMAR PEÇAS E SERVIÇOS PARA AR CONDICIONADO AUTOMOTIVO";"AFOGADOS";NA;"";"ABALROAMENTO LONGITUDINAL";"CAMINHAO E AUTO PASSEIO";1;0;0;0;0;0;1;0;0;0;0;"Longo da via";"Bom";"Sem defeito";"Perfeito estado";"Seca";"Perfeito estado";"Não existe";"Não há placas";"";"Única";"Não existe";"";""
"1010";2020-02-04;"10:03:00";"SEM VÍTIMA";"CANCELADA";"ENCRUZILHADA";"AV JOAO DE BARROS";"";"AV NORTE";"EM FRENTE AO BANCO BRADESCO";"ENCRUZILHADA";NA;"";"COLISÃO COM CICLISTA";"SEM VITIMAS";0;0;0;1;0;0;1;0;0;0;0;"";"";"";"";"";"";"";"";"";"";"";"";""
"1011";2020-02-04;"10:17:00";"SEM VÍTIMA";"FINALIZADA";"SÃO JOSÉ";"RUA IMPERIAL";"";"TRV DO GUSMAO";"EM FRENTE A LOJA 05";"SÃO JOSÉ";NA;"SUBURBIO";"ABALROAMENTO LONGITUDINAL";"SEM VITIMAS";1;0;0;0;0;1;0;0;0;0;0;"";"Bom";"Não existe";"Perfeito estado";"Seca";"Perfeito estado";"Não existe";"Não há placas";"";"Única";"Faixa seccionada";"";""
"1012";2020-02-04;"10:43:00";"SEM VÍTIMA";"DUPLICIDADE";"SÃO JOSÉ";"RUA IMPERIAL";"502";"";"APOS O POSTO DE GASOLINA BR- SENT. AFOGADOS";"SÃO JOSÉ";NA;"";"COLISÃO";"ONIBUS E AUTO";1;0;0;0;0;1;0;0;0;0;0;"";"";"";"";"";"";"";"";"";"";"";"";""
"1013";2020-02-04;"11:33:00";"SEM VÍTIMA";"FINALIZADA";"GRAÇAS";"AV RUI BARBOSA";"1599";"";"MEMORIAL DA UPE";"GRAÇAS";37;"CIDADE";"COLISÃO TRASEIRA";"TRES AUTOS / GM SILVIO E ERLY P.O NO QTH";3;0;0;0;0;0;0;0;0;0;0;"Longo da via";"Bom";"Sem defeito";"Perfeito estado";"Seca";"Perfeito estado";"Faixa de pedestre";"R-6a";"";"Única";"Faixa seccionada";"";""
"1014";2020-02-04;"12:12:00";"SEM VÍTIMA";"FINALIZADA";"BOA VIAGEM";"AV BOA VIAGEM";"4988";"RUA BARAO DE SOUZA LEAO";"";"BOA VIAGEM";NA;"CIDADE";"ABALROAMENTO LONGITUDINAL";"COLISÃO SEM VÍTIMA";2;0;0;0;0;0;0;0;0;0;0;"";"Bom";"Sem defeito";"Perfeito estado";"Seca";"Perfeito estado";"Faixa de pedestre";"Outras";"40 km/h";"Única";"Faixa seccionada";"";""
"1015";2020-02-04;"12:53:00";"SEM VÍTIMA";"FINALIZADA";"IPUTINGA";"RUA PADRE DEHON";"166";"";"CRUZAMENTO";"IPUTINGA";NA;"SUBURBIO";"ABALROAMENTO TRANSVERSAL";"COLISÃO SEM VÍTIMA";2;0;0;0;0;0;0;0;0;0;0;"Cruzamento";"Bom";"Não existe";"Perfeito estado";"Seca";"Perfeito estado";"Outros";"Outras";"";"Dupla";"Não existe";"";""
"1016";2020-02-04;"12:59:00";"SEM VÍTIMA";"FINALIZADA";"BOA VIAGEM";"AV CONSELHEIRO AGUIAR";"3105";"RUA ANTONIO FALCAO";"";"BOA VIAGEM";NA;"CIDADE";"COLISÃO TRASEIRA";"COLISÃO SEM VÍTIMA";2;0;0;0;0;0;0;0;0;0;0;"Longo da via";"Bom";"Sem defeito";"Perfeito estado";"Seca";"Perfeito estado";"Não existe";"Não há placas";"";"Única";"Faixa seccionada";"";""
"1017";2020-02-04;"13:52:00";"SEM VÍTIMA";"FINALIZADA";"PINA";"AV REPUBLICA DO LIBANO";"";"";"EM FRENTE AO Nº 40";"PINA";NA;"SUBURBIO";"ABALROAMENTO LONGITUDINAL";"COLISÃO SEM VÍTIMA";1;0;0;0;0;1;0;0;0;0;0;"Longo da via";"Bom";"Não existe";"Perfeito estado";"Seca";"Perfeito estado";"Não existe";"Não há placas";"";"Única";"Não existe";"";""
"1018";2020-02-04;"13:58:00";"SEM VÍTIMA";"FINALIZADA";"TAMARINEIRA";"AV NORTE";"3698";"";"LADO OPOSTO AO EDIFÍCIO MANOEL FERREIRA";"TAMARINEIRA";NA;"CIDADE";"COLISÃO TRASEIRA";"COLISÃO SEM VÍTIMA";4;0;0;0;0;0;0;0;0;0;0;"Longo da via";"Bom";"Não existe";"Perfeito estado";"Seca";"Perfeito estado";"Faixa de pedestre";"Não há placas";"60 km/h";"Dupla";"Canteiro central";"";""
"1019";2020-02-04;"14:21:00";"SEM VÍTIMA";"FINALIZADA";"BOA VISTA";"RUA DO HOSPICIO";"";"RUA PRINCESA IZABEL";"EM FRENTE A CÂMARA DOS VEREADORES";"BOA VISTA";31;"SUBURBIO";"ABALROAMENTO TRANSVERSAL";"SEM VITIMA";2;0;0;0;0;0;0;0;0;0;0;"Cruzamento";"Bom";"Sem defeito";"Perfeito estado";"Seca";"Perfeito estado";"Agente";"Não há placas";"";"Única";"Faixa seccionada";"";""
"1020";2020-02-04;"14:25:00";"SEM VÍTIMA";"FINALIZADA";"BOA VIAGEM";"AV CONSELHEIRO AGUIAR";"";"";"EM FRENTE AO BANCO BRADESCO";"BOA VIAGEM";546;"CIDADE";"COLISÃO TRASEIRA";"COLISAO SEM VITIMAS";2;0;0;0;0;0;0;0;0;0;0;"Cruzamento";"Bom";"Sem defeito";"Perfeito estado";"Seca";"Perfeito estado";"Faixa de pedestre";"Não há placas";"60 km/h";"Única";"Faixa seccionada";"";""
"1021";2020-02-04;"14:26:00";"SEM VÍTIMA";"CANCELADA";"VÁRZEA";"RUA CAMINHO DA AREINHA";"1";"";"PROX. DO DEPOSITO DE BEBIDAS DO ALEMÃO";"VÁRZEA";NA;"";"COLISÃO";"COLISÃO SEM VITIMA";2;0;0;0;0;0;0;0;0;0;0;"";"";"";"";"";"";"";"";"";"";"";"";""
"1022";2020-02-04;"14:30:00";"SEM VÍTIMA";"FINALIZADA";"BOA VIAGEM";"AV DES JOSE NEVES";"";"";"ANTES DO POSTE Nº B 007529";"BOA VIAGEM";NA;"CIDADE";"COLISÃO TRASEIRA";"COLISÃO SEM VITIMA";2;0;0;0;0;0;0;0;0;0;0;"Longo da via";"Bom";"Não existe";"Perfeito estado";"Seca";"Perfeito estado";"Não existe";"Não há placas";"";"Dupla";"Faixa seccionada";"";""
"1023";2020-02-04;"15:03:00";"SEM VÍTIMA";"FINALIZADA";"BOA VISTA";"AV MANOEL BORBA";"";"RUA DA CONCEICAO";"EM FRENTE A PRAÇA MACIEL PINHEIRO";"BOA VISTA";NA;"CIDADE";"ABALROAMENTO LONGITUDINAL";"COLISÃO SEM VÍTIMA";2;0;0;0;0;0;0;0;0;0;0;"";"Bom";"Não existe";"Incompleta";"Seca";"Mal conservada";"";"Placas Pare";"";"";"Não existe";"";""
"1024";2020-02-04;"15:34:00";"SEM VÍTIMA";"FINALIZADA";"CASA AMARELA";"AV NORTE";"4681";"RUA RODRIGUES SETE";"";"CASA AMARELA";NA;"CIDADE";"COLISÃO TRASEIRA";"ART 181";3;0;0;0;0;0;0;0;0;0;0;"Cruzamento";"Bom";"Não existe";"Perfeito estado";"Seca";"Perfeito estado";"Não existe";"Não há placas";"60 km/h";"Única";"Faixa seccionada";"";""
"1025";2020-02-04;"15:36:00";"SEM VÍTIMA";"FINALIZADA";"BOA VIAGEM";"RUA BARAO DE SOUZA LEAO";"";"";"EM FRENTE AO BR";"BOA VIAGEM";NA;"SUBURBIO";"COLISÃO TRASEIRA";"COLISÃO SEM VÍTIMA";1;0;0;0;0;1;0;0;0;0;0;"Longo da via";"Bom";"Não existe";"Perfeito estado";"Seca";"Perfeito estado";"Agente";"Não há placas";"40 km/h";"Única";"Faixa seccionada";"";""
"1026";2020-02-04;"15:59:00";"SEM VÍTIMA";"EQUIPE EM DESLOCAMENTO";"MANGABEIRA";"AV NORTE";"";"RUA RODRIGUES SETE";"PROX AO SESC";"MANGABEIRA";NA;"";"COLISÃO";"COLISAO SEM VITIMAS";3;0;0;0;0;0;0;0;0;0;0;"";"";"";"";"";"";"";"";"";"";"";"";""
"1027";2020-02-04;"16:13:00";"SEM VÍTIMA";"FINALIZADA";"IPSEP";"RUA JEAN EMILE FAVRE";"";"RUA ALEMANHA";"OFICINA DO ERON";"IPSEP";NA;"";"ABALROAMENTO LONGITUDINAL";"COLISÃO SEM VÍTIMA";1;0;0;0;0;0;0;0;1;0;0;"Cruzamento";"Bom";"Não existe";"Perfeito estado";"Seca";"Perfeito estado";"Não existe";"Outras";"";"";"Faixa seccionada";"";""
"1028";2020-02-04;"16:19:00";"SEM VÍTIMA";"FINALIZADA";"CASA FORTE";"AV DEZESSETE DE AGOSTO";"675";"RUA LAURINDO COELHO";"CAOA CHERY";"CASA FORTE";NA;"SUBURBIO";"ABALROAMENTO LONGITUDINAL";"SEM VITIMA";1;0;0;0;0;1;0;0;0;0;0;"Longo da via";"Bom";"Não existe";"Perfeito estado";"Seca";"Perfeito estado";"Não existe";"Outras";"";"Dupla";"Faixa contínua";"";""
"1029";2020-02-04;"17:03:00";"SEM VÍTIMA";"FINALIZADA";"AFOGADOS";"RUA SAO MIGUEL";"1648";"";"LADO OPOSTO AO Nº 1648";"AFOGADOS";NA;"CIDADE";"COLISÃO TRASEIRA";"COLISAO SEM VITIMAS";1;0;0;0;0;0;1;0;0;0;0;"Longo da via";"Bom";"Não existe";"Perfeito estado";"Seca";"Perfeito estado";"Não existe";"Não há placas";"";"Dupla";"Faixa seccionada";"";""
"1030";2020-02-04;"17:04:00";"SEM VÍTIMA";"FINALIZADA";"BOA VIAGEM";"AV ENGENHEIRO DOMINGOS FERREIRA";"1818";"";"EXTRA HIPERMERCADO BOA VIAGEM";"BOA VIAGEM";380;"SUBURBIO";"COLISÃO TRASEIRA";"COLISÃO SEM VÍTIMA";3;0;0;0;0;0;0;0;0;0;0;"Longo da via";"Bom";"Sem defeito";"Perfeito estado";"Seca";"Perfeito estado";"Não existe";"R-32";"60 km/h";"Única";"Faixa seccionada";"Canteiro central";""
"1031";2020-02-04;"17:13:00";"SEM VÍTIMA";"FINALIZADA";"JARDIM SÃO PAULO";"RUA LEANDRO BARRETO";"";"";"SOBRE O VIADUTO";"JARDIM SÃO PAULO";NA;"SUBURBIO";"COLISÃO FRONTAL";"COLISÃO SEM VÍTIMA";1;0;0;0;0;0;1;0;0;0;0;"Viaduto";"Bom";"Não existe";"Perfeito estado";"Seca";"Perfeito estado";"Outros";"Outras";"";"Dupla";"Faixa contínua";"";""
"1032";2020-02-04;"17:46:00";"SEM VÍTIMA";"FINALIZADA";"TEJIPIÓ";"AV DR JOSE RUFINO";"3030";"";"ESCOLA ESTADUAL ALBERTO TORRES";"TEJIPIÓ";NA;"SUBURBIO";"COLISÃO TRASEIRA";"COLISÃO SEM VÍTIMA";2;0;0;0;0;0;0;0;0;0;0;"Longo da via";"Bom";"Sem defeito";"Perfeito estado";"Seca";"Perfeito estado";"Não existe";"Não há placas";"60 km/h";"Dupla";"Faixa contínua";"";""
"1033";2020-02-04;"18:24:00";"COM VÍTIMA";"FINALIZADA";"AFOGADOS";"AV SUL";"";"RUA NICOLAU PEREIRA";"PRÓX A EMERGÊNCIA DA AGAMENON MAG E TERMINAL INTEGRAL DO LARGO DA PAZ";"AFOGADOS";NA;"CIDADE";"ABALROAMENTO TRANSVERSAL";"ENTRE AUTO E MOTO. C/V";1;1;0;0;0;0;0;0;0;1;0;"Não informado";"Bom";"Não existe";"Perfeito estado";"Seca";"Perfeito estado";"Não existe";"Não há placas";"";"Única";"Faixa seccionada";"";""
"1034";2020-02-04;"18:30:00";"SEM VÍTIMA";"CANCELADA";"CORDEIRO";"AV CAXANGA";"";"";"PROX AO VIADUTO DO BRT // SENTIDO CAMARAGIBE // ENF A FARMACIA PERMANENTE";"CORDEIRO";NA;"";"COLISÃO";"ONIBUS 1002 X PRISMA";1;0;0;0;0;1;0;0;0;0;0;"";"";"";"";"";"";"";"";"";"";"";"";""
"1035";2020-02-04;"18:58:00";"SEM VÍTIMA";"FINALIZADA";"TAMARINEIRA";"EST VELHA DE AGUA FRIA";"571";"";"";"TAMARINEIRA";NA;"CIDADE";"ABALROAMENTO LONGITUDINAL";"ENTRE AUTO E MOTO.S/V";1;1;0;0;0;0;0;0;0;0;0;"Longo da via";"Bom";"Não existe";"Perfeito estado";"Seca";"Perfeito estado";"Não existe";"R-6a";"";"Dupla";"Blocos";"";""
"1036";2020-02-04;"19:03:00";"SEM VÍTIMA";"CANCELADA";"ARRUDA";"RUA EXP JAMIL DAGLI";"";"RUA DAS MOCAS";"PROX A PIZZARIA ATLANTICO E BEIRA CANAL";"ARRUDA";NA;"";"COLISÃO";"MOTO X FIAT DOBLO";0;0;0;0;0;0;0;0;0;0;0;"";"";"";"";"";"";"";"";"";"";"";"";""
"1037";2020-02-04;"19:20:00";"SEM VÍTIMA";"FINALIZADA";"BOA VIAGEM";"AV CONSELHEIRO AGUIAR";"980";"";"AO LADO DO GREEN MIX";"BOA VIAGEM";2;"CIDADE";"COLISÃO TRASEIRA";"ENTRE 2 AUTOS. S/V";2;0;0;0;0;0;0;0;0;0;0;"Longo da via";"Bom";"Sem defeito";"Perfeito estado";"Seca";"Perfeito estado";"Agente";"Não há placas";"40 km/h";"Única";"Faixa contínua";"";""
"1038";2020-02-04;"19:36:00";"SEM VÍTIMA";"FINALIZADA";"BOA VISTA";"AV CONDE DA BOA VISTA";"767";"";"LOJA LEADER";"BOA VISTA";NA;"SUBURBIO";"ABALROAMENTO TRANSVERSAL";"ENTRE MOTO E ÔNIBUS. S.V";0;1;0;0;0;1;0;0;0;0;0;"Longo da via";"Bom";"Não existe";"Perfeito estado";"Seca";"Perfeito estado";"Não existe";"Outras";"";"Dupla";"Faixa contínua";"";""
"1039";2020-02-04;"19:52:00";"COM VÍTIMA";"FINALIZADA";"BOA VIAGEM";"RUA GENERAL SALGADO";"99";"RUA COSMORAMA";"E/F A AO RESTAURANTE ARENA SHARK E PRÓX AO COLÉGIO MADRE DE DEUS";"BOA VIAGEM";NA;"SUBURBIO";"ABALROAMENTO TRANSVERSAL";"ENTRE AUTO E MTO. C/V";1;1;0;0;0;0;0;0;0;1;0;"Cruzamento";"Bom";"Não existe";"Perfeito estado";"Seca";"Perfeito estado";"Não existe";"Placas Pare";"";"Dupla";"Faixa seccionada";"Outros";""
"1040";2020-02-04;"20:13:00";"SEM VÍTIMA";"FINALIZADA";"IPSEP";"RUA CACHOEIRA";"";"RUA ITACARI";"";"IPSEP";NA;"SUBURBIO";"COLISÃO TRASEIRA";"C3 X FIESTA";2;0;0;0;0;0;0;0;0;0;0;"Cruzamento";"Bom";"Não existe";"Incompleta";"Seca";"Mal iluminada";"Não existe";"Não há placas";"";"Única";"Faixa seccionada";"";""
"1041";2020-02-04;"20:15:00";"SEM VÍTIMA";"FINALIZADA";"SÃO JOSÉ";"RUA IMPERIAL";"217";"RUA BOM SUCESSO";"";"SÃO JOSÉ";NA;"CIDADE";"ABALROAMENTO TRANSVERSAL";"ENTRE 2 AUTOS. S/V";2;0;0;0;0;0;0;0;0;0;0;"Cruzamento";"Bom";"Não existe";"";"Seca";"Perfeito estado";"Não existe";"Não há placas";"";"Única";"Faixa seccionada";"";""
"1042";2020-02-04;"21:08:00";"SEM VÍTIMA";"FINALIZADA";"CORDEIRO";"RUA EURICO DE SOUZA LEAO";"906";"";"";"CORDEIRO";NA;"SUBURBIO";"CHOQUE OBJETO FIXO";"VT DO 13 BATALHÃO ACABOU CAINDO NO BURACO. S/V";1;0;0;0;0;0;0;0;0;0;0;"Longo da via";"Bom";"Não existe";"Incompleta";"Seca";"Mal conservada";"Não existe";"Não há placas";"";"Dupla";"Não existe";"";""
"1043";2020-02-04;"22:07:00";"COM VÍTIMA";"FINALIZADA";"PARNAMIRIM";"AV PARNAMIRIM";"375";"RUA ANDRE CAVALCANTE";"E/F AO BANCO SANTANDER";"PARNAMIRIM";NA;"CIDADE";"ABALROAMENTO LONGITUDINAL";"MOTO X AUTO. C/V";1;1;0;0;0;0;0;0;0;1;0;"Cruzamento";"Bom";"Não existe";"Incompleta";"Seca";"Perfeito estado";"Não existe";"R-6a";"";"Única";"Faixa seccionada";"";""
"1044";2020-02-04;"22:39:00";"SEM VÍTIMA";"FINALIZADA";"ILHA DO RETIRO";"RUA SPORT CLUBE DO RECIFE";"";"";"FRENTE AO SPORT CLUBE DO RECIFE";"ILHA DO RETIRO";355;"SUBURBIO";"COLISÃO TRASEIRA";"ENTRE 2 AUTOS. UM DOS CONDUTOTES APRESENTA SINAIS DE EMBRIAGUEZ";2;0;0;0;0;0;0;0;0;0;0;"Longo da via";"Bom";"Sem defeito";"Perfeito estado";"Seca";"Perfeito estado";"Não existe";"Não há placas";"";"Dupla";"Faixa contínua";"Faixa seccionada";"Canteiro central"
"1045";2020-02-05;"06:05:00";"SEM VÍTIMA";"FINALIZADA";"PAISSANDU";"AV GOVERNADOR AGAMENON MAGALHAES";"";"";"LADO OPOSTO AO HOSP. PORTUGUÊS";"PAISSANDU";672;"SUBURBIO";"ABALROAMENTO LONGITUDINAL";"SEM VITIMAS";1;0;0;0;0;1;0;0;0;0;0;"Longo da via";"Bom";"Sem defeito";"Perfeito estado";"Seca";"Perfeito estado";"Faixa de pedestre";"";"";"Dupla";"Canteiro central";"";""
"1046";2020-02-05;"06:55:00";"SEM VÍTIMA";"FINALIZADA";"MACAXEIRA";"AV NORTE";"";"";"AO LADO DO PONTO DE ÔNIBUS Nº 110052";"MACAXEIRA";NA;"SUBURBIO";"COLISÃO TRASEIRA";"DOIS AUTOS";2;0;0;0;0;0;0;0;0;0;0;"Longo da via";"Bom";"Não existe";"Incompleta";"Seca";"Perfeito estado";"Não existe";"";"";"Dupla";"Canteiro central";"";""
"1047";2020-02-05;"07:49:00";"SEM VÍTIMA";"FINALIZADA";"BOA VISTA";"RUA DO HOSPICIO";"";"";"EM FRENTE A CÂMARA MUNICIPAL DO RECIFE";"BOA VISTA";31;"CIDADE";"ABALROAMENTO LONGITUDINAL";"";1;0;0;0;0;0;0;0;1;0;0;"Cruzamento";"Bom";"Sem defeito";"Perfeito estado";"Seca";"Perfeito estado";"Agente";"Outras";"";"Única";"Não existe";"";""
"1048";2020-02-05;"08:03:00";"SEM VÍTIMA";"FINALIZADA";"PINA";"PTE AGAMENON MAGALHAES";"";"";"LADO OPOSTO AO RESTAURANTE BARGAÇO";"PINA";NA;"CIDADE";"COLISÃO TRASEIRA";"DOIS AUTOS";2;0;0;0;0;0;0;0;0;0;0;"Ponte";"Bom";"Sem defeito";"Perfeito estado";"Seca";"Perfeito estado";"Não existe";"Placas Pare";"60 km/h";"";"Faixa seccionada";"";""
"1049";2020-02-05;"08:27:00";"SEM VÍTIMA";"FINALIZADA";"DERBY";"PRC DO DERBY";"";"RUA JENER DE SOUZA";"SOB O SEMÁFORO Nº 418";"DERBY";418;"CIDADE";"ABALROAMENTO TRANSVERSAL";"SEM VITIMAS/LOCAL DESCARACTERIZADO";2;0;0;0;0;0;0;0;0;0;0;"Cruzamento";"Bom";"Sem defeito";"Perfeito estado";"Seca";"Perfeito estado";"Faixa de pedestre";"Outras";"";"Dupla";"Blocos";"";""
"1050";2020-02-05;"08:54:00";"SEM VÍTIMA";"FINALIZADA";"ESPINHEIRO";"RUA CONS PORTELA";"";"RUA SANTO ELIAS";"ESQUINA COM POSTO URBAN";"ESPINHEIRO";NA;"CIDADE";"ABALROAMENTO TRANSVERSAL";"COLISÃO S/VITIMAS ENTRE DOIS AUTOS";2;0;0;0;0;0;0;0;0;0;0;"Cruzamento";"Bom";"Não existe";"Perfeito estado";"Seca";"Perfeito estado";"Não existe";"Não há placas";"";"Única";"Faixa seccionada";"";""
"1051";2020-02-05;"10:05:00";"COM VÍTIMA";"FINALIZADA";"CASA AMARELA";"RUA PAULA BATISTA";"173";"RUA XAVANTES";"AO LADO DO CENTRO ESPIRITA MOACIR";"CASA AMARELA";NA;"SUBURBIO";"ABALROAMENTO TRANSVERSAL";"COM DUAS VITIMAS SENDO ATENDIDAS PELO SAMU";1;1;0;0;0;0;0;0;0;2;0;"Cruzamento";"Bom";"Não existe";"Ilegível";"Seca";"Perfeito estado";"Não existe";"Não há placas";"30 km/h";"Dupla";"Não existe";"";""
"1052";2020-02-05;"10:07:00";"COM VÍTIMA";"FINALIZADA";"MUSTARDINHA";"RUA VINTE E UM DE ABRIL";"1343";"RUA CORACAO DE JESUS";"AO LADO DA ROCK PIZZA";"MUSTARDINHA";NA;"SUBURBIO";"COLISÃO";"COLISÃO C/VITIMAS ENTRE UMA MOTO E UM AUTO";1;1;0;0;0;0;0;0;0;1;0;"Esquina";"Bom";"Não existe";"Perfeito estado";"Seca";"Perfeito estado";"Não existe";"Outras";"";"Dupla";"Não existe";"";""
"1053";2020-02-05;"11:28:00";"SEM VÍTIMA";"FINALIZADA";"MADALENA";"RUA REAL DA TORRE";"682";"";"";"MADALENA";NA;"";"COLISÃO TRASEIRA";"SEM VITIMAS";2;0;0;0;0;0;0;0;0;0;0;"Longo da via";"Bom";"Não existe";"Perfeito estado";"Seca";"Perfeito estado";"Não existe";"Não há placas";"";"Única";"Faixa seccionada";"";""
"1054";2020-02-05;"12:07:00";"SEM VÍTIMA";"CANCELADA";"BOA VIAGEM";"RUA RIBEIRO DE BRITO";"";"";"EM FRENTE AO SINDICATO MUNICIPAL DOS EMPREGADOS EM CONDOMINIO";"BOA VIAGEM";597;"";"COLISÃO";"COLISÃO SEM VITIMA";1;1;0;0;0;0;0;0;0;0;0;"";"";"";"";"";"";"";"";"";"";"";"";""
"1055";2020-02-05;"12:15:00";"SEM VÍTIMA";"FINALIZADA";"NOVA DESCOBERTA";"AV NORTE";"6720";"";"ESCOLA MUNDO MÁGICO";"NOVA DESCOBERTA";NA;"SUBURBIO";"COLISÃO TRASEIRA";"COLISÃO ENTRE A VT CTTU 09 DE PLACA";2;0;0;0;0;0;0;0;0;0;0;"Longo da via";"Bom";"Não existe";"Perfeito estado";"Seca";"Perfeito estado";"Não existe";"Não há placas";"60 km/h";"Dupla";"Canteiro central";"";""
"1056";2020-02-05;"12:35:00";"SEM VÍTIMA";"FINALIZADA";"PRADO";"AV ENGENHEIRO ABDIAS DE CARVALHO";"";"RUA JOAO IVO DA SILVA";"CONCESSIONÁRIA GRANVIA";"PRADO";132;"CIDADE";"ABALROAMENTO LONGITUDINAL";"SEM VITIMA";2;0;0;0;0;0;0;0;0;0;0;"Cruzamento";"Bom";"Sem defeito";"Perfeito estado";"Seca";"Perfeito estado";"Agente";"";"";"Única";"Canteiro central";"";""
"1057";2020-02-05;"13:08:00";"COM VÍTIMA";"FINALIZADA";"SÃO JOSÉ";"RUA IMPERIAL";"1171";"";"E/F AO COLEGIO JOAQUIM NABUCO";"SÃO JOSÉ";NA;"SUBURBIO";"ABALROAMENTO LONGITUDINAL";"COLISAO COM VITIMAS";1;1;0;0;0;0;0;0;0;2;0;"Longo da via";"Bom";"Não existe";"Perfeito estado";"Seca";"Perfeito estado";"Não existe";"Não há placas";"";"Única";"Faixa seccionada";"";""
"1058";2020-02-05;"13:26:00";"COM VÍTIMA";"FINALIZADA";"POÇO DA PANELA";"AV DEZESSETE DE AGOSTO";"2108";"AV DR SEIXAS";"E/F A PAGUE MENOS/ PROX AO CRUZAMENTO COM A RUA DOUTOR SEIXAS";"POÇO DA PANELA";646;"CIDADE";"ABALROAMENTO LONGITUDINAL";"COLISAO COM VITIMAS";1;1;0;0;0;0;0;0;0;1;0;"Cruzamento";"Bom";"Sem defeito";"Perfeito estado";"Seca";"Perfeito estado";"Faixa de retenção";"";"";"Dupla";"";"";""
"1059";2020-02-05;"13:31:00";"SEM VÍTIMA";"FINALIZADA";"GRAÇAS";"RUA ANTONIO NOVAIS";"241";"RUA SOUZA DE ANDRADE";"";"GRAÇAS";NA;"";"ABALROAMENTO TRANSVERSAL";"ENTRE AUTO PASSEIO X MOTO S/V";1;1;0;0;0;0;0;0;0;0;0;"Cruzamento";"Bom";"Não existe";"Não existente";"Seca";"Perfeito estado";"Não existe";"Não há placas";"30 km/h";"Única";"Não existe";"";""
"1060";2020-02-05;"13:38:00";"COM VÍTIMA";"FINALIZADA";"SÃO JOSÉ";"RUA IMPERIAL";"1898";"";"APOS A JUCEPE";"SÃO JOSÉ";NA;"SUBURBIO";"TOMBAMENTO";"MOTOCICLISTA CAIU EM UM BURACO";0;1;0;0;0;0;0;0;0;2;0;"Longo da via";"Bom";"Não existe";"Incompleta";"";"Mal conservada";"Não existe";"Outras";"";"Única";"Não existe";"";""
"1061";2020-02-05;"13:42:00";"SEM VÍTIMA";"FINALIZADA";"BOA VIAGEM";"RUA AVIADOR SEVERIANO LINS";"";"RUA DONA BENVINDA DE FARIAS";"";"BOA VIAGEM";NA;"SUBURBIO";"ABALROAMENTO TRANSVERSAL";"ENTRE DOIS AUTOS S/V";2;0;0;0;0;0;0;0;0;0;0;"Cruzamento";"Bom";"Não existe";"Perfeito estado";"Seca";"Perfeito estado";"Não existe";"Placas Pare";"20 km/h";"Dupla";"Não existe";"";""
"1062";2020-02-05;"14:17:00";"SEM VÍTIMA";"CANCELADA";"PAISSANDU";"RUA PAISSANDU";"";"";"HOSP. CAPIBARIBE HAPVIDA";"PAISSANDU";NA;"";"COLISÃO";"COLISÃO SEM VITIMA";2;0;0;0;0;0;0;0;0;0;0;"";"";"";"";"";"";"";"";"";"";"";"";""
"1063";2020-02-05;"14:18:00";"COM VÍTIMA";"FINALIZADA";"CORDEIRO";"RUA PAES CABRAL";"414";"RUA SANTOS MOREIRA";"PROX A SORVETERIA MUG";"CORDEIRO";NA;"SUBURBIO";"ABALROAMENTO TRANSVERSAL";"ENTRE MOTO X AUTO PASSEIO COM VÍTIMA";1;1;0;0;0;0;0;0;0;1;0;"Longo da via";"Bom";"Não existe";"Não existente";"Seca";"Perfeito estado";"Não existe";"Outras";"";"Dupla";"Não existe";"";""
"1064";2020-02-05;"15:24:00";"COM VÍTIMA";"FINALIZADA";"MUSTARDINHA";"AV MANOEL GONCALVES DA LUZ";"548";"";"E/F A ULTRAGÁS E CASA LOTÉRICA DA CAIXA ECONOMICA.";"MUSTARDINHA";NA;"CIDADE";"COLISÃO FRONTAL";"ENTRE AUTO X PEDESTRE X MOTO";1;1;0;0;1;0;0;0;0;3;0;"Longo da via";"Bom";"Não existe";"Perfeito estado";"Seca";"Perfeito estado";"Não existe";"Não há placas";"";"";"Não existe";"";""
"1065";2020-02-05;"15:28:00";"SEM VÍTIMA";"CANCELADA";"SÃO JOSÉ";"RUA IMPERIAL";"";"";"NA DESCIDA DO VIADULTO NO INICIO DA VIA";"SÃO JOSÉ";NA;"";"COLISÃO";"COLISÃO SEM VITIMA";2;0;0;0;0;0;0;0;0;0;0;"";"";"";"";"";"";"";"";"";"";"";"";""
"1066";2020-02-05;"15:51:00";"SEM VÍTIMA";"FINALIZADA";"IMBIRIBEIRA";"AV MARECHAL MASCARENHAS DE MORAES";"5653";"";"CAIXA ECONOMICA FEDERAL";"IMBIRIBEIRA";NA;"CIDADE";"ABALROAMENTO LONGITUDINAL";"COLISAO SEM VITIMAS";1;1;0;0;0;0;0;0;0;0;0;"Longo da via";"Bom";"Não existe";"Perfeito estado";"Seca";"Perfeito estado";"Não existe";"Não há placas";"";"Dupla";"Canteiro central";"";""