"";"data";"hora";"natureza_acidente";"situacao";"bairro";"endereco";"numero";"detalhe_endereco_acidente";"complemento";"bairro_cruzamento";"num_semaforo";"sentido_via";"tipo";"descricao";"auto";"moto";"ciclom";"ciclista";"pedestre";"onibus";"caminhao";"viatura";"outros";"vitimas";"vitimasfatais";"acidente_verificado";"tempo_clima";"situacao_semaforo";"sinalizacao";"condicao_via";"conservacao_via";"ponto_controle";"situacao_placa";"velocidade_max_via";"mao_direcao";"divisao_via1";"divisao_via2";"divisao_via3"
"1067";2020-02-05;"16:14:00";"SEM VÍTIMA";"FINALIZADA";"PINA";"RUA CONSUL JOSEPH NOUJAIM";"";"AV REPUBLICA DO LIBANO";"";"PINA";NA;"";"ABALROAMENTO LONGITUDINAL";"ENTRE DOIS AUTOS S/V";2;0;0;0;0;0;0;0;0;0;0;"Longo da via";"Bom";"Não existe";"Perfeito estado";"Seca";"Perfeito estado";"Não existe";"Outras";"";"Única";"Faixa seccionada";"";""
"1068";2020-02-05;"16:34:00";"SEM VÍTIMA";"FINALIZADA";"IMBIRIBEIRA";"RUA ITACARI";"162";"RUA ITAJAI";"";"IMBIRIBEIRA";NA;"";"ABALROAMENTO TRANSVERSAL";"COLISAO SEM VITIMAS";2;0;0;0;0;0;0;0;0;0;0;"Cruzamento";"Bom";"Não existe";"Incompleta";"Seca";"Perfeito estado";"Faixa de retenção";"Placas Pare";"";"Única";"Não existe";"";""
"1069";2020-02-05;"16:38:00";"SEM VÍTIMA";"FINALIZADA";"SANTO AMARO";"AV GOVERNADOR AGAMENON MAGALHAES";"";"RUA ALUISIO DE AZEVEDO";"";"SANTO AMARO";NA;"";"ABALROAMENTO LONGITUDINAL";"COLISAO SEM VITIMAS";2;0;0;0;0;0;0;0;0;0;0;"";"Bom";"Não existe";"Perfeito estado";"Seca";"Perfeito estado";"Não existe";"Placas Pare";"";"Dupla";"Não existe";"";""
"1070";2020-02-05;"18:51:00";"SEM VÍTIMA";"FINALIZADA";"BOA VIAGEM";"AV FERNANDO SIMOES BARBOSA";"1222";"";"CANAL DA CONSTRUÇÃO E CONDOMÍNIOS";"BOA VIAGEM";NA;"SUBURBIO";"ABALROAMENTO LONGITUDINAL";"CAMINHAO X PEUGEOT X CARRTA";2;0;0;0;0;0;1;0;0;0;0;"Longo da via";"Bom";"Não existe";"Perfeito estado";"Seca";"Perfeito estado";"Não existe";"R-6a";"";"Única";"Faixa seccionada";"";""
"1071";2020-02-05;"19:10:00";"SEM VÍTIMA";"FINALIZADA";"NOVA DESCOBERTA";"RUA CORREGO DO JOAQUIM";"207";"";"CORREGO DE INACIO";"NOVA DESCOBERTA";NA;"SUBURBIO";"ABALROAMENTO LONGITUDINAL";"ENTRE ÕNIBUS E MOTO. S/V";0;1;0;0;0;1;0;0;0;0;0;"Longo da via";"Bom";"Não existe";"Não existente";"Seca";"Mal iluminada";"Não existe";"Não há placas";"";"Dupla";"Não existe";"";""
"1072";2020-02-05;"19:12:00";"SEM VÍTIMA";"FINALIZADA";"IMBIRIBEIRA";"AV MARECHAL MASCARENHAS DE MORAES";"";"";"LADO OPOSTO DA LOJA FERROT";"IMBIRIBEIRA";NA;"SUBURBIO";"COLISÃO TRASEIRA";"FIAT UNO X ONIX X PRISMA X SIENA";4;0;0;0;0;0;0;0;0;0;0;"Longo da via";"Bom";"Não existe";"Perfeito estado";"Seca";"Perfeito estado";"Não existe";"Não há placas";"60 km/h";"Dupla";"Faixa seccionada";"Canteiro central";""
"1073";2020-02-05;"21:37:00";"SEM VÍTIMA";"FINALIZADA";"ESPINHEIRO";"AV GOVERNADOR AGAMENON MAGALHAES";"";"";"";"ESPINHEIRO";108;"CIDADE";"ABALROAMENTO LONGITUDINAL";"ENTRE 2 AUTOS. S/V";2;0;0;0;0;0;0;0;0;0;0;"Longo da via";"Bom";"Sem defeito";"Perfeito estado";"Seca";"Perfeito estado";"";"";"";"Dupla";"Faixa seccionada";"";""
"1074";2020-02-05;"21:46:00";"SEM VÍTIMA";"FINALIZADA";"IMBIRIBEIRA";"AV MARECHAL MASCARENHAS DE MORAES";"945A";"RUA DR VALDIR PESSOA";"FORD GRANVIA";"IMBIRIBEIRA";532;"";"ABALROAMENTO LONGITUDINAL";"MOTO X ONIX";1;1;0;0;0;0;0;0;0;0;0;"Longo da via";"Bom";"Sem defeito";"Perfeito estado";"Seca";"Perfeito estado";"Faixa de pedestre";"Outras";"";"Única";"Faixa contínua";"";""
"1075";2020-02-06;"00:53:00";"SEM VÍTIMA";"FINALIZADA";"BOA VIAGEM";"AV CONSELHEIRO AGUIAR";"1726";"";"ESPAÇO COSTA";"BOA VIAGEM";NA;"CIDADE";"CHOQUE OBJETO FIXO";"AUTO CHOCOU-SE EM UM POSTE S/V";1;0;0;0;0;0;0;0;0;0;0;"Longo da via";"Bom";"";"";"Seca";"";"Não existe";"Não há placas";"";"Única";"Faixa seccionada";"";""
"1076";2020-02-06;"03:51:00";"SEM VÍTIMA";"FINALIZADA";"GUABIRABA";"AV DA RECUPERACAO";"";"";"UPINHA DA GUABIRABA / EM FRENTE DAL MOTOS";"GUABIRABA";NA;"";"COLISÃO FRONTAL";"COLISÃO ENTRE DOIS AUTOS- S/V";2;0;0;0;0;0;0;0;0;0;0;"Longo da via";"Bom";"Não existe";"Incompleta";"Seca";"Mal iluminada";"Não existe";"Não há placas";"";"Dupla";"Faixa seccionada";"";""
"1077";2020-02-06;"07:08:00";"SEM VÍTIMA";"FINALIZADA";"MUSTARDINHA";"AV MANOEL GONCALVES DA LUZ";"469";"RUA JOSE MOREIRA REIS";"REDE TEM SUPERMERCADOS";"MUSTARDINHA";NA;"";"ABALROAMENTO TRANSVERSAL";"SEM VITIMAS";1;0;0;0;0;1;0;0;0;0;0;"Cruzamento";"Bom";"Não existe";"";"Seca";"";"Faixa de pedestre";"Outras";"";"Dupla";"Faixa seccionada";"";""
"1078";2020-02-06;"07:29:00";"SEM VÍTIMA";"FINALIZADA";"VÁRZEA";"AV PREFEITO ANTONIO PEREIRA";"";"";"TERMINAL RODOVIÁRIO DO RECIFE";"VÁRZEA";NA;"";"ABALROAMENTO LONGITUDINAL";"GM ANTONIO E JONATHAN P.O  DOIS AUTOS";2;0;0;0;0;0;0;0;0;0;0;"Longo da via";"Bom";"Não existe";"Perfeito estado";"Seca";"Perfeito estado";"Agente";"R-6a";"";"Única";"Não existe";"";""
"1079";2020-02-06;"07:59:00";"SEM VÍTIMA";"FINALIZADA";"ILHA DO LEITE";"RUA ANTONIO GOMES DE FREITAS";"147";"1 TRV JUSTICA E PAZ";"APÓS O SEOPE";"ILHA DO LEITE";NA;"CIDADE";"CHOQUE OBJETO FIXO";"";0;0;0;0;0;0;1;0;0;0;0;"Longo da via";"Bom";"Não existe";"Perfeito estado";"Seca";"Perfeito estado";"Não existe";"Outras";"40 km/h";"Única";"Faixa seccionada";"";""
"1080";2020-02-06;"08:19:00";"SEM VÍTIMA";"FINALIZADA";"AFOGADOS";"RUA DA PAZ";"304";"";"EM FRENTE AO BANCO BRADESCO";"AFOGADOS";528;"";"ABALROAMENTO LONGITUDINAL";"SEM VITIMAS";2;0;0;0;0;0;0;0;0;0;0;"Longo da via";"Bom";"Sem defeito";"Perfeito estado";"Seca";"Perfeito estado";"Faixa de retenção";"";"";"Única";"Não existe";"";""
"1081";2020-02-06;"08:31:00";"SEM VÍTIMA";"FINALIZADA";"IMBIRIBEIRA";"RUA ARQUITETO LUIZ NUNES";"245";"AV ENGENHEIRO ALVES DE SOUZA";"FARMÁCIA DROGASIL";"IMBIRIBEIRA";634;"SUBURBIO";"COLISÃO FRONTAL";"MOTO E AUTO";1;1;0;0;0;0;0;0;0;0;0;"Longo da via";"Bom";"Sem defeito";"Perfeito estado";"Seca";"Perfeito estado";"Agente";"Não há placas";"40 km/h";"Dupla";"Faixa contínua";"";""
"1082";2020-02-06;"08:32:00";"SEM VÍTIMA";"FINALIZADA";"IBURA";"RUA RIO BRIGIDA";"861";"RUA RIBEIRAO DAS NEVES";"ASSEMBLEIA DE DEUS";"IBURA";NA;"SUBURBIO";"ABALROAMENTO TRANSVERSAL";"COLISAO S/ VITIMA. ENTRE ONIBUS E VEICULO";1;0;0;0;0;1;0;0;0;0;0;"Longo da via";"Bom";"Não existe";"Incompleta";"Seca";"Perfeito estado";"Não existe";"Não há placas";"";"Dupla";"Faixa seccionada";"";""
"1083";2020-02-06;"08:47:00";"SEM VÍTIMA";"FINALIZADA";"BOA VIAGEM";"RUA DR VICENTE GOMES";"";"RUA SETUBAL";"SOB O SEMÁFORO DE Nº 060";"BOA VIAGEM";60;"CIDADE";"COLISÃO TRASEIRA";"AUTO E MOTO / GM RODRIDO PAULINO NO QTH P.O";1;1;0;0;0;0;0;0;0;0;0;"Cruzamento";"Bom";"Sem defeito";"";"Seca";"Perfeito estado";"Agente";"Não há placas";"";"Única";"Não existe";"";""
"1084";2020-02-06;"08:52:00";"SEM VÍTIMA";"FINALIZADA";"DERBY";"RUA JOAQUIM NABUCO";"";"AV GOVERNADOR AGAMENON MAGALHAES";"AO LADO DO HOSPITAL DA RESTAURAÇÃO";"DERBY";174;"";"COLISÃO TRASEIRA";"DOIS AUTOS  PONTO FIXO GM´S EVERTON SILVA E EVANDRO RAMOS";2;0;0;0;0;0;0;0;0;0;0;"Cruzamento";"Bom";"Sem defeito";"Perfeito estado";"Seca";"Perfeito estado";"Agente";"Outras";"60 km/h";"Única";"Faixa seccionada";"";""
"1085";2020-02-06;"09:01:00";"SEM VÍTIMA";"FINALIZADA";"BAIRRO DO RECIFE";"CAIS DO APOLO";"";"RUA MADRE DEUS";"EM FRENTE AO BANCO DO BRASIL";"BAIRRO DO RECIFE";19;"CIDADE";"ABALROAMENTO LONGITUDINAL";"SEM VITIMAS/ GM ANA LUISA-GM JAMERSOM ZONA AZUL FAZENDO B.O";2;0;0;0;0;0;0;0;0;0;0;"Cruzamento";"Bom";"Sem defeito";"Perfeito estado";"Seca";"Perfeito estado";"Faixa de pedestre";"Não há placas";"30 km/h";"Única";"Não existe";"";""
"1086";2020-02-06;"09:09:00";"COM VÍTIMA";"FINALIZADA";"SANCHO";"RUA APRIGIO GUIMARAES";"184";"RUA DO SANCHO";"NA RUA DO HOSPITAL OTAVIO DE FREITAS";"SANCHO";NA;"";"ABALROAMENTO LONGITUDINAL";"MOTO E AUTO";1;1;0;0;0;0;0;0;0;1;0;"Cruzamento";"Bom";"Não existe";"Incompleta";"Seca";"Perfeito estado";"Não existe";"Não há placas";"";"Dupla";"Faixa seccionada";"";""
"1087";2020-02-06;"09:21:00";"COM VÍTIMA";"FINALIZADA";"JIQUIÁ";"AV DR JOSE RUFINO";"548";"RUA MORAIS E SILVA";"EM FRENTE A GALERIA MARGARIDA";"JIQUIÁ";NA;"SUBURBIO";"COLISÃO TRASEIRA";"AUTO E MOTO / VT 17 LINDENBERG NO QTH";1;1;0;0;0;0;0;0;0;1;0;"Cruzamento";"Bom";"Não existe";"Perfeito estado";"Seca";"Perfeito estado";"Não existe";"Não há placas";"";"Dupla";"Faixa seccionada";"";""
"1088";2020-02-06;"09:22:00";"SEM VÍTIMA";"FINALIZADA";"TORRE";"RUA CONDE DE IRAJA";"629";"";"1º IGREJA EVANGÉLICA BATISTA DA TORRE";"TORRE";106;"";"COLISÃO TRASEIRA";"SEM VITIMAS";4;0;0;0;0;0;0;0;0;0;0;"Longo da via";"Bom";"Sem defeito";"Perfeito estado";"Seca";"Perfeito estado";"Faixa de pedestre";"Outras";"40 km/h";"Única";"Faixa seccionada";"";""
"1089";2020-02-06;"09:48:00";"SEM VÍTIMA";"CANCELADA";"TORRE";"RUA REAL DA TORRE";"";"RUA CONDE DE IRAJA";"EM FRENTE AO EXTRABOM";"TORRE";106;"";"COLISÃO";"SEM VITIMAS";0;1;0;0;0;0;1;0;0;0;0;"";"";"";"";"";"";"";"";"";"";"";"";""
"1090";2020-02-06;"09:55:00";"COM VÍTIMA";"CANCELADA";"IMBIRIBEIRA";"RUA ANTONIO FALCAO";"544";"";"EM FRENTE A ESTAÇÃO ANTONIO FALCÃO";"IMBIRIBEIRA";NA;"";"COLISÃO";"COM UMA VITIMA /SAMU NO LOCAL";0;0;0;0;0;0;0;0;0;1;0;"";"";"";"";"";"";"";"";"";"";"";"";""
"1091";2020-02-06;"10:08:00";"SEM VÍTIMA";"FINALIZADA";"IPSEP";"AV PRESIDENTE DUTRA";"";"";"EMPRESARIAL MV - VIADUTO TANCREDO NEVES";"IPSEP";NA;"";"COLISÃO TRASEIRA";"DOIS AUTOS";2;0;0;0;0;0;0;0;0;0;0;"Longo da via";"Bom";"Não existe";"Perfeito estado";"Seca";"Perfeito estado";"Faixa de pedestre";"Não há placas";"60 km/h";"Dupla";"Canteiro central";"";""
"1092";2020-02-06;"10:14:00";"COM VÍTIMA";"FINALIZADA";"ROSARINHO";"RUA CAPITAO SAMPAIO XAVIER";"349";"RUA RICARDO HARDMAN";"EM FRENTE A TMED TECNOLOGIA MEDICA";"ROSARINHO";NA;"CIDADE";"ABALROAMENTO LONGITUDINAL";"AUTO E MOTO";1;1;0;0;0;0;0;0;0;2;0;"Cruzamento";"Bom";"Não existe";"Perfeito estado";"Seca";"Perfeito estado";"Faixa de pedestre";"Placas Pare";"";"";"Faixa contínua";"";""
"1093";2020-02-06;"10:25:00";"COM VÍTIMA";"FINALIZADA";"IMBIRIBEIRA";"AV GENERAL MAC ARTHUR";"1846";"AV SUL";"EMBAIXO DA ESTAÇÃO ANTONIO FALCÃO";"IMBIRIBEIRA";NA;"CIDADE";"ABALROAMENTO TRANSVERSAL";"COM UMA VITIMA /SOCORRIDA PELO SAMU";0;1;0;0;0;0;1;0;0;1;0;"Cruzamento";"Bom";"Não existe";"Perfeito estado";"Seca";"Perfeito estado";"Faixa de pedestre";"Placas Pare";"60 km/h";"Única";"Faixa";"";""
"1094";2020-02-06;"10:33:00";"SEM VÍTIMA";"FINALIZADA";"TORRE";"RUA REAL DA TORRE";"200";"";"EM FRENTE AO POSTO SHELL";"TORRE";NA;"CIDADE";"ABALROAMENTO LONGITUDINAL";"CAMINHÃO E AUTO VT- 01 GM´S RICARDO E KELLY NO LOCAL";1;0;0;0;0;0;1;0;0;0;0;"Longo da via";"Bom";"Não existe";"Perfeito estado";"Seca";"Perfeito estado";"";"Outras";"";"Única";"Faixa seccionada";"";""
"1095";2020-02-06;"11:17:00";"SEM VÍTIMA";"FINALIZADA";"BOA VIAGEM";"RUA JOAO CARDOSO AIRES";"705";"RUA ALMIRANTE BATISTA LEAO";"";"BOA VIAGEM";NA;"";"ABALROAMENTO TRANSVERSAL";"DOIS AUTOS";2;0;0;0;0;0;0;0;0;0;0;"Cruzamento";"Bom";"Não existe";"Perfeito estado";"Seca";"Perfeito estado";"Faixa de pedestre";"Outras";"40 km/h";"Única";"Faixa seccionada";"";""
"1096";2020-02-06;"11:24:00";"SEM VÍTIMA";"FINALIZADA";"ROSARINHO";"RUA REGUEIRA COSTA";"352";"";"EM FRENTE AO SEU REGUEIRA";"ROSARINHO";NA;"CIDADE";"CHOQUE VEÍCULO PARADO";"COLISAO S/ VITIMA. ENTRE DOIS VEICULOS";1;0;0;0;0;0;0;0;1;0;0;"Longo da via";"Bom";"Não existe";"Não existente";"Seca";"Perfeito estado";"Não existe";"Não há placas";"";"Única";"Canteiro central";"";""
"1097";2020-02-06;"11:29:00";"SEM VÍTIMA";"CANCELADA";"TORRE";"AV BEIRA RIO";"";"";"PONTE DA TORRE";"TORRE";630;"";"ENGAVETAMENTO";"SEM VITIMAS";3;0;0;0;0;0;0;0;0;0;0;"";"";"";"";"";"";"";"";"";"";"";"";""
"1098";2020-02-06;"12:16:00";"SEM VÍTIMA";"FINALIZADA";"IMBIRIBEIRA";"AV MARECHAL MASCARENHAS DE MORAES";"";"";"EM FRENTE A UPA IMBIRIBEIRA";"IMBIRIBEIRA";310;"CIDADE";"COLISÃO TRASEIRA";"COLISÃO S/VITIMAS ENTRE TRES AUTOS";3;0;0;0;0;0;0;0;0;0;0;"Longo da via";"Bom";"Sem defeito";"Perfeito estado";"Seca";"Perfeito estado";"Faixa de pedestre";"Outras";"";"Dupla";"Faixa contínua";"Canteiro central";""
"1099";2020-02-06;"12:18:00";"COM VÍTIMA";"FINALIZADA";"BOA VIAGEM";"RUA MARIO SOUTO MAIOR";"2554";"";"EDF SENZADA DO SUASSUNA";"BOA VIAGEM";NA;"SUBURBIO";"ABALROAMENTO TRANSVERSAL";"COLISÃO COM VÍTIMA";1;1;0;0;0;0;0;0;0;1;0;"Longo da via";"Bom";"Não existe";"Perfeito estado";"Seca";"Perfeito estado";"Não existe";"Placas Pare";"";"Dupla";"Faixa seccionada";"";""
"1100";2020-02-06;"12:26:00";"SEM VÍTIMA";"CANCELADA";"ILHA DO RETIRO";"RUA BENFICA";"";"";"SAIDA DO TUNEL CHICO SCIENCE";"ILHA DO RETIRO";NA;"";"COLISÃO";"COLISÃO SEM VITIMA";1;0;0;0;0;0;1;0;0;0;0;"";"";"";"";"";"";"";"";"";"";"";"";""
"1101";2020-02-06;"12:31:00";"SEM VÍTIMA";"FINALIZADA";"SANTO AMARO";"AV CRUZ CABUGA";"";"BEC DOS CASADOS";"AO LADO DA PRAÇA GENERAL CARLOS PINTO";"SANTO AMARO";202;"CIDADE";"COLISÃO TRASEIRA";"COLISÃO S/VITIMAS ENTRE UM ONIBUS E UM AUTO (GM RONILDO E HENRIQUE PEREIRA NO QTH)";1;0;0;0;0;1;0;0;0;0;0;"Longo da via";"Bom";"Sem defeito";"Perfeito estado";"Seca";"Perfeito estado";"Agente";"";"";"Dupla";"Blocos";"";""
"1102";2020-02-06;"13:27:00";"SEM VÍTIMA";"FINALIZADA";"IMBIRIBEIRA";"VIADUTO TANCREDO NEVES";"";"";"";"IMBIRIBEIRA";NA;"SUBURBIO";"COLISÃO TRASEIRA";"COLISÃO S/VITIMAS ENTRE DOIS AUTOS";2;0;0;0;0;0;0;0;0;0;0;"Viaduto";"Bom";"Não existe";"Perfeito estado";"Seca";"Perfeito estado";"Não existe";"Não há placas";"60 km/h";"Dupla";"Faixa seccionada";"Canteiro central";""
"1103";2020-02-06;"13:48:00";"SEM VÍTIMA";"CANCELADA";"ÁGUA FRIA";"RUA SAO SEBASTIAO";"76";"";"PROX AO MERCADO DE ÁGUA FRIA";"ÁGUA FRIA";NA;"";"COLISÃO";"COLISÃO S/VITIMAS ENTRE DOIS AUTOS";2;0;0;0;0;0;0;0;0;0;0;"";"";"";"";"";"";"";"";"";"";"";"";""
"1104";2020-02-06;"14:21:00";"SEM VÍTIMA";"FINALIZADA";"BOA VIAGEM";"AV ENGENHEIRO DOMINGOS FERREIRA";"";"RUA ARTUR MUNIZ";"SPETTUS STEAK HOUSE";"BOA VIAGEM";380;"SUBURBIO";"COLISÃO TRASEIRA";"COLISAO SEM VITIMAS";2;0;0;0;0;0;0;0;0;0;0;"Longo da via";"Bom";"Sem defeito";"Perfeito estado";"Seca";"Perfeito estado";"Faixa de pedestre";"Não há placas";"60 km/h";"Única";"Faixa seccionada";"";""
"1105";2020-02-06;"14:21:00";"SEM VÍTIMA";"FINALIZADA";"ESPINHEIRO";"AV GOVERNADOR AGAMENON MAGALHAES";"";"";"EM FRENTE AO CIRCULO MILITAR";"ESPINHEIRO";NA;"";"COLISÃO TRASEIRA";"SEM VITIMAS";4;0;0;0;0;0;0;0;0;0;0;"Longo da via";"Bom";"Não existe";"Perfeito estado";"Seca";"Perfeito estado";"Outros";"Outras";"60 km/h";"Dupla";"Faixa contínua";"Faixa seccionada";"Canteiro central"
"1106";2020-02-06;"14:22:00";"COM VÍTIMA";"FINALIZADA";"IPSEP";"AV RECIFE";"2802";"";"AO LADO DA MARAVILHA MOTOS/ SENTIDO CEASA";"IPSEP";16;"CIDADE";"ABALROAMENTO LONGITUDINAL";"COLISÃO COM VÍTIMA/ COELHO DE PO ESTA NO LOCAL";1;1;0;0;0;0;0;0;0;2;0;"Longo da via";"Bom";"Sem defeito";"Perfeito estado";"Seca";"Perfeito estado";"Agente";"R-6a";"60 km/h";"Dupla";"Canteiro central";"";""
"1107";2020-02-06;"15:03:00";"COM VÍTIMA";"FINALIZADA";"BAIRRO DO RECIFE";"CAIS DO APOLO";"";"";"E/F AO TRIBUNAL REGIONAL FEDERAL";"BAIRRO DO RECIFE";NA;"SUBURBIO";"ABALROAMENTO LONGITUDINAL";"COLISAO COM VITIMAS";1;1;0;0;0;0;0;0;0;1;0;"Longo da via";"Bom";"Não existe";"Incompleta";"Seca";"Perfeito estado";"Não existe";"Não há placas";"";"Dupla";"Canteiro central";"";""
"1108";2020-02-06;"15:10:00";"SEM VÍTIMA";"FINALIZADA";"BARRO";"AV DR JOSE RUFINO";"2241";"";"AO LADO DO COLÉGIO";"BARRO";NA;"SUBURBIO";"ABALROAMENTO TRANSVERSAL";"COLISÃO SEM VÍTIMA";1;0;0;0;0;1;0;0;0;0;0;"Longo da via";"Bom";"Sem defeito";"Perfeito estado";"Seca";"Perfeito estado";"Faixa de pedestre";"Outras";"60 km/h";"Dupla";"Faixa contínua";"";""
"1109";2020-02-06;"15:37:00";"SEM VÍTIMA";"FINALIZADA";"TAMARINEIRA";"EST DO ARRAIAL";"";"";"EM FRENTE AO EXTRA BOM";"TAMARINEIRA";NA;"SUBURBIO";"ABALROAMENTO LONGITUDINAL";"COLISÃO SEM VÍTIMA";2;0;0;0;0;0;0;0;0;0;0;"Longo da via";"Bom";"Não existe";"Perfeito estado";"Seca";"Perfeito estado";"Não existe";"Não há placas";"";"Única";"Faixa seccionada";"";""
"1110";2020-02-06;"15:58:00";"SEM VÍTIMA";"FINALIZADA";"SÃO JOSÉ";"AV SUL";"25";"RUA PADRE JOSE DE SA LEITAO";"";"SÃO JOSÉ";509;"CIDADE";"COLISÃO TRASEIRA";"COLISÃO S/VITIMAS ENTRE UMA MOTO E UM AUTO";1;1;0;0;0;0;0;0;0;0;0;"Longo da via";"Bom";"Sem defeito";"Perfeito estado";"Seca";"Perfeito estado";"Faixa de pedestre";"Não há placas";"60 km/h";"Dupla";"Faixa seccionada";"Canteiro central";""
"1111";2020-02-06;"16:00:00";"SEM VÍTIMA";"FINALIZADA";"BOA VISTA";"RUA DOM BOSCO";"";"";"AO LADO DO COLÉGIO SALESIANO";"BOA VISTA";NA;"SUBURBIO";"COLISÃO TRASEIRA";"COLISÃO SEM VÍTIMA";1;0;0;0;0;1;0;0;0;0;0;"Longo da via";"Bom";"Sem defeito";"Perfeito estado";"Seca";"Perfeito estado";"Faixa de pedestre";"";"";"Única";"Faixa seccionada";"";""
"1112";2020-02-06;"16:05:00";"COM VÍTIMA";"FINALIZADA";"PRADO";"RUA GOMES TABORDA";"620";"";"EM FRENTE A DILUB LUBRIFICANTES";"PRADO";NA;"CIDADE";"CHOQUE VEÍCULO PARADO";"COLISÃO COM VÍTIMA";2;0;0;0;0;0;0;0;0;2;0;"Longo da via";"Bom";"Não existe";"Perfeito estado";"Seca";"Perfeito estado";"Não existe";"Outras";"40 km/h";"Dupla";"Faixa seccionada";"";""
"1113";2020-02-06;"16:16:00";"SEM VÍTIMA";"FINALIZADA";"IBURA";"AV DOIS RIOS";"1201";"RUA RIO XINGU";"POSTO DE COMBUSTÍVEL BR";"IBURA";351;"SUBURBIO";"COLISÃO FRONTAL";"COLISÃO S/VITIMAS ENTRE DUAS MOTOS";0;2;0;0;0;0;0;0;0;0;0;"Longo da via";"Bom";"Sem defeito";"Perfeito estado";"Seca";"Perfeito estado";"Faixa de pedestre";"Outras";"";"Dupla";"Faixa contínua";"";""
"1114";2020-02-06;"16:20:00";"COM VÍTIMA";"FINALIZADA";"IMBIRIBEIRA";"AV MARECHAL MASCARENHAS DE MORAES";"";"";"NO TRECHO ENTRE O AEROPORTO ATÉ A HOTEL IBIS E O EDF. GARAGEM DO AEROPORTO- EMBAIXO DA ALÇA DE RETORNO DO AEROPORTO";"IMBIRIBEIRA";NA;"SUBURBIO";"ABALROAMENTO TRANSVERSAL";"COLISÃO COM VÍTIMA ENTRE TRÊS VEICULOS";1;1;0;0;0;0;1;0;0;1;0;"Longo da via";"Bom";"Não existe";"Perfeito estado";"Seca";"Perfeito estado";"";"Não há placas";"60 km/h";"Única";"";"";""
"1115";2020-02-06;"16:24:00";"SEM VÍTIMA";"FINALIZADA";"JORDÃO";"AV MARIA IRENE";"255";"";"FRENTE AO ATACAREJO JORDÃO";"JORDÃO";NA;"CIDADE";"COLISÃO TRASEIRA";"COLISAO SEM VITIMAS";2;0;0;0;0;0;0;0;0;0;0;"Longo da via";"Bom";"Não existe";"Perfeito estado";"Seca";"Perfeito estado";"Faixa de pedestre";"R-6a";"";"Dupla";"Faixa contínua";"";""
"1116";2020-02-06;"16:26:00";"COM VÍTIMA";"FINALIZADA";"ÁGUA FRIA";"RUA MANOEL SILVA";"22";"";"";"ÁGUA FRIA";NA;"CIDADE";"ATROPELAMENTO";"MOTO E PEDESTRE.";0;1;0;0;1;0;0;0;0;2;0;"Longo da via";"Bom";"Não existe";"Não existente";"Seca";"Mal conservada";"Não existe";"Não há placas";"";"Dupla";"Não existe";"";""
"1117";2020-02-06;"16:35:00";"SEM VÍTIMA";"CANCELADA";"AFLITOS";"AV CONS ROSA E SILVA";"1305";"";"LADO OPOSTO DO THE BRITISH COUNTRY CLUB/ NO ESTACIONAMENTO DA PARLA DELI";"AFLITOS";NA;"";"COLISÃO";"SEM VITIMA";1;1;0;0;0;0;0;0;0;0;0;"";"";"";"";"";"";"";"";"";"";"";"";""
"1118";2020-02-06;"16:56:00";"COM VÍTIMA";"DUPLICIDADE";"IMBIRIBEIRA";"AV MARECHAL MASCARENHAS DE MORAES";"";"";"E/F AO AEROPORTO DO RECIFE (SENT. PRAZERES)";"IMBIRIBEIRA";NA;"";"COLISÃO";"COLISÃO C/VITIMAS ENTRE UMA MOTO-UM AUTO E UM CAMINHÃO (V.T23 E V.T 20 NO QTH)";1;1;0;0;0;0;1;0;0;1;0;"";"";"";"";"";"";"";"";"";"";"";"";""
"1119";2020-02-06;"17:25:00";"SEM VÍTIMA";"FINALIZADA";"";"RUA DO HOSPICIO";"";"RUA PRINCESA IZABEL";"EM FRENTE A CAMARA DE VEREADORES";"";NA;"CIDADE";"COLISÃO TRASEIRA";"COLISÃO SEM VÍTIMA";1;1;0;0;0;0;0;0;0;0;0;"Longo da via";"Bom";"Sem defeito";"Perfeito estado";"Seca";"";"Não existe";"";"";"Dupla";"Não existe";"";""
"1120";2020-02-06;"17:29:00";"SEM VÍTIMA";"CANCELADA";"IMBIRIBEIRA";"AV MARECHAL MASCARENHAS DE MORAES";"";"";"E/F A HONDA/ AEROPORTO";"IMBIRIBEIRA";NA;"";"COLISÃO";"COLISAO SEM VITIMAS";2;0;0;0;0;0;0;0;0;0;0;"";"";"";"";"";"";"";"";"";"";"";"";""
"1121";2020-02-06;"18:06:00";"COM VÍTIMA";"FINALIZADA";"DOIS IRMÃOS";"RUA DOIS IRMAOS";"";"";"AO LADO DO CAMPO DA UNIVERSIDADE DA RURAL";"DOIS IRMÃOS";NA;"SUBURBIO";"COLISÃO COM CICLISTA";"ENTRE BICICLETA E CAMINHÃO. C/V";0;0;0;1;0;0;1;0;0;1;0;"Longo da via";"Bom";"Não existe";"Incompleta";"Seca";"Mal conservada";"Não existe";"Não há placas";"";"Dupla";"Não existe";"";""