"";"data";"hora";"natureza_acidente";"situacao";"bairro";"endereco";"numero";"detalhe_endereco_acidente";"complemento";"bairro_cruzamento";"num_semaforo";"sentido_via";"tipo";"descricao";"auto";"moto";"ciclom";"ciclista";"pedestre";"onibus";"caminhao";"viatura";"outros";"vitimas";"vitimasfatais";"acidente_verificado";"tempo_clima";"situacao_semaforo";"sinalizacao";"condicao_via";"conservacao_via";"ponto_controle";"situacao_placa";"velocidade_max_via";"mao_direcao";"divisao_via1";"divisao_via2";"divisao_via3"
"1799";2020-02-27;"20:11:00";"SEM VÍTIMA";"FINALIZADA";"ALTO JOSÉ BONIFÁCIO";"RUA ALTO DA SERRINHA";"786";"RUA ALTO DA SAUDADE";"";"ALTO JOSÉ BONIFÁCIO";NA;"SUBURBIO";"ABALROAMENTO LONGITUDINAL";"ENTRE ÔNIBUS E AUTO PASSEIO. S/V";1;0;0;0;0;0;1;0;0;0;0;"Longo da via";"Bom";"Não existe";"Não existente";"Seca";"Perfeito estado";"Não existe";"Não há placas";"";"Dupla";"Não existe";"";""
"1800";2020-02-27;"20:22:00";"SEM VÍTIMA";"FINALIZADA";"SAN MARTIN";"AV GENERAL SAN MARTIN";"2087";"";"";"SAN MARTIN";NA;"CIDADE";"ABALROAMENTO LONGITUDINAL";"GOL X KWID";2;0;0;0;0;0;0;0;0;0;0;"Longo da via";"Bom";"Não existe";"Ilegível";"Seca";"Mal iluminada";"Não existe";"Não há placas";"";"Dupla";"Faixa contínua";"";""
"1801";2020-02-27;"21:50:00";"SEM VÍTIMA";"FINALIZADA";"BOA VIAGEM";"RUA PROFESSOR MARIO CASTRO";"";"RUA ANTONIO PASSOS";"";"BOA VIAGEM";NA;"SUBURBIO";"ABALROAMENTO LONGITUDINAL";"TOYOTA RAV 4V X FIAT ARGO";2;0;0;0;0;0;0;0;0;0;0;"Cruzamento";"Bom";"Não existe";"Ilegível";"Seca";"Perfeito estado";"Não existe";"Não há placas";"";"Dupla";"Faixa contínua";"";""
"1802";2020-02-27;"23:22:00";"SEM VÍTIMA";"FINALIZADA";"BOA VIAGEM";"AV CONSELHEIRO AGUIAR";"";"RUA ARTUR MUNIZ";"POSTO BR";"BOA VIAGEM";5;"";"ABALROAMENTO TRANSVERSAL";"COLISÃO DOIS AUTOS S/VITIMA";2;0;0;0;0;0;0;0;0;0;0;"Cruzamento";"Bom";"Sem defeito";"Perfeito estado";"Seca";"Perfeito estado";"Faixa de pedestre";"Outras";"";"Única";"Faixa seccionada";"";""
"1803";2020-02-27;"23:34:00";"SEM VÍTIMA";"FINALIZADA";"SANTO AMARO";"RUA MARQUÊS DO POMBAL";"831";"RUA TUPINAMBAS";"ESCOLA ANIBAL FERNANDES";"SANTO AMARO";NA;"SUBURBIO";"ABALROAMENTO TRANSVERSAL";"COLISÃO DOIS AUTOS S/VITIMA";2;0;0;0;0;0;0;0;0;0;0;"Cruzamento";"Bom";"Não existe";"Perfeito estado";"Seca";"Perfeito estado";"Faixa de retenção";"Placas Pare";"30 km/h";"Dupla";"Faixa seccionada";"";""
"1804";2020-02-28;"06:20:00";"SEM VÍTIMA";"FINALIZADA";"IMBIRIBEIRA";"AV MARECHAL MASCARENHAS DE MORAES";"";"";"SUBIDA DA RAMPA POSTÃO B1 AEROPORTO DO RECIFE";"IMBIRIBEIRA";NA;"";"CHOQUE OBJETO FIXO";"VEICULO CHOCOU-SE CONTRA CANTEIRO CENTRAL";1;0;0;0;0;0;0;0;0;0;0;"Longo da via";"Bom";"Não existe";"Perfeito estado";"Seca";"Perfeito estado";"Não existe";"Não há placas";"";"Única";"Faixa contínua";"";""
"1805";2020-02-28;"07:16:00";"SEM VÍTIMA";"FINALIZADA";"JORDÃO";"TUNEL FELIPE CAMARAO";"";"";"ALÇA DE ACESSO À AVENIDA MARECHAL MASCARENHAS DE MORAIS";"JORDÃO";NA;"CIDADE";"ABALROAMENTO LONGITUDINAL";"FORD KA PLACA: xxx E TOYOTA COROLLA yyy";2;0;0;0;0;0;0;0;0;0;0;"";"Bom";"Não existe";"Perfeito estado";"Seca";"Perfeito estado";"Não existe";"Não há placas";"";"Única";"Não existe";"";""
"1806";2020-02-28;"08:29:00";"SEM VÍTIMA";"FINALIZADA";"IMBIRIBEIRA";"RUA DEZ DE JULHO";"";"";"ESTAÇÃO AEROPORTO";"IMBIRIBEIRA";322;"";"ABALROAMENTO LONGITUDINAL";"DOIS AUTOS";2;0;0;0;0;0;0;0;0;0;0;"Longo da via";"Bom";"Sem defeito";"Perfeito estado";"Seca";"Perfeito estado";"Não existe";"Não há placas";"40 km/h";"Única";"Faixa seccionada";"";""
"1807";2020-02-28;"08:50:00";"SEM VÍTIMA";"FINALIZADA";"";"AV DA RECUPERACAO";"";"AV NORTE";"ROTATÓRIA DA MACAXEIRA";"";NA;"SUBURBIO";"COLISÃO TRASEIRA";"";1;0;0;0;0;0;1;0;0;0;0;"";"Bom";"Não existe";"Perfeito estado";"Seca";"Perfeito estado";"Não existe";"Não há placas";"";"Única";"Não existe";"";""
"1808";2020-02-28;"09:14:00";"SEM VÍTIMA";"FINALIZADA";"ILHA DO LEITE";"PRC MIGUEL DE CERVANTES";"";"RUA ANTONIO GOMES DE FREITAS";"";"ILHA DO LEITE";NA;"CIDADE";"ABALROAMENTO LONGITUDINAL";"LOGAN X GOL";2;0;0;0;0;0;0;0;0;0;0;"Cruzamento";"Bom";"Não existe";"Perfeito estado";"Seca";"Perfeito estado";"Faixa de pedestre";"Placas Pare";"30 km/h";"Única";"";"";""
"1809";2020-02-28;"09:15:00";"SEM VÍTIMA";"FINALIZADA";"ESTÂNCIA";"AV RECIFE";"493";"";"ERIC EQUIPADORA";"ESTÂNCIA";NA;"";"COLISÃO TRASEIRA";"COLISÃO SEM VÍTIMA";1;0;0;0;0;0;0;0;1;0;0;"Longo da via";"Bom";"Sem defeito";"Perfeito estado";"Seca";"";"Faixa de pedestre";"Outras";"";"Única";"Canteiro central";"";""
"1810";2020-02-28;"09:40:00";"SEM VÍTIMA";"FINALIZADA";"AFOGADOS";"RUA DA PAZ";"82";"";"EMPRESA ASA Nº 82";"AFOGADOS";73;"SUBURBIO";"ABALROAMENTO LONGITUDINAL";"COLISÃO SEM VÍTIMA";1;0;0;0;0;0;1;0;0;0;0;"Longo da via";"Bom";"Sem defeito";"Perfeito estado";"Seca";"Perfeito estado";"Agente";"R-6a";"60 km/h";"Única";"Faixa seccionada";"";""
"1811";2020-02-28;"09:59:00";"SEM VÍTIMA";"FINALIZADA";"BOA VIAGEM";"AV BOA VIAGEM";"";"";"PARQUE DONA LINDU";"BOA VIAGEM";1;"CIDADE";"COLISÃO TRASEIRA";"RENAULT X PAJERO";2;0;0;0;0;0;0;0;0;0;0;"Longo da via";"Bom";"Sem defeito";"Perfeito estado";"Seca";"Perfeito estado";"Faixa de pedestre";"R-6b";"60 km/h";"Única";"Faixa contínua";"";""
"1812";2020-02-28;"10:02:00";"SEM VÍTIMA";"FINALIZADA";"DERBY";"RUA JORNALISTA PAULO BITTENCOURT";"133";"";"EM FRENTE AO ESTACIONAMENTO LE PARK";"DERBY";NA;"CIDADE";"COLISÃO TRASEIRA";"";2;0;0;0;0;0;0;0;0;0;0;"Longo da via";"Bom";"Não existe";"Perfeito estado";"Seca";"Perfeito estado";"Outros";"Outras";"";"Dupla";"Faixa seccionada";"";""
"1813";2020-02-28;"10:08:00";"SEM VÍTIMA";"FINALIZADA";"CABANGA";"AV ANTONIO DE GOES";"";"";"AO LADO DO CABANGA";"CABANGA";NA;"CIDADE";"ABALROAMENTO LONGITUDINAL";"FIAT ARGO X FIAT ARGO";2;0;0;0;0;0;0;0;0;0;0;"Longo da via";"Bom";"Não existe";"Perfeito estado";"Seca";"Perfeito estado";"Agente";"Não há placas";"60 km/h";"Única";"Faixa contínua";"";""
"1814";2020-02-28;"10:43:00";"SEM VÍTIMA";"FINALIZADA";"AFOGADOS";"AV SUL";"";"";"AO LADO DA ESTAÇÃO DO LARGO DA PAZ";"AFOGADOS";NA;"CIDADE";"ABALROAMENTO TRANSVERSAL";"COLISÃO SEM VÍTIMA";1;0;0;0;0;0;1;0;0;0;0;"Longo da via";"Bom";"Não existe";"Perfeito estado";"Seca";"Perfeito estado";"Outros";"Outras";"60 km/h";"Única";"Faixa seccionada";"";""
"1815";2020-02-28;"10:47:00";"SEM VÍTIMA";"FINALIZADA";"IMBIRIBEIRA";"AV MARECHAL MASCARENHAS DE MORAES";"1818";"";"EM FRENTE AUTO LINS HONDA";"IMBIRIBEIRA";NA;"SUBURBIO";"COLISÃO TRASEIRA";"SANDERO X GOLF";2;0;0;0;0;0;0;0;0;0;0;"Longo da via";"Bom";"Não existe";"Não existente";"Seca";"Perfeito estado";"Não existe";"";"60 km/h";"Dupla";"Faixa contínua";"Faixa seccionada";"Canteiro central"
"1816";2020-02-28;"12:16:00";"SEM VÍTIMA";"FINALIZADA";"DERBY";"";"";"";"LADO OPOSTO AO QUARTEL DO DERBY";"DERBY";NA;"CIDADE";"ABALROAMENTO LONGITUDINAL";"DOIS AUTOS";2;0;0;0;0;0;0;0;0;0;0;"Longo da via";"Bom";"Não existe";"Perfeito estado";"Seca";"Perfeito estado";"Não existe";"Não há placas";"40 km/h";"Única";"Faixa seccionada";"";""
"1817";2020-02-28;"12:21:00";"SEM VÍTIMA";"FINALIZADA";"ENCRUZILHADA";"AV NORTE";"";"";"LADO OPOSTO AO BANCO SANTANDER";"ENCRUZILHADA";NA;"SUBURBIO";"COLISÃO TRASEIRA";"";2;0;0;0;0;0;0;0;0;0;0;"Longo da via";"Bom";"Não existe";"Perfeito estado";"Seca";"Perfeito estado";"Faixa de pedestre";"R-6a";"";"Única";"Faixa seccionada";"";""
"1818";2020-02-28;"13:06:00";"COM VÍTIMA";"FINALIZADA";"CASA AMARELA";"AV NORTE";"6149";"";"";"CASA AMARELA";NA;"CIDADE";"COLISÃO TRASEIRA";"COM VÍTIMA";1;1;0;0;0;0;0;0;0;1;0;"Longo da via";"Bom";"Não existe";"Perfeito estado";"Seca";"Perfeito estado";"Faixa de pedestre";"Não há placas";"60 km/h";"Única";"Faixa seccionada";"";""
"1819";2020-02-28;"15:04:00";"COM VÍTIMA";"FINALIZADA";"MADALENA";"AV BEIRA RIO";"";"RUA DEMOSTENES DE OLINDA";"";"MADALENA";NA;"CIDADE";"ABALROAMENTO TRANSVERSAL";"COM VÍTIMA";1;1;0;0;0;0;0;0;0;1;0;"Esquina";"Bom";"Não existe";"Perfeito estado";"Seca";"Perfeito estado";"Faixa de pedestre";"Placas Pare";"";"Dupla";"Faixa";"";""
"1820";2020-02-28;"15:59:00";"SEM VÍTIMA";"FINALIZADA";"PARNAMIRIM";"AV PARNAMIRIM";"98";"";"EM FRENTE AO HOSPITAL MARIA LUCINDA";"PARNAMIRIM";NA;"CIDADE";"COLISÃO TRASEIRA";"";3;0;0;0;0;0;0;0;0;0;0;"Longo da via";"Bom";"Sem defeito";"Perfeito estado";"Seca";"Perfeito estado";"Não existe";"R-6a";"";"Única";"Faixa seccionada";"";""
"1821";2020-02-28;"16:29:00";"SEM VÍTIMA";"FINALIZADA";"BOA VISTA";"AV GOVERNADOR AGAMENON MAGALHAES";"1387";"RUA DOM BOSCO";"FRENTE A DROGASIL";"BOA VISTA";174;"";"ABALROAMENTO LONGITUDINAL";"";2;0;0;0;0;0;0;0;0;0;0;"Longo da via";"Bom";"Sem defeito";"Perfeito estado";"Seca";"Perfeito estado";"Agente";"Outras";"60 km/h";"Dupla";"Faixa contínua";"Canteiro central";""
"1822";2020-02-28;"17:17:00";"SEM VÍTIMA";"FINALIZADA";"BOA VIAGEM";"AVENIDA CELSO FURTADO (VIA MANGUE)";"";"RUA PADRE BERNADINO PESSOA";"";"BOA VIAGEM";NA;"CIDADE";"ABALROAMENTO LONGITUDINAL";"PRISMA X FIESTA";2;0;0;0;0;0;0;0;0;0;0;"Longo da via";"Bom";"Não existe";"Perfeito estado";"Seca";"Perfeito estado";"Não existe";"Outras";"60 km/h";"Dupla";"Faixa contínua";"Faixa seccionada";""
"1823";2020-02-28;"17:17:00";"SEM VÍTIMA";"FINALIZADA";"ENCRUZILHADA";"AV JOAO DE BARROS";"1904";"";"BANCO BRADESCO";"ENCRUZILHADA";NA;"CIDADE";"ABALROAMENTO LONGITUDINAL";"";1;0;0;0;0;1;0;0;0;0;0;"Longo da via";"Bom";"Não existe";"Perfeito estado";"Seca";"Perfeito estado";"Não existe";"R-6a";"";"Única";"Faixa seccionada";"";""
"1824";2020-02-28;"17:31:00";"SEM VÍTIMA";"FINALIZADA";"TAMARINEIRA";"RUA JOSE CARVALHEIRA";"";"RUA DES EDMUNDO JORDAO";"EM FRENTE AO POSTE DE SINALIZAÇÃO Nº B 003984";"TAMARINEIRA";NA;"";"ABALROAMENTO TRANSVERSAL";"";2;0;0;0;0;0;0;0;0;0;0;"Cruzamento";"Bom";"Não existe";"Perfeito estado";"Seca";"Perfeito estado";"Não existe";"R-6a";"";"Única";"Não existe";"";""
"1825";2020-02-28;"18:01:00";"SEM VÍTIMA";"FINALIZADA";"ENCRUZILHADA";"AV JOAO DE BARROS";"2026";"";"BANCA DO POETA";"ENCRUZILHADA";NA;"CIDADE";"ABALROAMENTO LONGITUDINAL";"COLISÃO SEM VÍTIMA";1;1;0;0;0;0;0;0;0;0;0;"Longo da via";"Bom";"Sem defeito";"Perfeito estado";"Seca";"Perfeito estado";"Não existe";"";"40 km/h";"Única";"Faixa seccionada";"";""
"1826";2020-02-28;"18:13:00";"COM VÍTIMA";"FINALIZADA";"CAXANGÁ";"AV CAXANGA";"5335";"";"EM FRENTE AO GOLF CLUBE";"CAXANGÁ";NA;"CIDADE";"COLISÃO COM CICLISTA";"COLISÃO COM VÍTIMA";1;0;0;1;0;0;0;0;0;1;0;"Longo da via";"Bom";"Não existe";"Perfeito estado";"Seca";"Perfeito estado";"Não existe";"R-6a";"";"Dupla";"Canteiro central";"";""
"1827";2020-02-28;"19:28:00";"COM VÍTIMA";"FINALIZADA";"BOA VIAGEM";"RUA MARIA CAROLINA";"";"RUA MINISTRO NELSON HUNGRIA";"";"BOA VIAGEM";NA;"SUBURBIO";"ABALROAMENTO TRANSVERSAL";"DOIS AUTOS";2;0;0;0;0;0;0;0;0;2;0;"Longo da via";"Bom";"Não existe";"Não existente";"Seca";"Perfeito estado";"Faixa de retenção";"Não há placas";"";"Única";"Faixa seccionada";"";""
"1828";2020-02-28;"19:04:00";"SEM VÍTIMA";"FINALIZADA";"BOA VIAGEM";"RUA CAPITAO ZUZINHA";"192";"";"";"BOA VIAGEM";NA;"CIDADE";"ABALROAMENTO LONGITUDINAL";"";2;0;0;0;0;0;0;0;0;0;0;"Longo da via";"Bom";"Não existe";"Perfeito estado";"Seca";"Perfeito estado";"Faixa de pedestre";"R-6a";"";"Única";"Faixa seccionada";"";""
"1829";2020-02-28;"19:07:00";"SEM VÍTIMA";"FINALIZADA";"SAN MARTIN";"AV ENGENHEIRO ABDIAS DE CARVALHO";"1897";"";"LADO OPOSTO AO Nº 1897";"SAN MARTIN";NA;"";"ABALROAMENTO LONGITUDINAL";"COLISÃO ENTRE DOIS AUTOS";1;0;0;0;0;0;0;0;0;0;0;"Longo da via";"Bom";"Não existe";"Perfeito estado";"Seca";"Perfeito estado";"Não existe";"Não há placas";"";"Única";"Faixa seccionada";"Canteiro central";""
"1830";2020-02-28;"20:04:00";"SEM VÍTIMA";"FINALIZADA";"BOA VIAGEM";"RUA BALTAZAR PASSOS";"275";"";"";"BOA VIAGEM";154;"CIDADE";"COLISÃO TRASEIRA";"COLISÃO ENTRE DOIS AUTOS";2;0;0;0;0;0;0;0;0;0;0;"Longo da via";"Bom";"Sem defeito";"Incompleta";"Seca";"Perfeito estado";"Faixa de pedestre";"R-6a";"";"Única";"Faixa seccionada";"";""
"1831";2020-02-28;"21:38:00";"SEM VÍTIMA";"FINALIZADA";"BOA VIAGEM";"AVENIDA CELSO FURTADO (VIA MANGUE)";"";"";"CIA DO FUTEBOL";"BOA VIAGEM";NA;"CIDADE";"COLISÃO TRASEIRA";"AUTO X MOTO";1;1;0;0;0;0;0;0;0;0;0;"Longo da via";"Bom";"Não existe";"Perfeito estado";"Seca";"Perfeito estado";"Não existe";"Não há placas";"60 km/h";"Dupla";"Faixa seccionada";"";""
"1832";2020-02-28;"21:42:00";"SEM VÍTIMA";"FINALIZADA";"VASCO DA GAMA";"RUA VASCO DA GAMA";"";"AV NORTE";"SEMÁFORO Nº 066";"VASCO DA GAMA";66;"SUBURBIO";"ABALROAMENTO LONGITUDINAL";"ONIBUS GLOBO X MOTO // OBS:: A MOTO SE ENCONTRA EMBAIXO DO ONIBUS";0;1;0;0;0;1;0;0;0;0;0;"";"Bom";"Sem defeito";"Perfeito estado";"Seca";"Perfeito estado";"Faixa de pedestre";"Não há placas";"";"Dupla";"Faixa seccionada";"";""
"1833";2020-02-28;"22:16:00";"SEM VÍTIMA";"FINALIZADA";"IBURA";"AV DOM HELDER CAMARA";"351";"";"LINHA FÉRREA";"IBURA";NA;"CIDADE";"COLISÃO TRASEIRA";"PALIO X FORD KA";2;0;0;0;0;0;0;0;0;0;0;"Longo da via";"Bom";"Não existe";"Perfeito estado";"Seca";"Perfeito estado";"Não existe";"Não há placas";"";"Dupla";"Faixa contínua";"";""
"1834";2020-02-28;"22:24:00";"SEM VÍTIMA";"FINALIZADA";"DERBY";"AV GOVERNADOR AGAMENON MAGALHAES";"";"";"PRAÇA DO DERBY ( POSTE DE Nº B 009037)";"DERBY";NA;"SUBURBIO";"ABALROAMENTO LONGITUDINAL";"ONIBUS DA PREFEITUTA DE IPUJUCA X POLO";1;0;0;0;0;1;0;0;0;0;0;"Longo da via";"Bom";"";"";"";"";"";"Outras";"";"Dupla";"Faixa seccionada";"Canteiro central";""
"1835";2020-02-28;"22:55:00";"SEM VÍTIMA";"FINALIZADA";"";"RUA BALTAZAR PASSOS";"310";"RUA PROFESSOR AUGUSTO LINS E SILVA";"EM FRENTE A PAN JOVEM DELICATESSEN";"";NA;"CIDADE";"ABALROAMENTO TRANSVERSAL";"ETIOS X POLO";2;0;0;0;0;0;0;0;0;0;0;"Cruzamento";"Bom";"Não existe";"Perfeito estado";"Seca";"Perfeito estado";"Não existe";"Placas Pare";"";"Única";"Faixa seccionada";"";""
"1836";2020-02-28;"23:31:00";"SEM VÍTIMA";"FINALIZADA";"PRADO";"RUA CARLOS GOMES";"";"RUA HERCULES FLORENCE";"APÓS BIG CAR";"PRADO";NA;"SUBURBIO";"ABALROAMENTO TRANSVERSAL";"HONDA CIVIC X SIENA";2;0;0;0;0;0;0;0;0;0;0;"Longo da via";"Bom";"Não existe";"Perfeito estado";"Seca";"Perfeito estado";"Não existe";"Outras";"";"Única";"Faixa seccionada";"";""
"1837";2020-02-29;"00:07:00";"SEM VÍTIMA";"FINALIZADA";"ESPINHEIRO";"RUA DO ESPINHEIRO";"200";"RUA SANTO ELIAS";"EM FRENTE AO POSTO IPIRANGA";"ESPINHEIRO";NA;"CIDADE";"ABALROAMENTO TRANSVERSAL";"COLISÃO ENTRE DOIS AUTOS S/V";2;0;0;0;0;0;0;0;0;0;0;"Longo da via";"Bom";"Não existe";"Perfeito estado";"Seca";"Perfeito estado";"Faixa de retenção";"Placas Pare";"";"Única";"Faixa seccionada";"";""
"1838";2020-02-29;"02:05:00";"SEM VÍTIMA";"CANCELADA";"IMBIRIBEIRA";"RUA BARAO HOMEM DE MELO";"277";"RUA ENGENHEIRO JOSE BRANDAO CAVALCANTE";"POR TRÁS DA REVENDA OBOTICARIO";"IMBIRIBEIRA";NA;"";"CHOQUE";"AUTO CHOCOU-SE NO MURO DA RESIDENCIA E UMA PARTE DO MURO CAIU S/V";1;0;0;0;0;0;0;0;0;0;0;"";"";"";"";"";"";"";"";"";"";"";"";""
"1839";2020-02-29;"07:47:00";"COM VÍTIMA";"FINALIZADA";"IMBIRIBEIRA";"AV SUL";"";"";"TERMINAL INTEGRADO TANCREDO NEVES";"IMBIRIBEIRA";NA;"";"ABALROAMENTO LONGITUDINAL";"ONIBUS E MOTO C/V";0;1;0;0;0;1;0;0;0;1;0;"";"Bom";"Não existe";"Perfeito estado";"Seca";"Perfeito estado";"Não existe";"Não há placas";"20 km/h";"Única";"Não existe";"";""
"1840";2020-02-29;"08:40:00";"SEM VÍTIMA";"FINALIZADA";"NOVA DESCOBERTA";"RUA NOVA DESCOBERTA";"2480";"";"";"NOVA DESCOBERTA";NA;"SUBURBIO";"ABALROAMENTO LONGITUDINAL";"SEM VÍTIMA. CONDUTOR COM SUSPEITA DE EMBREAGUEZ";1;0;0;0;0;1;0;0;0;0;0;"Longo da via";"Bom";"Não existe";"Perfeito estado";"Seca";"Perfeito estado";"Agente";"Placas Pare";"";"Dupla";"Não existe";"";""
"1841";2020-02-29;"09:14:00";"SEM VÍTIMA";"FINALIZADA";"BOA VISTA";"RUA DR JOSE MARIANO";"386";"";"LADO OPOSTO A CASA DOS FOLHEADOS";"BOA VISTA";209;"CIDADE";"ABALROAMENTO LONGITUDINAL";"COLISÃO S/VITIMAS ENTRE DOIS AUTOS (V.T 17 NO QTH)";2;0;0;0;0;0;0;0;0;0;0;"Longo da via";"Bom";"Sem defeito";"Perfeito estado";"Seca";"Perfeito estado";"Outros";"Outras";"";"Única";"Não existe";"";""
"1842";2020-02-29;"11:50:00";"SEM VÍTIMA";"CANCELADA";"IMBIRIBEIRA";"AV MARECHAL MASCARENHAS DE MORAES";"";"";"AO LADO DO GERALDAO";"IMBIRIBEIRA";NA;"";"COLISÃO";"COLISAO SEM VITIMAS";1;0;0;0;0;1;0;0;0;0;0;"";"";"";"";"";"";"";"";"";"";"";"";""
"1843";2020-02-29;"12:40:00";"SEM VÍTIMA";"CANCELADA";"CAXANGÁ";"AV CAXANGA";"";"";"E/F A DROGASIL PROX AO ANTIGO EXPRESSO CIDADAO SENTIDO CAMARAGIBE";"CAXANGÁ";NA;"";"COLISÃO";"COLISAO SEM VITIMAS";0;1;0;0;0;1;0;0;0;0;0;"";"";"";"";"";"";"";"";"";"";"";"";""
"1844";2020-02-29;"12:43:00";"COM VÍTIMA";"FINALIZADA";"PASSARINHO";"EST DE PASSARINHO";"3260";"";"E/F AO BAR DO LABAREDAS";"PASSARINHO";NA;"";"ABALROAMENTO LONGITUDINAL";"COLISAO ENTRE AUTO E MOTO COM UMA VITIMA";1;1;0;0;0;0;0;0;0;1;0;"Longo da via";"Bom";"Não existe";"Perfeito estado";"Seca";"Perfeito estado";"Não existe";"";"30 km/h";"Dupla";"Faixa seccionada";"";""
"1845";2020-02-29;"15:02:00";"SEM VÍTIMA";"FINALIZADA";"SAN MARTIN";"AV GENERAL SAN MARTIN";"2102";"";"COPIADORA E PAPELARIA SANTO ANTONIO";"SAN MARTIN";NA;"";"CHOQUE VEÍCULO PARADO";"COLISAO ENTRE AUTO E MOTO S/V";2;2;0;0;0;0;0;0;0;0;0;"Longo da via";"Bom";"";"";"Seca";"Perfeito estado";"";"";"";"Dupla";"Faixa contínua";"";""
"1846";2020-02-29;"16:23:00";"SEM VÍTIMA";"FINALIZADA";"MADALENA";"EST DOS REMEDIOS";"";"AV ENGENHEIRO ABDIAS DE CARVALHO";"APÓS A BOB'S";"MADALENA";52;"SUBURBIO";"ABALROAMENTO LONGITUDINAL";"COLISAO ENTRE DOIS AUTO S/V";2;0;0;0;0;0;0;0;0;0;0;"Cruzamento";"Bom";"Sem defeito";"Perfeito estado";"Seca";"Perfeito estado";"Faixa de pedestre";"R-6a";"";"Dupla";"Faixa contínua";"Faixa seccionada";""
"1847";2020-02-29;"16:38:00";"SEM VÍTIMA";"CANCELADA";"VÁRZEA";"AV JOAQUIM RIBEIRO";"1307";"";"";"VÁRZEA";NA;"";"COLISÃO";"DOIS AUTOS S/V";2;0;0;0;0;0;0;0;0;0;0;"";"";"";"";"";"";"";"";"";"";"";"";""
"1848";2020-02-29;"17:45:00";"SEM VÍTIMA";"FINALIZADA";"BOA VISTA";"RUA DOM BOSCO";"";"";"EM FRENTE A DROGASIL";"BOA VISTA";174;"SUBURBIO";"COLISÃO TRASEIRA";"COLISAO SEM VITIMAS";2;0;0;0;0;0;0;0;0;0;0;"Longo da via";"Bom";"Sem defeito";"Perfeito estado";"Seca";"Perfeito estado";"Faixa de pedestre";"";"";"Única";"Faixa seccionada";"";""
"1849";2020-02-29;"17:54:00";"SEM VÍTIMA";"FINALIZADA";"IPUTINGA";"AV MAURICIO DE NASSAU";"80";"RUA FILADELFIA";"";"IPUTINGA";NA;"SUBURBIO";"COLISÃO TRASEIRA";"COLISAO SEM VITIMAS";1;1;0;0;0;0;0;0;0;0;0;"";"Bom";"Não existe";"Incompleta";"Seca";"Mal conservada";"Não existe";"Não há placas";"";"Dupla";"Não existe";"";""
"1850";2020-02-29;"18:13:00";"SEM VÍTIMA";"FINALIZADA";"BOA VIAGEM";"AV ENGENHEIRO DOMINGOS FERREIRA";"1930";"RUA JORNALISTA FRANCISCO ALMEIDA";"";"BOA VIAGEM";NA;"";"ABALROAMENTO TRANSVERSAL";"GOL X RENAULT";2;0;0;0;0;0;0;0;0;0;0;"";"Bom";"Não existe";"Perfeito estado";"Seca";"Perfeito estado";"Não existe";"Não há placas";"60 km/h";"Dupla";"Faixa seccionada";"";""
"1851";2020-02-29;"19:13:00";"SEM VÍTIMA";"CANCELADA";"AFOGADOS";"RUA PADRE TEOFILO TWORZ";"";"RUA COSME VIANA";"ENF A TUPAN";"AFOGADOS";NA;"";"COLISÃO";"HONDA TITAN 150 X FORD KA";1;1;0;0;0;0;0;0;0;0;0;"";"";"";"";"";"";"";"";"";"";"";"";""
"1852";2020-02-29;"19:46:00";"COM VÍTIMA";"FINALIZADA";"AFOGADOS";"RUA SAO MIGUEL";"558";"RUA OLIMPIO CHACON";"NA ENTRADA DA VILA SÃO MIGUEL / E/F A AUTO PEÇAS PREMIER";"AFOGADOS";NA;"SUBURBIO";"ABALROAMENTO TRANSVERSAL";"ENTRE MOTO E AUTO. C/V";1;1;0;0;0;0;0;0;0;1;0;"Esquina";"Bom";"Sem defeito";"Perfeito estado";"Seca";"Perfeito estado";"";"R-6a";"40 km/h";"Dupla";"Faixa contínua";"";""
"1853";2020-02-29;"22:50:00";"SEM VÍTIMA";"CANCELADA";"VASCO DA GAMA";"RUA ALTO DO EUCALIPTO";"";"";"TERMINAL DO VASCO DA GAMA CABUGA";"VASCO DA GAMA";NA;"";"COLISÃO";"DUAS MOTOS    OBS: SUSPEITA DE EMBRIAGUEZ";0;2;0;0;0;0;0;0;0;0;0;"";"";"";"";"";"";"";"";"";"";"";"";""
"1854";2020-02-29;"23:32:00";"SEM VÍTIMA";"CANCELADA";"DOIS IRMÃOS";"RUA PROF CLAUDIO SELVA";"150";"";"ENF. A ESCOLA MUNICIPAL SOCIOLOGO GILBERTO FREYRE";"DOIS IRMÃOS";NA;"";"COLISÃO";"ONIX X TITAN 160";1;1;0;0;0;0;0;0;0;0;0;"";"";"";"";"";"";"";"";"";"";"";"";""
"1855";2020-03-01;"02:06:00";"SEM VÍTIMA";"CANCELADA";"ENCRUZILHADA";"EST DE BELEM";"";"AV BEBERIBE";"";"ENCRUZILHADA";NA;"";"ABALROAMENTO LONGITUDINAL";"ENTRE 2 AUTOS. S/V";1;0;0;0;0;1;0;0;0;0;0;"Cruzamento";"Chuvoso";"Sem defeito";"Perfeito estado";"Molhada";"Perfeito estado";"Faixa de pedestre";"";"";"Única";"";"";""