"";"data";"hora";"natureza_acidente";"situacao";"bairro";"endereco";"numero";"detalhe_endereco_acidente";"complemento";"bairro_cruzamento";"num_semaforo";"sentido_via";"tipo";"descricao";"auto";"moto";"ciclom";"ciclista";"pedestre";"onibus";"caminhao";"viatura";"outros";"vitimas";"vitimasfatais";"acidente_verificado";"tempo_clima";"situacao_semaforo";"sinalizacao";"condicao_via";"conservacao_via";"ponto_controle";"situacao_placa";"velocidade_max_via";"mao_direcao";"divisao_via1";"divisao_via2";"divisao_via3"
"1912";2020-03-02;"20:20:00";"COM VÍTIMA";"FINALIZADA";"SANTO AMARO";"AV NORTE";"141";"RUA VINTE E QUATRO DE AGOSTO";"RUA VINTE E QUATRO DE AGOSTO - PROXIMO À CONTAX";"SANTO AMARO";463;"SUBURBIO";"ABALROAMENTO TRANSVERSAL";"OCOLISÃO ONIBUS X MOTO C/VITIMA";0;1;0;0;0;1;0;0;0;1;0;"Cruzamento";"Bom";"Sem defeito";"Perfeito estado";"Seca";"Perfeito estado";"Não existe";"Outras";"";"Dupla";"Faixa seccionada";"";""
"1913";2020-03-02;"21:11:00";"COM VÍTIMA";"CANCELADA";"IBURA";"AV DOM HELDER CAMARA";"";"";"DEPOIS QUE SAI DA AV RECIFE UNS 300 METROS";"IBURA";NA;"";"ACID. DE PERCURSO";"MOTO (PERCA DE CONTROLE )";0;1;0;0;0;0;0;0;0;1;0;"";"";"";"";"";"";"";"";"";"";"";"";""
"1914";2020-03-02;"21:34:00";"SEM VÍTIMA";"FINALIZADA";"SANTO AMARO";"AV CRUZ CABUGA";"";"RUA MORAES DE INHAMA";"HOSPITAL SANTA CASA";"SANTO AMARO";344;"SUBURBIO";"ABALROAMENTO LONGITUDINAL";"CLASSIC X CAMINHAO POLIGUINDASTE";1;0;0;0;0;0;1;0;0;0;0;"Cruzamento";"Chuvoso";"Sem defeito";"Perfeito estado";"Molhada";"Perfeito estado";"Não existe";"Outras";"";"Dupla";"Faixa seccionada";"";""
"1915";2020-03-02;"22:00:00";"SEM VÍTIMA";"FINALIZADA";"TORRE";"RUA PROFESSOR TRAJANO DE MENDONCA";"113";"";"DOM GALETUS DELIVERY";"TORRE";NA;"SUBURBIO";"COLISÃO TRASEIRA";"SANDERO VERMELHO X PALIO PRATA";2;0;0;0;0;0;0;0;0;0;0;"Longo da via";"Bom";"Não existe";"Perfeito estado";"Seca";"Perfeito estado";"Faixa de pedestre";"Outras";"";"Única";"Faixa seccionada";"";""
"1916";2020-03-02;"23:34:00";"COM VÍTIMA";"FINALIZADA";"IBURA";"AV DOIS RIOS";"";"RUA RIO XINGU";"EM FRENTE AO POSTO DE GASOLINA BR";"IBURA";351;"SUBURBIO";"ABALROAMENTO TRANSVERSAL";"COLISÃO ENTRE DOIS AUTOS COM VÍTIMA- UM DOS AUTOS VEIO A CAPOTAR- UM DOS ENVOLVIDOS APRESENTA SINTOMAS DE EMBRIAGUEZ";2;0;0;0;0;0;0;0;0;2;0;"Cruzamento";"Bom";"Sem defeito";"Perfeito estado";"Seca";"Perfeito estado";"Faixa de pedestre";"Não há placas";"";"Dupla";"Faixa contínua";"";""
"1917";2020-03-03;"00:00:00";"SEM VÍTIMA";"FINALIZADA";"BOA VIAGEM";"AV MARECHAL JUAREZ TAVORA";"";"RUA JOAO CARDOSO AIRES";"";"BOA VIAGEM";478;"SUBURBIO";"ABALROAMENTO LONGITUDINAL";"COLISÃO ENTRE DOIS AUTOS S/V";2;0;0;0;0;0;0;0;0;0;0;"Cruzamento";"Bom";"Sem defeito";"Ilegível";"Seca";"Mal iluminada";"Faixa de pedestre";"Não há placas";"";"Única";"Faixa seccionada";"";""
"1918";2020-03-03;"07:39:00";"COM VÍTIMA";"FINALIZADA";"AFOGADOS";"EST DOS REMEDIOS";"POSTE Nº BO20959";"";"EM FRENTE A PIGALLE. Nº1481";"AFOGADOS";NA;"CIDADE";"ABALROAMENTO LONGITUDINAL";"ACIDENTE LONGITUDINAL ENTRE DUAS MOTOS- FLAGRADO PELA CÂMARA DA CTTU.";0;2;0;0;0;0;0;0;0;1;0;"Longo da via";"Bom";"Sem defeito";"Perfeito estado";"Seca";"Perfeito estado";"Outros";"Outras";"60 km/h";"Única";"Faixa seccionada";"";""
"1919";2020-03-03;"07:57:00";"SEM VÍTIMA";"FINALIZADA";"IPSEP";"RUA ADERBAL DE MELO";"";"RUA PADRE LIMA E SA";"";"IPSEP";NA;"SUBURBIO";"ABALROAMENTO TRANSVERSAL";"COLISÃO S/VITIMAS ENTRE UMA MOTO E UM AUTO  OBS USUARIO INFORMA QUE SOFREU ESCORIAÇOES  NA PERNA NO ENTANTO NÃO DESEJA A PRESENÇA DO SAMU NO LOCAL";1;1;0;0;0;0;0;0;0;0;0;"Cruzamento";"Bom";"Não existe";"Perfeito estado";"Seca";"Perfeito estado";"Não existe";"Não há placas";"";"Dupla";"Não existe";"";""
"1920";2020-03-03;"07:59:00";"SEM VÍTIMA";"FINALIZADA";"IBURA";"AV ENGENHO SERRA VERDE";"203";"";"PANIFICADORA MARAJÓ";"IBURA";NA;"CIDADE";"ABALROAMENTO LONGITUDINAL";"COLISÃO SEM VITIMAS";1;0;0;0;0;1;0;0;0;0;0;"Longo da via";"Bom";"Não existe";"Perfeito estado";"Seca";"Perfeito estado";"Não existe";"Não há placas";"30 km/h";"Única";"Não existe";"";""
"1921";2020-03-03;"08:05:00";"SEM VÍTIMA";"FINALIZADA";"CASA AMARELA";"AV NORTE";"5841";"AV PEDRO ALLAIN";"OPOSTO RETIFICA PADRÃO";"CASA AMARELA";95;"SUBURBIO";"COLISÃO TRASEIRA";"MOTO E AUTO";1;1;0;0;0;0;0;0;0;0;0;"Cruzamento";"Bom";"Sem defeito";"Perfeito estado";"Seca";"Perfeito estado";"Não existe";"R-6a";"";"Dupla";"Canteiro central";"";""
"1922";2020-03-03;"08:34:00";"COM VÍTIMA";"FINALIZADA";"AFOGADOS";"RUA VISCONDE DE PELOTAS";"42";"";"SOB O PONTILHÃO DO METRÔ DE AFOGADOS";"AFOGADOS";NA;"";"ACID. DE PERCURSO";"QUEDA DE MOTOQUEIRO NA VIA DEVIDO A ÓLEO NA PISTA (GM KELVIN E DIEGO CARVALHO NO QTH)";0;1;0;0;0;0;0;0;0;1;0;"Longo da via";"Bom";"Não existe";"Perfeito estado";"Oleosa";"Perfeito estado";"Não existe";"Não há placas";"";"Única";"Faixa seccionada";"";""
"1923";2020-03-03;"08:49:00";"SEM VÍTIMA";"FINALIZADA";"ESTÂNCIA";"AV DR JOSE RUFINO";"146";"";"SUPLETIVO";"ESTÂNCIA";NA;"CIDADE";"ABALROAMENTO LONGITUDINAL";"ONIBUS E AUTO";1;0;0;0;0;1;0;0;0;0;0;"Longo da via";"Bom";"Não existe";"Perfeito estado";"Seca";"Perfeito estado";"Não existe";"Não há placas";"";"Dupla";"Faixa contínua";"";""
"1924";2020-03-03;"09:53:00";"SEM VÍTIMA";"FINALIZADA";"SANTO AMARO";"AV NORTE";"";"";"EM FRENTE A PARADA DE ÔNIBUS 110030";"SANTO AMARO";97;"SUBURBIO";"COLISÃO TRASEIRA";"COLISÃO SEM VITIMAS  GM MARIO QTH";1;1;0;0;0;0;0;0;0;0;0;"Longo da via";"Bom";"Sem defeito";"Perfeito estado";"Seca";"Perfeito estado";"Faixa de retenção";"Não há placas";"60 km/h";"Única";"Faixa seccionada";"";""
"1925";2020-03-03;"10:10:00";"SEM VÍTIMA";"CANCELADA";"IPSEP";"RUA JEAN EMILE FAVRE";"734";"";"E/F AO ARMAZEM MAURICEA";"IPSEP";564;"";"COLISÃO";"COLISÃO S/VITIMAS NETRE UM ONIBUS E UM AUTO";1;0;0;0;0;1;0;0;0;0;0;"";"";"";"";"";"";"";"";"";"";"";"";""
"1926";2020-03-03;"11:04:00";"SEM VÍTIMA";"CANCELADA";"IMBIRIBEIRA";"AV MARECHAL MASCARENHAS DE MORAES";"";"";"EM FRENTE A GRANVIA";"IMBIRIBEIRA";NA;"AEROPORTO";"COLISÃO";"COLISÃO SEM VITIMAS";1;1;0;0;0;0;0;0;0;0;0;"";"";"";"";"";"";"";"";"";"";"";"";""
"1927";2020-03-03;"11:07:00";"SEM VÍTIMA";"FINALIZADA";"JORDÃO";"AV MARIA IRENE";"1225";"";"EM FRENTE A DINO SORVETES";"JORDÃO";NA;"SUBURBIO";"ABALROAMENTO LONGITUDINAL";"COLISÃO S/VITIMAS ENTRE DOIS AUTOS";2;0;0;0;0;0;0;0;0;0;0;"Longo da via";"Bom";"Não existe";"Perfeito estado";"Seca";"Perfeito estado";"Não existe";"Não há placas";"";"Dupla";"Faixa contínua";"";""
"1928";2020-03-03;"11:56:00";"SEM VÍTIMA";"CANCELADA";"TORRÕES";"RUA ZUMBI DOS PALMARES";"900";"";"EM FRENTE A JUNIOR BIKE";"TORRÕES";NA;"";"COLISÃO";"ONIBUS E AUTO";1;0;0;0;0;1;0;0;0;0;0;"";"";"";"";"";"";"";"";"";"";"";"";""
"1929";2020-03-03;"12:19:00";"SEM VÍTIMA";"FINALIZADA";"IPUTINGA";"AV CAXANGA";"";"RUA GENERAL CANDIDO BORGES CASTELO BRANCO";"PERNANBUCO DA SORTE";"IPUTINGA";229;"CIDADE";"COLISÃO TRASEIRA";"ENTRE SEIS VEICULOS// S VITIMA";5;0;0;0;0;0;1;0;0;0;0;"Cruzamento";"Bom";"Sem defeito";"Perfeito estado";"Seca";"Perfeito estado";"Faixa de pedestre";"R-6a";"";"Única";"Faixa seccionada";"";""
"1930";2020-03-03;"12:34:00";"SEM VÍTIMA";"CANCELADA";"IMBIRIBEIRA";"AV GENERAL MAC ARTHUR";"1504";"RUA ANTONIO FALCAO";"POSTO BR PETROBAS// SUPER TROCA DE OLEO";"IMBIRIBEIRA";NA;"MASCARENHA DE MORAIS";"COLISÃO";"ENTRE DOIS VEICULOS// S VITIMA";2;0;0;0;0;0;0;0;0;0;0;"";"";"";"";"";"";"";"";"";"";"";"";""
"1931";2020-03-03;"12:49:00";"SEM VÍTIMA";"CANCELADA";"BOA VIAGEM";"RUA AMALIA BERNARDINO DE SOUZA";"149";"RUA DOM JOSE LOPES";"EM FRENTE AO PLAY SIDE";"BOA VIAGEM";NA;"";"COLISÃO";"COLISÃO SEM VÍTIMA";2;0;0;0;0;0;0;0;0;0;0;"";"";"";"";"";"";"";"";"";"";"";"";""
"1932";2020-03-03;"12:49:00";"COM VÍTIMA";"FINALIZADA";"CASA AMARELA";"AV NORTE";"6349";"";"NA ENTRADA DO VASCO DA GAMA NO SEMAFORO 066";"CASA AMARELA";66;"CIDADE";"COLISÃO COM CICLISTA";"CAMINHAO COLIDIU COM DOIS AUTOS E UM CICLISTA COM UMA VITIMA";2;0;0;1;0;0;1;0;0;1;0;"Longo da via";"Bom";"Sem defeito";"Perfeito estado";"Seca";"Perfeito estado";"Faixa de retenção";"Outras";"60 km/h";"Única";"Canteiro central";"";""
"1933";2020-03-03;"13:03:00";"SEM VÍTIMA";"FINALIZADA";"PARNAMIRIM";"RUA DES GOIS CAVALCANTE";"";"RUA PADRE ROMA";"EM FRENTE A PRAÇA DR. LULA CABRAL DE MELO";"PARNAMIRIM";358;"SUBURBIO";"COLISÃO TRASEIRA";"COLISÃO SEM VÍTIMA/ PO NO LOCAL";2;0;0;0;0;0;0;0;0;0;0;"Cruzamento";"Bom";"Sem defeito";"Perfeito estado";"Seca";"Perfeito estado";"Faixa de pedestre";"Outras";"40 km/h";"Única";"Faixa contínua";"";""
"1934";2020-03-03;"13:04:00";"SEM VÍTIMA";"CANCELADA";"BOA VIAGEM";"RUA ANTONIO FALCAO";"482";"";"PADARIA PAN FALCAO";"BOA VIAGEM";NA;"IMBIRIBEIRA";"COLISÃO";"COLISAO ENTRE VEICULOS/ S VITIMA";2;0;0;0;0;0;0;0;0;0;0;"";"";"";"";"";"";"";"";"";"";"";"";""
"1935";2020-03-03;"13:08:00";"SEM VÍTIMA";"FINALIZADA";"BOA VIAGEM";"AV ENGENHEIRO DOMINGOS FERREIRA";"";"RUA PADRE BERNADINO PESSOA";"";"BOA VIAGEM";144;"SUBURBIO";"COLISÃO TRASEIRA";"COLISÃO SEM VÍTIMA";2;0;0;0;0;0;0;0;0;0;0;"Cruzamento";"Bom";"Sem defeito";"Perfeito estado";"Seca";"Perfeito estado";"Faixa de pedestre";"Não há placas";"60 km/h";"Única";"Faixa contínua";"";""
"1936";2020-03-03;"13:15:00";"SEM VÍTIMA";"FINALIZADA";"BOA VISTA";"RUA JOAQUIM DE BRITO";"80";"";"EM FRENTE AO Nº 50";"BOA VISTA";NA;"CIDADE";"ABALROAMENTO LONGITUDINAL";"COLISÃO SEM VÍTIMA";2;0;0;0;0;0;0;0;0;0;0;"Longo da via";"Bom";"Não existe";"Não existente";"Seca";"Mal conservada";"Não existe";"Não há placas";"";"Única";"Não existe";"";""
"1937";2020-03-03;"13:44:00";"SEM VÍTIMA";"FINALIZADA";"BOA VISTA";"RUA MONTE CASTELO";"270";"";"";"BOA VISTA";NA;"SUBURBIO";"COLISÃO TRASEIRA";"COLISÃO SEM VÍTIMA";2;0;0;0;0;0;0;0;0;0;0;"Longo da via";"Bom";"Não existe";"Perfeito estado";"Seca";"Perfeito estado";"Não existe";"Não há placas";"";"Única";"Não existe";"";""
"1938";2020-03-03;"14:05:00";"SEM VÍTIMA";"FINALIZADA";"BOA VIAGEM";"RUA BALTAZAR PASSOS";"515";"RUA JOSE HIPOLITO CARDOSO";"COFFEE SHOP SÃO BRAZ";"BOA VIAGEM";NA;"";"ABALROAMENTO TRANSVERSAL";"COLISAO ENTRE ONIBUS E AUTOS S/V";1;0;0;0;0;1;0;0;0;0;0;"Cruzamento";"Bom";"Não existe";"Incompleta";"Seca";"Perfeito estado";"Faixa de pedestre";"Não há placas";"";"Única";"Não existe";"";""
"1939";2020-03-03;"14:28:00";"SEM VÍTIMA";"FINALIZADA";"BOA VISTA";"RUA DO HOSPICIO";"";"RUA PRINCESA IZABEL";"EM FRENTE A CÂMARA DOS VEREADORES";"BOA VISTA";31;"SUBURBIO";"ABALROAMENTO LONGITUDINAL";"COLISAO S/VITIMA ENTRE DOIS VEICULOS. GM: NO APOIO NO LOCAL";1;0;0;0;0;1;0;0;0;0;0;"Cruzamento";"Bom";"Sem defeito";"Perfeito estado";"Seca";"Perfeito estado";"Agente";"Outras";"";"Dupla";"Faixa contínua";"Blocos";""
"1940";2020-03-03;"14:30:00";"SEM VÍTIMA";"FINALIZADA";"PRADO";"RUA CARLOS DE OLIVEIRA FILHO";"65";"";"";"PRADO";NA;"";"ABALROAMENTO TRANSVERSAL";"COLISÃO SEM VÍTIMA";2;0;0;0;0;0;0;0;0;0;0;"Longo da via";"Bom";"Não existe";"Incompleta";"Seca";"Perfeito estado";"Não existe";"Não há placas";"30 km/h";"Dupla";"Não existe";"";""
"1941";2020-03-03;"14:36:00";"SEM VÍTIMA";"FINALIZADA";"ILHA DO RETIRO";"EST DOS REMEDIOS";"1988";"";"EM FRENTE HC PNEUS";"ILHA DO RETIRO";NA;"";"COLISÃO TRASEIRA";"COLISÃO SEM VÍTIMA";3;0;0;0;0;0;0;0;0;0;0;"Longo da via";"Bom";"Sem defeito";"Perfeito estado";"Seca";"Perfeito estado";"Agente";"";"";"Única";"Faixa seccionada";"";""
"1942";2020-03-03;"15:47:00";"SEM VÍTIMA";"CANCELADA";"IBURA";"RUA DR SEABRA";"130";"";"EM FRENTE AO EDIFICIO BUCARESTE";"IBURA";NA;"";"COLISÃO";"COLISÃO SEM VÍTIMA";2;0;0;0;0;0;0;0;0;0;0;"";"";"";"";"";"";"";"";"";"";"";"";""
"1943";2020-03-03;"15:50:00";"COM VÍTIMA";"FINALIZADA";"APIPUCOS";"RUA DE APIPUCOS";"866";"RUA MANDACARU";"E/F AO AÇUDE DE APIPUCOS";"APIPUCOS";500;"CIDADE";"COLISÃO COM CICLISTA";"COLISAO ENTRE AUTO -MOTO E CICLISTA";1;1;0;1;0;0;0;0;0;1;0;"Cruzamento";"Bom";"Sem defeito";"Perfeito estado";"Seca";"Perfeito estado";"Faixa de pedestre";"R-6a";"";"Dupla";"Faixa contínua";"";""
"1944";2020-03-03;"15:51:00";"COM VÍTIMA";"FINALIZADA";"ILHA DO LEITE";"AV JOSE GONCALVES DE MEDEIROS";"149";"";"FARMACIA PAGUE MENOS";"ILHA DO LEITE";NA;"ILHA DO RETIRO";"ABALROAMENTO TRANSVERSAL";"COLISAO COM VITIMA ENTRE UM VEICULO E UMA MOTO. GCM: PONTO FIXO";1;1;0;0;0;0;0;0;0;1;0;"Longo da via";"Bom";"Não existe";"Perfeito estado";"Seca";"Perfeito estado";"";"Não há placas";"";"Dupla";"Faixa";"";""
"1945";2020-03-03;"15:53:00";"SEM VÍTIMA";"FINALIZADA";"COELHOS";"RUA DOS COELHOS";"441";"";"EM FRENTE AO HOSPITAL PEDRO II";"COELHOS";359;"SUBURBIO";"ABALROAMENTO TRANSVERSAL";"COLISÃO SEM VÍTIMA";2;0;0;0;0;0;0;0;0;0;0;"Longo da via";"Bom";"Sem defeito";"Perfeito estado";"Seca";"Perfeito estado";"Faixa de pedestre";"R-6a";"30 km/h";"Dupla";"Faixa contínua";"";""
"1946";2020-03-03;"17:19:00";"COM VÍTIMA";"FINALIZADA";"BOA VIAGEM";"RUA HENRIQUE DIAS";"";"";"AO LADO DO MEMORIAL SÃO JOSÉ";"BOA VIAGEM";NA;"CIDADE";"ATROPELAMENTO";"";0;0;0;0;1;1;0;0;0;1;0;"Longo da via";"Bom";"Sem defeito";"Perfeito estado";"Seca";"Perfeito estado";"Faixa de pedestre";"Outras";"";"Única";"Não existe";"";""
"1947";2020-03-03;"17:28:00";"SEM VÍTIMA";"FINALIZADA";"CASA AMARELA";"RUA BELA VISTA";"152";"";"PADARIA BELA VISTA";"CASA AMARELA";NA;"SUBURBIO";"ABALROAMENTO LONGITUDINAL";"COISÃO SEM VÍTIMA";2;0;0;0;0;0;0;0;0;0;0;"Longo da via";"Bom";"Não existe";"Não existente";"Seca";"Perfeito estado";"Não existe";"Não há placas";"";"Dupla";"Não existe";"";""
"1948";2020-03-03;"17:25:00";"SEM VÍTIMA";"CANCELADA";"AREIAS";"RUA AURORA CACOTE";"642";"";"SUPERMERCADO QUIPREÇO";"AREIAS";NA;"AREIAS";"COLISÃO";"COLISAO S/ VITIMA NETRE DOIS VEICULOS";2;0;0;0;0;0;0;0;0;0;0;"";"";"";"";"";"";"";"";"";"";"";"";""
"1949";2020-03-03;"17:43:00";"SEM VÍTIMA";"CANCELADA";"MADALENA";"RUA PROFESSOR BENEDITO MONTEIRO";"";"";"AO LADO DA JURANDIR PIRES";"MADALENA";NA;"";"COLISÃO";"COLISÃO SEM VÍTIMA";2;0;0;0;0;0;0;0;0;0;0;"";"";"";"";"";"";"";"";"";"";"";"";""
"1950";2020-03-03;"17:45:00";"COM VÍTIMA";"FINALIZADA";"VÁRZEA";"AV JOAQUIM RIBEIRO";"733";"";"PROX A BORRACHARIA DO NADO PROX A PONTE S/T DOIS IRMAOS";"VÁRZEA";NA;"SUBURBIO";"ABALROAMENTO LONGITUDINAL";"COLISAO ENTRE DOIS AUTOS S/V";1;1;0;0;0;0;0;0;0;1;0;"Longo da via";"Bom";"Não existe";"Ilegível";"Seca";"Perfeito estado";"Não existe";"Não há placas";"";"Dupla";"";"";""
"1951";2020-03-03;"18:46:00";"SEM VÍTIMA";"FINALIZADA";"VÁRZEA";"AV AFONSO OLINDENSE";"";"";"EM FRENTE A PARADA DE ÔNIBUS 080256";"VÁRZEA";NA;"CIDADE";"ABALROAMENTO LONGITUDINAL";"COLISAO DE DOIS AUTOS S/V";1;0;0;0;0;1;0;0;0;0;0;"Longo da via";"Bom";"Não existe";"Perfeito estado";"Seca";"Perfeito estado";"Não existe";"Não há placas";"";"Dupla";"Faixa contínua";"";""
"1952";2020-03-03;"18:55:00";"SEM VÍTIMA";"CANCELADA";"CAXANGÁ";"AV CAXANGA";"";"";"ENF A TERMINAL INTEGRADO DA CAXANGA";"CAXANGÁ";NA;"";"COLISÃO";"ONIBUS X FIAT UNO";1;0;0;0;0;1;0;0;0;0;0;"";"";"";"";"";"";"";"";"";"";"";"";""
"1953";2020-03-03;"19:09:00";"SEM VÍTIMA";"FINALIZADA";"JARDIM SÃO PAULO";"AV SAO PAULO";"609";"RUA BRAGANCA";"Nº 609";"JARDIM SÃO PAULO";NA;"SUBURBIO";"ABALROAMENTO LONGITUDINAL";"COLISAO SEM VITIMAS";1;1;0;0;0;0;0;0;0;0;0;"";"Bom";"Não existe";"Não existente";"Seca";"Perfeito estado";"";"Outras";"";"Dupla";"Não existe";"";""
"1954";2020-03-03;"19:46:00";"SEM VÍTIMA";"CANCELADA";"JARDIM SÃO PAULO";"RUA PROFESSOR PEDRO AUGUSTO";"311";"RUA PROF CACILDA BRECKENFELD";"LOCAL DE RESIDENCIA";"JARDIM SÃO PAULO";NA;"";"COLISÃO";"PICASSO X ARGO    OBS:: SUSPEITA DE EMBRIAGUEZ";2;0;0;0;0;0;0;0;0;0;0;"";"";"";"";"";"";"";"";"";"";"";"";""
"1955";2020-03-03;"20:16:00";"SEM VÍTIMA";"FINALIZADA";"CAJUEIRO";"RUA SENADOR NILO COELHO";"";"";"FRENTE AO ARMAZÉM CORAL";"CAJUEIRO";NA;"SUBURBIO";"ABALROAMENTO TRANSVERSAL";"COLISAO SEM VITIMAS";2;0;0;0;0;0;0;0;0;0;0;"Longo da via";"Bom";"Não existe";"Perfeito estado";"Seca";"Perfeito estado";"";"Não há placas";"40 km/h";"Dupla";"Não existe";"";""
"1956";2020-03-04;"06:44:00";"SEM VÍTIMA";"FINALIZADA";"AFOGADOS";"RUA SAO MIGUEL";"";"";"SOB O SEMÁFORO Nº 392";"AFOGADOS";392;"CIDADE";"COLISÃO TRASEIRA";"COLISÃO SEM VITIMAS";2;0;0;0;0;0;0;0;0;0;0;"Longo da via";"Bom";"Sem defeito";"Incompleta";"Seca";"Perfeito estado";"Não existe";"Outras";"";"Dupla";"Faixa contínua";"";""
"1957";2020-03-04;"07:18:00";"COM VÍTIMA";"FINALIZADA";"ENCRUZILHADA";"EST DE BELEM";"44";"";"EM FRENTE AO BANCO ITAU";"ENCRUZILHADA";NA;"SUBURBIO";"ABALROAMENTO TRANSVERSAL";"COLISÃO COM VITIMA A ESPERA DO BOMBEIROS";1;1;0;0;0;0;0;0;0;2;0;"Longo da via";"Bom";"Não existe";"Perfeito estado";"Seca";"Perfeito estado";"Não existe";"Placas Pare";"40 km/h";"Dupla";"Faixa seccionada";"";""
"1958";2020-03-04;"07:35:00";"COM VÍTIMA";"FINALIZADA";"ARRUDA";"RUA ZEFERINO AGRA";"268";"";"EM FRENTE AO COLEGIO ADVENTISTA";"ARRUDA";NA;"SUBURBIO";"COLISÃO FRONTAL";"COLISAO COM VITIMAS";1;1;0;0;0;0;0;0;0;1;0;"Longo da via";"Bom";"Não existe";"Perfeito estado";"Seca";"Perfeito estado";"Faixa de pedestre";"Outras";"";"Dupla";"Faixa contínua";"";""
"1959";2020-03-04;"07:42:00";"SEM VÍTIMA";"FINALIZADA";"ESPINHEIRO";"AV GOVERNADOR AGAMENON MAGALHAES";"2936";"";"SOBRADO EMPRESARIAL";"ESPINHEIRO";NA;"CIDADE";"ABALROAMENTO LONGITUDINAL";"VEICULO OFICIAL FUNASE E AUTO";2;0;0;0;0;0;0;0;0;0;0;"Longo da via";"Bom";"Não existe";"Não existente";"Seca";"Perfeito estado";"Não existe";"Não há placas";"";"Única";"Faixa seccionada";"";""
"1960";2020-03-04;"07:43:00";"COM VÍTIMA";"FINALIZADA";"CORDEIRO";"RUA TIJUCAS";"198";"";"PROX AO RESTAURANTE JOÃO  DA CARNE DE SOL";"CORDEIRO";NA;"";"ABALROAMENTO TRANSVERSAL";"COLISÃO COM VITIMA  GM JOÃO RICARDO QTH";1;1;0;0;0;0;0;0;0;1;0;"Cruzamento";"Bom";"Não existe";"Ilegível";"Seca";"Perfeito estado";"Não existe";"Placas Pare";"";"Dupla";"Não existe";"";""
"1961";2020-03-04;"07:53:00";"COM VÍTIMA";"FINALIZADA";"BOA VIAGEM";"RUA RIBEIRO DE BRITO";"590";"";"EM FRENTE AO LABORATORIO  BORIS  BERENSTEIN";"BOA VIAGEM";NA;"SUBURBIO";"ABALROAMENTO LONGITUDINAL";"COLISÃO COM VITIMA GM  ADELSON QTH";1;1;0;0;0;0;0;0;0;1;0;"Longo da via";"Bom";"Não existe";"Perfeito estado";"Seca";"Perfeito estado";"Não existe";"Outras";"";"Única";"Faixa seccionada";"";""
"1962";2020-03-04;"08:02:00";"SEM VÍTIMA";"FINALIZADA";"ESPINHEIRO";"AV GOVERNADOR AGAMENON MAGALHAES";"2936";"";"EM FRENTE AO EMPRESARIAL SOBRADO";"ESPINHEIRO";NA;"CIDADE";"ABALROAMENTO LONGITUDINAL";"COLIsAO SEM VITIMAS (GM ANDERSON E ALBERTO NO QTH)";2;0;0;0;0;0;0;0;0;0;0;"Longo da via";"Bom";"Não existe";"Não existente";"Seca";"Perfeito estado";"Não existe";"Outras";"";"Única";"Faixa seccionada";"";""
"1963";2020-03-04;"08:10:00";"COM VÍTIMA";"CANCELADA";"CAXANGÁ";"AV CAXANGA";"";"";"PROXIMO AO ARMAZEM CORAL";"CAXANGÁ";NA;"";"COLISÃO";"COLISAO COM VITIMAS";1;1;0;0;0;0;0;0;0;1;0;"";"";"";"";"";"";"";"";"";"";"";"";""
"1964";2020-03-04;"08:28:00";"SEM VÍTIMA";"FINALIZADA";"ENCRUZILHADA";"AV BEBERIBE";"335";"";"";"ENCRUZILHADA";NA;"CIDADE";"COLISÃO TRASEIRA";"COLISÃO S/VITIMAS ENTRE DOIS AUTOS";2;0;0;0;0;0;0;0;0;0;0;"Longo da via";"Bom";"Sem defeito";"Perfeito estado";"Seca";"Perfeito estado";"Faixa de pedestre";"Outras";"40 km/h";"Dupla";"Faixa contínua";"";""
"1965";2020-03-04;"08:44:00";"SEM VÍTIMA";"FINALIZADA";"IPUTINGA";"RUA MAURICIO DE NASSAU";"";"RUA PEREIRA COUTINHO FILHO";"";"IPUTINGA";NA;"SUBURBIO";"COLISÃO TRASEIRA";"COLIsAO SEM VITIMAS (GM ANDERSON E ALBERTO NO QTH)";2;0;0;0;0;0;0;0;0;0;0;"Longo da via";"Bom";"";"Perfeito estado";"Seca";"Perfeito estado";"";"";"40 km/h";"Dupla";"";"";""
"1966";2020-03-04;"08:38:00";"SEM VÍTIMA";"FINALIZADA";"CAMPO GRANDE";"RUA ODORICO MENDES";"115";"RUA VISCONDE DE CAIRU";"PRÓXIMO AO CLUBE DA PÁS";"CAMPO GRANDE";NA;"SUBURBIO";"ABALROAMENTO TRANSVERSAL";"COLISÃO S/VITIMAS ENTRE DOIS AUTOS";2;0;0;0;0;0;0;0;0;0;0;"Cruzamento";"Bom";"Não existe";"Perfeito estado";"Seca";"Perfeito estado";"";"Placas Pare";"";"Dupla";"Faixa seccionada";"";""
"1967";2020-03-04;"09:00:00";"COM VÍTIMA";"FINALIZADA";"TORRE";"RUA MARQUES DE MARICA";"147";"";"EM FRENTE AO CONDOMINIO PRAÇA DAS CARMELIA";"TORRE";NA;"SUBURBIO";"ABALROAMENTO LONGITUDINAL";"COLISÃO COM VITIMA A ESPERA DO SAMU";1;1;0;0;0;0;0;0;0;1;0;"Longo da via";"Bom";"Não existe";"Perfeito estado";"Seca";"Perfeito estado";"Não existe";"Não há placas";"";"Dupla";"Faixa seccionada";"";""