"";"data";"hora";"natureza_acidente";"situacao";"bairro";"endereco";"numero";"detalhe_endereco_acidente";"complemento";"bairro_cruzamento";"num_semaforo";"sentido_via";"tipo";"descricao";"auto";"moto";"ciclom";"ciclista";"pedestre";"onibus";"caminhao";"viatura";"outros";"vitimas";"vitimasfatais";"acidente_verificado";"tempo_clima";"situacao_semaforo";"sinalizacao";"condicao_via";"conservacao_via";"ponto_controle";"situacao_placa";"velocidade_max_via";"mao_direcao";"divisao_via1";"divisao_via2";"divisao_via3"
"2023";2020-03-05;"15:28:00";"SEM VÍTIMA";"FINALIZADA";"BOA VISTA";"RUA DO HOSPICIO";"";"RUA PRINCESA IZABEL";"EM FRENTE A CÂMARA MUNICIPAL DO RECIFE";"BOA VISTA";31;"CIDADE";"ABALROAMENTO LONGITUDINAL";"COLISÃO COM VÍTIMA";1;1;0;0;0;0;0;0;0;0;0;"Longo da via";"Bom";"Sem defeito";"Perfeito estado";"Seca";"Perfeito estado";"Agente";"Outras";"";"Dupla";"Faixa contínua";"";""
"2024";2020-03-05;"15:45:00";"SEM VÍTIMA";"FINALIZADA";"IMBIRIBEIRA";"AV MARECHAL MASCARENHAS DE MORAES";"2386";"";"EM FRENTE AO BRADESCO";"IMBIRIBEIRA";161;"SUBURBIO";"ABALROAMENTO LONGITUDINAL";"";2;0;0;0;0;0;0;0;0;0;0;"Longo da via";"Bom";"Sem defeito";"Perfeito estado";"Seca";"Perfeito estado";"Faixa de pedestre";"Outras";"60 km/h";"Dupla";"Faixa contínua";"Faixa seccionada";"Canteiro central"
"2025";2020-03-05;"15:57:00";"SEM VÍTIMA";"FINALIZADA";"ENCRUZILHADA";"RUA CASTRO ALVES";"";"";"LADO OPOSTO A AGÊNCIA DA CAIXA ECONÔMICA FEDERAL";"ENCRUZILHADA";NA;"SUBURBIO";"COLISÃO TRASEIRA";"COLISAO ENTRE ONIBUS E AUTOS S/V";1;0;0;0;0;1;0;0;0;0;0;"Longo da via";"Bom";"Não existe";"Perfeito estado";"Seca";"Perfeito estado";"Não existe";"R-6a";"";"Única";"Faixa seccionada";"";""
"2026";2020-03-05;"16:46:00";"SEM VÍTIMA";"FINALIZADA";"BAIRRO DO RECIFE";"CAIS DA ALFANDEGA";"";"AV MARQUES DE OLINDA";"AO LADO DA PONTE MAURICIO DE NASSAU";"BAIRRO DO RECIFE";165;"SUBURBIO";"COLISÃO TRASEIRA";"COLISAO ENTRE ONIBUS E AUTOS S/V";1;0;0;0;0;1;0;0;0;0;0;"Cruzamento";"Bom";"Sem defeito";"Perfeito estado";"Seca";"Perfeito estado";"Faixa de pedestre";"Outras";"";"Única";"Faixa seccionada";"";""
"2027";2020-03-05;"17:08:00";"SEM VÍTIMA";"FINALIZADA";"JOANA BEZERRA";"PTE JOSE DE BARROS LIMA";"";"";"EM FRENTE A ACADEMIA DA CIDADE";"JOANA BEZERRA";NA;"SUBURBIO";"COLISÃO TRASEIRA";"COLISAO ENTRE DOIS AUTOS SEM VITIMA";2;0;0;0;0;0;0;0;0;0;0;"Ponte";"Bom";"Não existe";"Perfeito estado";"Seca";"Perfeito estado";"Não existe";"Não há placas";"";"Dupla";"Faixa contínua";"Canteiro central";""
"2028";2020-03-05;"17:29:00";"SEM VÍTIMA";"FINALIZADA";"JARDIM SÃO PAULO";"AV RECIFE";"625";"";"AO LADO DO Nº 625";"JARDIM SÃO PAULO";NA;"SUBURBIO";"ABALROAMENTO LONGITUDINAL";"COLISAO S/ VITIMA ENTRE UM ONIBUS E UM VEICULO";1;0;0;0;0;1;0;0;0;0;0;"Longo da via";"Bom";"Não existe";"Perfeito estado";"Seca";"";"Não existe";"Não há placas";"";"Dupla";"Faixa seccionada";"Canteiro central";""
"2029";2020-03-05;"18:21:00";"SEM VÍTIMA";"CANCELADA";"CASA FORTE";"AV DEZESSETE DE AGOSTO";"";"PRC RADIO JORNAL DO COMERCIO";"PROX AO SHOPPING PLAZA E A PRC RADIO JORNAL DO COMERCIO";"CASA FORTE";NA;"";"COLISÃO";"MOB X ONIX";2;0;0;0;0;0;0;0;0;0;0;"";"";"";"";"";"";"";"";"";"";"";"";""
"2030";2020-03-05;"19:26:00";"COM VÍTIMA";"FINALIZADA";"DOIS IRMÃOS";"RUA DOIS IRMAOS";"";"";"E/F A REITORIA DA UFRPE";"DOIS IRMÃOS";NA;"SUBURBIO";"ABALROAMENTO LONGITUDINAL";"ENTRE AUTO E MOTO. C/V";1;1;0;0;0;0;0;0;0;1;0;"Cruzamento";"Bom";"Não existe";"Perfeito estado";"Seca";"Perfeito estado";"Não existe";"Não há placas";"";"Dupla";"Faixa contínua";"Faixa seccionada";"Canteiro central"
"2031";2020-03-05;"20:18:00";"SEM VÍTIMA";"FINALIZADA";"PASSARINHO";"EST DE PASSARINHO";"1240";"";"";"PASSARINHO";NA;"SUBURBIO";"COLISÃO TRASEIRA";"ENTRE 3 AUTOS. S/V";3;0;0;0;0;0;0;0;0;0;0;"Longo da via";"Bom";"Não existe";"Perfeito estado";"Seca";"Perfeito estado";"";"";"";"Dupla";"Faixa contínua";"";""
"2032";2020-03-05;"20:42:00";"SEM VÍTIMA";"FINALIZADA";"CAMPO GRANDE";"RUA VOLUNTARIOS DA PATRIA";"";"RUA MARQUES DE ABRANTES";"";"CAMPO GRANDE";NA;"CIDADE";"ABALROAMENTO TRANSVERSAL";"HONDA CIT X HB 20";2;0;0;0;0;0;0;0;0;0;0;"Cruzamento";"Bom";"Não existe";"Perfeito estado";"Seca";"Perfeito estado";"Não existe";"Placas Pare";"";"Única";"Não existe";"";""
"2033";2020-03-05;"22:44:00";"COM VÍTIMA";"FINALIZADA";"CASA AMARELA";"EST DO ARRAIAL";"";"RUA DA HARMONIA";"PROX A IGREJA DA HARMONIA";"CASA AMARELA";NA;"SUBURBIO";"ABALROAMENTO LONGITUDINAL";"HB 20 X MOTO";1;1;0;0;0;0;0;0;0;2;0;"Cruzamento";"Bom";"Sem defeito";"Perfeito estado";"Seca";"Perfeito estado";"Não existe";"Não há placas";"";"Única";"Faixa contínua";"";""
"2034";2020-03-06;"02:02:00";"SEM VÍTIMA";"FINALIZADA";"BOA VIAGEM";"RUA RIBEIRO DE BRITO";"1133";"RUA GENERAL AMERICANO FREIRE";"POSTO BR";"BOA VIAGEM";NA;"SUBURBIO";"ABALROAMENTO LONGITUDINAL";"COLISÃO ENTRE DOIS AUTOS S/V- APÓS O IMPACTO DA COLISÃO UM DOS AUTOS CHOCOU-SE EM UM POSTE";2;0;0;0;0;0;0;0;0;0;0;"Cruzamento";"Bom";"Não existe";"Perfeito estado";"Seca";"Perfeito estado";"Não existe";"Outras";"";"Única";"Faixa seccionada";"";""
"2035";2020-03-06;"05:18:00";"SEM VÍTIMA";"CANCELADA";"BOA VIAGEM";"RUA FELICIANO JOSE DE FARIAS";"111";"";"PRÓX AO MAR HOTEL";"BOA VIAGEM";NA;"";"COLISÃO";"COLISÃO ENTRE DOIS AUTOS- S/V";2;0;0;0;0;0;0;0;0;0;0;"";"";"";"";"";"";"";"";"";"";"";"";""
"2036";2020-03-06;"08:47:00";"SEM VÍTIMA";"FINALIZADA";"BOA VISTA";"RUA DOM BOSCO";"767";"AV MANOEL BORBA";"PRÓXIMO A RÁDIO RECIFE";"BOA VISTA";28;"SUBURBIO";"ABALROAMENTO LONGITUDINAL";"DOIS AUTOS";2;0;0;0;0;0;0;0;0;0;0;"Longo da via";"Bom";"Sem defeito";"Perfeito estado";"Seca";"Perfeito estado";"Faixa de pedestre";"Outras";"";"Dupla";"Faixa contínua";"";""
"2037";2020-03-06;"08:53:00";"COM VÍTIMA";"FINALIZADA";"ARRUDA";"AV BEBERIBE";"896";"";"AO LADO DO LOJAO DO PETROLEO";"ARRUDA";NA;"CIDADE";"ABALROAMENTO TRANSVERSAL";"COLISAO COM VITIMAS";1;1;0;0;0;0;0;0;0;1;0;"Longo da via";"Bom";"Não existe";"Perfeito estado";"Seca";"Perfeito estado";"";"Outras";"";"Dupla";"Faixa seccionada";"";""
"2038";2020-03-06;"10:46:00";"SEM VÍTIMA";"FINALIZADA";"";"RUA ANTONIO CURADO";"450";"RUA MANUEL ALVES DEUSDARA";"GUGA'S BURG";"";NA;"";"ABALROAMENTO TRANSVERSAL";"COLISAO SEM VITIMAS";2;0;0;0;0;0;0;0;0;0;0;"Cruzamento";"Bom";"Não existe";"Perfeito estado";"Seca";"Perfeito estado";"Não existe";"Outras";"";"Dupla";"";"";""
"2039";2020-03-06;"10:47:00";"SEM VÍTIMA";"CANCELADA";"IBURA";"RUA EXP FRANCISCO VITORIANO";"460";"";"E/F A CIA BEBIDAS";"IBURA";NA;"";"COLISÃO";"COLISÃO S/VITIMAS ENTRE DOIS AUTOS";2;0;0;0;0;0;0;0;0;0;0;"";"";"";"";"";"";"";"";"";"";"";"";""
"2040";2020-03-06;"11:48:00";"SEM VÍTIMA";"CANCELADA";"GUABIRABA";"RUA SENHOR DO BONFIM";"27";"";"PROX: A GARAGEM DA GLOBO";"GUABIRABA";NA;"";"COLISÃO";"COLISAO S/ VITIMA ENTRE VEICULO CAMINHAO";1;0;0;0;0;0;1;0;0;0;0;"";"";"";"";"";"";"";"";"";"";"";"";""
"2041";2020-03-06;"13:41:00";"SEM VÍTIMA";"CANCELADA";"JARDIM SÃO PAULO";"RUA DR GUSTAVO PINTO";"183";"";"ARMAZEM DEPOSITO CONSTRUTO";"JARDIM SÃO PAULO";NA;"";"COLISÃO";"COLISAO S/ VITIMA ENTRE CARRO E MOTO";1;1;0;0;0;0;0;0;0;0;0;"";"";"";"";"";"";"";"";"";"";"";"";""
"2042";2020-03-06;"14:46:00";"SEM VÍTIMA";"FINALIZADA";"BOA VIAGEM";"AV MARECHAL JUAREZ TAVORA";"";"RUA DEZ DE JULHO";"";"BOA VIAGEM";437;"";"ABALROAMENTO LONGITUDINAL";"COLISAO ENTRE AUTO E MOTO S/V";1;1;0;0;0;0;0;0;0;0;0;"Cruzamento";"Bom";"Sem defeito";"Perfeito estado";"Seca";"Perfeito estado";"Faixa de pedestre";"R-4b";"";"Única";"Faixa seccionada";"";""
"2043";2020-03-06;"15:17:00";"SEM VÍTIMA";"FINALIZADA";"IBURA";"AV RIO LARGO";"100B";"";"";"IBURA";512;"SUBURBIO";"ABALROAMENTO LONGITUDINAL";"COLISÃO SEM VÍTIMA";1;0;0;0;0;1;0;0;0;0;0;"";"Bom";"Sem defeito";"Perfeito estado";"Seca";"Perfeito estado";"Não existe";"";"";"Dupla";"Não existe";"";""
"2044";2020-03-06;"16:11:00";"SEM VÍTIMA";"CANCELADA";"CAXANGÁ";"RUA RIBEIRO PESSOA";"";"";"EM FRENTE A UPA DA CAXANGA";"CAXANGÁ";NA;"";"COLISÃO";"COLISÃO SEM VÍTIMA";2;0;0;0;0;0;0;0;0;0;0;"";"";"";"";"";"";"";"";"";"";"";"";""
"2045";2020-03-06;"17:37:00";"SEM VÍTIMA";"FINALIZADA";"CORDEIRO";"AV ENGENHEIRO ABDIAS DE CARVALHO";"";"AV GENERAL SAN MARTIN";"COMPAZ";"CORDEIRO";58;"SUBURBIO";"COLISÃO TRASEIRA";"COLISÃO SEM VÍTIMA";2;0;0;0;0;0;0;0;0;0;0;"Longo da via";"Bom";"Sem defeito";"Perfeito estado";"Seca";"Perfeito estado";"";"";"";"Dupla";"Canteiro central";"";""
"2046";2020-03-06;"18:09:00";"SEM VÍTIMA";"FINALIZADA";"POÇO DA PANELA";"RUA LUIZ GUIMARAES";"183";"RUA DOS ARCOS";"PRÓXIMO AO BARCHEF";"POÇO DA PANELA";NA;"CIDADE";"ABALROAMENTO LONGITUDINAL";"ENTRE 2 AUTOS. S/V";2;0;0;0;0;0;0;0;0;0;0;"Longo da via";"Bom";"Não existe";"Incompleta";"Seca";"Mal iluminada";"Não existe";"Não há placas";"";"Dupla";"Não existe";"";""
"2047";2020-03-06;"19:08:00";"SEM VÍTIMA";"FINALIZADA";"TAMARINEIRA";"RUA GUIMARAES PEIXOTO";"295";"";"TORRE DE LYON";"TAMARINEIRA";NA;"SUBURBIO";"CHOQUE VEÍCULO PARADO";"VEICULO TRANSITANDO EM CONTRA-MAO COLIDIU COM 4 VEICULOS  OBS:: SUSPEITA DE EMBRIAGUEZ";4;0;0;0;0;0;0;0;0;0;0;"Longo da via";"Bom";"Não existe";"Incompleta";"Seca";"Perfeito estado";"Não existe";"Outras";"20 km/h";"Única";"";"";""
"2048";2020-03-06;"19:23:00";"COM VÍTIMA";"FINALIZADA";"PARNAMIRIM";"RUA DES GOIS CAVALCANTE";"303";"RUA MIZAEL MONTENEGRO";"ESQUINA COM O PÃO DE AÇUCAR";"PARNAMIRIM";NA;"SUBURBIO";"ABALROAMENTO LONGITUDINAL";"ENTRE AUTO E MOTO. C/V";1;1;0;0;0;0;0;0;0;2;0;"Esquina";"Bom";"Não existe";"Ilegível";"Seca";"Mal iluminada";"Não existe";"Não há placas";"";"Única";"Faixa seccionada";"";""
"2049";2020-03-06;"20:22:00";"SEM VÍTIMA";"FINALIZADA";"IPUTINGA";"EST DO BARBALHO";"1525";"RUA EDGAR D'AMORIM";"";"IPUTINGA";NA;"SUBURBIO";"ABALROAMENTO LONGITUDINAL";"ENTRE AUTO E MOTO. S/V";1;1;0;0;0;0;0;0;0;0;0;"";"Bom";"Não existe";"Ilegível";"Seca";"Mal iluminada";"Não existe";"Não há placas";"";"Dupla";"Não existe";"";""
"2050";2020-03-06;"23:27:00";"SEM VÍTIMA";"FINALIZADA";"DOIS UNIDOS";"AV HILDEBRANDO DE VASCONCELOS";"164";"";"";"DOIS UNIDOS";NA;"SUBURBIO";"COLISÃO TRASEIRA";"ENTRE 2 AUTOS. S/V";2;0;0;0;0;0;0;0;0;0;0;"Longo da via";"Bom";"Não existe";"";"Seca";"Perfeito estado";"Não existe";"Não há placas";"";"Dupla";"Não existe";"";""
"2051";2020-03-07;"03:41:00";"COM VÍTIMA";"FINALIZADA";"ÁGUA FRIA";"RUA DA REGENERACAO";"333";"RUA BOM CONSELHO";"EM FRENTE AO SKINA DO CUPIM- AO LADO DO VERTICAL AUTOMOTIVO- PROX DO LÉO CHOPP";"ÁGUA FRIA";NA;"";"ABALROAMENTO LONGITUDINAL";"COLISÃO ENTRE AUTO E MOTO C/V";1;1;0;0;0;0;0;0;0;1;0;"Cruzamento";"Bom";"Não existe";"Não existente";"Seca";"Perfeito estado";"";"Não há placas";"30 km/h";"Dupla";"Não existe";"";""
"2052";2020-03-07;"06:58:00";"SEM VÍTIMA";"FINALIZADA";"MACAXEIRA";"AV NORTE";"7415";"";"LADO OPOSTO AO Nº - DIGO APÓS PARQUE DA MACAXEIRA";"MACAXEIRA";NA;"SUBURBIO";"CHOQUE OBJETO FIXO";"VEICULO CHOCOU-SE COM O CANTEIRO CENTRAL";1;0;0;0;0;0;0;0;0;0;0;"Longo da via";"Bom";"Não existe";"Perfeito estado";"Seca";"Perfeito estado";"Não existe";"R-6a";"";"Única";"Canteiro central";"";""
"2053";2020-03-07;"07:16:00";"SEM VÍTIMA";"FINALIZADA";"PINA";"AV ENGENHEIRO DOMINGOS FERREIRA";"1000";"";"PRIMER BATERIA";"PINA";NA;"SUBURBIO";"COLISÃO TRASEIRA";"COLISAO SEM VITIMAS";1;1;0;0;0;0;0;0;0;0;0;"Longo da via";"Bom";"Sem defeito";"Perfeito estado";"Seca";"Perfeito estado";"Faixa de pedestre";"R-6a";"60 km/h";"Única";"Faixa contínua";"";""
"2054";2020-03-07;"07:41:00";"SEM VÍTIMA";"FINALIZADA";"IPUTINGA";"AV CAXANGA";"2900";"";"EM FRENTE AO EXTRA SUPERMERCADO";"IPUTINGA";NA;"SUBURBIO";"COLISÃO TRASEIRA";"DOIS AUTOS";2;0;0;0;0;0;0;0;0;0;0;"Longo da via";"Bom";"Não existe";"Perfeito estado";"Seca";"Perfeito estado";"Outros";"Não há placas";"40 km/h";"Única";"Faixa seccionada";"";""
"2055";2020-03-07;"07:44:00";"SEM VÍTIMA";"DUPLICIDADE";"MACAXEIRA";"AV NORTE";"";"";"PROXIMA A FABRICA DA AVENIDA NORTE";"MACAXEIRA";NA;"";"CHOQUE OBJETO FIXO";"SEM VITIMAS GM FATIMA NO QTH";1;0;0;0;0;0;0;0;0;0;0;"";"";"";"";"";"";"";"";"";"";"";"";""
"2056";2020-03-07;"09:09:00";"SEM VÍTIMA";"FINALIZADA";"BOA VIAGEM";"AV CONSELHEIRO AGUIAR";"2178";"";"DIPLOMATA DELICATESSEN";"BOA VIAGEM";NA;"CIDADE";"ABALROAMENTO LONGITUDINAL";"DOIS AUTOS";2;0;0;0;0;0;0;0;0;0;0;"Longo da via";"Bom";"Não existe";"Perfeito estado";"Seca";"Perfeito estado";"Não existe";"Não há placas";"";"Única";"Faixa seccionada";"";""
"2057";2020-03-07;"10:38:00";"COM VÍTIMA";"FINALIZADA";"VÁRZEA";"RUA VALE DO SIRIJI";"23";"";"PROX A PRAÇA DA PIRIQUITA";"VÁRZEA";NA;"SUBURBIO";"COLISÃO FRONTAL";"MOTO E AUTO";1;0;1;0;0;0;0;0;0;1;0;"Longo da via";"Bom";"Não existe";"Não existente";"Seca";"Perfeito estado";"Não existe";"Não há placas";"";"Dupla";"Não existe";"";""
"2058";2020-03-07;"10:43:00";"SEM VÍTIMA";"FINALIZADA";"SÍTIO DOS PINTOS";"EST DOS PINTOS";"4";"";"EM FRENTE AO Nº 04";"SÍTIO DOS PINTOS";NA;"CIDADE";"ABALROAMENTO LONGITUDINAL";"";1;0;0;0;0;1;0;0;0;0;0;"Longo da via";"Bom";"Não existe";"Não existente";"Seca";"Perfeito estado";"Não existe";"Não há placas";"";"Dupla";"Não existe";"";""
"2059";2020-03-07;"11:11:00";"SEM VÍTIMA";"FINALIZADA";"IMBIRIBEIRA";"AV MARECHAL MASCARENHAS DE MORAES";"";"";"EM FRENTE A UNIVERSIDADE UNIVERSO";"IMBIRIBEIRA";NA;"CIDADE";"COLISÃO TRASEIRA";"VEÍCULO PEGA FOGO E BOMBEIROS NO LOCAL";1;0;0;0;0;1;0;0;0;0;0;"Longo da via";"Bom";"Sem defeito";"Perfeito estado";"Seca";"Perfeito estado";"Faixa de pedestre";"Não há placas";"60 km/h";"Única";"Faixa seccionada";"";""
"2060";2020-03-07;"11:32:00";"SEM VÍTIMA";"FINALIZADA";"ARRUDA";"AV BEBERIBE";"";"";"EM FRENTE AO ESTÁDIO JOSÉ DO REGO MACIEL";"ARRUDA";NA;"SUBURBIO";"COLISÃO TRASEIRA";"ONIBUS E AUTO";1;0;0;0;0;1;0;0;0;0;0;"Longo da via";"Bom";"Não existe";"Perfeito estado";"Seca";"Perfeito estado";"Não existe";"Não há placas";"";"Dupla";"Faixa contínua";"";""
"2061";2020-03-07;"11:34:00";"SEM VÍTIMA";"FINALIZADA";"IBURA";"RUA PINTOR AGENOR DE ALBUQUERQUE CESAR";"13";"";"PRÓXIMO A GENESES GUARICA DIGITAL";"IBURA";NA;"";"COLISÃO FRONTAL";"COLISÃO SEM VITIMAS";2;0;0;0;0;0;0;0;0;0;0;"Longo da via";"Bom";"Sem defeito";"Perfeito estado";"Seca";"Perfeito estado";"Não existe";"R-6a";"30 km/h";"Dupla";"Faixa seccionada";"";""
"2062";2020-03-07;"11:52:00";"COM VÍTIMA";"FINALIZADA";"BOA VIAGEM";"AV ENGENHEIRO DOMINGOS FERREIRA";"1818";"";"EM FRENTE AO EXTRA SUPERMERCADO";"BOA VIAGEM";NA;"SUBURBIO";"COLISÃO TRASEIRA";"MOTO E AUTO";1;1;0;0;0;0;0;0;0;1;0;"Longo da via";"Bom";"Não existe";"Perfeito estado";"Seca";"Perfeito estado";"Não existe";"Não há placas";"60 km/h";"Única";"Faixa seccionada";"";""
"2063";2020-03-07;"12:08:00";"SEM VÍTIMA";"FINALIZADA";"ENCRUZILHADA";"AV JOAO DE BARROS";"994";"";"EM FRENTE A AMERIEDS EXPRESS";"ENCRUZILHADA";42;"CIDADE";"COLISÃO TRASEIRA";"";2;0;0;0;0;0;0;0;0;0;0;"Longo da via";"Bom";"Sem defeito";"Perfeito estado";"Seca";"Perfeito estado";"Faixa de pedestre";"R-6a";"";"Única";"Faixa contínua";"";""
"2064";2020-03-07;"13:58:00";"SEM VÍTIMA";"FINALIZADA";"BOA VIAGEM";"AV ENGENHEIRO DOMINGOS FERREIRA";"1818";"RUA ARTUR MUNIZ";"EM FRENTE AO EXTRA SUPERMERCADO";"BOA VIAGEM";380;"SUBURBIO";"COLISÃO TRASEIRA";"COLISÃO S/VITIMAS ENTRE DOIS AUTOS (V.T 26 NO QTH)";2;0;0;0;0;0;0;0;0;0;0;"Cruzamento";"Bom";"Sem defeito";"Perfeito estado";"Seca";"Perfeito estado";"Faixa de pedestre";"Não há placas";"60 km/h";"Única";"Faixa seccionada";"";""
"2065";2020-03-07;"14:36:00";"SEM VÍTIMA";"FINALIZADA";"SANTO ANTÔNIO";"AV DANTAS BARRETO";"";"";"EM FRENTE CASA PIO - PISTA DA ESQUERDA";"SANTO ANTÔNIO";284;"";"ABALROAMENTO LONGITUDINAL";"COLISAO ENTRE ONIBUS E AUTOS S/V";1;0;0;0;0;1;0;0;0;0;0;"Cruzamento";"Bom";"Sem defeito";"Perfeito estado";"Seca";"Perfeito estado";"Faixa de pedestre";"R-6a";"";"Única";"";"";""
"2066";2020-03-07;"15:23:00";"SEM VÍTIMA";"FINALIZADA";"ILHA DO RETIRO";"EST DOS REMEDIOS";"2034";"";"LADO DA BOB'S";"ILHA DO RETIRO";NA;"SUBURBIO";"ABALROAMENTO LONGITUDINAL";"COLISÃO S/VITIMAS ENTRE DOIS AUTOS";2;0;0;0;0;0;0;0;0;0;0;"Longo da via";"Bom";"Não existe";"Perfeito estado";"Seca";"Perfeito estado";"Não existe";"";"40 km/h";"Dupla";"Faixa contínua";"";""
"2067";2020-03-07;"16:04:00";"SEM VÍTIMA";"FINALIZADA";"CORDEIRO";"AV CAXANGA";"1548";"";"AO LADO DA CAXANGÁ PISCINAS";"CORDEIRO";NA;"SUBURBIO";"COLISÃO TRASEIRA";"COLISAO ENTRE DOIS AUTOS S/V";2;0;0;0;0;0;0;0;0;0;0;"Longo da via";"Bom";"Não existe";"Incompleta";"Seca";"Mal conservada";"Não existe";"R-6a";"";"Dupla";"Faixa contínua";"Faixa seccionada";""
"2068";2020-03-07;"16:05:00";"COM VÍTIMA";"CANCELADA";"CASA AMARELA";"EST DAS UBAIAS-";"763";"";"E/F A NOVA CASA";"CASA AMARELA";NA;"";"ATROPELAMENTO";"MOTORISTA EVADIU-SE DO LOCAL PARA A RUA ESTRADA DO ENCANAENTO Nº1638 / EDF. SIRIGI / CASA AMARELA";0;0;0;0;1;0;0;0;0;1;0;"";"";"";"";"";"";"";"";"";"";"";"";""
"2069";2020-03-07;"16:15:00";"SEM VÍTIMA";"FINALIZADA";"ILHA JOANA BEZERRA";"AV ADVOGADO JOSE PAULO CAVALCANTI";"";"";"AO LADO DO FÓRUM DA ILHA DE JOANA BEZERRA";"ILHA JOANA BEZERRA";38;"";"COLISÃO TRASEIRA";"COLISAO ENTRE DOIS AUTOS S/V";2;0;0;0;0;0;0;0;0;0;0;"Cruzamento";"Bom";"Sem defeito";"Incompleta";"Seca";"Perfeito estado";"Faixa de retenção";"R-6a";"";"Dupla";"Faixa contínua";"";""
"2070";2020-03-07;"16:49:00";"COM VÍTIMA";"FINALIZADA";"CASA FORTE";"AV DEZESSETE DE AGOSTO";"892";"RUA DONA ADA VIEIRA";"EDF CASA GRANDE";"CASA FORTE";NA;"CIDADE";"ABALROAMENTO LONGITUDINAL";"COLISAO COM VITIMA ENTRE VEICULO E MOTO. VT 29 GCM: PAULO VANDERLEI E LEONARDO MESEIS";1;1;0;0;0;0;0;0;0;1;0;"Longo da via";"Bom";"Não existe";"Perfeito estado";"Seca";"Perfeito estado";"Não existe";"R-6a";"";"Dupla";"Faixa";"";""
"2071";2020-03-07;"16:50:00";"SEM VÍTIMA";"FINALIZADA";"ÁGUA FRIA";"RUA DA REGENERACAO";"668";"";"AO LADO DA BUDEGA PRIME";"ÁGUA FRIA";NA;"";"ABALROAMENTO LONGITUDINAL";"COLISÃO S/VITIMAS ENTRE UM AUTO E CAMINHÃO";1;0;0;0;0;0;0;0;2;0;0;"Longo da via";"Bom";"Não existe";"";"Seca";"Perfeito estado";"Não existe";"Não há placas";"";"Dupla";"Não existe";"";""
"2072";2020-03-07;"16:57:00";"SEM VÍTIMA";"FINALIZADA";"BOA VIAGEM";"AV BOA VIAGEM";"4988";"RUA DR VICENTE GOMES";"EDF. LUIZ DIAS LINS";"BOA VIAGEM";483;"";"COLISÃO TRASEIRA";"COLISAO S/ VITIMA ENTRE DOIS VEICULOS. VT 07 BARRETO- ALDILON E GERLANE. NO LOCAL";2;0;0;0;0;0;0;0;0;0;0;"Longo da via";"Bom";"Sem defeito";"Perfeito estado";"Seca";"Perfeito estado";"Faixa de pedestre";"Não há placas";"";"Única";"Faixa seccionada";"";""
"2073";2020-03-07;"17:12:00";"SEM VÍTIMA";"FINALIZADA";"AFOGADOS";"RUA SAO MIGUEL";"800";"RUA BEZERRA DA PALMA";"JUNTO AO QUARTEL DO EXERCITO 14º BATALHÃO LOGISTICO";"AFOGADOS";NA;"SUBURBIO";"COLISÃO";"VEÍCULO VW/ GOL COM AVARIAS SEM CONDIÇÕES DE REMOÇÃO- CONDUTOR AUSENTE";1;0;0;0;0;0;0;0;0;0;0;"";"";"";"";"";"";"";"";"";"";"";"";""
"2074";2020-03-07;"18:31:00";"SEM VÍTIMA";"FINALIZADA";"MADALENA";"EST DOS REMEDIOS";"";"RUA BENFICA";"";"MADALENA";51;"";"ABALROAMENTO TRANSVERSAL";"COLISAO SEM VITIMAS";1;0;0;0;0;1;0;0;0;0;0;"Cruzamento";"Bom";"Sem defeito";"Perfeito estado";"Seca";"Perfeito estado";"Faixa de pedestre";"R-25d";"";"Única";"Faixa contínua";"";""
"2075";2020-03-07;"19:16:00";"SEM VÍTIMA";"CANCELADA";"ESTÂNCIA";"AV RECIFE";"";"";"E/F A ANTIGA ROYALL E POSTO SHELL / APÓS O MACKRO";"ESTÂNCIA";NA;"";"COLISÃO";"ENTRE 2 AUTOS. S/V";2;0;0;0;0;0;0;0;0;0;0;"";"";"";"";"";"";"";"";"";"";"";"";""
"2076";2020-03-07;"20:14:00";"SEM VÍTIMA";"FINALIZADA";"BOA VIAGEM";"AV CONSELHEIRO AGUIAR";"1385";"RUA FREI LEANDRO";"EM FRENTE A GALERIA NORTE CENTER";"BOA VIAGEM";240;"CIDADE";"ABALROAMENTO LONGITUDINAL";"COLISAO SEM VITIMAS";1;1;0;0;0;0;0;0;0;0;0;"Longo da via";"Bom";"Sem defeito";"Perfeito estado";"Seca";"Perfeito estado";"Faixa de pedestre";"R-6a";"60 km/h";"Única";"Faixa contínua";"";""
"2077";2020-03-07;"22:14:00";"SEM VÍTIMA";"CANCELADA";"AFOGADOS";"LARGO DA PAZ";"243";"";"PRÓX A IGREJA UNIVERSAL";"AFOGADOS";NA;"";"COLISÃO";"ENTRE 2 AUTOS. S/V";2;0;0;0;0;0;0;0;0;0;0;"";"";"";"";"";"";"";"";"";"";"";"";""
"2078";2020-03-08;"00:17:00";"SEM VÍTIMA";"FINALIZADA";"IPSEP";"AV RECIFE";"3045";"";"EM FRENTE AO POSTO FEDERAL";"IPSEP";NA;"CIDADE";"CHOQUE OBJETO FIXO";"VEÍCULO CHOCOU-SE CONTRA UM POSTE.";1;0;0;0;0;0;0;0;0;0;0;"Longo da via";"Bom";"Não existe";"Perfeito estado";"Seca";"Perfeito estado";"Não existe";"Não há placas";"60 km/h";"Dupla";"Faixa seccionada";"Canteiro central";""