"";"data";"hora";"natureza_acidente";"situacao";"bairro";"endereco";"numero";"detalhe_endereco_acidente";"complemento";"bairro_cruzamento";"num_semaforo";"sentido_via";"tipo";"descricao";"auto";"moto";"ciclom";"ciclista";"pedestre";"onibus";"caminhao";"viatura";"outros";"vitimas";"vitimasfatais";"acidente_verificado";"tempo_clima";"situacao_semaforo";"sinalizacao";"condicao_via";"conservacao_via";"ponto_controle";"situacao_placa";"velocidade_max_via";"mao_direcao";"divisao_via1";"divisao_via2";"divisao_via3"
"2137";2020-03-09;"16:48:00";"SEM VÍTIMA";"FINALIZADA";"IBURA";"RUA NOVA PALMEIRA";"23";"";"";"IBURA";NA;"SUBURBIO";"COLISÃO TRASEIRA";"COLISÃO SEM VÍTIMA";2;0;0;0;0;0;0;0;0;0;0;"Longo da via";"Bom";"Não existe";"Não existente";"Seca";"Perfeito estado";"Não existe";"Não há placas";"60 km/h";"Dupla";"Não existe";"";""
"2138";2020-03-09;"16:56:00";"SEM VÍTIMA";"CANCELADA";"BONGI";"AV ENGENHEIRO ABDIAS DE CARVALHO";"";"";"E/F A FACULDADE ESTACIO S/T CID";"BONGI";NA;"";"COLISÃO";"COLISAO ENTRE DOIS AUTOS S/V";2;0;0;0;0;0;0;0;0;0;0;"";"";"";"";"";"";"";"";"";"";"";"";""
"2139";2020-03-09;"17:16:00";"SEM VÍTIMA";"FINALIZADA";"GRAÇAS";"RUA AMARO BEZERRA";"433";"RUA JOAQUIM NABUCO";"EM FRENTE A GALERIA DERBY CENTER";"GRAÇAS";71;"SUBURBIO";"ABALROAMENTO LONGITUDINAL";"COLISÃO SEM VÍTIMA";1;0;0;0;0;1;0;0;0;0;0;"Cruzamento";"Bom";"Sem defeito";"Perfeito estado";"Seca";"Perfeito estado";"Faixa de pedestre";"R-4b";"";"Única";"Não existe";"";""
"2140";2020-03-09;"17:16:00";"SEM VÍTIMA";"FINALIZADA";"IPSEP";"AV RECIFE";"";"";"CARLOS FILMS EQUIPADORA";"IPSEP";319;"";"COLISÃO TRASEIRA";"COLISAO S/ VITIMA ENTRE DOIS VEICULOS";2;0;0;0;0;0;0;0;0;0;0;"Longo da via";"Bom";"Sem defeito";"Perfeito estado";"Seca";"Perfeito estado";"Faixa de pedestre";"Outras";"60 km/h";"Dupla";"Faixa contínua";"Faixa seccionada";"Canteiro central"
"2141";2020-03-09;"18:12:00";"SEM VÍTIMA";"FINALIZADA";"IMBIRIBEIRA";"AV MARECHAL MASCARENHAS DE MORAES";"";"";"SOBRE O VIADULTO TANCREDO NEVES";"IMBIRIBEIRA";NA;"SUBURBIO";"COLISÃO TRASEIRA";"PRISMA X VOYAGE";2;0;0;0;0;0;0;0;0;0;0;"Longo da via";"Bom";"Não existe";"Perfeito estado";"Seca";"Perfeito estado";"Agente";"Não há placas";"40 km/h";"Única";"Faixa seccionada";"";""
"2142";2020-03-09;"18:28:00";"SEM VÍTIMA";"FINALIZADA";"CAMPO GRANDE";"EST DE BELEM";"1217";"RUA JERONIMO VILELA";"IGREJA EVANGELICA BRASILEIRA";"CAMPO GRANDE";NA;"CIDADE";"ABALROAMENTO LONGITUDINAL";"CAMINHAO X GRAND SIENA";1;0;0;0;0;0;1;0;0;0;0;"Longo da via";"Bom";"Sem defeito";"Perfeito estado";"Seca";"Perfeito estado";"Faixa de pedestre";"Não há placas";"";"Dupla";"Faixa seccionada";"";""
"2143";2020-03-09;"18:33:00";"SEM VÍTIMA";"FINALIZADA";"";"RUA MADRE DEUS";"";"CAIS DA ALFANDEGA";"ESTACIONAMENTO PAÇO ALFÂNDEGA";"";477;"SUBURBIO";"ABALROAMENTO LONGITUDINAL";"TAXI E CAMINHAO";1;0;0;0;0;0;1;0;0;0;0;"Cruzamento";"Bom";"Sem defeito";"Perfeito estado";"Seca";"Perfeito estado";"Agente";"Não há placas";"";"Única";"Faixa contínua";"";""
"2144";2020-03-09;"18:35:00";"COM VÍTIMA";"FINALIZADA";"IPSEP";"RUA JEAN EMILE FAVRE";"539";"";"PROX A FACULDADE BOA VIAGEM";"IPSEP";NA;"CIDADE";"ABALROAMENTO LONGITUDINAL";"COLISAO COM VITIMAS";1;1;0;0;0;0;0;0;0;1;0;"Longo da via";"Bom";"Não existe";"Perfeito estado";"Seca";"Perfeito estado";"Não existe";"Outras";"";"Dupla";"Faixa contínua";"Faixa seccionada";""
"2145";2020-03-09;"19:03:00";"SEM VÍTIMA";"CANCELADA";"BOA VIAGEM";"RUA SA E SOUZA";"263";"";"ENF. AO EDF. MIRA MAR E PADARIA SANTA ROSA";"BOA VIAGEM";NA;"";"COLISÃO";"HB 20 X PALIO";2;0;0;0;0;0;0;0;0;0;0;"";"";"";"";"";"";"";"";"";"";"";"";""
"2146";2020-03-09;"19:08:00";"SEM VÍTIMA";"CANCELADA";"BOA VIAGEM";"RUA JOSE HIPOLITO CARDOSO";"225";"RUA GENERAL SALGADO";"ENF. A BUDEGA DO RAFHA";"BOA VIAGEM";NA;"";"COLISÃO";"ONIBUS BORBOREMA X PORSCHE";1;0;0;0;0;1;0;0;0;0;0;"";"";"";"";"";"";"";"";"";"";"";"";""
"2147";2020-03-09;"19:14:00";"SEM VÍTIMA";"CANCELADA";"BREJO DE BEBERIBE";"RUA ALTO DO EUCALIPTO";"816";"";"PROX ASSOCIAÇAO DOS MORADORES";"BREJO DE BEBERIBE";NA;"";"COLISÃO";"DOIS AUTOS";2;0;0;0;0;0;0;0;0;0;0;"";"";"";"";"";"";"";"";"";"";"";"";""
"2148";2020-03-09;"19:17:00";"SEM VÍTIMA";"FINALIZADA";"PINA";"AV ANTONIO DE GOES";"";"";"EM FRENTE AO EMPRESARIAL JCPM";"PINA";NA;"CIDADE";"ABALROAMENTO LONGITUDINAL";"COLISAO DE DOIS AUTOS";2;0;0;0;0;0;0;0;0;0;0;"Longo da via";"Bom";"Não existe";"Perfeito estado";"Seca";"Perfeito estado";"Não existe";"Outras";"60 km/h";"Dupla";"Faixa contínua";"Canteiro central";""
"2149";2020-03-09;"19:43:00";"COM VÍTIMA";"CANCELADA";"IPSEP";"AV RECIFE";"2785";"";"PROX A FARMACIA PAGUEMENOS E MERCANTIL BATERIAS //SENTIDO CAXANGA";"IPSEP";NA;"";"COLISÃO";"MOTO X HB 20";1;1;0;0;0;0;0;0;0;1;0;"";"";"";"";"";"";"";"";"";"";"";"";""
"2150";2020-03-09;"19:57:00";"SEM VÍTIMA";"FINALIZADA";"PINA";"AV ENGENHEIRO DOMINGOS FERREIRA";"0";"";"E/F ESCOLA MUNICIPAL OSWALDO LIMA FILHO";"PINA";200;"SUBURBIO";"ABALROAMENTO LONGITUDINAL";"ONIBUS BORBOREMA X AUTO";1;0;0;0;0;1;0;0;0;0;0;"Longo da via";"Bom";"Sem defeito";"Perfeito estado";"Seca";"Perfeito estado";"Faixa de pedestre";"";"";"Única";"Canteiro central";"";""
"2151";2020-03-09;"20:01:00";"COM VÍTIMA";"FINALIZADA";"DOIS UNIDOS";"AV HILDEBRANDO DE VASCONCELOS";"1017";"";"E/F A FABRICA DA MINEVA";"DOIS UNIDOS";NA;"SUBURBIO";"ABALROAMENTO LONGITUDINAL";"COLISAO COM VITIMAS";0;2;0;0;0;0;0;0;0;3;0;"Longo da via";"Bom";"Não existe";"Perfeito estado";"Seca";"";"Não existe";"Outras";"";"Dupla";"Não existe";"";""
"2152";2020-03-09;"20:04:00";"COM VÍTIMA";"FINALIZADA";"TORRE";"RUA JOAO TUDE DE MELO";"";"";"SOBRE A PONTE DA TORRE SENTIDO DE CASA AMARELA";"TORRE";NA;"SUBURBIO";"COLISÃO TRASEIRA";"MOTO X AUTO   OBS: VT DA CTTU 13 ESTA NO LOCAL";1;1;0;0;0;0;0;0;0;1;0;"Viaduto";"Bom";"Não existe";"Não existente";"Seca";"Perfeito estado";"";"Não há placas";"";"Dupla";"Canteiro central";"";""
"2153";2020-03-09;"20:19:00";"SEM VÍTIMA";"FINALIZADA";"GRAÇAS";"RUA DEPUTADO PEDRO PIRES FERREIRA";"913";"";"GALERIA JAQUEIRA PARK CENTER";"GRAÇAS";NA;"SUBURBIO";"COLISÃO TRASEIRA";"HONDA FIT X ECOESPORT";2;0;0;0;0;0;0;0;0;0;0;"Longo da via";"Bom";"Não existe";"Perfeito estado";"Seca";"Perfeito estado";"Não existe";"Não há placas";"";"Dupla";"Não existe";"";""
"2154";2020-03-09;"20:47:00";"SEM VÍTIMA";"CANCELADA";"MADALENA";"RUA DEMOCRITO DE SOUZA FILHO";"";"RUA JOSE OSORIO";"NO CRUZAMENTO MESMO";"MADALENA";NA;"";"COLISÃO";"COLISAO S/ VITIMAS";2;0;0;0;0;0;0;0;0;0;0;"";"";"";"";"";"";"";"";"";"";"";"";""
"2155";2020-03-09;"21:06:00";"SEM VÍTIMA";"FINALIZADA";"TORRE";"RUA SOUZA BANDEIRA";"";"RUA TOMAZ GONZAGA";"ESQUINA BAR DO LOURENÇO";"TORRE";448;"SUBURBIO";"ABALROAMENTO TRANSVERSAL";"GOL X SANDERO";2;0;0;0;0;0;0;0;0;0;0;"Cruzamento";"Bom";"Com defeito";"Perfeito estado";"Seca";"Perfeito estado";"Faixa de pedestre";"";"";"Dupla";"Faixa seccionada";"";""
"2156";2020-03-09;"21:55:00";"SEM VÍTIMA";"FINALIZADA";"SAN MARTIN";"RUA JOSE VELOSO";"";"RUA APULCRO DE ASSUNCAO";"";"SAN MARTIN";NA;"";"ABALROAMENTO TRANSVERSAL";"PRISMA X MARCH";2;0;0;0;0;0;0;0;0;0;0;"Cruzamento";"Bom";"Não existe";"Perfeito estado";"Seca";"Perfeito estado";"Não existe";"Não há placas";"";"Dupla";"Não existe";"";""
"2157";2020-03-10;"06:48:00";"SEM VÍTIMA";"FINALIZADA";"MADALENA";"EST DOS REMEDIOS";"2024";"";"EM FRENTE A CONSUMA";"MADALENA";NA;"";"ABALROAMENTO TRANSVERSAL";"COLISÃO SEM VITIMAS  GM FABIO QTH";2;0;0;0;0;0;0;0;0;0;0;"Longo da via";"Bom";"Não existe";"Perfeito estado";"Seca";"Perfeito estado";"Agente";"Placas Pare";"";"Única";"Faixa seccionada";"";""
"2158";2020-03-10;"06:49:00";"COM VÍTIMA";"FINALIZADA";"PINA";"AV HERCULANO BANDEIRA";"";"";"";"PINA";657;"SUBURBIO";"COLISÃO TRASEIRA";"COLISÃO ENTRE AOUTO E MOTO COM 1 VÍTIMA";1;1;0;0;0;0;0;0;0;1;0;"Longo da via";"Bom";"Sem defeito";"Perfeito estado";"Seca";"Perfeito estado";"Faixa de pedestre";"Outras";"";"Única";"Faixa contínua";"";""
"2159";2020-03-10;"06:57:00";"SEM VÍTIMA";"FINALIZADA";"PRADO";"AV ENGENHEIRO ABDIAS DE CARVALHO";"333";"";"POSTO SHELL";"PRADO";NA;"CIDADE";"COLISÃO TRASEIRA";"COLISAO SEM VITMAS ENTRE UMA MOTO E DOIS CARROS- GM FELIPE NO QTH";2;1;0;0;0;0;0;0;0;0;0;"Longo da via";"Bom";"Não existe";"Perfeito estado";"Seca";"Perfeito estado";"Não existe";"Não há placas";"";"Única";"Faixa seccionada";"";""
"2160";2020-03-10;"06:59:00";"COM VÍTIMA";"FINALIZADA";"CORDEIRO";"RUA FRANCISCO CORTEZ";"50";"RUA WALFRIDO DE MEDEIROS";"APOS O SUPERMERCADO IDEAL SEGUNDA A ESQ.";"CORDEIRO";NA;"";"ABALROAMENTO TRANSVERSAL";"MOTO E AUTO C/V";1;1;0;0;0;0;0;0;0;1;0;"Cruzamento";"Bom";"Não existe";"";"Seca";"";"Não existe";"Não há placas";"";"Dupla";"Não existe";"";""
"2161";2020-03-10;"07:21:00";"SEM VÍTIMA";"FINALIZADA";"IPUTINGA";"EST DO BARBALHO";"229";"";"ANTONIA PLACAS";"IPUTINGA";NA;"CIDADE";"ABALROAMENTO TRANSVERSAL";"DOIS AUTOS (SEGUNDO SUB. ANTEOGENES E JOSENILDO MELO UMA DAS PARTES PASSOU MAL ANTES DO OCORRIDO E SERÁ SOCORRIDA PELO SAMU- POREM O MESMO INF. QUE A OCORRENCIA SERÁ REGISTRADA COMO S/V).";1;0;0;0;0;1;0;0;0;0;0;"Longo da via";"Bom";"Não existe";"Perfeito estado";"Seca";"Perfeito estado";"Não existe";"Não há placas";"40 km/h";"Única";"Não existe";"";""
"2162";2020-03-10;"07:51:00";"SEM VÍTIMA";"FINALIZADA";"PINA";"PTE AGAMENON MAGALHAES";"";"";"E/F AO RESTAURANTE BARGAÇO";"PINA";NA;"CIDADE";"COLISÃO FRONTAL";"COLISÃO S/VITIMAS ENTRE DOIS AUTOS";2;0;0;0;0;0;0;0;0;0;0;"Ponte";"Bom";"Sem defeito";"Perfeito estado";"Seca";"Perfeito estado";"Não existe";"Não há placas";"60 km/h";"Única";"Faixa seccionada";"";""
"2163";2020-03-10;"07:51:00";"COM VÍTIMA";"FINALIZADA";"CAMPO GRANDE";"EST DE BELEM";"848";"RUA PRUDENTE DE MORAES";"CLINICA CENTRAL";"CAMPO GRANDE";94;"SUBURBIO";"ATROPELAMENTO";"COM VITIMAS";1;0;0;0;1;0;0;0;0;1;0;"Cruzamento";"Bom";"Sem defeito";"Perfeito estado";"Seca";"Perfeito estado";"Faixa de pedestre";"Outras";"";"Dupla";"Faixa contínua";"";""
"2164";2020-03-10;"08:03:00";"SEM VÍTIMA";"FINALIZADA";"CIDADE UNIVERSITÁRIA";"RUA GENERAL POLIDORO";"494";"RUA MARECHAL MANOEL LUIS OSORIO";"PETISCARIA 351";"CIDADE UNIVERSITÁRIA";NA;"SUBURBIO";"COLISÃO TRASEIRA";"COLISÃO  SEM VITIMAS VT 14  QTH";1;0;0;0;0;1;0;0;0;0;0;"Longo da via";"Bom";"Não existe";"Perfeito estado";"Seca";"Perfeito estado";"Não existe";"";"30 km/h";"Dupla";"Faixa contínua";"";""
"2165";2020-03-10;"08:14:00";"SEM VÍTIMA";"FINALIZADA";"VÁRZEA";"AV CAXANGA";"4617";"RUA GENERAL POLIDORO";"EM FRENTE A FIAT ITALIANA";"VÁRZEA";231;"CIDADE";"COLISÃO TRASEIRA";"DOIS AUTOS PONTO FIXO GM´S FONTENELE E ALMEIDA VELOSO";2;0;0;0;0;0;0;0;0;0;0;"Longo da via";"Bom";"Sem defeito";"Ilegível";"Seca";"Perfeito estado";"Faixa de pedestre";"Não há placas";"60 km/h";"Dupla";"Canteiro central";"";""
"2166";2020-03-10;"08:05:00";"SEM VÍTIMA";"FINALIZADA";"BOA VIAGEM";"AV BOA VIAGEM";"704";"";"";"BOA VIAGEM";121;"SUBURBIO";"ABALROAMENTO LONGITUDINAL";"COLISÃO S/VITIMAS ENTRE DOIS AUTOS";2;0;0;0;0;0;0;0;0;0;0;"Longo da via";"Bom";"Sem defeito";"Perfeito estado";"Seca";"Perfeito estado";"Faixa de pedestre";"Não há placas";"";"Única";"Faixa seccionada";"";""
"2167";2020-03-10;"08:27:00";"SEM VÍTIMA";"FINALIZADA";"MADALENA";"RUA REAL DA TORRE";"737";"";"BARTZ MÓVEIS PLANEJADOS";"MADALENA";NA;"CIDADE";"ABALROAMENTO LONGITUDINAL";"DOIS AUTOS";2;0;0;0;0;0;0;0;0;0;0;"Longo da via";"Bom";"Não existe";"Perfeito estado";"Seca";"Perfeito estado";"Não existe";"Outras";"";"Única";"Faixa seccionada";"";""
"2168";2020-03-10;"08:46:00";"SEM VÍTIMA";"FINALIZADA";"IMBIRIBEIRA";"RUA ENGENHEIRO BRANDAO CAVALCANTE";"";"RUA GENERAL GOES MONTEIRO";"";"IMBIRIBEIRA";NA;"CIDADE";"ABALROAMENTO LONGITUDINAL";"COLISÃO S/VITIMAS ENTRE DOIS AUTOS";2;0;0;0;0;0;0;0;0;0;0;"Cruzamento";"Bom";"Não existe";"Perfeito estado";"Seca";"Perfeito estado";"Não existe";"Placas Pare";"30 km/h";"Dupla";"Não existe";"";""
"2169";2020-03-10;"09:16:00";"SEM VÍTIMA";"FINALIZADA";"CABANGA";"AV SATURNINO DE BRITO";"472";"";"E/F A ESTAÇÃO DA COMPESA";"CABANGA";NA;"";"COLISÃO";"COLISÃO S/VITIMAS ENTRE DOIS AUTOS";2;0;0;0;0;0;0;0;0;0;0;"";"";"";"";"";"";"";"";"";"";"";"";""
"2170";2020-03-10;"09:17:00";"SEM VÍTIMA";"FINALIZADA";"GRAÇAS";"RUA AMELIA";"";"RUA DR VICENTE MEIRA";"GALETO AMÉLIA";"GRAÇAS";NA;"SUBURBIO";"ABALROAMENTO LONGITUDINAL";"COLISÃO ENTRE DOIS AUTOS SEM VÍTIMAS";2;0;0;0;0;0;0;0;0;0;0;"Longo da via";"Bom";"Não existe";"Perfeito estado";"Seca";"Perfeito estado";"Não existe";"Outras";"30 km/h";"Única";"Não existe";"";""
"2171";2020-03-10;"09:21:00";"SEM VÍTIMA";"FINALIZADA";"TORREÃO";"RUA OTHON PARAISO";"";"AV GOVERNADOR AGAMENON MAGALHAES";"PRÉDIO LIMA FALCÃO E ADVOGADOS";"TORREÃO";NA;"";"ABALROAMENTO TRANSVERSAL";"DOIS AUTOS";2;0;0;0;0;0;0;0;0;0;0;"Cruzamento";"Bom";"Não existe";"Perfeito estado";"Seca";"";"Não existe";"Placas Pare";"";"Dupla";"Canteiro central";"";""
"2172";2020-03-10;"09:40:00";"SEM VÍTIMA";"FINALIZADA";"IMBIRIBEIRA";"RUA BARAO DE SOUZA LEAO";"";"RUA WALDEMAR NERY CARNEIRO MONTEIRO";"EM FRENTE AO BAITA BURGER";"IMBIRIBEIRA";NA;"";"ABALROAMENTO LONGITUDINAL";"COLISÃO S/VITIMAS ENTRE DOIS AUTOS";2;0;0;0;0;0;0;0;0;0;0;"Longo da via";"Bom";"Não existe";"Perfeito estado";"Seca";"Perfeito estado";"Não existe";"Não há placas";"";"Única";"Faixa seccionada";"";""
"2173";2020-03-10;"09:44:00";"SEM VÍTIMA";"CANCELADA";"CORDEIRO";"RUA PIERRE CURIE";"";"RUA MAURICIO DE NASSAU";"EM FRENTE AO POSTO DE  GASOLINA PETROCAL";"CORDEIRO";NA;"";"COLISÃO";"COLISÃO SEM VITIMAS";1;1;0;0;0;0;0;0;0;0;0;"";"";"";"";"";"";"";"";"";"";"";"";""
"2174";2020-03-10;"09:59:00";"SEM VÍTIMA";"FINALIZADA";"AFLITOS";"CAIS DO APOLO";"925";"";"AO LADO DA PREFEITURA DO RECIFE";"AFLITOS";NA;"SUBURBIO";"ABALROAMENTO LONGITUDINAL";"COLISÃO S/VITIMAS ENTRE DOIS AUTOS (GM PERÔNIMO E FREDERICO NO QTH)";2;0;0;0;0;0;0;0;0;0;0;"Longo da via";"Bom";"Não existe";"Perfeito estado";"Seca";"Perfeito estado";"Agente";"R-6a";"";"Dupla";"Canteiro central";"";""
"2175";2020-03-10;"10:52:00";"SEM VÍTIMA";"CANCELADA";"AFOGADOS";"RUA NAPOLEAO TEIXEIRA DE MACEDO";"70";"";"RESIDENCIA  PROX O CDD DOS CORREIOS";"AFOGADOS";NA;"";"COLISÃO";"COLISÃO SEM VITIMAS";1;0;0;0;0;0;1;0;0;0;0;"";"";"";"";"";"";"";"";"";"";"";"";""
"2176";2020-03-10;"11:31:00";"SEM VÍTIMA";"FINALIZADA";"BOA VIAGEM";"AV DES JOSE NEVES";"334";"";"EM FRENTE AO Nº 334";"BOA VIAGEM";NA;"CIDADE";"COLISÃO TRASEIRA";"COLISÃO S/VITIMAS ENTRE DOIS AUTOS";2;0;0;0;0;0;0;0;0;0;0;"Longo da via";"Bom";"Não existe";"Perfeito estado";"Seca";"Perfeito estado";"Faixa de pedestre";"";"50 km/h";"Dupla";"Faixa seccionada";"Canal";""
"2177";2020-03-10;"11:38:00";"SEM VÍTIMA";"FINALIZADA";"TAMARINEIRA";"RUA PADRE ROMA";"652";"RUA MIZAEL MONTENEGRO";"";"TAMARINEIRA";NA;"";"ABALROAMENTO TRANSVERSAL";"COLISÃO SEM VITIMAS";2;0;0;0;0;0;0;0;0;0;0;"Longo da via";"Bom";"Não existe";"Perfeito estado";"Seca";"Perfeito estado";"Faixa de retenção";"Placas Pare";"30 km/h";"Dupla";"Faixa seccionada";"";""
"2178";2020-03-10;"12:13:00";"SEM VÍTIMA";"FINALIZADA";"BAIRRO DO RECIFE";"CAIS DO APOLO";"739";"";"EM FRENTE AO TRT";"BAIRRO DO RECIFE";NA;"CIDADE";"ABALROAMENTO LONGITUDINAL";"COLISAO S/ VITIMA ENTRE DOIS VEICULOS.";2;0;0;0;0;0;0;0;0;0;0;"Longo da via";"Bom";"Sem defeito";"Perfeito estado";"Seca";"Perfeito estado";"Não existe";"Outras";"";"Dupla";"Canteiro central";"";""
"2179";2020-03-10;"12:15:00";"SEM VÍTIMA";"CANCELADA";"AFOGADOS";"RUA SAO MIGUEL";"436";"";"EM FRENTE AO POSTO DISLUB";"AFOGADOS";NA;"";"COLISÃO";"COLISÃO SEM VÍTIMA";1;1;0;0;0;0;0;0;0;0;0;"";"";"";"";"";"";"";"";"";"";"";"";""
"2180";2020-03-10;"13:29:00";"SEM VÍTIMA";"FINALIZADA";"AFOGADOS";"RUA IMPERIAL";"2006";"";"";"AFOGADOS";NA;"SUBURBIO";"ABALROAMENTO LONGITUDINAL";"COLISAO ENTRE CAMINHAO E AUTO S/V";1;0;0;0;0;0;1;0;0;0;0;"Longo da via";"Bom";"Sem defeito";"";"Seca";"";"Não existe";"R-6a";"";"Única";"Não existe";"";""
"2181";2020-03-10;"13:58:00";"SEM VÍTIMA";"FINALIZADA";"CASA AMARELA";"";"5944";"RUA JAPARATUBA";"PRÓXIMO MERCADO DO ÓLEO";"CASA AMARELA";NA;"SUBURBIO";"ABALROAMENTO LONGITUDINAL";"COLISÃO SEM VÍTIMA";1;0;0;0;0;1;0;0;0;0;0;"";"Bom";"Não existe";"Perfeito estado";"Seca";"Perfeito estado";"";"Outras";"";"Dupla";"Blocos";"";""
"2182";2020-03-10;"14:20:00";"SEM VÍTIMA";"FINALIZADA";"ILHA DO LEITE";"RUA FRANCISCO ALVES";"";"";"AO LADO DO SEBRE";"ILHA DO LEITE";NA;"";"ABALROAMENTO LONGITUDINAL";"COLISAO S/VITIMA ENTRE DOIS VEICULOS";2;0;0;0;0;0;0;0;0;0;0;"Longo da via";"Bom";"Não existe";"Perfeito estado";"Seca";"Perfeito estado";"Faixa de pedestre";"Outras";"";"Dupla";"Canteiro central";"";""
"2183";2020-03-10;"14:41:00";"SEM VÍTIMA";"FINALIZADA";"BONGI";"AV ENGENHEIRO ABDIAS DE CARVALHO";"";"";"PRAÇA DA CHESF";"BONGI";422;"CIDADE";"COLISÃO TRASEIRA";"COLISIAO ENTRE TRES AUTOS S/V";3;0;0;0;0;0;0;0;0;0;0;"Longo da via";"Bom";"Sem defeito";"Perfeito estado";"Seca";"Perfeito estado";"Faixa de retenção";"Não há placas";"60 km/h";"Dupla";"Canteiro central";"";""
"2184";2020-03-10;"15:05:00";"COM VÍTIMA";"FINALIZADA";"ESPINHEIRO";"RUA DO ESPINHEIRO";"468";"AV CONS ROSA E SILVA";"HOSPITAL DO SERVIDOR";"ESPINHEIRO";NA;"";"ATROPELAMENTO";"COLISAO COM VITIMA ENTRE MOTO E PEDESTRE. VT 13";0;1;0;0;1;0;0;0;0;1;0;"Esquina";"Bom";"Não existe";"Perfeito estado";"Seca";"Perfeito estado";"Não existe";"";"";"Única";"Faixa seccionada";"";""
"2185";2020-03-10;"15:28:00";"COM VÍTIMA";"FINALIZADA";"ÁGUA FRIA";"RUA ALEGRE";"";"RUA ZEFERINO AGRA";"COLEGIO ALFREDO FREIRE";"ÁGUA FRIA";431;"SUBURBIO";"ABALROAMENTO TRANSVERSAL";"COLISAO COM VITIMA ENTRE MOTO E VEICULO";1;1;0;0;0;0;0;0;0;1;0;"Cruzamento";"Bom";"Sem defeito";"Perfeito estado";"Seca";"Perfeito estado";"Faixa de pedestre";"Placas Pare";"40 km/h";"Única";"Não existe";"";""
"2186";2020-03-10;"15:31:00";"COM VÍTIMA";"FINALIZADA";"MADALENA";"AV JOSE GONCALVES DE MEDEIROS";"138";"RUA COMENDADOR BENTO AGUIAR";"PROXIMO A PAGUE MENOS";"MADALENA";NA;"SUBURBIO";"ABALROAMENTO LONGITUDINAL";"COLISÃO COM VÍTIMA";1;1;0;0;0;0;0;0;0;1;0;"Cruzamento";"Bom";"Não existe";"Perfeito estado";"Seca";"Perfeito estado";"Não existe";"Não há placas";"";"Dupla";"Faixa contínua";"";""
"2187";2020-03-10;"16:06:00";"SEM VÍTIMA";"FINALIZADA";"MADALENA";"AV VISCONDE DE ALBUQUERQUE";"";"RUA LOPES DE CARVALHO";"";"MADALENA";NA;"SUBURBIO";"ABALROAMENTO TRANSVERSAL";"COLISÃO SEM VÍTIMA";2;0;0;0;0;0;0;0;0;0;0;"Cruzamento";"Bom";"Não existe";"Perfeito estado";"Seca";"Perfeito estado";"Não existe";"R-24a";"";"Única";"Faixa seccionada";"";""
"2188";2020-03-10;"16:15:00";"SEM VÍTIMA";"FINALIZADA";"PINA";"AV HERCULANO BANDEIRA";"1001";"";"EM FRENTE AO ATACADO DA CONSTRUÇÃO";"PINA";660;"SUBURBIO";"ABALROAMENTO LONGITUDINAL";"COLISÃO SEM VÍTIMA";1;1;0;0;0;0;0;0;0;0;0;"Longo da via";"Bom";"Sem defeito";"Perfeito estado";"Seca";"Perfeito estado";"Faixa de pedestre";"Outras";"60 km/h";"Única";"Faixa contínua";"Faixa seccionada";""
"2189";2020-03-10;"16:16:00";"COM VÍTIMA";"FINALIZADA";"ILHA DO LEITE";"AV GOVERNADOR AGAMENON MAGALHAES";"550";"RUA PAISSANDU";"HOSPITAL PORTUGUES";"ILHA DO LEITE";69;"SUBURBIO";"ABALROAMENTO TRANSVERSAL";"COLISAO COM VITIMA ENTRE AMBULANCIA E MOTO. GCM: MILE E JACSON ROBERTO. RESERVA 02";0;1;0;0;0;0;1;0;0;1;0;"Cruzamento";"Bom";"Sem defeito";"Perfeito estado";"Seca";"Perfeito estado";"Faixa de pedestre";"Outras";"";"Única";"Canteiro central";"";""
"2190";2020-03-10;"17:19:00";"SEM VÍTIMA";"FINALIZADA";"SANTO AMARO";"AV GOVERNADOR AGAMENON MAGALHAES";"";"";"PRÓXIMO SEMÁFORO 378 - SENTIDO OLINDA";"SANTO AMARO";378;"SUBURBIO";"COLISÃO TRASEIRA";"COLISÃO SEM VÍTIMA";2;0;0;0;0;0;0;0;0;0;0;"Longo da via";"Bom";"Sem defeito";"Perfeito estado";"Seca";"Perfeito estado";"Não existe";"Não há placas";"60 km/h";"Dupla";"Faixa seccionada";"Canteiro central";""
"2191";2020-03-10;"17:32:00";"COM VÍTIMA";"FINALIZADA";"CAXANGÁ";"AV CAXANGA";"893";"";"E/F A ESTAÇAO ZUMBI";"CAXANGÁ";NA;"SUBURBIO";"COLISÃO COM CICLISTA";"COLISAO DE MOTO COM CICLISTA";0;1;0;1;0;0;0;0;0;1;0;"Longo da via";"Bom";"Sem defeito";"Perfeito estado";"Seca";"Perfeito estado";"Faixa de pedestre";"Outras";"";"Única";"Faixa seccionada";"";""
"2192";2020-03-10;"17:32:00";"SEM VÍTIMA";"FINALIZADA";"TORRE";"RUA DOM MANOEL DA COSTA";"";"RUA PADRE LANDIM";"AO LADO DO Nº 349";"TORRE";NA;"";"ABALROAMENTO TRANSVERSAL";"COLISÃO SEM VÍTIMA";2;0;0;0;0;0;0;0;0;0;0;"Cruzamento";"Bom";"Sem defeito";"";"Seca";"";"Faixa de pedestre";"R-6a";"";"Única";"";"";""