"";"data";"hora";"natureza_acidente";"situacao";"bairro";"endereco";"numero";"detalhe_endereco_acidente";"complemento";"bairro_cruzamento";"num_semaforo";"sentido_via";"tipo";"descricao";"auto";"moto";"ciclom";"ciclista";"pedestre";"onibus";"caminhao";"viatura";"outros";"vitimas";"vitimasfatais";"acidente_verificado";"tempo_clima";"situacao_semaforo";"sinalizacao";"condicao_via";"conservacao_via";"ponto_controle";"situacao_placa";"velocidade_max_via";"mao_direcao";"divisao_via1";"divisao_via2";"divisao_via3"
"2468";2020-04-28;"08:40:00";"COM VÍTIMA";"FINALIZADA";"TORRE";"RUA CONDE DE IRAJA";"";"AV BEIRA RIO";"PROX A ACADEMIA DA CIDADE";"TORRE";630;"SUBURBIO";"ABALROAMENTO TRANSVERSAL";"COLISAO ENDRE AUTO/ MOTO";1;1;0;0;0;0;0;0;0;1;0;"Cruzamento";"Bom";"Sem defeito";"Perfeito estado";"Seca";"Perfeito estado";"Faixa de retenção";"Placas Pare";"";"Dupla";"Faixa contínua";"";""
"2469";2020-04-28;"13:26:00";"COM VÍTIMA";"FINALIZADA";"MADALENA";"AV ENGENHEIRO ABDIAS DE CARVALHO";"";"";"EM FRENTE A ESTACIO/ SENTIDO BR";"MADALENA";328;"SUBURBIO";"ABALROAMENTO LONGITUDINAL";"COLISÃO COM VÍTIMA";0;1;0;0;0;0;0;0;1;2;0;"Longo da via";"Bom";"Não existe";"Perfeito estado";"Seca";"Perfeito estado";"Não existe";"Outras";"60 km/h";"Dupla";"Canteiro central";"";""
"2470";2020-04-28;"13:32:00";"COM VÍTIMA";"FINALIZADA";"TAMARINEIRA";"RUA CONEGO BARATA";"811";"";"AO LADO DA FERREIRA COSTA.";"TAMARINEIRA";NA;"CIDADE";"COLISÃO TRASEIRA";"COLISAO ENTRE AUTO E MOTO COM UMA VITIMA GM ESDRAS DE OLIVEIRA NO LOCAL";1;1;0;0;0;0;0;0;0;1;0;"Longo da via";"Bom";"Não existe";"Perfeito estado";"Seca";"Perfeito estado";"";"R-6a";"";"Dupla";"Canteiro central";"";""
"2471";2020-04-29;"07:45:00";"COM VÍTIMA";"FINALIZADA";"BARRO";"AV DR JOSE RUFINO";"2337";"RUA CAPITAO PONCIANO";"EM FRENTE A PANIFICADORA TONY ALBUQUERQUE";"BARRO";NA;"CIDADE";"ABALROAMENTO TRANSVERSAL";"COM DUAS VITIMAS AGUARDANDO SAMU";1;1;0;0;0;0;0;0;0;2;0;"Longo da via";"Bom";"Não existe";"Perfeito estado";"Seca";"Perfeito estado";"Não existe";"R-6a";"";"Dupla";"Faixa contínua";"";""
"2472";2020-04-29;"11:14:00";"SEM VÍTIMA";"FINALIZADA";"BAIRRO DO RECIFE";"PTE BUARQUE DE MACEDO";"";"";"NO INICIO DA PONTE BUARQUE DE MACEDO";"BAIRRO DO RECIFE";NA;"SUBURBIO";"COLISÃO";"SEM VITIMAS";1;0;0;0;0;0;0;1;0;0;0;"Cruzamento";"Bom";"Sem defeito";"Perfeito estado";"Seca";"Perfeito estado";"Faixa de pedestre";"Outras";"";"Única";"Faixa seccionada";"";""
"2473";2020-04-29;"11:35:00";"COM VÍTIMA";"FINALIZADA";"DERBY";"AV GOVERNADOR AGAMENON MAGALHAES";"";"AV GOVERNADOR CARLOS DE LIMA CAVALCANTI";"EM FRENTE A MAC DONALDS";"DERBY";75;"SUBURBIO";"ABALROAMENTO LONGITUDINAL";"COM UMA VITIMA SOCORRIDA PELO SAMU";0;1;0;0;0;0;0;1;0;1;0;"Cruzamento";"Bom";"Sem defeito";"Perfeito estado";"Seca";"Perfeito estado";"Faixa de pedestre";"Outras";"60KM";"Dupla";"Canal";"";""
"2474";2020-04-29;"13:41:00";"COM VÍTIMA";"FINALIZADA";"IBURA";"AV DOIS RIOS";"1127";"";"E/F A NETINHO MOTOS";"IBURA";NA;"CIDADE";"COLISÃO FRONTAL";"COLISÃO C/VITIMA ENTRE UM AUTO E MOTO";1;1;0;0;0;0;0;0;0;1;0;"Longo da via";"Bom";"Não existe";"Ilegível";"Seca";"Perfeito estado";"Não existe";"Outras";"";"Dupla";"Faixa contínua";"";""
"2475";2020-04-29;"14:05:00";"COM VÍTIMA";"FINALIZADA";"IPUTINGA";"RUA BOM PASTOR";"67";"";"E/F A GALERIA IPUTINGA";"IPUTINGA";8;"SUBURBIO";"COLISÃO TRASEIRA";"COLISÃO C/VITIMA ENTRE TRÊS AUTOS";3;0;0;0;0;0;0;0;0;1;0;"Longo da via";"Bom";"Sem defeito";"Incompleta";"Seca";"Mal conservada";"Faixa de pedestre";"R-6a";"";"Única";"Não existe";"";""
"2476";2020-04-29;"16:42:00";"COM VÍTIMA";"FINALIZADA";"CORDEIRO";"RUA PROFESSOR JOAQUIM XAVIER DE BRITO";"";"RUA DR MIGUEL VIEIRA FERREIRA";"E/F A GALERIA TEREZA CRISTINA E FARMÁCIA DO TRABALHADOR.";"CORDEIRO";541;"SUBURBIO";"ABALROAMENTO TRANSVERSAL";"COLISÃO C/VITIMAS ENTRE UMA MOTO E UM AUTO";1;1;0;0;0;0;0;0;0;2;0;"Cruzamento";"Bom";"Sem defeito";"Perfeito estado";"Seca";"Perfeito estado";"Não existe";"R-5a";"";"Dupla";"Faixa contínua";"";""
"2477";2020-04-30;"00:36:00";"COM VÍTIMA";"CANCELADA";"CASA AMARELA";"AV NORTE";"";"RUA BELA VISTA";"E/F AO REI DA PICANHA";"CASA AMARELA";677;"SUBURBIO";"COLISÃO";"COLISÃO AUTO X MOTO C/VITIMA";1;1;0;0;0;0;0;0;0;1;0;"";"";"";"";"";"";"";"";"";"";"";"";""
"2478";2020-04-30;"06:02:00";"SEM VÍTIMA";"FINALIZADA";"BOA VIAGEM";"AV BOA VIAGEM";"2234";"";"EM FRENTE AO EDIFICIO  VILA AZUL";"BOA VIAGEM";NA;"";"COLISÃO";"COLISÃO SEM VITIMAS";1;0;0;0;0;0;0;1;0;0;0;"Cruzamento";"Chuvoso";"Sem defeito";"Perfeito estado";"Molhada";"Perfeito estado";"Não existe";"Não há placas";"";"Única";"Faixa contínua";"";""
"2479";2020-04-30;"11:32:00";"COM VÍTIMA";"FINALIZADA";"BOA VIAGEM";"AVENIDA CELSO FURTADO (VIA MANGUE)";"";"";"SENT. CIDADE- POR TRAS DO SUPERMERCADO EXTRA";"BOA VIAGEM";NA;"CIDADE";"COLISÃO TRASEIRA";"AUTO E MOTO C/V";1;1;0;0;0;0;0;0;0;1;0;"Longo da via";"Chuvoso";"Não existe";"Perfeito estado";"Seca";"Perfeito estado";"Não existe";"Não há placas";"60 km/h";"Única";"Faixa contínua";"";""
"2480";2020-04-30;"16:02:00";"COM VÍTIMA";"FINALIZADA";"ROSARINHO";"AV NORTE";"";"AV SANTOS DUMONT";"EM FRENTE AO POSTO PETROCAL E PADARIA ROSARINHO DELICATESSEN.";"ROSARINHO";81;"SUBURBIO";"TOMBAMENTO";"COM VÍTIMA";0;1;0;0;0;0;0;0;0;2;0;"Longo da via";"Chuvoso";"Sem defeito";"Perfeito estado";"Molhada";"Perfeito estado";"Faixa de pedestre";"Outras";"";"Dupla";"Canteiro central";"";""
"2481";2020-04-30;"19:18:00";"COM VÍTIMA";"FINALIZADA";"AFOGADOS";"RUA SAO MIGUEL";"1136";"";"ENF CHINA IN BOX";"AFOGADOS";NA;"SUBURBIO";"COLISÃO FRONTAL";"MOTO X 2 AUTOS";2;1;0;0;0;0;0;0;0;2;0;"Longo da via";"Bom";"Não existe";"Perfeito estado";"Seca";"Perfeito estado";"Não existe";"Não há placas";"50 km/h";"Dupla";"Faixa contínua";"";""
"2482";2020-04-30;"20:26:00";"COM VÍTIMA";"FINALIZADA";"ILHA JOANA BEZERRA";"RUA MIRANDOPOLIS";"";"";"NO PÁTIO INTERNO DO T.I DE JOANA BEZERRA";"ILHA JOANA BEZERRA";NA;"CIDADE";"ATROPELAMENTO";"ENTRE ÔNIBUS E 2 PEDESTRES. C/V";0;0;0;0;2;1;0;0;0;2;0;"Outros";"Chuvoso";"Não existe";"Perfeito estado";"Molhada";"Perfeito estado";"Não existe";"Não há placas";"";"Única";"Canteiro central";"";""
"2483";2020-05-01;"09:52:00";"COM VÍTIMA";"CANCELADA";"SANTO AMARO";"RUA FREI CASSIMIRO";"";"AV CRUZ CABUGA";"ESQUINA DA CASA DA INDUSTRIA";"SANTO AMARO";NA;"";"COLISÃO COM CICLISTA";"MOTO E CICLISTA";0;1;0;1;0;0;0;0;0;1;0;"";"";"";"";"";"";"";"";"";"";"";"";""
"2484";2020-05-01;"12:18:00";"COM VÍTIMA";"CANCELADA";"SANTO AMARO";"AV NORTE";"";"";"PROXIMO AO SENAC";"SANTO AMARO";NA;"";"COLISÃO";"Duas motos";0;2;0;0;0;0;0;0;0;1;0;"";"";"";"";"";"";"";"";"";"";"";"";""
"2485";2020-05-01;"12:58:00";"COM VÍTIMA";"FINALIZADA";"CABANGA";"PTE GOVERNADOR PAULO GUERRA";"";"";"INÍCIO DA PONTE. LADO OPOSTO AO CABANGA IATE CLUBE.";"CABANGA";NA;"SUBURBIO";"COLISÃO";"COLIÇÃO COM VITIMA ENTRE MOTOCICLETA E CARROÇA DE TRAÇÃO ANIMAL.";0;1;0;0;0;0;0;0;1;1;0;"Longo da via";"Bom";"Não existe";"Perfeito estado";"Seca";"Perfeito estado";"Não existe";"Não há placas";"";"Única";"Faixa seccionada";"";""
"2486";2020-05-01;"18:00:00";"SEM VÍTIMA";"CANCELADA";"LINHA DO TIRO";"AV CHAGAS FERREIRA";"825";"AV CHAGAS FERREIRA";"APOS O HOTEL SECULO 20";"LINHA DO TIRO";NA;"SUBURBIO";"ABALROAMENTO TRANSVERSAL";"COLISAO ENTRE AUTO E MOTO- MOTOCICLISTA COM SINAL DE EMBRIAGUES";1;1;0;0;0;0;0;0;0;0;0;"";"";"";"";"";"";"";"";"";"";"";"";""
"2487";2020-05-01;"18:59:00";"COM VÍTIMA";"FINALIZADA";"MADALENA";"RUA BENFICA";"140";"";"PRÓXIMO AO ESTÁDIO DO SPORT CLUBE DO RECIFE. COMEDORIA SABOREAR.";"MADALENA";NA;"CIDADE";"ABALROAMENTO TRANSVERSAL";"COLISÃO DUAS MOTOS C/VITIMA. UMA DAS PARTES ENVOLVIDAS SE EVADIU DO LOCAL.";0;2;0;0;0;0;0;0;0;2;0;"Longo da via";"Bom";"Não existe";"";"Seca";"Perfeito estado";"Não existe";"Não há placas";"";"Única";"Faixa seccionada";"";""
"2488";2020-05-01;"19:52:00";"COM VÍTIMA";"FINALIZADA";"ÁGUA FRIA";"RUA LADEIRA DE PEDRA";"261";"";"PROXIMO AO TERMINAL DO ALTO DO PASCOAL E IGREJA PRIMITIVA.";"ÁGUA FRIA";NA;"CIDADE";"ATROPELAMENTO";"MOTO X PEDESTRE";0;1;0;0;1;0;0;0;0;2;0;"Longo da via";"Bom";"Não existe";"Não existente";"Seca";"Perfeito estado";"";"Não há placas";"";"";"";"";""
"2489";2020-05-02;"10:05:00";"SEM VÍTIMA";"FINALIZADA";"TEJIPIÓ";"AV LIBERDADE";"811";"";"ARMAZÉM LIBERDADE";"TEJIPIÓ";NA;"";"COLISÃO";"";2;0;0;0;0;0;0;0;0;0;0;"";"";"";"";"";"";"";"";"";"";"";"";""
"2490";2020-05-02;"11:43:00";"COM VÍTIMA";"FINALIZADA";"JORDÃO";"AV MARIA IRENE";"1225";"";"POLO DAS COXIHAS- UM CASAU FERIDO";"JORDÃO";NA;"SUBURBIO";"ABALROAMENTO LONGITUDINAL";"AUTO E MOTO.";1;1;0;0;0;0;0;0;0;2;0;"Longo da via";"Bom";"Não existe";"Perfeito estado";"Seca";"Perfeito estado";"Não existe";"Não há placas";"40 km/h";"Dupla";"Faixa contínua";"";""
"2491";2020-05-02;"16:28:00";"COM VÍTIMA";"FINALIZADA";"BOA VIAGEM";"RUA ERNESTO DE PAULA SANTOS";"";"AV CONSELHEIRO AGUIAR";"ACADEMIA SMART FIT";"BOA VIAGEM";127;"";"ABALROAMENTO TRANSVERSAL";"MOTOCICLETA E AUTO PASSEIO";1;1;0;0;0;0;0;0;0;1;0;"Cruzamento";"Bom";"Sem defeito";"Perfeito estado";"Seca";"Perfeito estado";"Faixa de pedestre";"Outras";"60 km/h";"Única";"Faixa";"";""
"2492";2020-05-02;"16:49:00";"COM VÍTIMA";"DUPLICIDADE";"BOA VIAGEM";"AV CONSELHEIRO AGUIAR";"DPL";"RUA ERNESTO DE PAULA SANTOS";"AO LADO DA LANCHONETE HABBIS";"BOA VIAGEM";NA;"";"COLISÃO";"MOTOCICLETA E AUTO PASSEIO";1;1;0;0;0;0;0;0;0;1;0;"";"";"";"";"";"";"";"";"";"";"";"";""
"2493";2020-05-02;"22:25:00";"SEM VÍTIMA";"FINALIZADA";"ALTO SANTA TERESINHA";"RUA TAMBOARA";"336";"";"PRÓXIMO DA BARRACA DE SEU ZEZINHO DA VERDURA";"ALTO SANTA TERESINHA";NA;"";"COLISÃO";"ENVOLVIDO COM SINTOMA DE EMBREAGUÊS";1;1;0;0;0;0;0;0;0;0;0;"Outros";"Bom";"Não existe";"Ilegível";"Seca";"Perfeito estado";"Outros";"Outras";"";"Dupla";"Faixa seccionada";"";""
"2494";2020-05-03;"06:25:00";"COM VÍTIMA";"FINALIZADA";"TORRE";"RUA CONDE DE IRAJA";"";"AV BEIRA RIO";"";"TORRE";NA;"SUBURBIO";"COLISÃO COM CICLISTA";"AUTO E BICICLETA.";1;0;0;1;0;0;0;0;0;1;0;"Cruzamento";"Chuvoso";"Sem defeito";"";"Molhada";"Perfeito estado";"";"";"";"Única";"Faixa contínua";"";""
"2495";2020-05-03;"15:57:00";"COM VÍTIMA";"FINALIZADA";"AREIAS";"AV DR JOSE RUFINO";"1495";"RUA JOSE NATARIO";"";"AREIAS";44;"SUBURBIO";"ABALROAMENTO TRANSVERSAL";"COLISÃO AUTO E MOTO";1;1;0;0;0;0;0;0;0;1;0;"Cruzamento";"Bom";"Sem defeito";"Perfeito estado";"Seca";"Perfeito estado";"Faixa de pedestre";"Não há placas";"";"Dupla";"Faixa contínua";"";""
"2496";2020-05-03;"20:09:00";"SEM VÍTIMA";"FINALIZADA";"BOA VISTA";"AV CONDE DA BOA VISTA";"";"";"COM A RUA GERVÁSIO PIRES";"BOA VISTA";NA;"CIDADE";"CHOQUE OBJETO FIXO";"CHOQUE VT PMPE E CANTEIRO CENTRAL";1;0;0;0;0;0;0;0;0;0;0;"Cruzamento";"Bom";"Sem defeito";"Perfeito estado";"Seca";"Perfeito estado";"Não existe";"";"";"Dupla";"";"";""
"2497";2020-05-04;"08:10:00";"VÍTIMA FATAL";"FINALIZADA";"JARDIM SÃO PAULO";"RUA FREI FELIX DE OLIVOLA";"130";"1SB DA BRASILEIRA";"PROX À IGREJA BATISTA E ESTAÇÃO WERNEK DO METRÔ";"JARDIM SÃO PAULO";NA;"LESTE";"CHOQUE VEÍCULO PARADO";"COLISÃO RENAULT/SANDERO X PEUGEOT C/VITIMA FATAL";2;0;0;0;0;0;0;0;0;0;1;"Longo da via";"Bom";"Não existe";"Não existente";"Seca";"Perfeito estado";"Não existe";"Não há placas";"30 km/h";"Dupla";"Não existe";"";""
"2498";2020-05-04;"10:53:00";"COM VÍTIMA";"FINALIZADA";"BOA VIAGEM";"RUA CAPITAO REBELINHO";"519";"RUA PEREIRA DA COSTA";"FIDALGO RESTAURANTE";"BOA VIAGEM";NA;"SUBURBIO";"ABALROAMENTO TRANSVERSAL";"AUTO E MOTO.";1;1;0;0;0;0;0;0;0;1;0;"Cruzamento";"Bom";"Não existe";"Ilegível";"Seca";"Perfeito estado";"Faixa de retenção";"R-6a";"40 km/h";"Única";"Não existe";"";""
"2499";2020-05-04;"11:43:00";"SEM VÍTIMA";"FINALIZADA";"IMBIRIBEIRA";"RUA BARAO DE AGUA BRANCA";"376";"RUA DUQUE ESTRADA";"";"IMBIRIBEIRA";NA;"SUBURBIO";"COLISÃO";"COLISÃO AUTO E MOTOCICLETA SEM VÍTIMA";1;1;0;0;0;0;0;0;0;0;0;"Cruzamento";"Bom";"Não existe";"Incompleta";"Seca";"Perfeito estado";"Não existe";"Não há placas";"";"Dupla";"Não existe";"";""
"2500";2020-05-04;"16:46:00";"COM VÍTIMA";"FINALIZADA";"GUABIRABA";"EST DOS MACACOS";"322";"";"BAR MAURICEA";"GUABIRABA";NA;"CIDADE";"ABALROAMENTO LONGITUDINAL";"COLISÃO DUAS MOTOCICLETAS";0;2;0;0;0;0;0;0;0;1;0;"Outros";"Bom";"Não existe";"Não existente";"Seca";"Outros";"Não existe";"Não há placas";"";"Dupla";"Não existe";"";""
"2501";2020-05-04;"17:11:00";"COM VÍTIMA";"FINALIZADA";"CAMPO GRANDE";"EST DE BELEM";"40-A";"RUA JERONIMO VILELA";"AO LADO DA FARMÁCIA DROGASIL.";"CAMPO GRANDE";26;"CIDADE";"ATROPELAMENTO";"ATROPELAMENTO ENTRE MOTO E PEDESTRE.";0;1;0;0;1;0;0;0;0;1;0;"Longo da via";"Bom";"Sem defeito";"Perfeito estado";"Seca";"Perfeito estado";"Faixa de pedestre";"Outras";"";"Dupla";"Faixa seccionada";"";""
"2502";2020-05-05;"13:28:00";"SEM VÍTIMA";"FINALIZADA";"SANTO AMARO";"AV GOVERNADOR AGAMENON MAGALHAES";"";"";"EM FRENTE A UPE";"SANTO AMARO";NA;"SUBURBIO";"COLISÃO";"COLISÃO SEM VÍTIMAS ENTRE 2 AUTOS";0;0;0;0;0;0;0;0;0;0;0;"Outros";"Bom";"Sem defeito";"Perfeito estado";"Seca";"Perfeito estado";"Faixa de retenção";"Outras";"60km";"Dupla";"Canal";"";""
"2503";2020-05-05;"21:31:00";"SEM VÍTIMA";"FINALIZADA";"CASA AMARELA";"AV NORTE";"";"";"EM AO REI DA PICANHA";"CASA AMARELA";NA;"SUBURBIO";"COLISÃO";"COLISÃO DOIS AUTOS SEM VITMAS";3;0;0;0;0;0;0;0;0;0;0;"Cruzamento";"Chuvoso";"Sem defeito";"Perfeito estado";"Molhada";"Perfeito estado";"Faixa de pedestre";"Não há placas";"60km";"Dupla";"Canteiro central";"";""
"2504";2020-05-06;"07:18:00";"SEM VÍTIMA";"FINALIZADA";"MUSTARDINHA";"RUA VINTE E UM DE ABRIL";"955";"1 TRV JUSTICA E PAZ";"POSTO DE GASOLINA DESATIVADO";"MUSTARDINHA";NA;"SUBURBIO";"CHOQUE";"CARRETA PEDEU O CONTROLE CHOCOU-SE COM A ESTRURURA DO POSTO DE GASOLINA DESATIVADO";0;0;0;0;0;0;1;0;1;0;0;"Cruzamento";"Bom";"Não existe";"Incompleta";"Seca";"Mal iluminada";"Não existe";"Não há placas";"";"Dupla";"Não existe";"";""
"2505";2020-05-06;"07:28:00";"SEM VÍTIMA";"FINALIZADA";"VÁRZEA";"RUA MARECHAL MANOEL LUIS OSORIO";"85";"";"EDIFÍCIO RIO PURUS";"VÁRZEA";NA;"SUBURBIO";"COLISÃO";"ACIDENTE ENVOLVENDO TRÊS VEÍCULOS ÔNIBUS E DOIS AUTOPASSEIOS";2;0;0;0;0;1;0;0;0;0;0;"Longo da via";"Bom";"Não existe";"Perfeito estado";"Seca";"Perfeito estado";"Outros";"Placas Pare";"";"Dupla";"Não existe";"";""
"2506";2020-05-06;"08:54:00";"COM VÍTIMA";"FINALIZADA";"SANTO ANTÔNIO";"RUA IMPERIAL";"981";"TRV DO RAPOSO";"EM FRENTE AO DEPÓSITO DE RECICLÁVEIS DO ZUZA";"SANTO ANTÔNIO";510;"SUBURBIO";"ABALROAMENTO TRANSVERSAL";"ACIDENTE ENVOLVENDO MOTO E CARRO";1;1;0;0;0;0;0;0;0;1;0;"Cruzamento";"Bom";"Sem defeito";"Perfeito estado";"Seca";"Perfeito estado";"Outros";"Não há placas";"";"Única";"Faixa seccionada";"";""
"2507";2020-05-06;"16:03:00";"COM VÍTIMA";"FINALIZADA";"PRADO";"AV ENGENHEIRO ABDIAS DE CARVALHO";"";"EST DOS REMEDIOS";"DROGASIL";"PRADO";52;"SUBURBIO";"ABALROAMENTO TRANSVERSAL";"AMBULÂNCIA E MOTO.";0;1;0;0;0;0;0;1;0;1;0;"Cruzamento";"Bom";"Sem defeito";"Perfeito estado";"Seca";"Perfeito estado";"Faixa de pedestre";"Não há placas";"";"Dupla";"Canteiro central";"";""
"2508";2020-05-07;"10:53:00";"SEM VÍTIMA";"FINALIZADA";"NOVA DESCOBERTA";"AV VEREADOR OTACILIO AZEVEDO";"XX";"AV VEREADOR OTACILIO AZEVEDO";"FRENTE AO COLEGIO ROTARI NOVA DECOBERTA";"NOVA DESCOBERTA";NA;"CIDADE";"ABALROAMENTO LONGITUDINAL";"CONDUTOR INFORMA QUE UMA CARROÇA VIROU E ATINGIU A VIATURA";0;0;0;0;0;0;0;1;0;0;0;"Longo da via";"Bom";"Sem defeito";"Perfeito estado";"Seca";"Perfeito estado";"Não existe";"Outras";"n/i";"Dupla";"Não existe";"";""
"2509";2020-05-07;"13:26:00";"COM VÍTIMA";"FINALIZADA";"BOA VIAGEM";"RUA PADRE BERNADINO PESSOA";"633";"RUA MINISTRO NELSON HUNGRIA";"COLEGIO SANTA MARIA";"BOA VIAGEM";NA;"SUBURBIO";"ABALROAMENTO TRANSVERSAL";"COLISÃO ENTRE AUTO E MOTO";1;1;0;0;0;0;0;0;0;1;0;"Longo da via";"Bom";"Não existe";"Perfeito estado";"Seca";"Perfeito estado";"Não existe";"Não há placas";"";"Única";"Não existe";"";""
"2510";2020-05-07;"16:08:00";"COM VÍTIMA";"FINALIZADA";"ILHA DO RETIRO";"AV ENGENHEIRO ABDIAS DE CARVALHO";"";"AV JOSE GONCALVES DE MEDEIROS";"SPORT CLUBE DO RECIFE.";"ILHA DO RETIRO";355;"SUBURBIO";"ABALROAMENTO TRANSVERSAL";"COLISÃO ENTRE DUAS MOTOS.";0;2;0;0;0;0;0;0;0;3;0;"Cruzamento";"Bom";"Sem defeito";"Perfeito estado";"Seca";"Perfeito estado";"Não existe";"Não há placas";"60 km/h";"Dupla";"Canteiro central";"";""
"2511";2020-05-07;"17:27:00";"COM VÍTIMA";"FINALIZADA";"PINA";"AV ENGENHEIRO DOMINGOS FERREIRA";"300";"";"EM FRENTE AO EXTRABOM PINA";"PINA";NA;"SUBURBIO";"ABALROAMENTO LONGITUDINAL";"COLISÃO ENTRE AUTO E MOTO";1;1;0;0;0;0;0;0;0;1;0;"Longo da via";"Bom";"Não existe";"Perfeito estado";"Seca";"Perfeito estado";"Não existe";"Não há placas";"";"Única";"Faixa seccionada";"Canteiro central";""
"2512";2020-05-07;"19:04:00";"COM VÍTIMA";"FINALIZADA";"TEJIPIÓ";"AV DR JOSE RUFINO";"";"";"PROXIMO AO VIATUDO DA BR 101";"TEJIPIÓ";NA;"SUBURBIO";"COLISÃO FRONTAL";"COLISÃO AUTO E MOTO";1;1;0;0;0;0;0;0;0;1;0;"Longo da via";"Bom";"Não existe";"Não existente";"Seca";"Mal iluminada";"Não existe";"";"";"Dupla";"Faixa contínua";"";""
"2513";2020-05-08;"13:57:00";"COM VÍTIMA";"FINALIZADA";"BOA VIAGEM";"RUA SA E SOUZA";"687";"RUA CONEGO ROMEU";"SUPERMERCADO VERDFRUT. EM FRENTE A GALERIA SÁ E SOUZA.";"BOA VIAGEM";NA;"CIDADE";"ABALROAMENTO TRANSVERSAL";"COLISÃO ENTRE DUAS MOTOCICLETAS";0;2;0;0;0;0;0;0;0;1;0;"Cruzamento";"Bom";"Não existe";"Perfeito estado";"Seca";"Perfeito estado";"Não existe";"Placas Pare";"";"Dupla";"Faixa seccionada";"";""
"2514";2020-05-08;"14:45:00";"COM VÍTIMA";"FINALIZADA";"ENGENHO DO MEIO";"RUA ANTONIO CURADO";"244";"";"EM FRENTE A PADARIA SANDRÂNGELA.";"ENGENHO DO MEIO";NA;"CIDADE";"ABALROAMENTO TRANSVERSAL";"COLISÃO COM VITIMA MOTO E CARRO";1;1;0;0;0;0;0;0;0;1;0;"Longo da via";"Bom";"Não existe";"Perfeito estado";"Seca";"Perfeito estado";"Não existe";"Outras";"30 km/h";"Dupla";"Faixa seccionada";"";""
"2515";2020-05-08;"17:10:00";"COM VÍTIMA";"FINALIZADA";"ZUMBI";"AV CAXANGA";"975";"";"EM FRENTE A LOJA DE BATERIAS HELIAR";"ZUMBI";NA;"CIDADE";"ABALROAMENTO LONGITUDINAL";"AUTO E MOTO COM VÍTIMA";1;1;0;0;0;0;0;0;0;1;0;"Longo da via";"Bom";"Não existe";"Incompleta";"Seca";"Perfeito estado";"Outros";"Outras";"";"Dupla";"Canteiro central";"";""
"2516";2020-05-08;"19:10:00";"SEM VÍTIMA";"CANCELADA";"IMBIRIBEIRA";"AV MARECHAL MASCARENHAS DE MORAES";"";"";"SINTOMAS DE EMBRIAGUEZ -";"IMBIRIBEIRA";NA;"CENTRO";"COLISÃO";"OYY7545 - FORD FIESTA / PEP2412 FIAT STRADA";2;0;0;0;0;0;0;0;0;0;0;"";"";"";"";"";"";"";"";"";"";"";"";""
"2517";2020-05-08;"20:46:00";"COM VÍTIMA";"FINALIZADA";"VÁRZEA";"AV JOAQUIM RIBEIRO";"";"RUA FRANCISCO TORRES";"EM FRENTE A UPA";"VÁRZEA";368;"CIDADE";"CHOQUE VEÍCULO PARADO";"COLISÃO ENTRE ÔNIBUS E MOTO.";0;1;0;0;0;1;0;0;0;1;0;"Longo da via";"Bom";"";"Perfeito estado";"Seca";"Perfeito estado";"Não existe";"Não há placas";"";"Dupla";"Canteiro central";"";""
"2518";2020-05-09;"07:23:00";"SEM VÍTIMA";"CANCELADA";"IPSEP";"AV RECIFE";"";"";"SAÍDA DO IBURA";"IPSEP";NA;"";"CHOQUE";"ÔNIBUS CHOCOU SE COM POSTE QUE FICOU POSTE- QUE CAIO SOBRE OUTRO VEÍCULO.";0;0;0;0;0;1;0;0;0;0;0;"";"";"";"";"";"";"";"";"";"";"";"";""
"2519";2020-05-09;"07:47:00";"SEM VÍTIMA";"CANCELADA";"IPSEP";"AV RECIFE";"";"";"";"IPSEP";NA;"";"ACID. DE PERCURSO";"";1;0;0;0;0;0;0;0;0;0;0;"";"";"";"";"";"";"";"";"";"";"";"";""
"2520";2020-05-09;"09:16:00";"COM VÍTIMA";"FINALIZADA";"BOA VISTA";"RUA DA UNIAO";"52";"RUA PRINCESA IZABEL";"EM FRENTE A LOTÉRICA.";"BOA VISTA";NA;"CIDADE";"ABALROAMENTO LONGITUDINAL";"COLISÃO ENTRE TRÊS VEÍCULOS COM DUAS VÍTIMAS";1;2;0;0;0;0;0;0;0;2;0;"Cruzamento";"Bom";"Sem defeito";"Perfeito estado";"Seca";"Perfeito estado";"Não existe";"Outras";"60 km/h";"Única";"Faixa contínua";"";""
"2521";2020-05-09;"10:30:00";"COM VÍTIMA";"FINALIZADA";"BOA VIAGEM";"RUA ERNESTO DE PAULA SANTOS";"";"RUA AMALIA BERNARDINO DE SOUZA";"DESCIDA DO VIADUTO TANCRENO NEVES. EM FRENTE AO POSTO BR.";"BOA VIAGEM";NA;"SUBURBIO";"ABALROAMENTO TRANSVERSAL";"COLISÃO ENTRE AUTO E MOTO.";1;1;0;0;0;0;0;0;0;1;0;"Cruzamento";"Bom";"Não existe";"Incompleta";"Seca";"Perfeito estado";"Não existe";"Outras";"";"Única";"Não existe";"";""