"";"data";"hora";"natureza_acidente";"situacao";"bairro";"endereco";"numero";"detalhe_endereco_acidente";"complemento";"bairro_cruzamento";"num_semaforo";"sentido_via";"tipo";"descricao";"auto";"moto";"ciclom";"ciclista";"pedestre";"onibus";"caminhao";"viatura";"outros";"vitimas";"vitimasfatais";"acidente_verificado";"tempo_clima";"situacao_semaforo";"sinalizacao";"condicao_via";"conservacao_via";"ponto_controle";"situacao_placa";"velocidade_max_via";"mao_direcao";"divisao_via1";"divisao_via2";"divisao_via3"
"2522";2020-05-09;"11:09:00";"COM VÍTIMA";"FINALIZADA";"FUNDÃO";"AV BEBERIBE";"3078";"";"IGREJA ASSEMBLÉIA DE DEUS.";"FUNDÃO";NA;"SUBURBIO";"COLISÃO TRASEIRA";"COLISÃO COM VÍTIMA ENVOLVENDO TRES VEÍCULOS";3;0;0;0;0;0;0;0;0;2;0;"Longo da via";"Bom";"Não existe";"Perfeito estado";"Seca";"Perfeito estado";"Não existe";"Outras";"";"Dupla";"Canteiro central";"";""
"2523";2020-05-09;"12:00:00";"COM VÍTIMA";"FINALIZADA";"VÁRZEA";"AV CAXANGA";"4555";"";"EM FRENTE À ACADEMIA TOP FIT";"VÁRZEA";608;"CIDADE";"TOMBAMENTO";"MOTOCICLISTA PERDEU O CONTROLE E CAIU";0;1;0;0;0;0;0;0;0;1;0;"Longo da via";"Bom";"Sem defeito";"Perfeito estado";"Seca";"Perfeito estado";"Faixa de pedestre";"";"";"Dupla";"Faixa contínua";"Faixa seccionada";"Canteiro central"
"2524";2020-05-09;"12:08:00";"COM VÍTIMA";"FINALIZADA";"NOVA DESCOBERTA";"RUA NOVA DESCOBERTA";"1619";"COR DO ARCANJO";"EM FRENTE A PAULO BEBIDAS";"NOVA DESCOBERTA";NA;"SUBURBIO";"ABALROAMENTO LONGITUDINAL";"COLISÃO COM VÍTIMA ENTRE AUTO E MOTO.";1;1;0;0;0;0;0;0;0;1;0;"Esquina";"Bom";"Não existe";"Perfeito estado";"Seca";"Perfeito estado";"Não existe";"R-6a";"";"Dupla";"Faixa seccionada";"";""
"2525";2020-05-09;"15:33:00";"COM VÍTIMA";"FINALIZADA";"MONTEIRO";"AV DEZESSETE DE AGOSTO";"50";"";"EM FRENTE DO EDIFÍCIO PORTA DÁGUA";"MONTEIRO";NA;"CIDADE";"ATROPELAMENTO";"ATROPELAMENTO ENTRE AUTO E PEDESTRE";1;0;0;0;1;0;0;0;0;1;0;"Longo da via";"Bom";"Não existe";"Perfeito estado";"Seca";"Perfeito estado";"Não existe";"Não há placas";"60 km/h";"Dupla";"Faixa contínua";"";""
"2526";2020-05-09;"21:06:00";"COM VÍTIMA";"FINALIZADA";"ÁGUA FRIA";"AV ANIBAL BENEVOLO";"1413";"";"EM FRENTE AO COLEGIO ROSA MAGALHÃES E PRÓXIMO AO COMPAZ";"ÁGUA FRIA";NA;"CIDADE";"COLISÃO FRONTAL";"COLISÃO ENVOLVENDO 2 AUTOS E UMA MOTO.";2;1;0;0;0;0;0;0;0;1;0;"Longo da via";"Bom";"Não existe";"Perfeito estado";"Seca";"";"";"R-6a";"30 km/h";"Dupla";"Faixa seccionada";"";""
"2527";2020-05-09;"22:22:00";"COM VÍTIMA";"CANCELADA";"MANGABEIRA";"RUA DA MANGABEIRA";"278";"";"PRÓXIMO AO ESPETINHO DA ROSINHA";"MANGABEIRA";NA;"SUBURBIO";"COLISÃO";"DUAS MOTOS";0;2;0;0;0;0;0;0;0;1;0;"";"";"";"";"";"";"";"";"";"";"";"";""
"2528";2020-05-09;"22:26:00";"COM VÍTIMA";"FINALIZADA";"CORDEIRO";"AV CAXANGA";"2351";"RUA CLAUDIO BROTHERHOOD";"SEMAFORO Nº 235 ANTES DA EXPOSIÇÃO DO CORDEIRO";"CORDEIRO";235;"CIDADE";"COLISÃO TRASEIRA";"COLISÃO AUTO X MOTO";1;1;0;0;0;0;0;0;0;1;0;"Longo da via";"Bom";"Sem defeito";"Perfeito estado";"Seca";"Perfeito estado";"Faixa de pedestre";"Outras";"";"Única";"Faixa contínua";"";""
"2529";2020-05-10;"02:41:00";"SEM VÍTIMA";"FINALIZADA";"BOA VIAGEM";"AV CONSELHEIRO AGUIAR";"2052";"";"E/F A CAIXA ECONOMICA FEDERAL";"BOA VIAGEM";NA;"";"COLISÃO";"COLISÃO 2 AUTOS S/VITIMA - ALCOOLEMIA - PMPE NO LOCAL";2;0;0;0;0;0;0;0;0;0;0;"Longo da via";"Bom";"Não existe";"Perfeito estado";"Seca";"Perfeito estado";"Faixa de pedestre";"Não há placas";"60km";"Única";"Não existe";"";""
"2530";2020-05-10;"11:22:00";"COM VÍTIMA";"FINALIZADA";"SANTO AMARO";"AV CRUZ CABUGA";"";"AV MARIO MELO";"ASSEMBLÉIA DE DEUS";"SANTO AMARO";171;"CIDADE";"COLISÃO";"ACIDENTE ENVOLVENDO MOTO E AUTO";1;1;0;0;0;0;0;0;0;1;0;"Cruzamento";"Chuvoso";"Sem defeito";"Perfeito estado";"Molhada";"Perfeito estado";"Faixa de pedestre";"Outras";"";"Dupla";"Faixa contínua";"";""
"2531";2020-05-10;"18:05:00";"COM VÍTIMA";"FINALIZADA";"IBURA";"RUA EXP FRANCISCO VITORIANO";"193";"RUA FLORIANO BARBOSA DE OLIVEIRA";"PRÓXIMO A CRECHE MUNICIPAL TIO ZÉ. SALÃO BARBEARIA ISAC.";"IBURA";NA;"SUBURBIO";"ATROPELAMENTO";"ACIDENTE COM VÍTIMA ENVOLVENDO MOTO E PEDESTRE";0;1;0;0;1;0;0;0;0;2;0;"Longo da via";"Bom";"Não existe";"Perfeito estado";"Seca";"Perfeito estado";"Faixa de pedestre";"Placas Pare";"30 km/h";"Dupla";"Não existe";"";""
"2532";2020-05-10;"22:09:00";"COM VÍTIMA";"FINALIZADA";"LINHA DO TIRO";"RUA URIEL DE HOLANDA";"1800";"";"PRÓXIMO AO TERMINAL DE BREJO/ ASSEMBLEIA E DEUS/ ARMAZÉM SHALON";"LINHA DO TIRO";NA;"SUBURBIO";"ABALROAMENTO LONGITUDINAL";"COLISÃO ENTRE ÔNIBUS E MOTO.";0;1;0;0;0;1;0;0;0;2;0;"Longo da via";"Bom";"Não existe";"Perfeito estado";"Seca";"Perfeito estado";"Não existe";"R-6a";"";"Dupla";"Não existe";"";""
"2533";2020-05-11;"04:44:00";"COM VÍTIMA";"FINALIZADA";"PRADO";"AV ENGENHEIRO ABDIAS DE CARVALHO";"2082";"";"EM FRENTE AO TROCÃO- LADO OPOSTO AO NÚMERO 1524.";"PRADO";NA;"SUBURBIO";"CHOQUE OBJETO FIXO";"VEÍCULO SE ENCONTRA ABANDONADO NA VIA";1;0;0;0;0;0;0;0;0;1;0;"Longo da via";"Bom";"Sem defeito";"Perfeito estado";"Seca";"Perfeito estado";"Faixa de pedestre";"";"";"Dupla";"Faixa seccionada";"";""
"2534";2020-05-11;"07:25:00";"COM VÍTIMA";"FINALIZADA";"ZUMBI";"RUA GOMES TABORDA";"1105";"RUA GREGORIO JUNIOR";"LADO OPOSTO A JÚNIOR BATERIAS.";"ZUMBI";NA;"CIDADE";"ABALROAMENTO LONGITUDINAL";"COLISÃO ENTRE AUTO E MOTO.";1;1;0;0;0;0;0;0;0;1;0;"Cruzamento";"Bom";"Não existe";"Perfeito estado";"Seca";"Perfeito estado";"Não existe";"Não há placas";"";"Dupla";"Faixa seccionada";"";""
"2535";2020-05-11;"12:10:00";"SEM VÍTIMA";"FINALIZADA";"SAN MARTIN";"RUA JOSE VELOSO";"53";"";"PROX. A CAVALARIA";"SAN MARTIN";NA;"";"COLISÃO";"COLISÃO SEM VÍTIMA";1;1;0;0;0;0;0;0;0;0;0;"Cruzamento";"Bom";"Não existe";"Incompleta";"Seca";"Perfeito estado";"Não existe";"Não há placas";"n/i";"Dupla";"Não existe";"";""
"2536";2020-05-11;"13:14:00";"SEM VÍTIMA";"FINALIZADA";"TAMARINEIRA";"RUA GENERAL ABREU E LIMA";"113";"";"EM FRENTE AO EDF. EMÍLIA COSTA";"TAMARINEIRA";NA;"CIDADE";"COLISÃO";"ENTRE MOTOCICLETA (VEÍCULO OFICIAL) E AUTO PASSEIO";1;1;0;0;0;0;0;0;0;0;0;"Não informado";"Bom";"Não existe";"Perfeito estado";"Seca";"Perfeito estado";"Não existe";"Outras";"n/i";"Dupla";"Não existe";"";""
"2537";2020-05-11;"15:44:00";"COM VÍTIMA";"FINALIZADA";"ESTÂNCIA";"RUA SAO MIGUEL";"1570";"";"POSTO IPIRANGA- ARMAZEM CORAL- GLOBO VIDROS";"ESTÂNCIA";NA;"SUBURBIO";"COLISÃO TRASEIRA";"AUTO E MOTO COM VÍTIMA";1;1;0;0;0;0;0;0;0;1;0;"Longo da via";"Bom";"Sem defeito";"Perfeito estado";"Seca";"Perfeito estado";"Não existe";"";"";"Dupla";"Faixa contínua";"Faixa seccionada";""
"2538";2020-05-12;"07:23:00";"COM VÍTIMA";"FINALIZADA";"BOMBA DO HEMETÉRIO";"RUA CHA DE ALEGRIA";"107";"RUA TAMBOARA";"EM FRENTE AO N 107";"BOMBA DO HEMETÉRIO";NA;"SUBURBIO";"COLISÃO COM CICLISTA";"AUTO E CICLISTA.";1;0;0;1;0;0;0;0;0;1;0;"Cruzamento";"Bom";"Não existe";"Não existente";"Seca";"Perfeito estado";"Não existe";"Não há placas";"";"";"Não existe";"";""
"2539";2020-05-12;"08:05:00";"COM VÍTIMA";"FINALIZADA";"BOA VIAGEM";"RUA RIBEIRO DE BRITO";"1326";"RUA AMALIA BERNARDINO DE SOUZA";"";"BOA VIAGEM";NA;"SUBURBIO";"ABALROAMENTO TRANSVERSAL";"COLISÃO COM VÍTIMA";2;0;0;0;0;0;0;0;0;1;0;"Longo da via";"Bom";"Não existe";"Perfeito estado";"Seca";"Perfeito estado";"Agente";"Não há placas";"30 km/h";"Única";"Faixa";"";""
"2540";2020-05-12;"16:26:00";"COM VÍTIMA";"FINALIZADA";"AFOGADOS";"RUA SAO MIGUEL";"2012";"";"MOTEL PREMIUM. LADO OPOSTO AO POSTO DE COMBUSTÍVEL PETROISA.";"AFOGADOS";NA;"SUBURBIO";"ABALROAMENTO LONGITUDINAL";"COM VÍTIMA. AUTO E MOTO.";1;1;0;0;0;0;0;0;0;1;0;"Longo da via";"Bom";"Não existe";"Perfeito estado";"Seca";"Perfeito estado";"Não existe";"Não há placas";"60 km/h";"Dupla";"Faixa contínua";"";""
"2541";2020-05-12;"17:49:00";"COM VÍTIMA";"FINALIZADA";"VÁRZEA";"AV AFONSO OLINDENSE";"1045";"RUA ANDRE NEGREIROS MAIA";"PROX. A LOMBADA ELETRONICA. LADO OPOSTO A FARMÁCIA UNIÃO.";"VÁRZEA";NA;"CIDADE";"TOMBAMENTO";"COM VÍTIMA";1;1;0;0;0;0;0;0;0;1;0;"Longo da via";"Bom";"Não existe";"Perfeito estado";"Seca";"Perfeito estado";"Não existe";"Placas Pare";"40 km/h";"Dupla";"Faixa contínua";"";""
"2542";2020-05-13;"06:23:00";"COM VÍTIMA";"CANCELADA";"BEBERIBE";"AV BEBERIBE";"4011";"";"ANTIGA PIZZARIA DO GORDO";"BEBERIBE";NA;"SUBURBIO";"COLISÃO";"Carro e moto";1;1;0;0;0;0;0;0;0;1;0;"";"";"";"";"";"";"";"";"";"";"";"";""
"2543";2020-05-13;"08:38:00";"COM VÍTIMA";"FINALIZADA";"ESPINHEIRO";"RUA DO FUTURO";"";"RUA ALBERTO PAIVA";"APOS O HABIBS";"ESPINHEIRO";521;"SUBURBIO";"ATROPELAMENTO";"";1;0;0;0;1;0;0;0;0;1;0;"Cruzamento";"Bom";"Sem defeito";"Perfeito estado";"Seca";"Perfeito estado";"Faixa de pedestre";"Outras";"";"Única";"Faixa seccionada";"";""
"2544";2020-05-14;"10:37:00";"SEM VÍTIMA";"FINALIZADA";"BOA VIAGEM";"RUA MARIA CAROLINA";"";"RUA MINISTRO NELSON HUNGRIA";"EM FRENTEL AO HOTEL BRISTOL";"BOA VIAGEM";NA;"";"COLISÃO";"COLISÃO ENVOLVENDO 02 AUTOS";2;0;0;0;0;0;0;0;0;0;0;"Cruzamento";"Bom";"Não existe";"Incompleta";"Seca";"Perfeito estado";"Não existe";"Não há placas";"40 km/h";"Única";"Não existe";"";""
"2545";2020-05-14;"16:28:00";"SEM VÍTIMA";"FINALIZADA";"BOA VIAGEM";"AVENIDA CELSO FURTADO (VIA MANGUE)";"";"";"PRÓXIOMO À AVENIDA ANTONIO FALCÃO";"BOA VIAGEM";NA;"SUBURBIO";"COLISÃO";"COLISÃO ENVOLVENDO UMA VIATURA DA PM/PE E DOIS AUTOS";2;0;0;0;0;0;0;0;0;0;0;"Viaduto";"Bom";"Não existe";"Perfeito estado";"Seca";"Perfeito estado";"Não existe";"Não há placas";"40 km/h";"Única";"Não existe";"";""
"2546";2020-05-15;"01:34:00";"COM VÍTIMA";"FINALIZADA";"CASA AMARELA";"RUA PAULA BATISTA";"";"RUA MAJOR NEREU GUERRA";"PROX AO CEMITÉRIO DE CASA AMARELA";"CASA AMARELA";136;"SUBURBIO";"ABALROAMENTO TRANSVERSAL";"COLISÃO ENVOLVENDO DUAS MOTOCICLETAS (COM VÍTIMA)";0;2;0;0;0;0;0;0;0;1;0;"Cruzamento";"Bom";"Intermitente";"Perfeito estado";"Seca";"Perfeito estado";"Faixa de pedestre";"Outras";"";"Dupla";"Faixa seccionada";"";""
"2547";2020-05-15;"02:45:00";"SEM VÍTIMA";"FINALIZADA";"SANTO ANTÔNIO";"AV SUL";"";"TRV DO RAPOSO";"OFICINA ABELARDO/ PRÓXIMO AO CRUZ. SENTIDO JOANA BEZERRA";"SANTO ANTÔNIO";NA;"CIDADE";"CHOQUE OBJETO FIXO";"VEÍCULO SE CHOCOU CONTRA UM POSTE. O POSTE FOI DANIFICADO E SE ENCONTRA PENDURADO PELA FIAÇÃO.";1;0;0;0;0;0;0;0;0;0;0;"Longo da via";"Chuvoso";"Sem defeito";"Perfeito estado";"Molhada";"Perfeito estado";"Não existe";"Não há placas";"60 km/h";"Única";"Canteiro central";"";""
"2548";2020-05-15;"03:14:00";"COM VÍTIMA";"FINALIZADA";"ILHA DO LEITE";"AV GOVERNADOR AGAMENON MAGALHAES";"";"";"EM FRENTE AO HOSPITAL PORTUGUÊS";"ILHA DO LEITE";NA;"SUBURBIO";"CHOQUE OBJETO FIXO";"";0;1;0;0;0;0;0;0;0;2;0;"Longo da via";"Chuvoso";"Não existe";"Perfeito estado";"Molhada";"Perfeito estado";"";"Outras";"";"Dupla";"Faixa seccionada";"Canteiro central";"Canal"
"2549";2020-05-15;"10:32:00";"COM VÍTIMA";"FINALIZADA";"IMBIRIBEIRA";"AV MARECHAL MASCARENHAS DE MORAES";"2454";"RUA JAMAICA";"EM FRENTE AO N 2454";"IMBIRIBEIRA";7;"SUBURBIO";"COLISÃO TRASEIRA";"COLISÃO COM VITIMA";1;1;0;0;0;0;0;0;0;1;0;"Longo da via";"Chuvoso";"Sem defeito";"Perfeito estado";"Molhada";"Perfeito estado";"Faixa de pedestre";"";"60 km/h";"Única";"Faixa";"";""
"2550";2020-05-15;"18:24:00";"COM VÍTIMA";"FINALIZADA";"BOA VIAGEM";"RUA MARIO SOUTO MAIOR";"554";"RUA PROFESSOR AUGUSTO LINS E SILVA";"RUA PROF AUGUSTO LINS E SILVA";"BOA VIAGEM";NA;"SUBURBIO";"ABALROAMENTO TRANSVERSAL";"COLISÃO COM VITIMA";1;1;0;0;0;0;0;0;0;1;0;"Cruzamento";"Bom";"Não existe";"Perfeito estado";"Seca";"Perfeito estado";"Não existe";"Placas Pare";"";"Dupla";"Não existe";"";""
"2551";2020-05-15;"21:23:00";"COM VÍTIMA";"FINALIZADA";"CORDEIRO";"RUA CLAUDIO BROTHERHOOD";"302";"RUA DR MIGUEL VIEIRA FERREIRA";"AO LADO DA ESCOLA NOVA GERAÇÃO 2000";"CORDEIRO";NA;"";"ABALROAMENTO TRANSVERSAL";"COLISÃO CAMINHÃO X MOTO C/VITIMA";0;1;0;0;0;0;1;0;0;1;0;"Cruzamento";"Chuvoso";"Não existe";"Perfeito estado";"Molhada";"Perfeito estado";"Faixa de pedestre";"Placas Pare";"40 km/h";"Dupla";"Faixa contínua";"";""
"2552";2020-05-16;"05:46:00";"COM VÍTIMA";"FINALIZADA";"PINA";"AV ANTONIO DE GOES";"";"";"FAIXA DA ESQUERDA ANTES DA PONTE DO PINA";"PINA";NA;"CIDADE";"COLISÃO TRASEIRA";"COLISÃO AUTO X MOTO";1;1;0;0;0;0;0;0;0;1;0;"Longo da via";"Chuvoso";"Não existe";"Perfeito estado";"Molhada";"Perfeito estado";"";"R-6a";"40 km/h";"Única";"";"";""
"2553";2020-05-16;"10:06:00";"SEM VÍTIMA";"FINALIZADA";"ZUMBI";"AV CAXANGA";"653";"";"COMPAZ MIGUEL ARRAES";"ZUMBI";NA;"CIDADE";"CHOQUE OBJETO FIXO";"CAMINHONETE CHEVROLET S10- CHOCOU -SE COM GRADIL DO COMPAZ. OCORRÊNCIA SEM VÍTIMA";1;0;0;0;0;0;0;0;0;0;0;"Longo da via";"Chuvoso";"Não existe";"Perfeito estado";"Molhada";"Perfeito estado";"Não existe";"";"";"Dupla";"Canteiro central";"";""
"2554";2020-05-16;"15:55:00";"COM VÍTIMA";"FINALIZADA";"ILHA DO RETIRO";"AV BEIRA RIO";"290";"";"";"ILHA DO RETIRO";NA;"SUBURBIO";"CHOQUE OBJETO FIXO";"";0;1;0;0;1;0;0;0;0;1;0;"Longo da via";"Bom";"Não existe";"Perfeito estado";"Seca";"Perfeito estado";"Não existe";"Não há placas";"";"Dupla";"Faixa contínua";"";""
"2555";2020-05-17;"07:20:00";"COM VÍTIMA";"FINALIZADA";"BOMBA DO HEMETÉRIO";"RUA CHA DE ALEGRIA";"66";"";"LARGO DA BOMBA";"BOMBA DO HEMETÉRIO";NA;"SUBURBIO";"CHOQUE VEÍCULO PARADO";"ATROPELAMENTO PEDESTRE\COLISAO COM MOTO";1;1;0;0;0;0;0;0;0;1;0;"Longo da via";"Chuvoso";"Não existe";"Incompleta";"Molhada";"Perfeito estado";"Não existe";"";"";"Dupla";"Não existe";"";""
"2556";2020-05-17;"16:52:00";"COM VÍTIMA";"FINALIZADA";"TORRE";"RUA REAL DA TORRE";"";"RUA CONDE DE IRAJA";"AO LADO DO SUPERMERCADO EXTRA BOM";"TORRE";106;"";"ABALROAMENTO TRANSVERSAL";"COLISÃO ONIBUS X MOTO";0;1;0;0;0;1;0;0;0;1;0;"Cruzamento";"Bom";"Sem defeito";"Perfeito estado";"Seca";"Perfeito estado";"Faixa de pedestre";"R-6a";"";"Única";"Faixa seccionada";"";""
"2557";2020-05-18;"12:08:00";"COM VÍTIMA";"FINALIZADA";"SÃO JOSÉ";"RUA IMPERIAL";"";"RUA DO PEIXOTO";"PRÓXIMO A IGREJA MATRIZ DE SÃO JOSÉ";"SÃO JOSÉ";207;"CIDADE";"ABALROAMENTO LONGITUDINAL";"SOLICITANTE INFORMA QUE NO LOCAL OCORREU UM ACIDENTE ENVOLVENDO MOTOCICLETA E AUTO COM VÍTIMA";1;1;0;0;0;0;0;0;0;1;0;"Cruzamento";"Bom";"Sem defeito";"Perfeito estado";"Seca";"Perfeito estado";"";"Outras";"";"Única";"Não existe";"";""
"2558";2020-05-18;"14:11:00";"COM VÍTIMA";"FINALIZADA";"VÁRZEA";"AV AFONSO OLINDENSE";"232";"";"EM FRENTE A PADARIA CAXANGÁ";"VÁRZEA";638;"CIDADE";"COLISÃO FRONTAL";"COLISÃO ONIBUS X MOTO- VÍTIMA SOCORRIDA POR MORADORES DA REGIÃO.";0;1;0;0;0;1;0;0;0;1;0;"Longo da via";"Bom";"Sem defeito";"Perfeito estado";"Seca";"Perfeito estado";"Faixa de pedestre";"Outras";"40 km/h";"Dupla";"Faixa contínua";"";""
"2559";2020-05-19;"01:41:00";"COM VÍTIMA";"FINALIZADA";"ARRUDA";"AV PROFESSOR JOSE DOS ANJOS";"40";"RUA MOGI-GUASSU";"PROX. POLICLINICA ANTÔNIO FRANCISCO AREAS";"ARRUDA";NA;"SUBURBIO";"COLISÃO FRONTAL";"ACIDENTE ENTRE MOTO E AUTO";1;1;0;0;0;0;0;0;0;1;0;"";"Bom";"Não existe";"Perfeito estado";"Seca";"Perfeito estado";"Não existe";"Não há placas";"";"Dupla";"Faixa seccionada";"";""
"2560";2020-05-19;"04:49:00";"COM VÍTIMA";"FINALIZADA";"TORRÕES";"AV ENGENHEIRO ABDIAS DE CARVALHO";"";"";"EM FRENTE AO YORK/GALETOS- SENTIDO SUBURBIO/ CIDADE";"TORRÕES";NA;"SUBURBIO";"CHOQUE OBJETO FIXO";"VEÍCULO CHOCOU-SE CONTRA ÁRVORE DO CANTERIO CENTRAL";1;0;0;0;0;0;0;0;0;1;0;"Longo da via";"Bom";"Sem defeito";"Perfeito estado";"Seca";"Perfeito estado";"";"";"60 km/h";"Dupla";"Canteiro central";"";""
"2561";2020-05-19;"07:19:00";"COM VÍTIMA";"FINALIZADA";"SAN MARTIN";"RUA DR FLAVIO FERREIRA DA SILVA MAROJO";"288";"";"EM FRENTE AO N 288 PROXIMO A EMPREL";"SAN MARTIN";NA;"CIDADE";"COLISÃO FRONTAL";"COLISÃO COM VITIMA 2 MOTOS";0;2;0;0;0;0;0;0;0;1;0;"Longo da via";"Chuvoso";"Não existe";"Perfeito estado";"Molhada";"Perfeito estado";"Não existe";"Não há placas";"";"Única";"Não existe";"";""
"2562";2020-05-19;"21:47:00";"COM VÍTIMA";"FINALIZADA";"JARDIM SÃO PAULO";"AV SAO PAULO";"392";"";"E/F AO RENDE MAIS SUPERMERCADO";"JARDIM SÃO PAULO";NA;"";"ABALROAMENTO LONGITUDINAL";"COLISÃO AUTO X MOTO C/VITIMA";1;1;0;0;0;0;0;0;0;1;0;"Longo da via";"Bom";"Não existe";"Perfeito estado";"Seca";"Perfeito estado";"Não existe";"Não há placas";"40 km/h";"Dupla";"Faixa contínua";"";""
"2563";2020-05-20;"07:16:00";"SEM VÍTIMA";"FINALIZADA";"PINA";"AVENIDA CELSO FURTADO (VIA MANGUE)";"";"";"PRÓXIMO AO SHOPPING RIO MAR";"PINA";NA;"SUBURBIO";"COLISÃO";"COLISÃO SEM VÍTIMA ENTRE ÔNIBUS E AMBULÂNCIA DO SAMU";0;0;0;0;0;1;0;1;0;0;0;"Viaduto";"Chuvoso";"Não existe";"Perfeito estado";"Molhada";"Perfeito estado";"Não existe";"Outras";"30 km/h";"Única";"Não existe";"";""
"2564";2020-05-20;"07:20:00";"COM VÍTIMA";"FINALIZADA";"";"AV NORTE";"";"RUA DEPUTADO MARIO MONTEIRO";"SOB SEMÁFORO 079. SUBÚRBIO - CIDADE.";"";NA;"";"COLISÃO";"COLISÃO COM VÍTIMA ENTRE MOTOCICLETA E CAMINHÃO.";0;1;0;0;0;0;1;0;0;1;0;"";"";"";"";"";"";"";"";"";"";"";"";""
"2565";2020-05-20;"09:55:00";"SEM VÍTIMA";"FINALIZADA";"SANTO AMARO";"RUA TUPINAMBAS";"";"";"PRÓXIMO CASA DE APOIO DA CIDADE DE BETÂNIA";"SANTO AMARO";NA;"CIDADE";"COLISÃO";"COLISÃO COM VEÍCULO OFICIAL";1;0;0;0;0;0;0;1;0;0;0;"Cruzamento";"Chuvoso";"Não existe";"Perfeito estado";"Molhada";"Perfeito estado";"Faixa de retenção";"Placas Pare";"";"Dupla";"";"";""
"2566";2020-05-20;"10:16:00";"COM VÍTIMA";"FINALIZADA";"BOA VISTA";"RUA DA UNIAO";"";"RUA MAMEDE SIMOES";"POR TRÁS DA ALEPE";"BOA VISTA";NA;"SUBURBIO";"ABALROAMENTO TRANSVERSAL";"ENTRE AUTO E MOTO";1;1;0;0;0;0;0;0;0;1;0;"Cruzamento";"Chuvoso";"Não existe";"Incompleta";"Molhada";"Perfeito estado";"Não existe";"Outras";"30 km/h";"Única";"Faixa seccionada";"";""
"2567";2020-05-20;"12:56:00";"COM VÍTIMA";"FINALIZADA";"CASA FORTE";"AV DEZESSETE DE AGOSTO";"2202";"";"MUSEU DO HOMEM DO NORDESTE";"CASA FORTE";NA;"SUBURBIO";"ABALROAMENTO TRANSVERSAL";"TRÊS MOTOCICLETAS E UM AUTO PASSEIO COM VÍTIMA";1;3;0;0;0;0;0;0;0;1;0;"Longo da via";"Nublado";"Sem defeito";"Perfeito estado";"Seca";"Perfeito estado";"Faixa de pedestre";"Não há placas";"";"Dupla";"Faixa contínua";"";""
"2568";2020-05-20;"15:46:00";"COM VÍTIMA";"FINALIZADA";"TEJIPIÓ";"AV DR JOSE RUFINO";"2802";"";"COLÉGIO ALBERTO TORRES.TREVO DE SAÍDA DA BR 101";"TEJIPIÓ";NA;"SUBURBIO";"ABALROAMENTO TRANSVERSAL";"ENTRE AUTO PASSEIO E MOTOCICLETA";1;1;0;0;0;0;0;0;0;2;0;"Longo da via";"Bom";"Não existe";"Perfeito estado";"Seca";"Perfeito estado";"Não existe";"Não há placas";"";"Dupla";"Faixa contínua";"";""
"2569";2020-05-20;"17:23:00";"COM VÍTIMA";"CANCELADA";"BOA VISTA";"RUA DOM BOSCO";"";"AV MANOEL BORBA";"AO LADO DA UNIDADE DO SAMU";"BOA VISTA";NA;"SUBURBIO";"COLISÃO";"ENTRE AUTO PASSEIO E MOTOCICLETA";1;1;0;0;0;0;0;0;0;1;0;"";"";"";"";"";"";"";"";"";"";"";"";""
"2570";2020-05-21;"06:08:00";"COM VÍTIMA";"FINALIZADA";"SANTO AMARO";"AV CRUZ CABUGA";"";"";"SEMÁFORO 343";"SANTO AMARO";343;"CIDADE";"COLISÃO TRASEIRA";"COLISAO ENTRE ENTRE ONIBUS E AUTO";1;0;0;0;0;1;0;0;0;1;0;"Cruzamento";"Chuvoso";"Sem defeito";"Perfeito estado";"Molhada";"Perfeito estado";"Faixa de pedestre";"Não há placas";"";"Dupla";"";"";""
"2571";2020-05-21;"13:09:00";"COM VÍTIMA";"FINALIZADA";"CORDEIRO";"RUA ANTERO MOTA";"552";"RUA MARIA QUITERIA";"APÓS A DELEGACIA DO CORDEIRO";"CORDEIRO";NA;"SUBURBIO";"ABALROAMENTO LONGITUDINAL";"COLISÃO COM VITIMA MOTO X CAMINHÃO";0;1;0;0;0;0;1;0;0;1;0;"Longo da via";"Bom";"Não existe";"Perfeito estado";"Seca";"Perfeito estado";"Não existe";"Não há placas";"";"Única";"";"";""
"2572";2020-05-21;"14:08:00";"COM VÍTIMA";"FINALIZADA";"PINA";"AV HERCULANO BANDEIRA";"960";"RUA NOGUEIRA DE SOUZA";"EM FRENTE A JBS VEICULOS";"PINA";657;"SUBURBIO";"COLISÃO TRASEIRA";"COLISÃO COM VITIMA DUAS MOTOS";0;2;0;0;0;0;0;0;0;1;0;"Longo da via";"Bom";"Sem defeito";"Perfeito estado";"Seca";"Perfeito estado";"Faixa de pedestre";"R-4b";"";"Única";"Faixa seccionada";"";""
"2573";2020-05-22;"13:02:00";"SEM VÍTIMA";"DUPLICIDADE";"CASA AMARELA";"RUA BELA VISTA";"";"AV NORTE";"";"CASA AMARELA";NA;"";"COLISÃO";"AUTO X CAMINHÃO";1;0;0;0;0;0;1;0;0;0;0;"";"";"";"";"";"";"";"";"";"";"";"";""
"2574";2020-05-22;"13:06:00";"SEM VÍTIMA";"FINALIZADA";"CASA AMARELA";"AV NORTE";"";"RUA BELA VISTA";"DO LADO OPOSTO AO REI DA PICANHA";"CASA AMARELA";677;"SUBURBIO";"COLISÃO";"COLISÃO ENVOLVENDO DOIS VEÍCULOS";2;0;0;0;0;0;0;0;0;0;0;"Cruzamento";"Bom";"Sem defeito";"Perfeito estado";"Seca";"Perfeito estado";"Faixa de pedestre";"Outras";"";"Única";"Não existe";"";""