"";"data";"hora";"natureza_acidente";"situacao";"bairro";"endereco";"numero";"detalhe_endereco_acidente";"complemento";"bairro_cruzamento";"num_semaforo";"sentido_via";"tipo";"descricao";"auto";"moto";"ciclom";"ciclista";"pedestre";"onibus";"caminhao";"viatura";"outros";"vitimas";"vitimasfatais";"acidente_verificado";"tempo_clima";"situacao_semaforo";"sinalizacao";"condicao_via";"conservacao_via";"ponto_controle";"situacao_placa";"velocidade_max_via";"mao_direcao";"divisao_via1";"divisao_via2";"divisao_via3"
"2679";2020-06-14;"08:21:00";"COM VÍTIMA";"FINALIZADA";"CABANGA";"PTE GOVERNADOR PAULO GUERRA";"";"";"AO LADO DA ESTAÇÃO DA COMPESA";"CABANGA";NA;"SUBURBIO";"TOMBAMENTO";"ACIDENTE DE PERCURSO COM MOTOCICLETA";0;1;0;0;0;0;0;0;0;1;0;"Longo da via";"Chuvoso";"Não existe";"Perfeito estado";"Molhada";"Perfeito estado";"Não existe";"Não há placas";"";"Única";"Faixa seccionada";"";""
"2680";2020-06-14;"11:24:00";"COM VÍTIMA";"CANCELADA";"TEJIPIÓ";"AV DR JOSE RUFINO";"";"";"PROX. AO ARMAZÉM CORAL";"TEJIPIÓ";NA;"";"COLISÃO COM CICLISTA";"COLISÃO MOTOCICLETA X CICLISTA";0;1;0;1;0;0;0;0;0;3;0;"";"";"";"";"";"";"";"";"";"";"";"";""
"2681";2020-06-14;"19:56:00";"COM VÍTIMA";"FINALIZADA";"MADALENA";"RUA JOSE OSORIO";"414";"";"PROXIMO AO MERCADO DA MADALENA . POSTO PETROBRAS";"MADALENA";NA;"SUBURBIO";"CHOQUE VEÍCULO PARADO";"COLISÃO AUTO E MOTO";1;1;0;0;0;0;0;0;0;1;0;"Longo da via";"Chuvoso";"Sem defeito";"Perfeito estado";"Molhada";"Perfeito estado";"Não existe";"Não há placas";"60 km/h";"Única";"Não existe";"";""
"2682";2020-06-15;"09:56:00";"SEM VÍTIMA";"FINALIZADA";"MUSTARDINHA";"AV MANOEL GONCALVES DA LUZ";"";"";"AO LADO PRAÇA MUSTARDINHA";"MUSTARDINHA";NA;"SUBURBIO";"COLISÃO";"DOIS AUTOS SEM VÍTIMA";2;0;0;0;0;0;0;0;0;0;0;"Cruzamento";"Bom";"Não existe";"Perfeito estado";"Seca";"Perfeito estado";"Faixa de pedestre";"Outras";"N/I";"Dupla";"Faixa contínua";"";""
"2683";2020-06-15;"10:43:00";"SEM VÍTIMA";"FINALIZADA";"SÍTIO DOS PINTOS";"RUA VEREADOR PETRUS CAMARA";"65";"";"CAMPO SÍTIO DOS PINTOS";"SÍTIO DOS PINTOS";NA;"CIDADE";"COLISÃO";"ENTRE VEÍCULO OFICIAL E CARROÇA";0;0;0;0;0;0;0;1;1;0;0;"Longo da via";"Chuvoso";"Não existe";"Não existente";"Molhada";"Outros";"Não existe";"Não há placas";"N/I";"Dupla";"Não existe";"";""
"2684";2020-06-15;"15:42:00";"SEM VÍTIMA";"FINALIZADA";"SÃO JOSÉ";"AV N S DO CARMO";"";"RUA IMPERADOR PEDRO SEGUNDO";"";"SÃO JOSÉ";NA;"";"COLISÃO";"COLISÃO ENTRE DOIS AUTOMÓVEIS";2;0;0;0;0;0;0;0;0;0;0;"Cruzamento";"Chuvoso";"Sem defeito";"Perfeito estado";"Molhada";"Perfeito estado";"Faixa de pedestre";"Não há placas";"N/I";"Dupla";"Faixa contínua";"";""
"2685";2020-06-15;"19:28:00";"COM VÍTIMA";"FINALIZADA";"CASA AMARELA";"AV NORTE";"";"AV PROFESSOR JOSE DOS ANJOS";"PRÓXIMO AO SESC DE CASA AMARELA";"CASA AMARELA";364;"SUBURBIO";"ABALROAMENTO TRANSVERSAL";"";1;1;0;0;0;0;0;0;0;1;0;"Cruzamento";"Chuvoso";"Sem defeito";"Perfeito estado";"Molhada";"Perfeito estado";"Faixa de pedestre";"Não há placas";"";"Dupla";"Faixa seccionada";"";""
"2686";2020-06-15;"19:35:00";"COM VÍTIMA";"CANCELADA";"IMBIRIBEIRA";"AV MARECHAL MASCARENHAS DE MORAES";"";"";"EM FRENTE AO ARMAZÉM CORAL";"IMBIRIBEIRA";NA;"SUBURBIO";"COLISÃO";"MOTO E AUTO";1;1;0;0;0;0;0;0;0;1;0;"";"";"";"";"";"";"";"";"";"";"";"";""
"2687";2020-06-16;"08:25:00";"COM VÍTIMA";"FINALIZADA";"VÁRZEA";"AV JOAQUIM RIBEIRO";"";"RUA FRANCISCO TORRES";"DEFRONTE DA UPA DA CAXANGÁ";"VÁRZEA";368;"CIDADE";"ABALROAMENTO LONGITUDINAL";"COLISÃO ENVOLVENDO MOTOCICLISTA E AUTOPASSEIO - EQUIPE DE AGENTES NO LOCAL PROCEDENDO À OCORRÊNCIA";1;1;0;0;0;0;0;0;0;1;0;"Longo da via";"Chuvoso";"Sem defeito";"Perfeito estado";"Molhada";"Perfeito estado";"Faixa de pedestre";"Não há placas";"60 km/h";"Única";"Faixa seccionada";"";""
"2688";2020-06-16;"14:42:00";"SEM VÍTIMA";"FINALIZADA";"IBURA";"AV DOIS RIOS";"";"";"EM FRENTE A IGREJA BATISTA DO IBURA";"IBURA";594;"CIDADE";"COLISÃO";"COLISÃO SEM VITIMA.( BATEDORES NO LOCAL MOTO 11 E 24";1;0;0;0;0;0;1;0;0;0;0;"Longo da via";"Bom";"Não existe";"Perfeito estado";"Seca";"Perfeito estado";"Não existe";"Outras";"N/I";"Dupla";"Faixa contínua";"Faixa seccionada";""
"2689";2020-06-16;"23:02:00";"SEM VÍTIMA";"FINALIZADA";"BOA VIAGEM";"AV CONSELHEIRO AGUIAR";"";"RUA FELIX DE BRITO E MELO";"CRUZAMENTO C/A RUA FELIX DE BRITO E MELO - EM FRENTE AO BRADESCO";"BOA VIAGEM";NA;"SUBURBIO";"CHOQUE OBJETO FIXO";"ONIBUS DA EMPRESA BORBOREMA CHOCOU-SE CONTRA UM POSTE DE ALTA TENSÃO- QUE AMEAÇA CAIR NA VIA - SEM VÍTIMA";0;0;0;0;0;1;0;0;0;0;0;"Cruzamento";"Chuvoso";"Sem defeito";"Perfeito estado";"Molhada";"Perfeito estado";"Faixa de pedestre";"R-6a";"40KM";"Única";"Outros";"";""
"2690";2020-06-17;"11:29:00";"COM VÍTIMA";"FINALIZADA";"IBURA";"AV PERNAMBUCO";"150";"AV RIO SAO FRANCISCO";"PROXIMO O EREM SÃO SEBASTIÃO LEME";"IBURA";NA;"SUBURBIO";"ABALROAMENTO LONGITUDINAL";"COLISÃO COM VITIMA ENTRE AUTO E MOTO.";1;1;0;0;0;0;0;0;0;1;0;"Cruzamento";"Bom";"Não existe";"Perfeito estado";"Seca";"Perfeito estado";"Não existe";"Não há placas";"";"Dupla";"Faixa seccionada";"";""
"2691";2020-06-17;"15:20:00";"COM VÍTIMA";"FINALIZADA";"CASA FORTE";"AV DEZESSETE DE AGOSTO";"2187";"";"PROXIMO AO MUSEU. FUNDAÇÃO JOAQUIM NABUCO";"CASA FORTE";NA;"CIDADE";"COLISÃO TRASEIRA";"";2;0;0;0;0;0;0;0;0;1;0;"Longo da via";"Bom";"Não existe";"Perfeito estado";"Seca";"Perfeito estado";"Não existe";"Não há placas";"";"Dupla";"Faixa contínua";"";""
"2692";2020-06-17;"15:51:00";"COM VÍTIMA";"FINALIZADA";"MADALENA";"RUA MENEZES DRUMOND";"333";"RUA ERNANI BRAGA";"PRAÇA CALAZANS";"MADALENA";NA;"SUBURBIO";"ABALROAMENTO TRANSVERSAL";"";1;1;0;0;0;0;0;0;0;1;0;"Cruzamento";"Bom";"Não existe";"Perfeito estado";"Seca";"Perfeito estado";"Faixa de pedestre";"R-4a";"";"Única";"Faixa contínua";"Faixa seccionada";""
"2693";2020-06-17;"19:06:00";"COM VÍTIMA";"FINALIZADA";"JIQUIÁ";"AV DR JOSE RUFINO";"";"RUA ANTONIO CARNEIRO";"EM FRENTE AO COLISÃO VISÃO";"JIQUIÁ";NA;"";"ABALROAMENTO TRANSVERSAL";"ACIDENTE ENTRE AUTO E MOTO";1;1;0;0;0;0;0;0;0;1;0;"Esquina";"Bom";"Não existe";"Perfeito estado";"Seca";"Perfeito estado";"Não existe";"Outras";"";"Dupla";"Faixa contínua";"Faixa seccionada";""
"2694";2020-06-17;"19:46:00";"COM VÍTIMA";"FINALIZADA";"JORDÃO";"RUA DR ALVARO FERRAZ";"";"";"RUA PRINCIPAL ONDE PASSA OS ÔNIBUS DO JORDÃO BAIXO";"JORDÃO";NA;"";"COLISÃO";"DUAS MOTOS E UM CAMINHÃO";0;2;0;0;0;0;1;0;0;1;0;"Longo da via";"Chuvoso";"Não existe";"Incompleta";"Molhada";"Mal iluminada";"Não existe";"Não há placas";"30KM";"Única";"Não existe";"";""
"2695";2020-06-18;"09:53:00";"COM VÍTIMA";"FINALIZADA";"IPUTINGA";"AV CAXANGA";"";"AV PROFESSOR JOAQUIM CAVALCANTI";"";"IPUTINGA";NA;"SUBURBIO";"COLISÃO TRASEIRA";"COLISÃO COM VITIMA";1;1;0;0;0;0;0;0;0;1;0;"Cruzamento";"Bom";"Não existe";"Perfeito estado";"Seca";"Perfeito estado";"Não existe";"Não há placas";"60 km/h";"Dupla";"Canteiro central";"";""
"2696";2020-06-18;"11:21:00";"COM VÍTIMA";"FINALIZADA";"IPSEP";"RUA ITACARI";"162";"RUA ITAJAI";"";"IPSEP";NA;"";"ABALROAMENTO TRANSVERSAL";"COLISÃO COM VÍTIMA ENTRE 2 AUTOS";2;0;0;0;0;0;0;0;0;1;0;"Cruzamento";"Nublado";"Não existe";"Perfeito estado";"Seca";"Perfeito estado";"Faixa de pedestre";"Placas Pare";"30 km/h";"Única";"Faixa seccionada";"";""
"2697";2020-06-18;"15:11:00";"SEM VÍTIMA";"FINALIZADA";"MADALENA";"RUA DOM MANOEL DA COSTA";"";"RUA PADRE LANDIM";"RUA PADRE LANDIM";"MADALENA";NA;"";"COLISÃO";"COLISÃO ENTRE 2 AUTOS- SEM VÍTIMAS";2;0;0;0;0;0;0;0;0;0;0;"Cruzamento";"Bom";"Sem defeito";"Incompleta";"Seca";"Mal conservada";"Faixa de pedestre";"R-6a";"N/I";"Única";"Faixa contínua";"";""
"2698";2020-06-18;"15:12:00";"SEM VÍTIMA";"FINALIZADA";"BOA VIAGEM";"RUA ANTONIO FALCAO";"";"RUA DOS NAVEGANTES";"";"BOA VIAGEM";NA;"";"COLISÃO";"COLISÃO ENTRE 2 AUTOS- SEM VÍTIMAS";2;0;0;0;0;0;0;0;0;0;0;"Cruzamento";"Chuvoso";"Não existe";"Ilegível";"Molhada";"Perfeito estado";"Outros";"Placas Pare";"N/I";"Única";"Não existe";"";""
"2699";2020-06-18;"15:52:00";"SEM VÍTIMA";"FINALIZADA";"TAMARINEIRA";"RUA CONEGO BARATA";"";"";"Em frente a Policlínica Albert Sabin sentido Água Fria";"TAMARINEIRA";NA;"SUBURBIO";"COLISÃO";"Condutora informa que seu veículo foi colidido na traseira por veículo da Secretaria de Saúde do Município de Recife";0;0;0;0;0;0;0;0;0;0;0;"Longo da via";"Chuvoso";"Sem defeito";"Perfeito estado";"Molhada";"Perfeito estado";"Faixa de pedestre";"R-6a";"N/I";"Única";"Canteiro central";"";""
"2700";2020-06-18;"16:16:00";"COM VÍTIMA";"FINALIZADA";"SÃO JOSÉ";"AV SUL";"488";"";"ANTES DA ENTRADA DO CABANGA";"SÃO JOSÉ";509;"SUBURBIO";"COLISÃO COM CICLISTA";"COLISÃO ÔNIBUS X CICLISTA";0;0;0;1;0;1;0;0;0;1;0;"Longo da via";"Chuvoso";"Sem defeito";"Perfeito estado";"Molhada";"Perfeito estado";"Não existe";"Outras";"60 km/h";"Dupla";"Faixa seccionada";"";""
"2701";2020-06-19;"04:52:00";"VÍTIMA FATAL";"FINALIZADA";"JOANA BEZERRA";"VIADUTO CAPITAO TEMUDO";"";"";"SENTIDO DERBY. ALÇA DE ACESSO A RUA IMPERIAL.";"JOANA BEZERRA";NA;"CIDADE";"COLISÃO COM CICLISTA";"MOTO X BICICLETA C/VITIMA FATAL";0;1;0;1;0;0;0;0;0;1;1;"Viaduto";"Chuvoso";"Não existe";"Perfeito estado";"Molhada";"Perfeito estado";"Não existe";"R-19";"40 km/h";"Única";"Faixa contínua";"";""
"2702";2020-06-19;"07:46:00";"SEM VÍTIMA";"FINALIZADA";"CASA FORTE";"AV DEZESSETE DE AGOSTO";"";"";"EM FRENTE A PIZZARIA HUTT";"CASA FORTE";NA;"";"CHOQUE";"VEÍCULO COLIDIU COM UM POSTE ESTÁ ATRAVESSADO NA VIA";1;0;0;0;0;0;0;0;0;0;0;"Longo da via";"Chuvoso";"Não existe";"Perfeito estado";"Molhada";"Perfeito estado";"Não existe";"Outras";"N/I";"Dupla";"Faixa contínua";"";""
"2703";2020-06-19;"07:55:00";"SEM VÍTIMA";"FINALIZADA";"ESPINHEIRO";"RUA CONS PORTELA";"";"RUA QUARENTA E OITO";"";"ESPINHEIRO";NA;"";"COLISÃO";"COLISÃO ENTE DOIS AUTOMÓVEIS. OBS: AGENTE ARTHUR.";2;0;0;0;0;0;0;0;0;0;0;"Cruzamento";"Chuvoso";"Sem defeito";"Perfeito estado";"Molhada";"Perfeito estado";"Agente";"Outras";"N/I";"Única";"Outros";"";""
"2704";2020-06-19;"08:28:00";"COM VÍTIMA";"FINALIZADA";"SANTO AMARO";"AV GOVERNADOR AGAMENON MAGALHAES";"1800";"";"PRÓXIMO REITORIA DA UNIVERSIDADE DE PERNAMBUCO- SENTIDO BOA VIAGEM";"SANTO AMARO";NA;"CIDADE";"COLISÃO TRASEIRA";"AUTO E MOTOCICLETA COM UMA VÍTIMA";1;1;0;0;0;0;0;0;0;1;0;"Longo da via";"Chuvoso";"Sem defeito";"Perfeito estado";"Molhada";"Perfeito estado";"Não existe";"Não há placas";"60 km/h";"Dupla";"Canteiro central";"";""
"2705";2020-06-19;"08:57:00";"COM VÍTIMA";"FINALIZADA";"TORRÕES";"AV ENGENHEIRO ABDIAS DE CARVALHO";"";"";"LADO OPOSTO DLP VINHOS E DESTILADOS";"TORRÕES";NA;"CIDADE";"ABALROAMENTO LONGITUDINAL";"DOIS AUTOS E UMA MOTOCICLETA";2;1;0;0;0;0;0;0;0;1;0;"Longo da via";"Bom";"Não existe";"Perfeito estado";"Seca";"Perfeito estado";"Não existe";"Não há placas";"";"Dupla";"Canteiro central";"";""
"2706";2020-06-19;"10:24:00";"COM VÍTIMA";"FINALIZADA";"ÁGUA FRIA";"AV BEBERIBE";"";"";"EM FRENTE PAGODE DA PRESSÃO E PRÓXIMO MERCADO ÀGUA FRIA";"ÁGUA FRIA";NA;"CIDADE";"COLISÃO";"DOIS AUTOS";2;0;0;0;0;0;0;0;0;1;0;"Longo da via";"Bom";"Sem defeito";"Perfeito estado";"Seca";"Perfeito estado";"Faixa de pedestre";"Outras";"N/I";"Dupla";"Faixa contínua";"";""
"2707";2020-06-19;"14:22:00";"COM VÍTIMA";"FINALIZADA";"TAMARINEIRA";"AV NORTE";"3927";"RUA CONEGO BARATA";"PRÓX DE GASOLINA AV. NORTE. LADO OPOSTO A PADARIA BELLA NORTE.";"TAMARINEIRA";62;"CIDADE";"ATROPELAMENTO";"ATROPELAMENTO ENTRE CAMINHÃO E PEDESTRE";1;0;0;0;1;0;0;0;0;1;0;"Longo da via";"Chuvoso";"";"Perfeito estado";"Molhada";"Perfeito estado";"";"";"";"Dupla";"Canteiro central";"";""
"2708";2020-06-20;"03:38:00";"SEM VÍTIMA";"FINALIZADA";"BOA VISTA";"AV CONDE DA BOA VISTA";"";"";"EM FRENTE AO SHOPPING BOA VISTA";"BOA VISTA";NA;"SUBURBIO";"CHOQUE";"VIATURA DA PM SE CHOCOU CONTRA UM GELO BAIANO";1;0;0;0;0;0;0;0;0;0;0;"Cruzamento";"Bom";"Sem defeito";"Perfeito estado";"Seca";"Perfeito estado";"Outros";"Outras";"N/I";"Dupla";"Canteiro central";"";""
"2709";2020-06-20;"12:09:00";"COM VÍTIMA";"FINALIZADA";"SANTO AMARO";"AV CRUZ CABUGA";"1167";"AV DR JAYME DA FONTE";"EM FRENTE AO N 1189";"SANTO AMARO";343;"CIDADE";"ABALROAMENTO TRANSVERSAL";"COLISÃO COM VITIMA";0;2;0;0;0;0;0;0;0;2;0;"Cruzamento";"Bom";"Sem defeito";"Perfeito estado";"Seca";"Perfeito estado";"Faixa de pedestre";"Não há placas";"40 km/h";"Dupla";"Faixa seccionada";"";""
"2710";2020-06-20;"13:26:00";"SEM VÍTIMA";"FINALIZADA";"CASA FORTE";"AV DEZESSETE DE AGOSTO";"508";"";"EM FRENTE AO SHOPPING PLAZA";"CASA FORTE";NA;"CIDADE";"COLISÃO";"COLISÃO SEM VITIMA";2;1;0;0;0;0;0;0;0;0;0;"Longo da via";"Bom";"Sem defeito";"Perfeito estado";"Seca";"Perfeito estado";"Faixa de pedestre";"Outras";"N/I";"Dupla";"Faixa contínua";"";""
"2711";2020-06-20;"14:58:00";"SEM VÍTIMA";"FINALIZADA";"CASA FORTE";"AV DEZESSETE DE AGOSTO";"487";"";"EM FRENTE AO N 487";"CASA FORTE";NA;"CIDADE";"COLISÃO";"COLISÃO SEM VITIMA";2;0;0;0;0;0;0;0;0;0;0;"Longo da via";"Bom";"Não existe";"Perfeito estado";"Seca";"Perfeito estado";"Outros";"Outras";"N/I";"Dupla";"Faixa contínua";"";""
"2712";2020-06-20;"16:29:00";"SEM VÍTIMA";"CANCELADA";"BOA VIAGEM";"RUA PROFESSOR JOSE BRANDAO";"390";"RUA FRANCISCO DA CUNHA";"EM FRENTE AO N 390";"BOA VIAGEM";NA;"SUBURBIO";"COLISÃO";"COLISÃO SEM VITIMA";1;1;0;0;0;0;0;0;0;0;0;"";"";"";"";"";"";"";"";"";"";"";"";""
"2713";2020-06-20;"19:51:00";"COM VÍTIMA";"FINALIZADA";"IMBIRIBEIRA";"AV MARECHAL MASCARENHAS DE MORAES";"2274";"";"LADO OPOSTO A FERREIRA COSTA.";"IMBIRIBEIRA";NA;"SUBURBIO";"ABALROAMENTO LONGITUDINAL";"COLISÃO ENTRE TRÊS AUTOS E UMA MOTO.";3;1;0;0;0;0;0;0;0;3;0;"Longo da via";"Chuvoso";"";"Perfeito estado";"Molhada";"Perfeito estado";"";"R-6a";"40 km/h";"Dupla";"Canteiro central";"";""
"2714";2020-06-21;"07:24:00";"SEM VÍTIMA";"FINALIZADA";"MACAXEIRA";"AV NORTE";"";"";"LADO OPSTO A ANTIGA FÁBRICA DA MACAXEIRA";"MACAXEIRA";NA;"";"CHOQUE OBJETO FIXO";"VEÍCULO: PDR 0343 : CHEVROLET ONIX";1;0;0;0;0;0;0;0;0;0;0;"";"";"";"";"";"";"";"";"";"";"";"";""
"2715";2020-06-21;"12:22:00";"COM VÍTIMA";"FINALIZADA";"AREIAS";"AV RECIFE";"";"RUA AURORA CACOTE";"EM FRENTE AO HOSPITAL DE AREIAS. CHURRASCARIA E PIZZARIA GALETUS.";"AREIAS";NA;"BOA VIAGEM";"ABALROAMENTO TRANSVERSAL";"AUTO E MOTO.";1;0;1;0;0;0;0;0;0;1;0;"Esquina";"Bom";"Não existe";"Perfeito estado";"Seca";"Mal conservada";"Não existe";"Placas Pare";"60 km/h";"Dupla";"Canteiro central";"";""
"2716";2020-06-21;"16:39:00";"COM VÍTIMA";"FINALIZADA";"SÍTIO DOS PINTOS";"EST DOS PINTOS";"20";"";"PRÓXIMO UFRPE";"SÍTIO DOS PINTOS";NA;"CIDADE";"COLISÃO COM CICLISTA";"";1;0;0;1;2;0;0;0;0;5;0;"Longo da via";"Bom";"Não existe";"Incompleta";"Seca";"Perfeito estado";"Não existe";"Não há placas";"";"Dupla";"Não existe";"";""
"2717";2020-06-21;"20:14:00";"SEM VÍTIMA";"FINALIZADA";"SANTO AMARO";"AV JOAO DE BARROS";"";"";"PRÓXIMO AO POSTO BR- ENCONTRA-SE QUITANDARIA";"SANTO AMARO";NA;"SUBURBIO";"COLISÃO";"COLISÃO ENTRTE DOIS VEÍCULO";2;0;0;0;0;0;0;0;0;0;0;"Longo da via";"Bom";"Não existe";"Perfeito estado";"Seca";"Perfeito estado";"Não existe";"Não há placas";"N/I";"Única";"Faixa seccionada";"";""
"2718";2020-06-21;"22:36:00";"COM VÍTIMA";"CANCELADA";"JARDIM SÃO PAULO";"AV SAO PAULO";"505";"";"PIZARIA PASSIRA";"JARDIM SÃO PAULO";NA;"SUBURBIO";"COLISÃO";"AUTO E MOTO";1;1;0;0;0;0;0;0;0;1;0;"";"";"";"";"";"";"";"";"";"";"";"";""
"2719";2020-06-22;"08:56:00";"COM VÍTIMA";"FINALIZADA";"SANTO AMARO";"AV NORTE";"1255";"";"APOS O VIADUTO DA AV NORTE NO  SENTIDO CIDADE. UNIDADE DA SAÚDE DA FAMÍLIA DE SANTO AMARO 3.";"SANTO AMARO";NA;"CIDADE";"ATROPELAMENTO";"ATROPELAMENTO  EM SEGUIDA CONDUTOR BATEU CONTRA POSTE  COM 2 VITIMAS A ESPERA DO SAMU BT MOTO 20 .37 QTH";0;1;0;0;1;0;0;0;0;2;0;"Longo da via";"Bom";"Não existe";"Perfeito estado";"Seca";"Perfeito estado";"Não existe";"Outras";"60 km/h";"Dupla";"Canteiro central";"";""
"2720";2020-06-22;"09:50:00";"COM VÍTIMA";"FINALIZADA";"GRAÇAS";"RUA AMELIA";"293";"";"EM FRENTE A LOJA VIA MUNDI";"GRAÇAS";NA;"SUBURBIO";"COLISÃO TRASEIRA";"COLISÃO COM VITIMA A ESPERA DO SAMU  GM JOSIMAR JUNIOR QTH";1;1;0;0;0;0;0;0;0;1;0;"Longo da via";"Bom";"Sem defeito";"Perfeito estado";"Seca";"Perfeito estado";"Outros";"Outras";"";"Única";"Faixa contínua";"";""
"2721";2020-06-22;"12:31:00";"COM VÍTIMA";"FINALIZADA";"MACAXEIRA";"AV JOSE AMERICO DE ALMEIDA";"392";"";"EM FRENTE AO MERCADINHO BELA VISTA E EM FRENTE A ACADEMIA PONTO CERTO";"MACAXEIRA";NA;"SUBURBIO";"ABALROAMENTO LONGITUDINAL";"COLISÃO COM VÍTIMA";0;1;0;0;0;1;0;0;0;1;0;"Longo da via";"Bom";"Não existe";"Perfeito estado";"Seca";"Perfeito estado";"";"R-6a";"";"Dupla";"Canteiro central";"";""
"2722";2020-06-22;"13:20:00";"SEM VÍTIMA";"FINALIZADA";"IBURA";"RUA RIO DA PRATA";"";"";"NO FINAL DA RUA PROX AO CENTRO DE APOIO SOCIAL ESPORTIVO CULTURAL";"IBURA";NA;"";"COLISÃO";"COLISAO EM VT DA POLICIA E AUTO S/V";1;0;0;0;0;0;0;1;0;0;0;"Longo da via";"Bom";"Não existe";"Perfeito estado";"Seca";"Perfeito estado";"Não existe";"Não há placas";"N/I";"Dupla";"Faixa contínua";"";""
"2723";2020-06-22;"14:13:00";"COM VÍTIMA";"FINALIZADA";"CORDEIRO";"EST DO FORTE DO ARRAIAL N. DO B. JESUS";"1592";"RUA ONZE DE FEVEREIRO";"EM FRENTE A LAVANDERIA ROUPA LIMPA. FORTE DO COCO.";"CORDEIRO";NA;"SUBURBIO";"ABALROAMENTO LONGITUDINAL";"COLISÃO COM VÍTIMA";0;2;0;0;0;0;0;0;0;1;0;"Longo da via";"Bom";"Não existe";"Incompleta";"Seca";"Perfeito estado";"Não existe";"Outras";"";"Dupla";"Não existe";"";""
"2724";2020-06-22;"17:07:00";"COM VÍTIMA";"FINALIZADA";"ESTÂNCIA";"AV DR JOSE RUFINO";"13";"";"PRÓXIMO AO COLÉGIO VISÃO.";"ESTÂNCIA";NA;"SUBURBIO";"ACID. DE PERCURSO";"MOTOCICLISTA DERRAPOU- DEVIDO GRANDE QUANTIDADE DE ÓLEO NA VIA.";0;1;0;0;0;0;0;0;0;1;0;"Longo da via";"Bom";"Não existe";"Incompleta";"Oleosa";"Mal conservada";"Não existe";"Não há placas";"";"Dupla";"Faixa contínua";"";""
"2725";2020-06-22;"17:14:00";"SEM VÍTIMA";"FINALIZADA";"IBURA";"AV DOIS RIOS";"";"";"E/F A IGREJA EL SHADDAI";"IBURA";NA;"";"COLISÃO";"COLISAO ENTRE DUAS S/V BATEDOR MARCELO E LUCAS DA MOTO 09 E 36 NO LOCAL";0;2;0;0;0;0;0;0;0;0;0;"Longo da via";"Bom";"Não existe";"Perfeito estado";"Seca";"Perfeito estado";"Não existe";"Não há placas";"N/I";"Dupla";"Faixa contínua";"";""
"2726";2020-06-22;"18:16:00";"SEM VÍTIMA";"FINALIZADA";"ROSARINHO";"RUA DR JOSE MARIA";"866";"RUA REGUEIRA COSTA";"PROX . AO EDF. ENRIQUE QUINTO E DROGASIL E GALERIA JOAO DE DEUS";"ROSARINHO";NA;"";"COLISÃO";"PALIO E SUZUKI    OBS: SUSPEITA DE EMBRIAGUEZ";2;2;0;0;0;0;0;0;0;0;0;"Longo da via";"Bom";"Não existe";"Perfeito estado";"Seca";"Perfeito estado";"Não existe";"Outras";"N/I";"Dupla";"Faixa contínua";"";""
"2727";2020-06-22;"19:54:00";"COM VÍTIMA";"FINALIZADA";"MADALENA";"AV VISCONDE DE ALBUQUERQUE";"401";"RUA LOPES DE CARVALHO";"GALERIA MADALENA CENTER";"MADALENA";NA;"SUBURBIO";"ABALROAMENTO TRANSVERSAL";"COLISÃO COM DUAS VITIMAS";0;2;0;0;0;0;0;0;0;2;0;"Cruzamento";"Bom";"Não existe";"Perfeito estado";"Seca";"Perfeito estado";"";"";"40 km/h";"Única";"";"";""
"2728";2020-06-22;"20:32:00";"SEM VÍTIMA";"FINALIZADA";"ENCRUZILHADA";"RUA CASTRO ALVES";"";"RUA JOSE DE SA CARNEIRO";"*SEMÁFORO 666* /  E/F A QUALIMENTOS E CAIXA ECONÔMICA";"ENCRUZILHADA";666;"";"ENGAVETAMENTO";"ENTRE 3 AUTOS. O RESPONSÁVEL PELO ENGAVETAMENTO APRESENTA SINAIS FORTES DE EMBRIAGUEZ- INCLUSIVE- TENTOU AGREDIR TERCEIROS NO LOCAL- MAS PERMANECE NA VIA PARA O PROCEDIMENTO DE OCORRÊNCIA DA CTTU. S/V";3;0;0;0;0;0;0;0;0;0;0;"";"";"";"";"";"";"";"";"";"";"";"";""
"2729";2020-06-22;"21:48:00";"COM VÍTIMA";"FINALIZADA";"VÁRZEA";"RUA DONA MARIA LACERDA";"18";"";"NA RUA DA DELEGACIA DA VÁRZEA E 12º BATALHÃO";"VÁRZEA";NA;"SUBURBIO";"CHOQUE OBJETO FIXO";"VT DA PM ACABOU SE CHOCANDO CONTRA O FITEIRO NA LOCALIDADE. SOLICITAM O APOIO DA CTTU NO LOCAL. S/V";0;0;0;0;0;0;0;1;1;2;0;"Longo da via";"Bom";"Não existe";"Perfeito estado";"Seca";"Perfeito estado";"Não existe";"Não há placas";"";"Dupla";"Faixa seccionada";"";""
"2730";2020-06-23;"02:03:00";"SEM VÍTIMA";"FINALIZADA";"MACAXEIRA";"AV NORTE";"";"";"PROXIMO DO TERMINLA DA MACAXEIRA";"MACAXEIRA";NA;"SUBURBIO";"CHOQUE OBJETO FIXO";"CONDUTOR PERDEU O CONTROLE DO VEICULO- SUBIU A CALÇADA- BATEU NUMA MURETA DE PROTEÇÃO E CAIU SOBRE UMA FÁBRICA DE BOLOS DE ROLO.";1;0;0;0;0;0;0;0;0;0;0;"Outros";"Bom";"Não existe";"Perfeito estado";"Seca";"Perfeito estado";"Não existe";"Não há placas";"N/I";"Única";"Canteiro central";"";""