"";"data";"hora";"natureza_acidente";"situacao";"bairro";"endereco";"numero";"detalhe_endereco_acidente";"complemento";"bairro_cruzamento";"num_semaforo";"sentido_via";"tipo";"descricao";"auto";"moto";"ciclom";"ciclista";"pedestre";"onibus";"caminhao";"viatura";"outros";"vitimas";"vitimasfatais";"acidente_verificado";"tempo_clima";"situacao_semaforo";"sinalizacao";"condicao_via";"conservacao_via";"ponto_controle";"situacao_placa";"velocidade_max_via";"mao_direcao";"divisao_via1";"divisao_via2";"divisao_via3"
"2731";2020-06-23;"08:10:00";"COM VÍTIMA";"FINALIZADA";"BOA VIAGEM";"AVENIDA CELSO FURTADO (VIA MANGUE)";"";"";"SUBIDA DO VIADUTO DOM JOÃO VI";"BOA VIAGEM";NA;"SUBURBIO";"TOMBAMENTO";"ACIDENTE DE PERCURSO/ CICLISTA CAIU NA VIA";0;0;0;1;0;0;0;0;0;1;0;"Longo da via";"Bom";"Não existe";"Perfeito estado";"Seca";"Perfeito estado";"Não existe";"R-19";"60 km/h";"Dupla";"Canteiro central";"";""
"2732";2020-06-23;"10:47:00";"SEM VÍTIMA";"FINALIZADA";"ÁGUA FRIA";"RUA SAO BENEDITO";"";"AV BEBERIBE";"EM FRENTE AO LAVA JATO";"ÁGUA FRIA";NA;"";"COLISÃO";"VT 11 NO QTH  CAMINHAO E AUTO";1;0;0;0;0;0;1;0;0;0;0;"Cruzamento";"Bom";"Sem defeito";"Perfeito estado";"Seca";"Perfeito estado";"Faixa de pedestre";"Não há placas";"N/I";"Única";"Não existe";"";""
"2733";2020-06-23;"11:29:00";"COM VÍTIMA";"FINALIZADA";"SANTO AMARO";"AV JOAO DE BARROS";"";"RUA DOM VITAL";"";"SANTO AMARO";412;"CIDADE";"ATROPELAMENTO";"O VEÍCULO EVADIU-SE DO LOCAL";1;0;0;0;1;0;0;0;0;1;0;"Longo da via";"Bom";"Sem defeito";"Perfeito estado";"Seca";"Perfeito estado";"";"";"";"Dupla";"Faixa contínua";"Faixa seccionada";"Canteiro central"
"2734";2020-06-23;"12:57:00";"SEM VÍTIMA";"FINALIZADA";"AFOGADOS";"AV MARECHAL MASCARENHAS DE MORAES";"40";"";"EM FRENTE A IGREJA BATISTA DO LARGO DA PAZ (SENT. CIDADE) / PONTE MOTOCOLOMBO";"AFOGADOS";NA;"CIDADE";"COLISÃO";"COLISÃO S/VITIMAS ENTRE DOIS AUTOS";2;0;0;0;0;0;0;0;0;0;0;"Longo da via";"Bom";"Não existe";"Perfeito estado";"Seca";"Perfeito estado";"Outros";"R-6a";"60KM";"Dupla";"Canteiro central";"";""
"2735";2020-06-23;"14:37:00";"SEM VÍTIMA";"FINALIZADA";"BOA VIAGEM";"AV BOA VIAGEM";"30";"";"E/F AO EDF. ENSEADA DA BARRA";"BOA VIAGEM";NA;"";"COLISÃO";"COLISÃO S/VITIMAS ENTRE DOIS AUTOS";2;0;0;0;0;0;0;0;0;0;0;"Longo da via";"Bom";"Sem defeito";"Perfeito estado";"Seca";"Perfeito estado";"Faixa de retenção";"Outras";"N/I";"Única";"Faixa seccionada";"";""
"2736";2020-06-23;"17:49:00";"SEM VÍTIMA";"FINALIZADA";"SAN MARTIN";"AV ENGENHEIRO ABDIAS DE CARVALHO";"";"";"EM FRENTE A CHESF";"SAN MARTIN";NA;"CIDADE";"COLISÃO";"COLISÃO ENTRE AUTO E MOTO S/V";1;1;0;0;0;0;0;0;0;0;0;"Longo da via";"Bom";"Não existe";"Perfeito estado";"Seca";"Perfeito estado";"Não existe";"Outras";"N/I";"Dupla";"Canteiro central";"";""
"2737";2020-06-23;"22:10:00";"COM VÍTIMA";"FINALIZADA";"ARRUDA";"RUA DO MACHADO";"946";"";"E/F A PRACINHA (MARIA JOSE DOS SANTOS)";"ARRUDA";NA;"";"COLISÃO COM CICLISTA";"COLISAO COM VITIMAS";0;0;0;1;0;1;0;0;0;1;0;"Longo da via";"Bom";"Não existe";"Perfeito estado";"Seca";"Perfeito estado";"Não existe";"R-6a";"";"Dupla";"Faixa seccionada";"";""
"2738";2020-06-24;"11:51:00";"SEM VÍTIMA";"FINALIZADA";"TORRE";"RUA JOAO TUDE DE MELO";"";"";"SENT. CARREFOUR- EM FRENTE AO POSTO DE GASOLINA PETROMEGA";"TORRE";NA;"";"COLISÃO";"AMBULANCIA E AUTO";2;0;0;0;0;0;0;0;0;0;0;"Longo da via";"Bom";"Sem defeito";"Perfeito estado";"Seca";"Perfeito estado";"Faixa de pedestre";"Outras";"N/I";"Única";"Faixa seccionada";"";""
"2739";2020-06-24;"14:16:00";"COM VÍTIMA";"CANCELADA";"ESTÂNCIA";"AV RECIFE";"";"";"EM FRENTE AO MAKRO/ SENTIDO CAXANGA";"ESTÂNCIA";NA;"";"COLISÃO";"COLISÃO COM VÍTIMA";1;1;0;0;0;0;0;0;0;1;0;"";"";"";"";"";"";"";"";"";"";"";"";""
"2740";2020-06-24;"20:53:00";"COM VÍTIMA";"FINALIZADA";"TEJIPIÓ";"AV DR JOSE RUFINO";"46";"RUA MAJOR CHAGAS DE OLIVEIRA";"POR CIMA DO VIADUTO DA BR NA CURVA SENTIDO AFOGADOS. SERRALHARIA GUEDES.";"TEJIPIÓ";NA;"SUBURBIO";"ABALROAMENTO LONGITUDINAL";"FIAT PALIO X MOTO";1;1;0;0;0;0;0;0;0;1;0;"Longo da via";"Bom";"Não existe";"Incompleta";"Seca";"Mal iluminada";"Não existe";"Não há placas";"";"Dupla";"Faixa contínua";"";""
"2741";2020-06-24;"21:25:00";"COM VÍTIMA";"FINALIZADA";"NOVA DESCOBERTA";"RUA NOVA DESCOBERTA";"1921";"";"E/F AO MADRUGADA BURGUER / PRÓX AO BAR DA RABADA";"NOVA DESCOBERTA";NA;"";"COLISÃO FRONTAL";"ENTRE AUTO E MOTO. C/V";1;1;0;0;0;0;0;0;0;1;0;"Longo da via";"Bom";"Não existe";"Não existente";"Seca";"Perfeito estado";"Não existe";"Não há placas";"";"Dupla";"Não existe";"";""
"2742";2020-06-25;"10:41:00";"COM VÍTIMA";"FINALIZADA";"ILHA DO RETIRO";"RUA SPORT CLUBE DO RECIFE";"";"RUA PROFESSOR BENEDITO MONTEIRO";"LADO OPOSTO AO ESTÁDIO ADELMAR DA COSTA CARVALHO.";"ILHA DO RETIRO";481;"SUBURBIO";"ABALROAMENTO LONGITUDINAL";"GM MATOS NO QTH - AUTO E MOTO COM VITIMA";1;1;0;0;0;0;0;0;0;1;0;"Longo da via";"Bom";"Sem defeito";"Perfeito estado";"Seca";"Perfeito estado";"Outros";"R-6a";"60 km/h";"Dupla";"Canteiro central";"";""
"2743";2020-06-25;"14:02:00";"SEM VÍTIMA";"FINALIZADA";"BOA VIAGEM";"RUA CAPITAO ZUZINHA";"22";"RUA VISCONDE DE JEQUITINHONHA";"PROXIMO DA LOCALIZA";"BOA VIAGEM";433;"";"COLISÃO";"COLISÃO ENTRE DOIS AUTOS S/V";2;0;0;0;0;0;0;0;0;0;0;"Longo da via";"Bom";"Sem defeito";"Perfeito estado";"Seca";"Perfeito estado";"Agente";"R-6a";"";"Única";"Faixa contínua";"";""
"2744";2020-06-25;"14:59:00";"SEM VÍTIMA";"FINALIZADA";"BOA VIAGEM";"RUA PADRE CARAPUCEIRO";"3572";"AV CONSELHEIRO AGUIAR";"SOB SEMAF 115";"BOA VIAGEM";115;"CIDADE";"COLISÃO";"COLISÃO ENTRE DUAS MOTOS S/V";0;2;0;0;0;0;0;0;0;0;0;"Cruzamento";"Bom";"Sem defeito";"Perfeito estado";"Seca";"Perfeito estado";"Faixa de pedestre";"Outras";"60 km/h";"Única";"Faixa contínua";"Faixa seccionada";""
"2745";2020-06-25;"17:46:00";"SEM VÍTIMA";"FINALIZADA";"IMBIRIBEIRA";"AV GENERAL MAC ARTHUR";"100";"AV MARECHAL MASCARENHAS DE MORAES";"EM FRENTE AO Nº 100";"IMBIRIBEIRA";NA;"CIDADE";"COLISÃO";"";1;1;0;0;0;0;0;1;0;0;0;"Longo da via";"Bom";"Não existe";"Perfeito estado";"Seca";"Perfeito estado";"Não existe";"R-4a";"";"Única";"Faixa seccionada";"";""
"2746";2020-06-25;"22:29:00";"COM VÍTIMA";"FINALIZADA";"TORRE";"PRC PROFESSOR BARRETO CAMPELLO";"1199";"";"E/F A PRAÇA";"TORRE";NA;"SUBURBIO";"COLISÃO COM CICLISTA";"COLISAO COM VITIMAS";1;0;0;1;0;0;0;0;0;1;0;"Longo da via";"Bom";"Não existe";"Perfeito estado";"Seca";"Perfeito estado";"Não existe";"R-6a";"";"Única";"Faixa seccionada";"";""
"2747";2020-06-26;"07:10:00";"COM VÍTIMA";"FINALIZADA";"BOA VIAGEM";"RUA ERNESTO DE PAULA SANTOS";"";"RUA AMALIA BERNARDINO DE SOUZA";"POR TRAS DA FACULDADE UNINASSAU EM FRENTE AO POSTO DE GASOLINA PETROCAL NA DESCIDA DO VIADUTO TANCREDO NEVES";"BOA VIAGEM";NA;"SUBURBIO";"ABALROAMENTO TRANSVERSAL";"AUTO E MOTO";1;1;0;0;0;0;0;0;0;1;0;"Cruzamento";"Bom";"Não existe";"Incompleta";"Seca";"Perfeito estado";"Não existe";"Não há placas";"";"Única";"Faixa contínua";"";""
"2748";2020-06-26;"08:45:00";"COM VÍTIMA";"FINALIZADA";"TORREÃO";"AV NORTE";"";"";"EM FRENTE AKI BORRACHARIA / INÍCIO DO VIADUTO.";"TORREÃO";NA;"CIDADE";"ATROPELAMENTO ANIMAL";"GM GILSON ALVES E THIEGO PONTO FIXO MOTO AO DESVIAR CHOCOU-SE NO ACOSTAMENTO DO VIADUTO";0;1;0;0;0;0;0;0;0;1;0;"Longo da via";"Bom";"Não existe";"Perfeito estado";"Seca";"Perfeito estado";"Não existe";"Não há placas";"60 km/h";"";"Canteiro central";"";""
"2749";2020-06-26;"12:13:00";"COM VÍTIMA";"CANCELADA";"ARRUDA";"RUA ZEFERINO AGRA";"";"RUA DO MACHADO";"EM FRENTE A IGREJA SANTO ANTONIO";"ARRUDA";NA;"";"COLISÃO";"COLISÃO COM VÍTIMA";1;1;0;0;0;0;0;0;0;1;0;"";"";"";"";"";"";"";"";"";"";"";"";""
"2750";2020-06-26;"12:56:00";"COM VÍTIMA";"FINALIZADA";"IMBIRIBEIRA";"AV MARECHAL MASCARENHAS DE MORAES";"";"RUA ITACARE";"NO SEMÁFORO 386/ SENTIDO AEROPORTO. LADO OPOSTO A FERREIRA COSTA.";"IMBIRIBEIRA";386;"SUBURBIO";"ABALROAMENTO LONGITUDINAL";"COLISÃO COM VÍTIMA";1;1;0;0;0;0;0;0;0;1;0;"Cruzamento";"Bom";"Sem defeito";"Perfeito estado";"Seca";"Perfeito estado";"Faixa de pedestre";"R-6a";"";"Dupla";"Canteiro central";"";""
"2751";2020-06-26;"13:16:00";"SEM VÍTIMA";"FINALIZADA";"PINA";"AV BOA VIAGEM";"110";"";"E/F AO POSTO BR";"PINA";NA;"CIDADE";"COLISÃO";"COLISAO ENTRE TRES AUTOS S/V";2;0;0;0;0;0;0;0;0;0;0;"Longo da via";"Bom";"Sem defeito";"Perfeito estado";"Seca";"Perfeito estado";"Faixa de pedestre";"Não há placas";"60 km/h";"Única";"Faixa seccionada";"";""
"2752";2020-06-26;"14:43:00";"SEM VÍTIMA";"FINALIZADA";"IPSEP";"AV RECIFE";"";"AV TAPAJOS";"LADO OPOSTO DO POSTO BR VT 21 NO LOCAL";"IPSEP";620;"";"COLISÃO";"COLISAO ENTRE AUTO E UM CAMINHAO";1;0;0;0;0;0;1;0;0;0;0;"Cruzamento";"Chuvoso";"Sem defeito";"Perfeito estado";"Outros";"Perfeito estado";"Faixa de pedestre";"";"";"Dupla";"Faixa seccionada";"Canteiro central";""
"2753";2020-06-26;"15:52:00";"SEM VÍTIMA";"FINALIZADA";"SANTO AMARO";"AV GOVERNADOR AGAMENON MAGALHAES";"";"VDO INDEPENDENCIA";"SOBRE O VIADUTO INDEPENDENCIA";"SANTO AMARO";NA;"OLINDA";"COLISÃO";"";3;1;0;0;0;0;0;0;0;0;0;"Viaduto";"Bom";"Não existe";"Não existente";"Seca";"Perfeito estado";"Não existe";"Não há placas";"60 km/h";"Dupla";"Faixa contínua";"";""
"2754";2020-06-26;"17:44:00";"COM VÍTIMA";"FINALIZADA";"ILHA DO RETIRO";"AV ENGENHEIRO ABDIAS DE CARVALHO";"";"EST DOS REMEDIOS";"DROGASIL";"ILHA DO RETIRO";52;"SUBURBIO";"ABALROAMENTO TRANSVERSAL";"COLISÃO COM VITIMA";1;1;0;0;0;0;0;0;0;1;0;"Cruzamento";"Bom";"Sem defeito";"Perfeito estado";"Seca";"Perfeito estado";"Agente";"R-6a";"";"Dupla";"Canteiro central";"";""
"2755";2020-06-27;"07:52:00";"SEM VÍTIMA";"FINALIZADA";"SANTO AMARO";"RUA DO POMBAL";"296";"RUA TREZE DE MAIO";"EM FRENTE A BORRACHARIA DO MODESTO";"SANTO AMARO";NA;"CIDADE";"COLISÃO";"SEM VITIMAS";2;0;0;0;0;0;0;0;0;0;0;"Longo da via";"Chuvoso";"Não existe";"Perfeito estado";"Molhada";"Perfeito estado";"Faixa de retenção";"Não há placas";"40 km/h";"Dupla";"Faixa contínua";"";""
"2756";2020-06-27;"16:37:00";"COM VÍTIMA";"FINALIZADA";"IMBIRIBEIRA";"AV MARECHAL MASCARENHAS DE MORAES";"6211";"";"EM FRENTE AO FÓRUM DES. NEVES FILHO- EM FRENTE A INFRAERO. LADO OPOSTO A JUSTIÇA FEDERAL.";"IMBIRIBEIRA";NA;"SUBURBIO";"ABALROAMENTO LONGITUDINAL";"COLISAO ENTRE AUTO E MOTO";1;1;0;0;0;0;0;0;0;1;0;"Longo da via";"Bom";"Não existe";"Perfeito estado";"Seca";"Perfeito estado";"Não existe";"R-5a";"60 km/h";"Dupla";"Faixa";"";""
"2757";2020-06-27;"16:55:00";"SEM VÍTIMA";"CANCELADA";"AFOGADOS";"RUA DR ADELINO";"377";"";"PROXIMO DO CLEGIO ARCA DE NOÉ- PROXIMO DO CENTRO ESPIRITA EMMANUEL";"AFOGADOS";NA;"";"COLISÃO";"COLISÃO ENTRE DOIS AUTOS SEM VÍTIMAS- UMAS DAS PARTES APRESENTA SINTOMAS DE EMBRIAGUEZ";2;0;0;0;0;0;0;0;0;0;0;"";"";"";"";"";"";"";"";"";"";"";"";""
"2758";2020-06-27;"17:23:00";"SEM VÍTIMA";"CANCELADA";"JARDIM SÃO PAULO";"RUA LEANDRO BARRETO";"";"RUA LEOBINA PEREIRA";"";"JARDIM SÃO PAULO";NA;"";"COLISÃO";"COLISÃO 2 AUTOS";0;0;0;0;0;0;0;0;0;0;0;"";"";"";"";"";"";"";"";"";"";"";"";""
"2759";2020-06-27;"18:31:00";"COM VÍTIMA";"FINALIZADA";"NOVA DESCOBERTA";"RUA NOVA DESCOBERTA";"1603";"";"PROX A ENTREADA DO CORREGO DO ARCANJO";"NOVA DESCOBERTA";NA;"SUBURBIO";"ATROPELAMENTO";"COLISAO COM VITIMAS";0;1;0;0;1;0;0;0;0;1;0;"Longo da via";"Bom";"";"";"";"";"Não existe";"Não há placas";"";"Dupla";"Não existe";"";""
"2760";2020-06-28;"07:35:00";"COM VÍTIMA";"FINALIZADA";"ILHA DO RETIRO";"AV JOSE GONCALVES DE MEDEIROS";"";"";"LADO OPOSTO A MC DONALD'S";"ILHA DO RETIRO";NA;"CIDADE";"ABALROAMENTO LONGITUDINAL";"AUTO E MOTO.";1;1;0;0;0;0;0;0;0;2;0;"Longo da via";"Bom";"Sem defeito";"Perfeito estado";"Seca";"Perfeito estado";"Não existe";"Não há placas";"50 km/h";"Dupla";"Faixa contínua";"";""
"2761";2020-06-28;"15:09:00";"COM VÍTIMA";"FINALIZADA";"NOVA DESCOBERTA";"RUA NOVA DESCOBERTA";"1689";"";"PROX A BARRACA SANTA CRUZ E/F AO DEPOSITO DO PAULO BEBEBIDAS";"NOVA DESCOBERTA";NA;"";"COLISÃO FRONTAL";"COLISAO ENTRE DUAS MOTOS COM VITIMAS";0;2;0;0;0;0;0;0;0;1;0;"Longo da via";"Chuvoso";"Não existe";"Perfeito estado";"Molhada";"Perfeito estado";"";"Outras";"";"Dupla";"Faixa seccionada";"";""
"2762";2020-06-28;"16:34:00";"COM VÍTIMA";"FINALIZADA";"TORRÕES";"RUA CLARICE LISPECTOR";"10";"";"PROXIMO A ESCOLA PINTOR LAURO VILARES";"TORRÕES";NA;"SUBURBIO";"ATROPELAMENTO";"ATROPELAMENTO COM VÍTIMA/ VÍTIMA SOCORRIDA PELO SAMU";1;0;0;0;1;0;0;0;0;1;0;"Longo da via";"Chuvoso";"Não existe";"Não existente";"Molhada";"Perfeito estado";"Não existe";"Não há placas";"";"Dupla";"Não existe";"";""
"2763";2020-06-29;"07:25:00";"COM VÍTIMA";"FINALIZADA";"ESPINHEIRO";"RUA CONS PORTELA";"504";"RUA QUARENTA E OITO";"SOB O SEMÁFORO 011";"ESPINHEIRO";11;"CIDADE";"ABALROAMENTO LONGITUDINAL";"";1;1;0;0;0;0;0;0;0;1;0;"Longo da via";"Bom";"Sem defeito";"Perfeito estado";"Seca";"Perfeito estado";"Agente";"Não há placas";"";"Única";"Faixa contínua";"";""
"2764";2020-06-29;"07:39:00";"COM VÍTIMA";"FINALIZADA";"VÁRZEA";"AV CAXANGA";"5775";"AV AFONSO OLINDENSE";"PROX AO TERMINAL INTEGRADO DA CAXANGÁ. SUPER CENTER CAXANGÁ.";"VÁRZEA";568;"CIDADE";"ABALROAMENTO LONGITUDINAL";"AUTO E MOTO";1;1;0;0;0;0;0;0;0;2;0;"Longo da via";"Chuvoso";"Sem defeito";"Incompleta";"Molhada";"Perfeito estado";"Faixa de pedestre";"R-6a";"60 km/h";"Única";"Não existe";"";""
"2765";2020-06-29;"10:37:00";"COM VÍTIMA";"FINALIZADA";"SAN MARTIN";"RUA COMENDADOR FRANCO FERREIRA";"460";"RUA DUARTE FILHO";"AO LADO DA GALERIA JARDIM";"SAN MARTIN";NA;"";"ABALROAMENTO TRANSVERSAL";"COLISÃO COM UMA VITIMA";1;1;0;0;0;0;0;0;0;1;0;"Cruzamento";"Bom";"Não existe";"Ilegível";"Seca";"Perfeito estado";"Não existe";"Placas Pare";"";"Dupla";"Não existe";"";""
"2766";2020-06-29;"11:21:00";"COM VÍTIMA";"FINALIZADA";"VÁRZEA";"AV CAXANGA";"";"";"FINAL DA CAXANGA SENTIDO CAMARAGIBE PROX A UPA DA CAXANGA- SOBRE A PONTE DA CAXANGÁ.";"VÁRZEA";NA;"SUBURBIO";"COLISÃO TRASEIRA";"CONDUTOR DA MOTO BATEU DA NA TRASEIRA DO CARRO";1;1;0;0;0;0;0;0;0;1;0;"Ponte";"Bom";"Sem defeito";"Perfeito estado";"Seca";"Perfeito estado";"Não existe";"Não há placas";"60 km/h";"Única";"Faixa seccionada";"";""
"2767";2020-06-29;"11:48:00";"SEM VÍTIMA";"FINALIZADA";"IMBIRIBEIRA";"RUA DEZ DE JULHO";"";"AV VINTE DE JANEIRO";"PROX A ESTACAO DO METRO AEROPORTO";"IMBIRIBEIRA";572;"CIDADE";"COLISÃO";"";0;1;0;0;0;1;0;0;0;0;0;"Cruzamento";"Bom";"Sem defeito";"Perfeito estado";"Seca";"Perfeito estado";"";"Não há placas";"60 km/h";"Única";"";"";""
"2768";2020-06-29;"15:46:00";"SEM VÍTIMA";"FINALIZADA";"IPSEP";"RUA SANTOS COSME E DAMIAO";"31";"";"EM FRENTE AO N 31";"IPSEP";NA;"";"COLISÃO";"COLISÃO ENTRE VEÍCULO E UMA CARROÇA";1;0;0;0;1;0;0;0;0;0;0;"Longo da via";"Bom";"Não existe";"Perfeito estado";"Seca";"Perfeito estado";"Não existe";"Outras";"40 km/h";"Única";"Não existe";"";""
"2769";2020-06-29;"18:31:00";"COM VÍTIMA";"FINALIZADA";"IMBIRIBEIRA";"AV SUL";"";"";"ÁREA INTERNA DO TERMINAL INTEGRADO TANCREDO NEVES.";"IMBIRIBEIRA";NA;"SUBURBIO";"ATROPELAMENTO";"ÔNIBUS E PEDESTRE";0;0;0;0;1;1;0;0;0;1;0;"Outros";"Bom";"Não existe";"";"Seca";"Mal iluminada";"Agente";"Não há placas";"20 km/h";"Única";"Faixa contínua";"";""
"2770";2020-06-30;"12:14:00";"COM VÍTIMA";"FINALIZADA";"PINA";"AV ENGENHEIRO DOMINGOS FERREIRA";"";"RUA TOME GIBSON";"EM FRENTE A ESCOLA OSWALDO LIMA FILHO/ PISTA DA ESQUERDA";"PINA";200;"SUBURBIO";"COLISÃO COM CICLISTA";"COLISÃO COM VÍTMA ENTRE AUTO E BICICLETA.";1;0;0;1;0;0;0;0;0;1;0;"Cruzamento";"Bom";"Sem defeito";"Perfeito estado";"Seca";"Perfeito estado";"Faixa de pedestre";"";"60 km/h";"Única";"Faixa contínua";"Canteiro central";""
"2771";2020-06-30;"13:38:00";"COM VÍTIMA";"FINALIZADA";"TAMARINEIRA";"AV NORTE";"";"RUA CONEGO BARATA";"";"TAMARINEIRA";62;"";"COLISÃO COM CICLISTA";"APOIO AO ACIDENE COM VÍTIMA NA AV. NORTE";1;0;0;1;0;0;0;0;0;1;0;"Cruzamento";"Bom";"Sem defeito";"Perfeito estado";"Seca";"Perfeito estado";"Agente";"Outras";"";"Dupla";"Blocos";"";""
"2772";2020-06-30;"19:50:00";"SEM VÍTIMA";"FINALIZADA";"ENCRUZILHADA";"AV BEBERIBE";"167";"RUA PEDRO ALVES";"NO POSTO DE GASOLINA SHELL AO LADO DA FARMACIA DROGASIL";"ENCRUZILHADA";NA;"";"COLISÃO";"COLISÃO MOTO X AUTO S/VITIMA OBS: SUSPEITA DE EMBRIAGUEZ";1;1;0;0;0;0;0;0;0;0;0;"Cruzamento";"Bom";"Sem defeito";"Perfeito estado";"Seca";"Perfeito estado";"Faixa de retenção";"R-6a";"40KM";"Dupla";"Faixa contínua";"";""
"2773";2020-06-30;"20:44:00";"COM VÍTIMA";"FINALIZADA";"IMBIRIBEIRA";"AV MARECHAL MASCARENHAS DE MORAES";"2169";"";"E/F A FACULDADE UNIVERSO- LADO OPOSTO A FIAT ITALIANA.";"IMBIRIBEIRA";501;"CIDADE";"COLISÃO TRASEIRA";"CONDUTOR APARENTEMENTE EMBRIAGADO- ACABOU SE CHOCANDO CONTRA DOIS VEÍCULOS. ENGAVETAMENTO HOUVE 2 VÍTIMAS AO TODO. CAB FRANKLIN SOLICITA A PRESENÇA DA CTTU NO LOCAL- PARA FAZER O PROCEDIMENTO DA OCORRÊNCIA.";3;0;0;0;0;0;0;0;0;2;0;"Longo da via";"Bom";"Sem defeito";"Perfeito estado";"Seca";"Perfeito estado";"Faixa de pedestre";"R-32";"60 km/h";"Dupla";"Canteiro central";"";""
"2774";2020-07-01;"01:58:00";"COM VÍTIMA";"FINALIZADA";"CAXANGÁ";"AV CAXANGA";"";"";"E/F AO TERMINAL DA CAXANGÁ - SENT. SUBURBIO";"CAXANGÁ";NA;"SUBURBIO";"COLISÃO TRASEIRA";"AUTO E MOTO";1;1;0;0;0;0;0;0;0;1;0;"Longo da via";"Bom";"Sem defeito";"Perfeito estado";"Seca";"Perfeito estado";"";"Não há placas";"40 km/h";"Dupla";"Canteiro central";"";""
"2775";2020-07-01;"08:30:00";"SEM VÍTIMA";"FINALIZADA";"CORDEIRO";"RUA GREGORIO JUNIOR";"";"";"EM FRENTE A MG CHAVES";"CORDEIRO";NA;"CIDADE";"COLISÃO";"DOIS AUTOS GM LEONARDO SUB BARRETO NO QTH";2;0;0;0;0;0;0;0;0;0;0;"Longo da via";"Bom";"Não existe";"Perfeito estado";"Seca";"Perfeito estado";"Não existe";"Não há placas";"";"Única";"Faixa seccionada";"";""
"2776";2020-07-01;"11:22:00";"COM VÍTIMA";"FINALIZADA";"SAN MARTIN";"AV JOAO CABRAL DE MELO NETO";"";"AV RECIFE";"AO LADO DO LABORATORIO CERPE";"SAN MARTIN";259;"CIDADE";"ABALROAMENTO LONGITUDINAL";"COLISÃO ENTRE AUTO E MOTO COM UMA VITIMA-AGUARDANDO SAMU";1;1;0;0;0;0;0;0;0;1;0;"Longo da via";"Bom";"Sem defeito";"Perfeito estado";"Seca";"Perfeito estado";"Faixa de pedestre";"Outras";"";"Única";"Faixa";"Canteiro central";""
"2777";2020-07-01;"11:42:00";"COM VÍTIMA";"FINALIZADA";"VASCO DA GAMA";"AV NORTE";"S/N";"";"EM FRENTE A MATERNIDADE BARROS LIMA";"VASCO DA GAMA";256;"";"ABALROAMENTO LONGITUDINAL";"AUTO E MOTO COM UMA VITIMA/VT 07 DA CTTU NO LOCAL /INSP TOMÁS EDSON";1;1;0;0;0;0;0;0;0;1;0;"Longo da via";"Bom";"Sem defeito";"Perfeito estado";"Seca";"Perfeito estado";"Não existe";"Outras";"";"Dupla";"Faixa seccionada";"Canteiro central";""
"2778";2020-07-01;"11:46:00";"SEM VÍTIMA";"CANCELADA";"AFLITOS";"AV CONS ROSA E SILVA";"";"RUA EDGAR D'AMORIM";"ESTACIONADOS NA HBIBES ES FRENTE AO BOMPREÇO";"AFLITOS";NA;"";"COLISÃO";"AUTO E CAMINHAO";1;0;0;0;0;0;1;0;0;0;0;"";"";"";"";"";"";"";"";"";"";"";"";""
"2779";2020-07-01;"11:50:00";"COM VÍTIMA";"FINALIZADA";"IMBIRIBEIRA";"AV MARECHAL MASCARENHAS DE MORAES";"291";"RUA MANOEL SERAFIM DO COUTO";"EM FRENTE A FLOR E ARTE";"IMBIRIBEIRA";NA;"CIDADE";"ABALROAMENTO TRANSVERSAL";"AUTO E MOTO.";1;1;0;0;0;0;0;0;0;1;0;"Longo da via";"Bom";"Não existe";"Perfeito estado";"Seca";"Perfeito estado";"Não existe";"Não há placas";"";"Dupla";"Canteiro central";"";""
"2780";2020-07-01;"12:42:00";"SEM VÍTIMA";"FINALIZADA";"ALTO JOSÉ DO PINHO";"RUA VALERIANO LOBO";"5192";"";"AO LADO PADARIA ANDREA";"ALTO JOSÉ DO PINHO";79;"SUBURBIO";"COLISÃO";"COLISÃO ENTRE DOIS AUTOS S/V";2;0;0;0;0;0;0;0;0;0;0;"Longo da via";"Bom";"Não existe";"Perfeito estado";"Seca";"Perfeito estado";"Não existe";"R-6a";"";"Única";"Não existe";"";""
"2781";2020-07-01;"16:51:00";"COM VÍTIMA";"FINALIZADA";"AREIAS";"RUA JOSE NATARIO";"38";"AV DR JOSE RUFINO";"AO LADO DA DROGASIL";"AREIAS";44;"";"ABALROAMENTO TRANSVERSAL";"COLISÃO C/VITIMAS ENTRE DOIS AUTOS";2;0;0;0;0;0;0;0;0;1;0;"Cruzamento";"Bom";"Sem defeito";"Perfeito estado";"Seca";"Perfeito estado";"Faixa de pedestre";"Outras";"30 km/h";"Dupla";"Faixa contínua";"";""
"2782";2020-07-01;"17:43:00";"SEM VÍTIMA";"FINALIZADA";"ÁGUA FRIA";"AV BEBERIBE";"2454";"";"AUTO ESCOLA PILOTO";"ÁGUA FRIA";NA;"SUBURBIO";"COLISÃO";"COLISAO S/VITIMAS";1;0;0;0;0;1;0;0;0;0;0;"Longo da via";"Bom";"Não existe";"Perfeito estado";"Seca";"Perfeito estado";"Agente";"Não há placas";"";"Dupla";"Faixa contínua";"";""
"2783";2020-07-01;"17:48:00";"SEM VÍTIMA";"CANCELADA";"CASA AMARELA";"AV NORTE";"";"";"E/F A MATERNIDADE BARROS LIMA";"CASA AMARELA";NA;"";"COLISÃO";"COLISAO S/VITIMAS";1;1;0;0;0;0;0;0;0;0;0;"";"";"";"";"";"";"";"";"";"";"";"";""