"";"data";"hora";"natureza_acidente";"situacao";"bairro";"endereco";"numero";"detalhe_endereco_acidente";"complemento";"bairro_cruzamento";"num_semaforo";"sentido_via";"tipo";"descricao";"auto";"moto";"ciclom";"ciclista";"pedestre";"onibus";"caminhao";"viatura";"outros";"vitimas";"vitimasfatais";"acidente_verificado";"tempo_clima";"situacao_semaforo";"sinalizacao";"condicao_via";"conservacao_via";"ponto_controle";"situacao_placa";"velocidade_max_via";"mao_direcao";"divisao_via1";"divisao_via2";"divisao_via3"
"2944";2020-07-21;"21:23:00";"COM VÍTIMA";"FINALIZADA";"IMBIRIBEIRA";"VIADUTO TANCREDO NEVES";"";"";"SENTIDO ESTAÇÃO TANCREDO NEVES.";"IMBIRIBEIRA";NA;"CIDADE";"COLISÃO TRASEIRA";"COLISÃO ENTRE DOIS AUTOS C/V";2;0;0;0;0;0;0;0;0;1;0;"Viaduto";"Bom";"Não existe";"Perfeito estado";"Seca";"Mal iluminada";"Não existe";"Não há placas";"";"Única";"";"";""
"2945";2020-07-22;"08:46:00";"COM VÍTIMA";"FINALIZADA";"LINHA DO TIRO";"RUA URIEL DE HOLANDA";"1414";"RUA ELADIO CAMBOIM";"PROX. A PADARIA PÃO DE OURO";"LINHA DO TIRO";NA;"SUBURBIO";"COLISÃO COM CICLISTA";"ONIBUS E CICLISTA VT-31 NO LOCAL SUB. DINIZ- BRUNO E KENNEDY";0;0;0;1;0;1;0;0;0;1;0;"Cruzamento";"Bom";"Não existe";"Não existente";"Seca";"Mal iluminada";"Não existe";"Não há placas";"";"Dupla";"Não existe";"";""
"2946";2020-07-22;"09:13:00";"COM VÍTIMA";"FINALIZADA";"IMBIRIBEIRA";"AV MARECHAL MASCARENHAS DE MORAES";"4745";"";"EM FRENTE AO MARTELINHO DE OURO E À IGREJA ASSEMBLEIA DE DEUS.";"IMBIRIBEIRA";NA;"CIDADE";"ABALROAMENTO LONGITUDINAL";"COLISÃO COM VITIMAS  SOCORRIDAS PELO SAMU";1;2;0;0;0;0;0;0;0;2;0;"Longo da via";"Bom";"Não existe";"Perfeito estado";"Seca";"Perfeito estado";"Não existe";"R-6a";"60 km/h";"Dupla";"Faixa seccionada";"Canteiro central";""
"2947";2020-07-22;"14:57:00";"COM VÍTIMA";"FINALIZADA";"BOA VIAGEM";"RUA DOS NAVEGANTES";"785";"RUA ERNESTO DE PAULA SANTOS";"NA RUA DO ANTIGO HOTEL RECIFE PALAS- PROX HOTEL GRAN MERCURI";"BOA VIAGEM";NA;"SUBURBIO";"ABALROAMENTO TRANSVERSAL";"VEICULO COLIDIU COM A MOTO NO CRUZAMENTO";1;1;0;0;0;0;0;0;0;2;0;"Cruzamento";"Bom";"Não existe";"Perfeito estado";"Seca";"Perfeito estado";"Faixa de retenção";"Placas Pare";"";"Única";"Faixa seccionada";"";""
"2948";2020-07-23;"07:57:00";"COM VÍTIMA";"FINALIZADA";"SÃO JOSÉ";"RUA FLORIANO PEIXOTO";"417A";"RUA TOBIAS BARRETO";"E/F A CASA DA CULTURA. EM FRENTE A PRAÇA VISCONDE DE MAUÁ.";"SÃO JOSÉ";NA;"SUBURBIO";"ABALROAMENTO TRANSVERSAL";"COLISÃO C/VITIMA ENTRE UM AUTO UMA MOTO (INS. ROMERO NO QTH)";1;1;0;0;0;0;0;0;0;1;0;"Cruzamento";"Bom";"Não existe";"Perfeito estado";"Seca";"Perfeito estado";"Não existe";"Outras";"";"Única";"Faixa seccionada";"";""
"2949";2020-07-23;"08:15:00";"SEM VÍTIMA";"FINALIZADA";"DERBY";"RUA JENER DE SOUZA";"206";"RUA AMAURI DE MEDEIROS";"AO LADO DO MEMORIAL DE MEDICINA DA UPE";"DERBY";NA;"CIDADE";"ABALROAMENTO TRANSVERSAL";"COLISAO S/VITIMAS";2;0;0;0;0;0;0;0;0;0;0;"Longo da via";"Bom";"Não existe";"Perfeito estado";"Seca";"Perfeito estado";"Agente";"Placas Pare";"";"Única";"Canteiro central";"";""
"2950";2020-07-23;"08:27:00";"COM VÍTIMA";"FINALIZADA";"BOA VISTA";"AV GOVERNADOR CARLOS DE LIMA CAVALCANTI";"141";"";"LADO OPOSTO AO LABORATORIO LUCILO MARANHÃO.";"BOA VISTA";NA;"SUBURBIO";"ABALROAMENTO TRANSVERSAL";"COLISÃO C/ VITIMA ENTRE UM ONIBUS E UM AUTO ( BATEDOR URLEY E INS. LINDENBERG NO QTH)";1;0;0;0;0;1;0;0;0;1;0;"Longo da via";"Bom";"Não existe";"Perfeito estado";"Seca";"Perfeito estado";"Não existe";"Não há placas";"";"Dupla";"Canteiro central";"";""
"2951";2020-07-23;"14:17:00";"COM VÍTIMA";"FINALIZADA";"TORRÕES";"RUA ZUMBI DOS PALMARES";"145";"";"RUA DO MERCADO DO NALDO";"TORRÕES";NA;"SUBURBIO";"COLISÃO COM CICLISTA";"MOTO E BICICLETA";0;1;0;1;0;0;0;0;0;1;0;"Longo da via";"Bom";"Não existe";"Não existente";"Seca";"Perfeito estado";"Não existe";"R-6c";"30 km/h";"Dupla";"Não existe";"";""
"2952";2020-07-23;"14:35:00";"SEM VÍTIMA";"CANCELADA";"BOA VIAGEM";"RUA VISCONDE DE JEQUITINHONHA";"1874";"";"DEPOIS DO POSTO DE GASOLINA IPIRANGA";"BOA VIAGEM";NA;"";"ACID. DE PERCURSO";"MOTO CAIU DENTRO DE UM BURACO";0;1;0;0;0;0;0;0;0;0;0;"";"";"";"";"";"";"";"";"";"";"";"";""
"2953";2020-07-24;"07:06:00";"COM VÍTIMA";"FINALIZADA";"COELHOS";"RUA FRANCISCO ALVES";"107";"RUA CAPITAO JOSE DA LUZ";"EM FRENTE AO EMPRESARIAL RIO CAPIBARIBE";"COELHOS";NA;"";"ABALROAMENTO LONGITUDINAL";"AUTO E MOTO";1;1;0;0;0;0;0;0;0;1;0;"Cruzamento";"Bom";"Não existe";"Perfeito estado";"Seca";"Perfeito estado";"Não existe";"Outras";"";"Dupla";"Faixa contínua";"Faixa seccionada";""
"2954";2020-07-24;"08:02:00";"COM VÍTIMA";"FINALIZADA";"SANTO AMARO";"AV CRUZ CABUGA";"";"";"EM FRENTE AO CEMITÉRIO DOS INGLESES";"SANTO AMARO";34;"CIDADE";"ATROPELAMENTO";"MOTO E PEDESTRE";0;1;0;0;1;0;0;0;0;1;0;"Longo da via";"Bom";"Sem defeito";"Perfeito estado";"Seca";"Perfeito estado";"Agente";"Não há placas";"60 km/h";"Dupla";"Faixa contínua";"";""
"2955";2020-07-24;"10:20:00";"SEM VÍTIMA";"FINALIZADA";"DERBY";"AV GOVERNADOR AGAMENON MAGALHAES";"";"";"EM FRENTE AO SEMÁFORO Nº 075";"DERBY";75;"";"COLISÃO TRASEIRA";"VT- DA POLICIA CIVIL OFICIAL E AUTO";1;0;0;0;0;0;1;0;0;0;0;"Longo da via";"Bom";"Sem defeito";"Perfeito estado";"Seca";"Perfeito estado";"Faixa de pedestre";"Outras";"60 km/h";"Dupla";"Canteiro central";"";""
"2956";2020-07-24;"10:33:00";"SEM VÍTIMA";"FINALIZADA";"IMBIRIBEIRA";"RUA DR TAVARES CORREIA";"120";"RUA ALLAN KARDEC";"";"IMBIRIBEIRA";NA;"SUBURBIO";"CHOQUE OBJETO FIXO";"CARRETA CHOCOU-SE CONTRA POSTE";0;0;0;0;0;0;1;0;1;0;0;"Cruzamento";"Bom";"Não existe";"Perfeito estado";"Seca";"Perfeito estado";"Faixa de retenção";"Placas Pare";"30 km/h";"Única";"Faixa contínua";"";""
"2957";2020-07-24;"11:12:00";"SEM VÍTIMA";"FINALIZADA";"TORRÕES";"RUA ONZE DE FEVEREIRO";"680";"";"LADO OPOSTO SUPER PÃO";"TORRÕES";NA;"SUBURBIO";"CHOQUE VEÍCULO PARADO";"COLISÃO SEM VITIMAS";1;0;0;0;0;0;1;0;0;0;0;"Cruzamento";"Bom";"Não existe";"Não existente";"Seca";"Mal conservada";"Não existe";"Não há placas";"";"Dupla";"Não existe";"";""
"2958";2020-07-24;"14:23:00";"COM VÍTIMA";"FINALIZADA";"SANCHO";"AV LIBERDADE";"";"AV TEMPO FELIZ";"E/F AO CEMITERIO PARQUE DAS FLORES  NA ENTRADA DO CONDOMINIO JARDIM PLANALTO";"SANCHO";NA;"";"COLISÃO TRASEIRA";"COLISAO ENTRE AUTO E MOTO COM UMA VITIMA";1;1;0;0;0;0;0;0;0;1;0;"Cruzamento";"Bom";"Não existe";"Perfeito estado";"Seca";"Perfeito estado";"Faixa de pedestre";"R-6c";"";"Dupla";"Faixa contínua";"";""
"2959";2020-07-24;"19:30:00";"SEM VÍTIMA";"CANCELADA";"AREIAS";"AV DR JOSE RUFINO";"1271";"";"ENF AO SUPERMERCADO ARCO IRIS E FARMACIA DOS TRABALHADORES";"AREIAS";NA;"";"COLISÃO";"SANDERO X FIESTA OBS: SUSPEITA DE EMBRIAGUEZ";2;0;0;0;0;0;0;0;0;0;0;"";"";"";"";"";"";"";"";"";"";"";"";""
"2960";2020-07-24;"21:14:00";"COM VÍTIMA";"FINALIZADA";"BOA VIAGEM";"RUA DEZ DE JULHO";"210";"RUA CAMBOIM";"E/F A I GREJA CRISTAL // PRÓX A ESTAÇÃO AEROPORTO- SNT BV";"BOA VIAGEM";NA;"SUBURBIO";"ABALROAMENTO TRANSVERSAL";"ENTRE AUTO E MOTO. C/V";1;1;0;0;0;0;0;0;0;1;0;"Cruzamento";"Bom";"Não existe";"Incompleta";"Seca";"Perfeito estado";"Não existe";"Placas Pare";"30 km/h";"Única";"";"";""
"2961";2020-07-25;"10:53:00";"COM VÍTIMA";"FINALIZADA";"AFLITOS";"RUA SAMUEL CAMPELO";"260";"RUA QUARENTA E OITO";"E/F AO EDF. PRAIA DE ITAOCA E GALERIA 218 CENTER.";"AFLITOS";NA;"SUBURBIO";"ABALROAMENTO LONGITUDINAL";"COLISÃO C/VITIMA ENTRE UMA MOTO E DOIS AUTO";2;1;0;0;0;0;0;0;0;1;0;"Cruzamento";"Bom";"Não existe";"Perfeito estado";"Seca";"Perfeito estado";"Faixa de pedestre";"R-6a";"";"Única";"Faixa seccionada";"";""
"2962";2020-07-25;"11:37:00";"COM VÍTIMA";"FINALIZADA";"BARRO";"AV DR JOSE RUFINO";"1808";"RUA PADRE NOBREGA";"E/F A CRECHE ESCOLA MUNICIPAL DO RECIFE PRES. TANCREDO NEVES";"BARRO";NA;"SUBURBIO";"ABALROAMENTO LONGITUDINAL";"COLISÃO C/VITIMA ENTRE UMA MOTO E AUTO";1;1;0;0;0;0;0;0;0;1;0;"Longo da via";"Bom";"Não existe";"Perfeito estado";"Seca";"Perfeito estado";"Não existe";"Não há placas";"";"Dupla";"Faixa contínua";"";""
"2963";2020-07-25;"12:26:00";"COM VÍTIMA";"FINALIZADA";"PRADO";"RUA GOMES TABORDA";"926";"";"PRÓXIMO A PADARIA PLANETA PÃO";"PRADO";NA;"";"COLISÃO COM CICLISTA";"AUTO- CAMINHÃO E BICICLETA.";1;0;0;1;0;0;1;0;0;1;0;"Longo da via";"Bom";"Não existe";"Incompleta";"Seca";"Perfeito estado";"Não existe";"R-6a";"";"Dupla";"Faixa seccionada";"";""
"2964";2020-07-25;"17:57:00";"COM VÍTIMA";"FINALIZADA";"CAJUEIRO";"RUA CORONEL URBANO RIBEIRO DE SENA";"930";"RUA SUDESTE";"PROX A ANTIGA RADIO CAPIBARIBE/ EM FRENTE AO MERCADINHO CAPIBARIBE. AO LADO DA DELICATESSEN CAPIBARIBE.";"CAJUEIRO";NA;"SUBURBIO";"ABALROAMENTO TRANSVERSAL";"COLISAO ENTRE CARRO E MOTO (SEM PLACA)";1;1;0;0;0;0;0;0;0;1;0;"Cruzamento";"Bom";"Não existe";"Perfeito estado";"Seca";"Perfeito estado";"Faixa de pedestre";"R-6a";"20 km/h";"Dupla";"Faixa contínua";"Faixa seccionada";""
"2965";2020-07-25;"22:03:00";"COM VÍTIMA";"FINALIZADA";"BOA VIAGEM";"AV ENGENHEIRO DOMINGOS FERREIRA";"";"RUA HENRIQUE CAPITULINO";"FAIXA DA ESQUERDA // PROX A CORRETORA PAULO MIRANDA- AO LADO DO POSTO BR.";"BOA VIAGEM";484;"ORLA DE BOA VIAGEM";"ABALROAMENTO TRANSVERSAL";"COLISÃO ENTRE AUTO E MOTO- C/V";1;1;0;0;0;0;0;0;0;1;0;"Cruzamento";"Bom";"Sem defeito";"Perfeito estado";"Seca";"Perfeito estado";"Não existe";"Outras";"";"Única";"";"";""
"2966";2020-07-26;"04:16:00";"SEM VÍTIMA";"FINALIZADA";"VÁRZEA";"RUA TENENTE ROLAND RITTMISTER";"224";"";"AO LADO DO Nº224";"VÁRZEA";NA;"";"CAPOTAMENTO";"CONDUTOR EVADIU-SE DO LOCAL";2;0;0;0;0;0;0;0;0;0;0;"Longo da via";"Chuvoso";"Não existe";"Não existente";"Molhada";"Perfeito estado";"Não existe";"Não há placas";"";"Dupla";"Não existe";"";""
"2967";2020-07-26;"12:58:00";"COM VÍTIMA";"FINALIZADA";"CÓRREGO DO JENIPAPO";"AV NORTE";"";"";"E/F A INTEGRAÇAO DA MACAXEIRA VT 31 E POSTE B033524.";"CÓRREGO DO JENIPAPO";NA;"SUBURBIO";"COLISÃO COM CICLISTA";"COLISAO ENTRE MOTO E CICLISTA COM UMA VITIMA";0;1;0;1;0;0;0;0;0;1;0;"Longo da via";"Chuvoso";"Não existe";"Perfeito estado";"Molhada";"Perfeito estado";"Não existe";"Não há placas";"60 km/h";"Única";"Faixa seccionada";"";""
"2968";2020-07-26;"16:24:00";"COM VÍTIMA";"FINALIZADA";"BOA VIAGEM";"AV BOA VIAGEM";"2198";"RUA HENRIQUE CAPITULINO";"EM FRENTE AO BANHEIRO PUBLICO NUMERO 5";"BOA VIAGEM";NA;"CIDADE";"ABALROAMENTO LONGITUDINAL";"CONDUTOR DA MOTO AVANÇOU O SINAL VERMELHO E COM O PARALAMA DO LADO DIREITO DO VEICULO";1;1;0;0;0;0;0;0;0;1;0;"Longo da via";"Bom";"Sem defeito";"Perfeito estado";"Seca";"Perfeito estado";"Faixa de pedestre";"Não há placas";"";"Única";"Não existe";"";""
"2969";2020-07-26;"21:33:00";"SEM VÍTIMA";"CANCELADA";"JORDÃO";"AV CENTENARIO ALBERTO SANTOS DUMONT";"S/N";"";"POR TRÁS DA AERONAUTICA / APÓS O AEROPORTO";"JORDÃO";NA;"";"CHOQUE OBJETO FIXO";"CONDUTOR APARENTEMENTE EMBRIAGADO- PERDEU O CONTROLE DE SEU VEÍCULO E ACABOU SE CHOCANDO CONTRA AS PROTEÇÕES DA AERONAUTICA- QUASE BATENDO NO MURO DA MESMA. S/V";0;0;0;0;0;0;1;0;0;0;0;"";"";"";"";"";"";"";"";"";"";"";"";""
"2970";2020-07-27;"07:21:00";"COM VÍTIMA";"FINALIZADA";"BOA VIAGEM";"AV DES JOSE NEVES";"";"RUA DES JOAO PAES";"";"BOA VIAGEM";567;"SUBURBIO";"ABALROAMENTO TRANSVERSAL";"UM SEGUNDO VEÍCULO EVADIU-SE DO LOCAL- SEGUNDO A VÍTIMA.";0;1;0;0;0;0;0;0;0;1;0;"Cruzamento";"Chuvoso";"Sem defeito";"Perfeito estado";"Molhada";"Perfeito estado";"Faixa de pedestre";"";"";"Dupla";"Canal";"";""
"2971";2020-07-27;"07:58:00";"COM VÍTIMA";"FINALIZADA";"TAMARINEIRA";"EST VELHA DE AGUA FRIA";"647";"";"EM FRENTE A PANIFICADORA MANÁ";"TAMARINEIRA";NA;"CIDADE";"CHOQUE VEÍCULO PARADO";"AUTO E MOTO";1;1;0;0;0;0;0;0;0;2;0;"Longo da via";"Bom";"Sem defeito";"Perfeito estado";"Seca";"Perfeito estado";"Outros";"Outras";"";"Dupla";"Faixa contínua";"";""
"2972";2020-07-27;"10:05:00";"SEM VÍTIMA";"FINALIZADA";"GRAÇAS";"AV GOVERNADOR AGAMENON MAGALHAES";"";"RUA DR BANDEIRA FILHO";"EM FRENTE A  ANTIGA EMBRATEL";"GRAÇAS";173;"SUBURBIO";"COLISÃO";"MOTO E VEICULO OFICIAL /  PONTO FIXO NO LOCAL CESAR";0;1;0;0;0;0;0;1;0;0;0;"Cruzamento";"Chuvoso";"Sem defeito";"Perfeito estado";"Seca";"Perfeito estado";"Agente";"";"60 km/h";"Dupla";"Canteiro central";"";""
"2973";2020-07-27;"12:35:00";"SEM VÍTIMA";"FINALIZADA";"IMBIRIBEIRA";"AV PRESIDENTE DUTRA";"600";"RUA GONCALVES DE MAGALHAES";"EM FRENTE AO POSTO BR";"IMBIRIBEIRA";393;"SUBURBIO";"COLISÃO";"COLISAO ENTRE 2 AUTOS/ MOTORISTA EMBRIAGADO";2;0;0;0;0;0;0;0;0;0;0;"";"";"";"";"";"";"";"";"";"";"";"";""
"2974";2020-07-28;"10:02:00";"COM VÍTIMA";"FINALIZADA";"BOA VISTA";"AV GOVERNADOR AGAMENON MAGALHAES";"";"RUA DR BANDEIRA FILHO";"SUPER BOMPREÇO";"BOA VISTA";173;"SUBURBIO";"COLISÃO COM CICLISTA";"CICLISTA E AUTO BATEDORES NO LOCAL GM PETERSON";1;0;0;1;0;0;0;0;0;1;0;"Cruzamento";"Bom";"Sem defeito";"Perfeito estado";"Seca";"Perfeito estado";"Outros";"Outras";"60 km/h";"";"Faixa seccionada";"";""
"2975";2020-07-28;"11:49:00";"COM VÍTIMA";"FINALIZADA";"ILHA DO RETIRO";"EST DOS REMEDIOS";"2024";"RUA ASTORGA";"PROX A O  SPORT CLUBE DO RECIFE  AO LADO DA FARMACIA DROGASIL";"ILHA DO RETIRO";NA;"SUBURBIO";"ABALROAMENTO TRANSVERSAL";"COLISÃO COM VITIMA A ESPERA DO SAMU";1;0;0;0;0;1;0;0;0;1;0;"Longo da via";"Bom";"Não existe";"Perfeito estado";"Seca";"Perfeito estado";"";"Placas Pare";"40 km/h";"";"Faixa contínua";"";""
"2976";2020-07-28;"14:07:00";"COM VÍTIMA";"FINALIZADA";"SÃO JOSÉ";"RUA IMPERIAL";"86";"RUA DO PEIXOTO";"NO SEMAFORO 207 E/F AIGREJA MATRIZ DE SAO JOSE AO LADO DO TRE";"SÃO JOSÉ";207;"SUBURBIO";"ABALROAMENTO TRANSVERSAL";"COLISÃO ENVOLVENDO ÔNIBUS E AUTOS.";4;0;0;0;0;1;0;0;0;1;0;"Cruzamento";"Bom";"Sem defeito";"Perfeito estado";"Seca";"Perfeito estado";"Não existe";"Outras";"40 km/h";"Única";"Faixa seccionada";"";""
"2977";2020-07-28;"14:31:00";"COM VÍTIMA";"FINALIZADA";"CAMPO GRANDE";"RUA ODORICO MENDES";"165";"RUA VISCONDE DE CAIRU";"PROX AO CLUBE DAS PAS";"CAMPO GRANDE";NA;"SUBURBIO";"ABALROAMENTO TRANSVERSAL";"COLISAO ENTRE DUAS MOTOS COM VITIMAS";0;2;0;0;0;0;0;0;0;1;0;"Cruzamento";"Bom";"Não existe";"Perfeito estado";"Seca";"Perfeito estado";"Não existe";"Placas Pare";"40 km/h";"Dupla";"Faixa seccionada";"";""
"2978";2020-07-28;"14:45:00";"COM VÍTIMA";"FINALIZADA";"DOIS UNIDOS";"AV HILDEBRANDO DE VASCONCELOS";"563";"";"ANTES DA FABRICA DA MINERVA- PRÓXIMO A CIP CÃES.";"DOIS UNIDOS";NA;"SUBURBIO";"COLISÃO TRASEIRA";"CAMINHONETE E MICRO-ÔNIBUS.";1;0;0;0;0;1;0;0;0;1;0;"Longo da via";"Bom";"Não existe";"Perfeito estado";"Seca";"Perfeito estado";"Não existe";"Não há placas";"";"Dupla";"Não existe";"";""
"2979";2020-07-28;"16:13:00";"SEM VÍTIMA";"FINALIZADA";"BOA VIAGEM";"AV BOA VIAGEM";"704";"";"EM FRENTE AO EDF. NÁPOLIS";"BOA VIAGEM";NA;"CIDADE";"ABALROAMENTO LONGITUDINAL";"VEICULO DA GUARDA MUNICIPAL ESTAVA ESTACIONDO E O CARRO UMA PUXAVA A MOTO TUQUI-TUQUI- E A MOTO COLIDIU COM O VEICULO DA GUARDA MUNICIPAL";2;0;0;0;0;0;0;0;1;0;0;"Longo da via";"Bom";"Não existe";"Perfeito estado";"Seca";"Perfeito estado";"Não existe";"Não há placas";"";"Única";"Faixa contínua";"";""
"2980";2020-07-28;"16:13:00";"COM VÍTIMA";"CANCELADA";"CAMPINA DO BARRETO";"RUA DAS MOCAS";"1294";"";"PROX A PIZZARIA ATLANTICO";"CAMPINA DO BARRETO";NA;"";"COLISÃO";"COLISAO ENTRE MOTO E AUTO COM UMA VITIMA";1;1;0;0;0;0;0;0;0;1;0;"";"";"";"";"";"";"";"";"";"";"";"";""
"2981";2020-07-28;"17:23:00";"SEM VÍTIMA";"FINALIZADA";"GRAÇAS";"RUA JOAQUIM NABUCO";"";"";"";"GRAÇAS";NA;"SUBURBIO";"COLISÃO TRASEIRA";"COLISAO ENTRE DOIS AUTOS";2;0;0;0;0;0;0;0;0;0;0;"Longo da via";"Bom";"Sem defeito";"Perfeito estado";"Seca";"Perfeito estado";"Outros";"";"";"Única";"Faixa seccionada";"";""
"2982";2020-07-28;"19:17:00";"COM VÍTIMA";"CANCELADA";"BOA VIAGEM";"RUA SA E SOUZA";"";"RUA CAPITAO ZUZINHA";"SEMÁFORO 420 / E/F A PADARIA SANTA ROSA";"BOA VIAGEM";NA;"";"COLISÃO";"ENTRE 2 MOTOS. C/V";0;2;0;0;0;0;0;0;0;2;0;"";"";"";"";"";"";"";"";"";"";"";"";""
"2983";2020-07-28;"19:39:00";"SEM VÍTIMA";"CANCELADA";"AFOGADOS";"RUA SAO MIGUEL";"268";"";"NA FAIXA EXCLUSIVA DE ONIBUS ENF. AO DEPATRI";"AFOGADOS";NA;"";"COLISÃO";"ONIBUS METROPOLITANA X NISSAN OBS : VEICULO ESTA SEM CONDIÇOES DE SAIR DA VIA DEVIDO A PROPORÇAO DA COLISAO";1;0;0;0;0;1;0;0;0;0;0;"";"";"";"";"";"";"";"";"";"";"";"";""
"2984";2020-07-28;"19:41:00";"COM VÍTIMA";"FINALIZADA";"ÁGUA FRIA";"RUA SAO SEBASTIAO";"694";"";"PRÓX A ENTRADA DA BOMBA DO HEMETERIO E POSTO DA BOMBA";"ÁGUA FRIA";NA;"";"ABALROAMENTO LONGITUDINAL";"ENTRE 2 MOTOS. C/V";0;2;0;0;0;0;0;0;0;1;0;"Longo da via";"Bom";"Não existe";"";"Seca";"Perfeito estado";"Não existe";"Não há placas";"";"Dupla";"Faixa contínua";"";""
"2985";2020-07-29;"06:33:00";"SEM VÍTIMA";"FINALIZADA";"JOANA BEZERRA";"VDO PAPA JOAO PAULO II";"";"";"NA DESCIDA DA PONTE SENTIDO AGAMENON MAGALHÃES";"JOANA BEZERRA";NA;"";"COLISÃO";"SEM VITIMAS -UMA DAS PARTES EMBRIAGADA ESTA ABANDONANDO O VEÍCULO";2;0;0;0;0;0;0;0;0;0;0;"Viaduto";"Bom";"Não existe";"Perfeito estado";"Seca";"Perfeito estado";"Não existe";"Não há placas";"";"Dupla";"Faixa seccionada";"";""
"2986";2020-07-29;"07:50:00";"COM VÍTIMA";"FINALIZADA";"ENCRUZILHADA";"RUA FERNANDO CESAR";"242";"RUA AMARO COUTINHO";"E/F A JDA EQUIPAMENTOS E PRAÇA DOM MIGUEL VALVERDE.";"ENCRUZILHADA";NA;"CIDADE";"ABALROAMENTO LONGITUDINAL";"COLISÃO C/VITIMA ENTRE MOTO E CICLOMOTOR (V.T 12 NO QTH)";0;1;1;0;0;0;0;0;0;2;0;"Cruzamento";"Chuvoso";"Não existe";"Perfeito estado";"Seca";"Perfeito estado";"Faixa de pedestre";"Placas Pare";"30 km/h";"Única";"Faixa contínua";"Faixa seccionada";""
"2987";2020-07-29;"07:55:00";"COM VÍTIMA";"FINALIZADA";"SANTO AMARO";"AV CRUZ CABUGA";"1419";"";"EM FRENTE AO SEFAZ";"SANTO AMARO";344;"CIDADE";"ABALROAMENTO LONGITUDINAL";"COM UMA VITIMA AGUARDANDO SAMU/BATEDOR MOTO 10/26 CTTU NO LOCAL";1;1;0;0;0;0;0;0;0;1;0;"Longo da via";"Bom";"Sem defeito";"Perfeito estado";"Seca";"Perfeito estado";"Não existe";"Outras";"";"Dupla";"Faixa contínua";"";""
"2988";2020-07-29;"08:21:00";"SEM VÍTIMA";"FINALIZADA";"SANTO AMARO";"RUA TREZE DE MAIO";"330";"AV VISCONDE DE SUASSUNA";"E/F A LINS ADVOCACIA";"SANTO AMARO";172;"";"COLISÃO";"COLISÃO S/VITIMAS ENTRE UM AUTO E UMA MOTO (VEÍCULO OFICIAL)";1;1;0;0;0;0;0;0;0;0;0;"Longo da via";"Chuvoso";"Sem defeito";"Perfeito estado";"Molhada";"Perfeito estado";"Faixa de pedestre";"Outras";"";"Única";"Não existe";"";""
"2989";2020-07-29;"08:46:00";"COM VÍTIMA";"FINALIZADA";"BOA VISTA";"RUA JOSE DE ALENCAR";"";"RUA BARAO DE SAO BORJA";"EM FRENTE AO HOTEL BOA VISTA";"BOA VISTA";NA;"CDE BOA VISTA";"ABALROAMENTO LONGITUDINAL";"AUTO E MOTO- COLISÃO COM UMA VITIMA -JÁ SOCORRIDA PELO SAMU";1;1;0;0;0;0;0;0;0;1;0;"Cruzamento";"Chuvoso";"Não existe";"Perfeito estado";"Molhada";"Outros";"Faixa de pedestre";"Placas Pare";"";"Única";"Não existe";"";""
"2990";2020-07-29;"09:28:00";"COM VÍTIMA";"FINALIZADA";"IPSEP";"AV RECIFE";"1088";"";"EM FRENTE A CENTRAL DAS BATERIAS";"IPSEP";NA;"AEROPORTO";"ABALROAMENTO LONGITUDINAL";"COM UMA VITIMA AGUARDANDO SAMU/CTTU NO LOCAL BATEDORES NO LOCAL 03-28";0;2;0;0;0;0;0;0;0;1;0;"Longo da via";"Chuvoso";"Não existe";"Perfeito estado";"Molhada";"Perfeito estado";"Não existe";"Não há placas";"60 km/h";"Dupla";"Faixa contínua";"Faixa seccionada";""
"2991";2020-07-29;"09:58:00";"COM VÍTIMA";"FINALIZADA";"SAN MARTIN";"AV GENERAL SAN MARTIN";"1450";"";"EM FRENTE A O IPA";"SAN MARTIN";NA;"SUBURBIO";"ABALROAMENTO TRANSVERSAL";"AUTO E MOTO COM UMA VITIMA.";1;1;0;0;0;0;0;0;0;1;0;"Longo da via";"Nublado";"Não existe";"Incompleta";"Seca";"Perfeito estado";"Faixa de pedestre";"R-6a";"40 km/h";"Dupla";"Faixa contínua";"Faixa seccionada";""
"2992";2020-07-29;"11:18:00";"COM VÍTIMA";"FINALIZADA";"CAMPINA DO BARRETO";"RUA EXP JAMIL DAGLI";"40";"";"RUA TRANSVERSAL A AV. PROF. JOSE DOS ANJOS // NA RUA DA BARRACA DO KAUAN";"CAMPINA DO BARRETO";NA;"SUBURBIO";"ATROPELAMENTO";"ATROPELAMENTO / ENVOLVIDO SOCORRIDO PELO SAMU PARA O HR";1;0;0;0;1;0;0;0;0;1;0;"Longo da via";"Chuvoso";"Não existe";"Não existente";"Seca";"Perfeito estado";"Não existe";"Não há placas";"";"Dupla";"Canal";"";""
"2993";2020-07-29;"11:21:00";"SEM VÍTIMA";"FINALIZADA";"SANTO AMARO";"AV GOVERNADOR AGAMENON MAGALHAES";"";"AV DR JAYME DA FONTE";"EM FRENTE AO IC";"SANTO AMARO";NA;"OLINDA";"COLISÃO";"SEM VITIMAS /VIATURA DA POLICIA CIVIL";1;0;0;0;0;0;0;1;0;0;0;"Cruzamento";"Chuvoso";"Sem defeito";"Perfeito estado";"Molhada";"Perfeito estado";"Faixa de pedestre";"Outras";"60KM";"Dupla";"Faixa contínua";"Canteiro central";""