"";"data";"hora";"natureza_acidente";"situacao";"bairro";"endereco";"numero";"detalhe_endereco_acidente";"complemento";"bairro_cruzamento";"num_semaforo";"sentido_via";"tipo";"descricao";"auto";"moto";"ciclom";"ciclista";"pedestre";"onibus";"caminhao";"viatura";"outros";"vitimas";"vitimasfatais";"acidente_verificado";"tempo_clima";"situacao_semaforo";"sinalizacao";"condicao_via";"conservacao_via";"ponto_controle";"situacao_placa";"velocidade_max_via";"mao_direcao";"divisao_via1";"divisao_via2";"divisao_via3"
"3313";2020-09-19;"21:04:00";"SEM VÍTIMA";"CANCELADA";"TORRE";"RUA JOSE BONIFACIO";"481";"RUA PADRE ANCHIETA";"AO LADO DO MINUTO PÃO DE AÇUCAR";"TORRE";NA;"";"COLISÃO";"COLISÃO ENTRE DOIS AUTOS S/V- UMA DAS PARTES APRESENTA SINTOMAS DE EMBRIAGUEZ";2;0;0;0;0;0;0;0;0;0;0;"";"";"";"";"";"";"";"";"";"";"";"";""
"3314";2020-09-19;"21:28:00";"SEM VÍTIMA";"FINALIZADA";"COQUEIRAL";"RUA ANANIAS CATANHO";"431";"";"EM FRENTE AO Nº 431";"COQUEIRAL";NA;"SUBURBIO";"CHOQUE VEÍCULO PARADO";"COLISÃO ENTRE DOIS AUTOS S/V- UMA DAS PARTES APRESENTA SINTOMAS DE EMBRIAGUEZ";2;0;0;0;0;0;0;0;0;0;0;"Longo da via";"Bom";"Não existe";"";"Seca";"Perfeito estado";"Não existe";"Não há placas";"";"Dupla";"Não existe";"";""
"3315";2020-09-19;"22:24:00";"COM VÍTIMA";"FINALIZADA";"ESPINHEIRO";"RUA DO ESPINHEIRO";"";"RUA AMELIA";"APÓS O HOSPTAL ESPINHEIRO";"ESPINHEIRO";195;"CIDADE";"ABALROAMENTO TRANSVERSAL";"COLISÃO ENTRE AUTO E MOTO C/V";1;1;0;0;0;0;0;0;0;2;0;"Cruzamento";"Bom";"Desligado";"Perfeito estado";"Seca";"Perfeito estado";"Faixa de pedestre";"Outras";"";"";"";"";""
"3316";2020-09-20;"07:37:00";"COM VÍTIMA";"FINALIZADA";"IMBIRIBEIRA";"AV MARECHAL MASCARENHAS DE MORAES";"2716";"RUA JORNALISTA CLEOFHAS DE OLIVEIRA";"EM FRENTE AO GERALDÃO- SENT. AEROPORTO";"IMBIRIBEIRA";290;"SUBURBIO";"COLISÃO TRASEIRA";"MOTO E AUTO C/V";1;1;0;0;0;0;0;0;0;1;0;"Cruzamento";"Bom";"Sem defeito";"Perfeito estado";"Seca";"Perfeito estado";"Faixa de pedestre";"Não há placas";"60 km/h";"Dupla";"Faixa contínua";"Faixa seccionada";"Canteiro central"
"3317";2020-09-20;"11:13:00";"COM VÍTIMA";"FINALIZADA";"BOA VIAGEM";"AV BOA VIAGEM";"328";"";"EM FRENTE AS QUADRAS DE TÊNIS. EDF. ARAUCÁRIA.";"BOA VIAGEM";NA;"CIDADE";"COLISÃO TRASEIRA";"INFORMES QUE UM CONDUTOR PERDEU O CONTROLE DO VEÍCULO-COLIDIU COM OUTRO VEÍCULO (POLO COM SUA CONDUTORA TAMBÉM VITIMADA) E COM 2 BICICLETAS.";2;0;0;2;0;0;0;0;0;3;0;"Longo da via";"Bom";"Sem defeito";"Perfeito estado";"Seca";"Perfeito estado";"Não existe";"Outras";"60 km/h";"Única";"Faixa seccionada";"";""
"3318";2020-09-20;"16:39:00";"COM VÍTIMA";"FINALIZADA";"IBURA";"AV DOIS RIOS";"704";"RUA RIO DO OESTE";"APOS O POSTO TOTAL AO LADO DA COPE S/T BR";"IBURA";325;"SUBURBIO";"ABALROAMENTO TRANSVERSAL";"COLISAO ENTRE MOTO E AUTO";1;1;0;0;0;0;0;0;0;2;0;"Esquina";"Bom";"Sem defeito";"Perfeito estado";"Seca";"Perfeito estado";"Faixa de pedestre";"R-6a";"";"Dupla";"Faixa contínua";"";""
"3319";2020-09-20;"18:57:00";"SEM VÍTIMA";"FINALIZADA";"VÁRZEA";"AV PREFEITO ANTONIO PEREIRA";"";"";"TERMINAL INTEGRADO DE PASSAGEIRO";"VÁRZEA";NA;"CIDADE";"ABALROAMENTO LONGITUDINAL";"COLISÃO ENTRE VT DA POLICIA MILITAR E ÔNIBUS. S/V";1;0;0;0;0;1;0;0;0;0;0;"";"Bom";"Não existe";"Não existente";"Seca";"Perfeito estado";"Não existe";"Não há placas";"";"Dupla";"Canteiro central";"";""
"3320";2020-09-20;"19:20:00";"SEM VÍTIMA";"FINALIZADA";"PINA";"AV ANTONIO DE GOES";"";"PTE AGAMENON MAGALHAES";"NA SUBIDA DA PONTE DO PINA";"PINA";NA;"";"CHOQUE OBJETO FIXO";"VEICULO CHOCOU-SE CONTRA UM POSTE E INCENDIOU-SE- EM SEGUIDA. CORPO DE BOMBEIROS NO LOCAL.";0;0;0;0;0;0;0;0;0;0;0;"";"";"";"";"";"";"";"";"";"";"";"";""
"3321";2020-09-21;"01:01:00";"SEM VÍTIMA";"FINALIZADA";"BOA VIAGEM";"AV ENGENHEIRO DOMINGOS FERREIRA";"2025";"";"E/F A LOJA PETLAND";"BOA VIAGEM";NA;"SUBURBIO";"CHOQUE OBJETO FIXO";"VEICULO CHOCOU-SE CONTRA UM POSTE E FOI ABANDONADO ATRAVESSADO NA VIA.";1;0;0;0;0;0;0;0;0;0;0;"Longo da via";"Bom";"Não existe";"Perfeito estado";"Seca";"Perfeito estado";"Não existe";"R-6a";"60 km/h";"Única";"Faixa seccionada";"Canteiro central";""
"3322";2020-09-21;"08:54:00";"SEM VÍTIMA";"FINALIZADA";"PINA";"AV ANTONIO DE GOES";"";"";"INÍCIO DA PONTE GOVERNADOR PAULO GUERRA";"PINA";NA;"CIDADE";"CHOQUE OBJETO FIXO";"";1;0;0;0;0;0;0;0;0;0;0;"Longo da via";"Bom";"Não existe";"Ilegível";"Seca";"Mal iluminada";"Não existe";"";"60 km/h";"Única";"Canteiro central";"";""
"3323";2020-09-21;"09:10:00";"COM VÍTIMA";"FINALIZADA";"IBURA";"AV DOIS RIOS";"1347";"";"EM FRENTE AO COSULTORIO MEDICO DO IBURA. PRÓXIMO AO CONSELHO TUTELAR.";"IBURA";NA;"CIDADE";"ABALROAMENTO TRANSVERSAL";"COM UMA VITIMA SOCORRIDA PELO SAMU/GM TORRES PONTO FIXO";1;1;0;0;0;0;0;0;0;1;0;"Longo da via";"Bom";"Não existe";"Ilegível";"Seca";"Perfeito estado";"Não existe";"Não há placas";"";"Dupla";"Não existe";"";""
"3324";2020-09-21;"11:09:00";"COM VÍTIMA";"CANCELADA";"TORRE";"RUA JOSE BONIFACIO";"359";"";"PROX. A JOÃO DA CARNE DE SOL";"TORRE";NA;"";"COLISÃO";"COLISÃO C/VITIMA ENTRE UM AUTO E UMA MOTO";1;1;0;0;0;0;0;0;0;1;0;"";"";"";"";"";"";"";"";"";"";"";"";""
"3325";2020-09-21;"11:28:00";"COM VÍTIMA";"FINALIZADA";"ENGENHO DO MEIO";"RUA MAURICEIA";"190";"";"E/F AO COLEGIO SABER";"ENGENHO DO MEIO";652;"";"ABALROAMENTO LONGITUDINAL";"COLISÃO C/VITIMA ENTRE UM AUTO E UMA MOTO";1;1;0;0;0;0;0;0;0;1;0;"Longo da via";"Bom";"Sem defeito";"Incompleta";"Seca";"Perfeito estado";"Faixa de pedestre";"Outras";"30 km/h";"Dupla";"Não existe";"";""
"3326";2020-09-21;"19:30:00";"COM VÍTIMA";"FINALIZADA";"IPUTINGA";"AV CAXANGA";"5362";"";"EM FRENTE AO CAXANGÁ GOLF CLUB";"IPUTINGA";NA;"SUBURBIO";"ABALROAMENTO TRANSVERSAL";"COLISÃO ENTRE AUTO E MOTO- COM VÍTIMAS";1;1;0;0;0;0;0;0;0;1;0;"Longo da via";"Bom";"Não existe";"Perfeito estado";"Seca";"Perfeito estado";"Não existe";"Não há placas";"";"Única";"Faixa contínua";"";""
"3327";2020-09-22;"07:01:00";"COM VÍTIMA";"FINALIZADA";"IMBIRIBEIRA";"AV MARECHAL MASCARENHAS DE MORAES";"2777";"";"NO SENTIDO CIDADE  EM FRENTE A GMAG ESTOFADOS.";"IMBIRIBEIRA";NA;"CIDADE";"CHOQUE VEÍCULO PARADO";"COLISÃO COM VITIMA A ESPERA DO SAMU";2;1;0;0;0;0;0;0;0;1;0;"Longo da via";"Bom";"Não existe";"Perfeito estado";"Seca";"Perfeito estado";"Não existe";"Não há placas";"60 km/h";"Única";"Faixa contínua";"Faixa seccionada";""
"3328";2020-09-22;"07:43:00";"COM VÍTIMA";"FINALIZADA";"SAN MARTIN";"RUA VINTE E UM DE ABRIL";"2130";"";"EM FRENTE A  PADARIA VINTE UM DE ABRIL";"SAN MARTIN";NA;"SUBURBIO";"ATROPELAMENTO";"VITIMA SOCORRIDA PELOS BOMBEIROS";1;0;0;0;1;0;0;0;0;1;0;"Longo da via";"Bom";"Sem defeito";"Não existente";"Seca";"Perfeito estado";"Não existe";"Outras";"40 km/h";"Dupla";"Não existe";"";""
"3329";2020-09-22;"07:47:00";"COM VÍTIMA";"FINALIZADA";"DERBY";"AV GOVERNADOR AGAMENON MAGALHAES";"";"RUA DOM BOSCO";"EM FRENTE AO HOSPITAL DA RESTAURAÇÃO. PISTA CENTRAL.";"DERBY";174;"BOA VIAGEM";"COLISÃO TRASEIRA";"COM VÍTIMA";1;1;0;0;0;0;0;0;0;1;0;"Longo da via";"Bom";"Sem defeito";"Perfeito estado";"Seca";"Perfeito estado";"Agente";"Outras";"60 km/h";"Dupla";"Canteiro central";"";""
"3330";2020-09-22;"08:00:00";"COM VÍTIMA";"FINALIZADA";"VASCO DA GAMA";"RUA VASCO DA GAMA";"1688";"RUA BREJO BONITO";"NA SUBIDA DO VISGUEIRO";"VASCO DA GAMA";NA;"";"COLISÃO FRONTAL";"MOTO E ONIBUS C/V";0;1;0;0;0;1;0;0;0;1;0;"Longo da via";"Bom";"Não existe";"Não existente";"Seca";"Mal conservada";"Não existe";"Não há placas";"40 km/h";"Dupla";"Não existe";"";""
"3331";2020-09-22;"08:43:00";"COM VÍTIMA";"FINALIZADA";"IPSEP";"RUA HELIO BRANDAO";"135";"RUA ADERBAL DE MELO";"EM FRENTE AO CHAMBARIL E FEIJOADA DO JOÃO";"IPSEP";NA;"";"ABALROAMENTO TRANSVERSAL";"MOTO E AUTO C/V PONTO FIXO GM-CONCEIÇÃO";1;1;0;0;0;0;0;0;0;1;0;"Cruzamento";"Bom";"Não existe";"Perfeito estado";"Seca";"Perfeito estado";"";"Placas Pare";"30 km/h";"Única";"Faixa seccionada";"";""
"3332";2020-09-22;"09:23:00";"COM VÍTIMA";"FINALIZADA";"TORRÕES";"AV ENGENHEIRO ABDIAS DE CARVALHO";"";"RUA TIJUCAS";"CHESF";"TORRÕES";422;"CIDADE";"TOMBAMENTO";"QUEDA DE MOTO.";0;1;0;0;0;0;0;0;0;1;0;"Longo da via";"Bom";"Sem defeito";"Perfeito estado";"Seca";"Perfeito estado";"Faixa de pedestre";"Não há placas";"";"Única";"Canteiro central";"";""
"3333";2020-09-22;"15:10:00";"COM VÍTIMA";"FINALIZADA";"PARNAMIRIM";"RUA FERREIRA LOPES";"141";"RUA DA ESTRELA";"CONSULADO";"PARNAMIRIM";NA;"";"ABALROAMENTO TRANSVERSAL";"COM VÍTIMA";0;2;0;0;0;0;0;0;0;1;0;"Cruzamento";"Bom";"Não existe";"Perfeito estado";"Seca";"Perfeito estado";"";"Outras";"40 km/h";"Dupla";"Faixa seccionada";"";""
"3334";2020-09-22;"16:07:00";"COM VÍTIMA";"FINALIZADA";"SÃO JOSÉ";"AV SUL";"";"";"POR TRAS DO FORTE DAS CINCO PONTAS. POSTE B015690.";"SÃO JOSÉ";NA;"CIDADE";"COLISÃO";"COLISÃO COM VÍTIMA";3;0;0;0;0;0;0;0;0;1;0;"Longo da via";"Bom";"Não existe";"Perfeito estado";"Seca";"Perfeito estado";"Não existe";"Outras";"60 km/h";"Única";"Faixa seccionada";"";""
"3335";2020-09-23;"08:35:00";"SEM VÍTIMA";"FINALIZADA";"SÃO JOSÉ";"VDO DAS CINCO PONTAS";"";"";"";"SÃO JOSÉ";NA;"";"CHOQUE OBJETO FIXO";"NEW BEATLES";0;0;0;0;0;0;0;0;0;0;0;"Viaduto";"Bom";"Não existe";"Perfeito estado";"Seca";"Perfeito estado";"Não existe";"Não há placas";"n/i";"Única";"Canteiro central";"";""
"3336";2020-09-23;"11:15:00";"COM VÍTIMA";"FINALIZADA";"PRADO";"RUA CARLOS GOMES";"";"";"EM FRENTE AO HOSPITAL NOSSA SENHORA DO Ó";"PRADO";NA;"";"COLISÃO";"HONDA TITAN / HYUNDAI HB 20";1;1;0;0;0;0;0;0;0;1;0;"";"";"";"";"";"";"";"";"";"";"";"";""
"3337";2020-09-23;"14:41:00";"COM VÍTIMA";"FINALIZADA";"ESTÂNCIA";"AV RECIFE";"";"";"APÓS O BIG BOM PREÇO. LADO OPOSTO A FARMÁCIA PAGUE MENOS.";"ESTÂNCIA";NA;"SUBURBIO";"ABALROAMENTO LONGITUDINAL";"MOTO X VEÍCULO";1;1;0;0;0;0;0;0;0;1;0;"Longo da via";"Bom";"Sem defeito";"Perfeito estado";"Seca";"Perfeito estado";"Não existe";"Outras";"";"Dupla";"Canteiro central";"";""
"3338";2020-09-23;"15:41:00";"SEM VÍTIMA";"FINALIZADA";"ILHA JOANA BEZERRA";"VDO PAPA JOAO PAULO II";"";"";"";"ILHA JOANA BEZERRA";NA;"BOA VIAGEM";"COLISÃO";"QYB4355 VOYAGE VIATURA 15 CTTU X PDE4D32 HONDA";0;0;0;0;0;0;0;0;0;0;0;"";"";"";"";"";"";"";"";"";"";"";"";""
"3339";2020-09-23;"18:01:00";"COM VÍTIMA";"FINALIZADA";"DERBY";"AV GOVERNADOR AGAMENON MAGALHAES";"";"RUA HENRIQUE DIAS";"";"DERBY";68;"CIDADE";"ABALROAMENTO LONGITUDINAL";"COM VÍTIMA";1;1;0;0;0;0;0;0;0;1;0;"Cruzamento";"Bom";"Sem defeito";"Perfeito estado";"Seca";"Perfeito estado";"Faixa de pedestre";"Não há placas";"60 km/h";"Única";"";"";""
"3340";2020-09-23;"20:40:00";"COM VÍTIMA";"FINALIZADA";"BEBERIBE";"AV BEBERIBE";"4250";"";"";"BEBERIBE";NA;"SUBURBIO";"ATROPELAMENTO";"ACIDENTE COM VITIMA ENTRE MOTO E BICICLETA.";0;1;0;0;1;0;0;0;0;2;0;"Longo da via";"Bom";"Não existe";"Perfeito estado";"Seca";"Perfeito estado";"Não existe";"Outras";"40 km/h";"Dupla";"Faixa contínua";"";""
"3341";2020-09-24;"08:29:00";"COM VÍTIMA";"FINALIZADA";"FUNDÃO";"AV BEBERIBE";"2584";"";"EM FRENTE AO ARMAZÉM LOJAS CONSTRUINDO.";"FUNDÃO";NA;"SUBURBIO";"COLISÃO COM CICLISTA";"COLISÃO COM VÍTIMA MOTO E CICLISTA";0;1;0;1;0;0;0;0;0;3;0;"Longo da via";"Bom";"Não existe";"Perfeito estado";"Seca";"Perfeito estado";"Não existe";"Não há placas";"";"Dupla";"Faixa contínua";"";""
"3342";2020-09-24;"09:48:00";"COM VÍTIMA";"FINALIZADA";"IMBIRIBEIRA";"AV MARECHAL MASCARENHAS DE MORAES";"4075";"RUA CORONEL FABRICIANO";"PRÓX. AO ATACADO DOS PRESENTES";"IMBIRIBEIRA";310;"CIDADE";"ABALROAMENTO LONGITUDINAL";"CAMINHÃO X MOTOCICLETA";0;1;0;0;0;0;1;0;0;1;0;"Cruzamento";"Bom";"Sem defeito";"Perfeito estado";"Seca";"Perfeito estado";"Outros";"Não há placas";"60 km/h";"Única";"Faixa seccionada";"Canteiro central";""
"3343";2020-09-24;"09:48:00";"COM VÍTIMA";"FINALIZADA";"IMBIRIBEIRA";"AV MARECHAL MASCARENHAS DE MORAES";"";"";"ÁREA DE DESEMBARQUE DO AEROPORTO APÓS A PORTA A6. PORTÃO DE CARGA DO ANTIGO TERMINAL DO AEROPORTO.";"IMBIRIBEIRA";NA;"SUBURBIO";"CHOQUE OBJETO FIXO";"VEÍCULO CHOCOU-SE COM GRADIL DA ÁREA DE CARGA E DESCARGA";1;0;0;0;0;0;0;0;0;1;0;"Longo da via";"Bom";"Não existe";"Perfeito estado";"Seca";"Perfeito estado";"Outros";"Outras";"";"Única";"Não existe";"";""
"3344";2020-09-24;"13:37:00";"SEM VÍTIMA";"FINALIZADA";"BOA VIAGEM";"RUA DOM JOSE LOPES";"747";"";"PANIFICADORA J. LORENA";"BOA VIAGEM";NA;"";"COLISÃO";"COLISÃO SEM VÍTIMAS ENTRE 2 AUTOS. SENDO 1 DELES- VEÍCULO OFICIAL.";2;0;0;0;0;0;0;0;0;0;0;"Longo da via";"Bom";"Não existe";"Perfeito estado";"Seca";"Perfeito estado";"Não existe";"Não há placas";"n/i";"Única";"Não existe";"";""
"3345";2020-09-24;"19:42:00";"COM VÍTIMA";"FINALIZADA";"DOIS IRMÃOS";"RUA DOIS IRMAOS";"";"";"E/F AO HORTO DE DOIS IRMÃOS E AO LAFEPE.";"DOIS IRMÃOS";NA;"SUBURBIO";"COLISÃO TRASEIRA";"COLISÃO C/VITIMA (AUTO X MOTO)";1;1;0;0;0;0;0;0;0;1;0;"Longo da via";"Bom";"Não existe";"Perfeito estado";"Seca";"Perfeito estado";"";"R-19";"60 km/h";"Dupla";"Não existe";"";""
"3346";2020-09-25;"16:32:00";"COM VÍTIMA";"FINALIZADA";"CORDEIRO";"AV CAXANGA";"1845";"";"PROX A CENTROCAR";"CORDEIRO";NA;"CIDADE";"ATROPELAMENTO";"AUTO- MOTO E PEDESTRE";1;1;0;0;1;0;0;0;0;1;0;"Longo da via";"Bom";"Não existe";"Incompleta";"Seca";"Perfeito estado";"Não existe";"Não há placas";"";"Dupla";"Faixa seccionada";"";""
"3347";2020-09-25;"16:52:00";"COM VÍTIMA";"FINALIZADA";"CAMPO GRANDE";"AV PROFESSOR JOSE DOS ANJOS";"116A";"";"E/F A SUB ESTAÇAO DA COMPESA";"CAMPO GRANDE";NA;"CAMPO GRANDE";"COLISÃO FRONTAL";"COLISAO COM VITIMA ENTRE AUTO E MOTO";1;1;0;0;0;0;0;0;0;1;0;"Longo da via";"Bom";"Não existe";"Não existente";"Seca";"Perfeito estado";"Não existe";"Não há placas";"";"Inglesa";"Não existe";"";""
"3348";2020-09-25;"17:43:00";"COM VÍTIMA";"FINALIZADA";"IPUTINGA";"AV CAXANGA";"3516";"RUA SAO MATEUS";"LOGO APOS O CRUZAMENTO DO POSTO PETROCAL - BR. LADO OPOSTO AO CARTÓRIO DA VÁRZEA.";"IPUTINGA";229;"CIDADE";"ABALROAMENTO LONGITUDINAL";"MOTOCICLISTA ULTRAPASSANDO PELA DIREITA COLIDIU E CAIU AO LADO DO CARRO GUINCHO. ACIDENTE FLAGRADO PELA CÂMARA DA CTTU NO HORÁRIO 16h18min.";0;1;0;0;0;0;1;0;0;1;0;"Longo da via";"Bom";"Sem defeito";"Perfeito estado";"Seca";"Perfeito estado";"Faixa de pedestre";"Outras";"";"Dupla";"Não existe";"";""
"3349";2020-09-26;"04:50:00";"COM VÍTIMA";"FINALIZADA";"AREIAS";"AV RECIFE";"97";"";"EM FRENTE AO MAKRO SENTIDO UFPE- NA SUBIDA DO VIADUTO ULISSES GUIMARÃES.";"AREIAS";NA;"CIDADE";"COLISÃO TRASEIRA";"AUTO E MOTO.";1;1;0;0;0;0;0;0;0;1;0;"Longo da via";"Bom";"Não existe";"Perfeito estado";"Seca";"Mal conservada";"Não existe";"Não há placas";"60 km/h";"";"Faixa seccionada";"";""
"3350";2020-09-26;"07:24:00";"COM VÍTIMA";"FINALIZADA";"ÁGUA FRIA";"RUA DA REGENERACAO";"1122";"";"EM FRENTE A ANTIGA FABRICA DA COCA COLA";"ÁGUA FRIA";NA;"SUBURBIO";"COLISÃO FRONTAL";"COLISÃO COM VITIMA";1;1;0;0;0;0;0;0;0;1;0;"Longo da via";"Bom";"Não existe";"Incompleta";"Seca";"Mal conservada";"Não existe";"Não há placas";"";"Dupla";"Não existe";"";""
"3351";2020-09-26;"10:45:00";"COM VÍTIMA";"FINALIZADA";"ILHA DO RETIRO";"AV BEIRA RIO";"400";"";"AO LADO DO SPORT CLUBE DO RECIFE NO SENTIDO TUNEL CHICO  SCIENCE. LADO OPOSTO AO Nº INFORMADO.";"ILHA DO RETIRO";NA;"ILHA DO RETIRO";"COLISÃO TRASEIRA";"COLISÃO COM VITIMA";1;1;0;0;0;0;0;0;0;1;0;"Longo da via";"Bom";"Não existe";"Perfeito estado";"Seca";"Perfeito estado";"Não existe";"R-6a";"";"Dupla";"Faixa seccionada";"";""
"3352";2020-09-26;"17:50:00";"COM VÍTIMA";"FINALIZADA";"MANGABEIRA";"AV NORTE";"";"RUA GUIMARAES PEIXOTO";"PROXIMO AO SESC";"MANGABEIRA";96;"CIDADE";"CHOQUE OBJETO FIXO";"COLISÃO COM VÍTIMA ENTRE DUAS MOTOS E UM AUTO";1;2;0;0;0;0;0;0;0;3;0;"Longo da via";"Bom";"Sem defeito";"Perfeito estado";"Seca";"Perfeito estado";"Faixa de pedestre";"Outras";"";"Dupla";"Canteiro central";"";""
"3353";2020-09-26;"22:19:00";"COM VÍTIMA";"FINALIZADA";"ILHA JOANA BEZERRA";"PTE JOSE DE BARROS LIMA";"";"";"PROXIMO A PASSARELA";"ILHA JOANA BEZERRA";NA;"BOA VIAGEM";"ATROPELAMENTO";"COLISÃO MOTO E PEDESTRE";0;1;0;0;2;0;0;0;0;3;0;"Ponte";"Bom";"Não existe";"Perfeito estado";"Seca";"Perfeito estado";"";"Não há placas";"60 km/h";"Dupla";"Canteiro central";"";""
"3354";2020-09-27;"09:01:00";"COM VÍTIMA";"FINALIZADA";"DOIS UNIDOS";"RUA VISCONDE DE GARRETT";"142";"";"EM FRENTE AO EDUCANDARIO JARDIM GETSEMANI. PRÓXIMO A ASSEMBLEIA DE DEUS.";"DOIS UNIDOS";NA;"";"COLISÃO FRONTAL";"COLISÃO COM DUAS VITIMAS AGUARDANDO O SAMU";0;2;0;0;0;0;0;0;0;2;0;"Longo da via";"Bom";"Não existe";"Perfeito estado";"Seca";"Perfeito estado";"Não existe";"Não há placas";"";"";"Não existe";"";""
"3355";2020-09-27;"09:24:00";"COM VÍTIMA";"FINALIZADA";"BOA VIAGEM";"RUA DEZ DE JULHO";"210";"RUA CAMBOIM";"EM FRENTE A LOJA MAISON CRISTAL";"BOA VIAGEM";NA;"CIDADE";"ABALROAMENTO TRANSVERSAL";"MOTO E AUTO";1;1;0;0;0;0;0;0;0;1;0;"Longo da via";"Bom";"Não existe";"Perfeito estado";"Seca";"Perfeito estado";"Não existe";"Não há placas";"40 km/h";"Única";"Faixa seccionada";"";""
"3356";2020-09-27;"10:53:00";"COM VÍTIMA";"FINALIZADA";"ARRUDA";"RUA DA REGENERACAO";"1147";"RUA CLARA";"E/F HYANNAH ESPAÇO DE EVENTOS";"ARRUDA";NA;"SUBURBIO";"ABALROAMENTO LONGITUDINAL";"COLISÃO C/VITIMA ENTRE UM AUTO E UMA MOTO";1;1;0;0;0;0;0;0;0;1;0;"Cruzamento";"Bom";"Não existe";"Não existente";"Seca";"Perfeito estado";"Não existe";"Não há placas";"";"Dupla";"Não existe";"";""
"3357";2020-09-27;"19:25:00";"COM VÍTIMA";"FINALIZADA";"IMBIRIBEIRA";"AV SUL";"";"";"AO LADO DA ESTAÇAO ANTONIO FALCAO";"IMBIRIBEIRA";NA;"SUBURBIO";"ABALROAMENTO LONGITUDINAL";"COLISAO ENTRE AUTO E MOTO COM VITIMA";1;1;0;0;0;0;0;0;0;1;0;"Longo da via";"Chuvoso";"Não existe";"Perfeito estado";"Molhada";"Perfeito estado";"Não existe";"Não há placas";"30 km/h";"Dupla";"Não existe";"";""
"3358";2020-09-27;"21:28:00";"COM VÍTIMA";"FINALIZADA";"CASA AMARELA";"RUA CONS NABUCO";"292";"";"PROX AO BOMPREÇO";"CASA AMARELA";NA;"";"ATROPELAMENTO";"ATROPELAMENTO DE PEDESTRE";0;1;0;0;1;0;0;0;0;1;0;"Longo da via";"Chuvoso";"Não existe";"Perfeito estado";"Molhada";"Perfeito estado";"Não existe";"Não há placas";"";"Dupla";"Não existe";"";""
"3359";2020-09-27;"21:49:00";"COM VÍTIMA";"FINALIZADA";"SANTO AMARO";"AV NORTE";"754";"3TR TREZE DE MAIO";"NO CRUZAMENTO";"SANTO AMARO";NA;"SUBURBIO";"COLISÃO TRASEIRA";"AUTO E MOTO. O CONDUTOR DO AUTO SE EVADIU.";1;1;0;0;0;0;0;0;0;1;0;"Longo da via";"Bom";"Não existe";"Perfeito estado";"Seca";"Perfeito estado";"Não existe";"Não há placas";"";"Única";"Faixa seccionada";"";""
"3360";2020-09-28;"07:15:00";"COM VÍTIMA";"FINALIZADA";"JORDÃO";"AV MARIA IRENE";"1064";"RUA CRISTALIA";"TERMINAL DA VAN";"JORDÃO";NA;"CIDADE";"ABALROAMENTO LONGITUDINAL";"COM VITIMA. MICROÔNIBUS E MOTOCICLETA";0;1;0;0;0;1;0;0;0;1;0;"Longo da via";"Bom";"Não existe";"Perfeito estado";"Seca";"Perfeito estado";"Não existe";"Não há placas";"60 km/h";"Dupla";"Faixa contínua";"";""
"3361";2020-09-28;"10:13:00";"SEM VÍTIMA";"FINALIZADA";"ENCRUZILHADA";"RUA CASTRO ALVES";"";"";"PROX A PRAÇA DA PICANHA  EM FRENTE A LOJA ENCRUZILHADA VIDROS";"ENCRUZILHADA";NA;"SUBURBIO";"COLISÃO";"COLISÃO SEM VITIMAS";2;0;0;0;0;0;0;0;0;0;0;"";"";"";"";"";"";"";"";"";"";"";"";""
"3362";2020-09-28;"11:05:00";"COM VÍTIMA";"FINALIZADA";"IMBIRIBEIRA";"AV MARECHAL MASCARENHAS DE MORAES";"4745";"";"APOS O AEROPORTO- ANTES DO ATACADOL DOS PRESENTES";"IMBIRIBEIRA";NA;"CIDADE";"COLISÃO COM CICLISTA";"VITIMA JA FOI ENCAMINHADA PARA O HOSPITAL. ÔNIBUS E CICLISTA.";0;0;0;1;0;1;0;0;0;1;0;"Longo da via";"Bom";"Sem defeito";"Perfeito estado";"Seca";"Perfeito estado";"Faixa de pedestre";"Não há placas";"";"Dupla";"Canteiro central";"";""
"3363";2020-09-28;"13:19:00";"COM VÍTIMA";"FINALIZADA";"IPSEP";"RUA HELIO BRANDAO";"135";"RUA ADERBAL DE MELO";"EM FRENTE AO CHAMBARIL DO JOÃO";"IPSEP";NA;"";"ABALROAMENTO TRANSVERSAL";"COLISÃO COM VÍTIMA";1;1;0;0;0;0;0;0;0;1;0;"Cruzamento";"Bom";"Não existe";"Perfeito estado";"Seca";"Perfeito estado";"Outros";"Placas Pare";"";"Única";"Faixa seccionada";"";""
"3364";2020-09-29;"00:28:00";"COM VÍTIMA";"CANCELADA";"AFOGADOS";"RUA DA PAZ";"";"RUA NICOLAU PEREIRA";"CRUZAMENTO C/A RUA NICOLAU PEREIRA";"AFOGADOS";NA;"";"COLISÃO";"COLISÃO 2 AUTOS - C/VÍTIMA";2;0;0;0;0;0;0;0;0;1;0;"";"";"";"";"";"";"";"";"";"";"";"";""