"";"data";"hora";"natureza_acidente";"situacao";"bairro";"endereco";"numero";"detalhe_endereco_acidente";"complemento";"bairro_cruzamento";"num_semaforo";"sentido_via";"tipo";"descricao";"auto";"moto";"ciclom";"ciclista";"pedestre";"onibus";"caminhao";"viatura";"outros";"vitimas";"vitimasfatais";"acidente_verificado";"tempo_clima";"situacao_semaforo";"sinalizacao";"condicao_via";"conservacao_via";"ponto_controle";"situacao_placa";"velocidade_max_via";"mao_direcao";"divisao_via1";"divisao_via2";"divisao_via3"
"3365";2020-09-29;"00:28:00";"SEM VÍTIMA";"FINALIZADA";"BOMBA DO HEMETÉRIO";"RUA JACOB";"";"";"IMÓVEL Nº 31";"BOMBA DO HEMETÉRIO";NA;"CIDADE";"CHOQUE VEÍCULO PARADO";"COLISÃO VIATURA DA POLICIA MILITAR X AUTO PASSEIO - S/VITIMA";2;0;0;0;0;0;0;0;0;0;0;"Longo da via";"Bom";"Não existe";"Não existente";"Seca";"Perfeito estado";"Não existe";"Não há placas";"30 km/h";"Dupla";"Faixa seccionada";"";""
"3366";2020-09-29;"04:14:00";"COM VÍTIMA";"FINALIZADA";"NOVA DESCOBERTA";"RUA NOVA DESCOBERTA";"412";"";"EM FRENTE A IGREJA CONGRECIONAL. IGREJA DO EVANGELHO QUADRANGULAR.";"NOVA DESCOBERTA";NA;"CIDADE";"CHOQUE VEÍCULO PARADO";"COLISÃO QUATRO AUTOS";4;0;0;0;0;0;0;0;0;1;0;"Longo da via";"Bom";"Não existe";"Perfeito estado";"Seca";"Perfeito estado";"Não existe";"Não há placas";"";"Dupla";"Não existe";"";""
"3367";2020-09-29;"09:25:00";"COM VÍTIMA";"FINALIZADA";"LINHA DO TIRO";"RUA URIEL DE HOLANDA";"893";"";"APÓS A CHURRASCARIA CACHOEIRA";"LINHA DO TIRO";NA;"CIDADE";"COLISÃO FRONTAL";"COM UMA VITIMA AGUARDANDO SAMU";1;0;0;0;0;1;0;0;0;1;0;"Longo da via";"Bom";"Não existe";"Perfeito estado";"Seca";"Perfeito estado";"Não existe";"R-6a";"";"Dupla";"Faixa seccionada";"";""
"3368";2020-09-29;"10:37:00";"COM VÍTIMA";"FINALIZADA";"IMBIRIBEIRA";"AV MARECHAL MASCARENHAS DE MORAES";"";"";"EM FRENTE A FERREIRA COSTA";"IMBIRIBEIRA";386;"CIDADE";"ABALROAMENTO LONGITUDINAL";"MOTO E AUTO";1;1;0;0;0;0;0;0;0;1;0;"Longo da via";"Bom";"Sem defeito";"Perfeito estado";"Seca";"Perfeito estado";"Faixa de pedestre";"Não há placas";"60 km/h";"Dupla";"Canteiro central";"";""
"3369";2020-09-29;"14:48:00";"SEM VÍTIMA";"FINALIZADA";"BOA VIAGEM";"RUA RIBEIRO DE BRITO";"4121";"";"LADO OPOSTO AO BAR GRILL";"BOA VIAGEM";NA;"CIDADE";"COLISÃO TRASEIRA";"COLISÃO CARRO X CARRO- A OUTRA PARTE ENVOLVIDA SE EVADIU DO LOCAL DE PLACA XXX";2;0;0;0;0;0;0;0;0;0;0;"Longo da via";"Bom";"Sem defeito";"Perfeito estado";"Seca";"Perfeito estado";"Faixa de pedestre";"";"";"Única";"Faixa contínua";"";""
"3370";2020-09-29;"21:30:00";"COM VÍTIMA";"FINALIZADA";"VÁRZEA";"RUA DIOGO DE VASCONCELOS";"260";"RUA GOVERNADOR LEOPOLDO NEVES";"PROXIMO DA PIZZARIA PAULLYNE- PROXIMO DA PADARIA PÃO DE CRISTO DELLI";"VÁRZEA";NA;"SUBURBIO";"ABALROAMENTO TRANSVERSAL";"COLISÃO ENTRE AUTO E MOTO C/V";1;1;0;0;0;0;0;0;0;1;0;"Longo da via";"Bom";"Não existe";"Perfeito estado";"Seca";"Perfeito estado";"Não existe";"Não há placas";"";"Dupla";"Faixa seccionada";"";""
"3371";2020-09-30;"10:15:00";"COM VÍTIMA";"CANCELADA";"TORRE";"RUA JOSE BONIFACIO";"";"";"EM FRENTE AO ANTIGO BANORTE";"TORRE";NA;"";"COLISÃO";"COLISÃO C/V. USUÁRIO INFORMA QUE VT 20 ESTÁ NO LOCAL.";1;0;1;0;0;0;0;0;0;1;0;"";"";"";"";"";"";"";"";"";"";"";"";""
"3372";2020-09-30;"14:09:00";"COM VÍTIMA";"FINALIZADA";"ROSARINHO";"AV NORTE";"3109";"";"EM FRENTE À PADARIA ROSARINHO";"ROSARINHO";NA;"CIDADE";"COLISÃO TRASEIRA";"COLISÃO ENVOLVENDO 4 AUTOS CHEVROLET CORSA. VW VOYAGE.POLO. VW VIRTUS";4;0;0;0;0;0;0;0;0;1;0;"Longo da via";"Bom";"Sem defeito";"Perfeito estado";"Seca";"Perfeito estado";"Não existe";"Não há placas";"40 km/h";"Dupla";"Canteiro central";"";""
"3373";2020-09-30;"14:44:00";"SEM VÍTIMA";"FINALIZADA";"IPSEP";"RUA HELIO BRANDAO";"135";"RUA ADERBAL DE MELO";"";"IPSEP";NA;"";"ABALROAMENTO TRANSVERSAL";"COLISÃO SEM VÍTIMA/ VEÍCULO OFICIAL";2;0;0;0;0;0;0;0;0;0;0;"Longo da via";"Bom";"Não existe";"Perfeito estado";"Seca";"Perfeito estado";"";"Placas Pare";"";"Única";"Faixa seccionada";"";""
"3374";2020-09-30;"17:59:00";"COM VÍTIMA";"FINALIZADA";"SÃO JOSÉ";"AV DANTAS BARRETO";"1246";"RUA SAO JOAO";"N 946 S/T PRAÇA SERGIO LORETO";"SÃO JOSÉ";NA;"";"ATROPELAMENTO";"ÔNIBUS E PEDESTRE";0;0;0;0;1;1;0;0;0;1;0;"Longo da via";"Bom";"Sem defeito";"Ilegível";"Seca";"Mal iluminada";"Não existe";"Outras";"";"Dupla";"Faixa contínua";"Faixa seccionada";"Canteiro central"
"3375";2020-09-30;"21:32:00";"COM VÍTIMA";"FINALIZADA";"JARDIM SÃO PAULO";"RUA SENADOR ALBERTO PASQUALINI";"";"";"E/F AO RESTAURANTE SUBWAY / PRÓX A JOTA LANCHES";"JARDIM SÃO PAULO";NA;"SUBURBIO";"COLISÃO COM CICLISTA";"MOTO X BICICLETA. C/V";0;1;0;1;0;0;0;0;0;3;0;"Longo da via";"Bom";"Não existe";"Ilegível";"Seca";"Mal iluminada";"Não existe";"Placas Pare";"";"Única";"Faixa seccionada";"";""
"3376";2020-09-30;"22:37:00";"COM VÍTIMA";"FINALIZADA";"MADALENA";"RUA ARLINDO GOUVEIA";"145";"";"PRÓX AO CLUBE INTERNACIONAL. PRAÇA JOSÉ DA MOTA SILVEIRA.";"MADALENA";NA;"SUBURBIO";"ABALROAMENTO TRANSVERSAL";"AUTO X MOTO. C/V";1;1;0;0;0;0;0;0;0;1;0;"Longo da via";"Chuvoso";"Não existe";"Perfeito estado";"Seca";"Perfeito estado";"Não existe";"Não há placas";"";"Dupla";"Faixa contínua";"";""
"3377";2020-10-01;"03:23:00";"SEM VÍTIMA";"FINALIZADA";"JARDIM SÃO PAULO";"RUA LEANDRO BARRETO";"";"";"NA DESCIDA DO VIADUTO - SENTIDO LA ROCK";"JARDIM SÃO PAULO";NA;"";"CHOQUE OBJETO FIXO";"CONDUTOR PERDEU O CONTROLE E CHOCOU O VEICULO CONTRA ESTACAS DE FERRO NUMA CALÇADA E- EM SEGUIDA- ABANDONOU O VEICULO.";1;0;0;0;0;0;0;0;0;0;0;"";"";"";"";"";"";"";"";"";"";"";"";""
"3378";2020-10-01;"09:38:00";"SEM VÍTIMA";"FINALIZADA";"BAIRRO DO RECIFE";"RUA JENER DE SOUZA";"";"PRC DO DERBY";"SOB O SEMÁFORO Nº 418";"BAIRRO DO RECIFE";418;"CIDADE";"ABALROAMENTO LONGITUDINAL";"SEM VITIMA /VEÍCULO OFICIAL CTTU NO LOCAL /GM EVANDRO RAMOS/COIMBRA PONTO FIXO";2;0;0;0;0;0;0;0;0;0;0;"Cruzamento";"Bom";"Sem defeito";"";"Seca";"Perfeito estado";"";"R-25b";"40 km/h";"Dupla";"Faixa contínua";"";""
"3379";2020-10-01;"12:44:00";"COM VÍTIMA";"FINALIZADA";"ARRUDA";"AV PROFESSOR JOSE DOS ANJOS";"972";"";"PROX AO CRUZAMENTO DA EST VELHA DE ÁGUA FRIA";"ARRUDA";NA;"SUBURBIO";"COLISÃO COM CICLISTA";"COLISAO ENTRE MOTO E CICLISTA";0;1;0;1;0;0;0;0;0;1;0;"Longo da via";"Bom";"Não existe";"Perfeito estado";"Seca";"Perfeito estado";"Não existe";"Não há placas";"60 km/h";"Única";"Faixa seccionada";"";""
"3380";2020-10-01;"13:45:00";"COM VÍTIMA";"FINALIZADA";"AFOGADOS";"EST DOS REMEDIOS";"1462";"RUA BUGRE";"EM FRENTE A TUPAN";"AFOGADOS";NA;"";"COLISÃO";"COLISÃO MOTO X CARRO";1;1;0;0;0;0;0;0;0;1;0;"";"";"";"";"";"";"";"";"";"";"";"";""
"3381";2020-10-01;"18:21:00";"COM VÍTIMA";"FINALIZADA";"MACAXEIRA";"AV NORTE";"";"RUA TIJUCAL";"EM FRENTE A ESCOLA ESTADUAL MARIA AMÁLIA";"MACAXEIRA";451;"SUBURBIO";"COLISÃO COM CICLISTA";"COLISÃO ENTRE ÔNIBUS E CICLISTA- C/V";0;0;0;1;0;1;0;0;0;1;0;"Longo da via";"Bom";"Sem defeito";"Incompleta";"Seca";"Mal iluminada";"Faixa de pedestre";"Outras";"60 km/h";"Dupla";"";"";""
"3382";2020-10-01;"19:32:00";"COM VÍTIMA";"FINALIZADA";"BONGI";"EST DO BONGI";"190";"RUA COSME VIANA";"AO LADO DO VAREJÃO DO POVO E WM GNV.";"BONGI";100;"SUBURBIO";"ABALROAMENTO LONGITUDINAL";"COLISÃO ENTRE AUTO E MOTO C/V";1;1;0;0;0;0;0;0;0;1;0;"Longo da via";"Bom";"Sem defeito";"Perfeito estado";"Seca";"Perfeito estado";"Faixa de pedestre";"Placas Dê a preferência";"40 km/h";"Dupla";"Faixa contínua";"";""
"3383";2020-10-01;"19:49:00";"COM VÍTIMA";"CANCELADA";"CAMPO GRANDE";"AV CORREIA DE BRITO";"1206";"";"EM FRENTE AO POSTO DE COMBUSTIVEL DESLUB";"CAMPO GRANDE";NA;"";"ATROPELAMENTO";"AUTO ATROPELOU CARROCEIRO- E LOGO APOS CHOCOU-SE EM UM AUTO QUE ESTAVA ESTACIONADO";2;0;0;0;1;0;0;0;0;1;0;"";"";"";"";"";"";"";"";"";"";"";"";""
"3384";2020-10-01;"21:49:00";"SEM VÍTIMA";"FINALIZADA";"PARNAMIRIM";"RUA SEBASTIAO MALTA ARCOVERDE";"223";"";"EM FRENTE AO Nº 223";"PARNAMIRIM";NA;"SUBURBIO";"ABALROAMENTO LONGITUDINAL";"COLISÃO ENTRE DUAS MOTOS- S/V (UMA DAS MOTOS É UM VEÍCULO OFICIAL DA POLÍCIA MILITAR)";0;2;0;0;0;0;0;0;0;0;0;"Longo da via";"Bom";"Sem defeito";"Perfeito estado";"Seca";"Mal iluminada";"Faixa de pedestre";"Não há placas";"";"Única";"Não existe";"";""
"3385";2020-10-02;"10:36:00";"COM VÍTIMA";"FINALIZADA";"SANTO AMARO";"RUA PEDRO AFONSO";"318";"RUA TREZE DE MAIO";"DE ESQUINA COM O SESC  DE SANTO AMARO";"SANTO AMARO";427;"CIDADE";"ABALROAMENTO TRANSVERSAL";"COLISÃO COM VITIMA A ESPERA DO SAMU";1;1;0;0;0;0;0;0;0;1;0;"Longo da via";"Bom";"Sem defeito";"Perfeito estado";"Seca";"Perfeito estado";"Não existe";"Outras";"40 km/h";"Dupla";"Faixa contínua";"";""
"3386";2020-10-02;"11:18:00";"SEM VÍTIMA";"FINALIZADA";"BOA VIAGEM";"AV ENGENHEIRO DOMINGOS FERREIRA";"";"";"LADO OPOSTO AO 3638";"BOA VIAGEM";NA;"";"ABALROAMENTO LONGITUDINAL";"FLUIDEZ AO TRÂNSITO DEVIDO A UMA COLISÃO SEM VÍTIMA";2;0;0;0;0;0;0;0;0;0;0;"";"";"";"";"";"";"";"";"";"";"";"";""
"3387";2020-10-02;"14:34:00";"COM VÍTIMA";"FINALIZADA";"ILHA DO RETIRO";"RUA JOAO IVO DA SILVA";"";"";"E/F A AUTO LINE HONDA . AO LADO DA RENAULT.";"ILHA DO RETIRO";NA;"SUBURBIO";"COLISÃO TRASEIRA";"COLISAO ENTRE AUTO E UMA TRAÇAO ANIMAL. SEGUNDO O BOLETIM FÍSICO- HOUVE A COLISÃO DO AUTO COM UM CARRO DE MÃO QUE POR SUA VEZ DERRUBOU A VÍTIMA.";1;0;0;0;0;0;0;0;1;1;0;"Longo da via";"Bom";"Não existe";"Incompleta";"Seca";"Perfeito estado";"Não existe";"R-6a";"";"Única";"Faixa seccionada";"";""
"3388";2020-10-02;"16:24:00";"COM VÍTIMA";"FINALIZADA";"AREIAS";"AV RECIFE";"758";"";"EM FRENTE A BRASIL VEÍCULOS/ SENTIDO CABO";"AREIAS";NA;"SUBURBIO";"COLISÃO";"COLISÃO COM VÍTIMA";0;1;0;0;0;0;1;0;0;1;0;"Longo da via";"Bom";"Não existe";"Perfeito estado";"Seca";"Perfeito estado";"Não existe";"Não há placas";"60 km/h";"Dupla";"Canteiro central";"";""
"3389";2020-10-02;"20:28:00";"COM VÍTIMA";"FINALIZADA";"BOA VIAGEM";"AV CONSELHEIRO AGUIAR";"";"RUA SOUTO FILHO";"PRÓX A ESCOLA ESTADUAL LANDELINO ROCHA";"BOA VIAGEM";133;"CIDADE";"ABALROAMENTO LONGITUDINAL";"AUTO X MOTO. C/V";1;1;0;0;0;0;0;0;0;1;0;"Cruzamento";"Bom";"Sem defeito";"Perfeito estado";"Seca";"Mal iluminada";"Faixa de pedestre";"R-6a";"60 km/h";"Única";"Faixa seccionada";"";""
"3390";2020-10-02;"21:06:00";"COM VÍTIMA";"FINALIZADA";"BARRO";"AV DR JOSE RUFINO";"2838";"";"PROX AO COLEGIO ALBERTO TORRES POR CIMA DO VIADUTO DO BARRO SENTIDO RECIFE. ALÇA QUE LIGA A BR-101.";"BARRO";NA;"";"ABALROAMENTO TRANSVERSAL";"ONIBUS MILBUS X MOTO";0;1;0;0;0;1;0;0;0;1;0;"Cruzamento";"Bom";"Não existe";"Ilegível";"Seca";"Mal iluminada";"Não existe";"Não há placas";"";"Dupla";"Faixa seccionada";"";""
"3391";2020-10-02;"22:25:00";"COM VÍTIMA";"FINALIZADA";"MUSTARDINHA";"RUA VINTE E UM DE ABRIL";"1295";"";"PROX A FARMACIA COELHO E ROCK PIZZA. ESPETINHO E CALDINHO DOS AMIGOS.";"MUSTARDINHA";NA;"SUBURBIO";"ATROPELAMENTO";"PEDESTRE X CAMINHAO";0;0;0;0;1;0;1;0;0;1;0;"Longo da via";"Bom";"Sem defeito";"Perfeito estado";"Seca";"Perfeito estado";"";"Não há placas";"30 km/h";"Dupla";"Não existe";"";""
"3392";2020-10-03;"07:04:00";"SEM VÍTIMA";"FINALIZADA";"MACAXEIRA";"AV NORTE";"";"";"E/F AO PONTO DE TAXI TI MACAXEIRA";"MACAXEIRA";NA;"";"COLISÃO";"COLISÃO S/VITIMA ENTRE UMA VIATURA CORPO DE BOMBEIROS E UM BRT";0;0;0;0;0;1;0;1;0;0;0;"";"";"";"";"";"";"";"";"";"";"";"";""
"3393";2020-10-03;"08:11:00";"COM VÍTIMA";"FINALIZADA";"AFOGADOS";"AV SUL";"";"PTE DE AFOGADOS";"NO INICIO DA FAIXA EXCLUSIVA DE ONIBUS";"AFOGADOS";320;"CIDADE";"COLISÃO COM CICLISTA";"AGUARDANDO SOCORRO DOS BOMBEIROS. AUTO E CICLISTA.";1;0;0;1;0;0;0;0;0;1;0;"Ponte";"Bom";"Sem defeito";"Perfeito estado";"Seca";"Perfeito estado";"Não existe";"Outras";"";"Dupla";"Canteiro central";"";""
"3394";2020-10-03;"10:17:00";"COM VÍTIMA";"FINALIZADA";"SANTO AMARO";"AV GOVERNADOR AGAMENON MAGALHAES";"";"";"PRÓXIMO AO VIADUTO DA JOÃO DE BARROS.";"SANTO AMARO";684;"SUBURBIO";"COLISÃO TRASEIRA";"COLISÃO C/VITIMA ENTRE UM AUTO E UMA MOTO";1;1;0;0;0;0;0;0;0;1;0;"Longo da via";"Bom";"Sem defeito";"Perfeito estado";"Seca";"Perfeito estado";"Faixa de pedestre";"Não há placas";"60 km/h";"Única";"Faixa contínua";"";""
"3395";2020-10-03;"14:16:00";"COM VÍTIMA";"FINALIZADA";"CORDEIRO";"AV GENERAL SAN MARTIN";"625";"RUA GOMES TABORDA";"PROX AO POSTO DE GASOLINA MULTI POSTO";"CORDEIRO";67;"CIDADE";"ABALROAMENTO TRANSVERSAL";"COLISÃO MOTO X MOTO- UM CONDUTOR SOCORRIDO PELO SAMU";0;2;0;0;0;0;0;0;0;1;0;"Longo da via";"Bom";"Sem defeito";"Perfeito estado";"Seca";"Perfeito estado";"Faixa de pedestre";"R-6a";"";"Dupla";"Faixa contínua";"";""
"3396";2020-10-03;"16:45:00";"COM VÍTIMA";"FINALIZADA";"CAJUEIRO";"RUA COUTO SOARES";"454";"RUA NOVA JALES";"PROX AO TERMINAL DE ONIBUS CAJUEIRO NA SUBIDA DA LADEIRA";"CAJUEIRO";NA;"SUBURBIO";"COLISÃO FRONTAL";"MOTO X CARRO";1;1;0;0;0;0;0;0;0;1;0;"Cruzamento";"Bom";"Não existe";"Não existente";"Seca";"Perfeito estado";"Não existe";"Não há placas";"";"Dupla";"Não existe";"";""
"3397";2020-10-03;"19:52:00";"SEM VÍTIMA";"CANCELADA";"COHAB";"AV CAMPO VERDE";"48";"";"PROXIMO DA ASSEMBLEIA DE DEUS- PROXIMO DA KITANDA SANTO ANTÔNIO";"COHAB";NA;"";"CHOQUE";"AUTO CHOCOU-SE CONTRA O MURO DE UMA RESIDÊNCIA DERRUBANDO O MESMO ( MOTORISTA APRESENTA SINTOMAS DE EMBRIAGREZ)";1;0;0;0;0;0;0;0;0;0;0;"";"";"";"";"";"";"";"";"";"";"";"";""
"3398";2020-10-04;"07:16:00";"COM VÍTIMA";"FINALIZADA";"SÃO JOSÉ";"VDO DAS CINCO PONTAS";"";"";"SOBRE O VIADUTO. AO LADO DO FORTE.";"SÃO JOSÉ";NA;"SUBURBIO";"CHOQUE OBJETO FIXO";"MOTOCICLETA COLIDIU NA MURETA E CAIU NA VIA.";0;1;0;0;0;0;0;0;0;1;0;"Viaduto";"Bom";"Não existe";"Não existente";"Seca";"Mal conservada";"Não existe";"Não há placas";"";"Única";"Não existe";"";""
"3399";2020-10-04;"13:50:00";"COM VÍTIMA";"FINALIZADA";"CAMPO GRANDE";"RUA ODORICO MENDES";"434";"";"EM FRENTE AO SUPERMERCADO STYLLUS";"CAMPO GRANDE";NA;"SUBURBIO";"COLISÃO FRONTAL";"COM VÍTIMA";1;1;0;0;0;0;0;0;0;1;0;"Longo da via";"Bom";"Não existe";"Perfeito estado";"Seca";"Perfeito estado";"Não existe";"";"";"Dupla";"Faixa seccionada";"";""
"3400";2020-10-04;"14:31:00";"COM VÍTIMA";"FINALIZADA";"JARDIM SÃO PAULO";"AV RECIFE";"5635";"RUA SENADOR ALBERTO PASQUALINI";"EM FRENTE A ESQUINA DO GALETO/ SENTIDO CENTRO";"JARDIM SÃO PAULO";259;"AEROPORTO";"COLISÃO COM CICLISTA";"COLISÃO COM VÍTIMA";1;0;0;1;0;0;0;0;0;1;0;"Cruzamento";"Bom";"Sem defeito";"Perfeito estado";"Seca";"Perfeito estado";"Faixa de pedestre";"R-6a";"";"Dupla";"Canteiro central";"";""
"3401";2020-10-04;"17:13:00";"SEM VÍTIMA";"FINALIZADA";"MACAXEIRA";"AV VEREADOR OTACILIO AZEVEDO";"4674";"";"PROX A DELEGACIA DA MACAXEIRA";"MACAXEIRA";NA;"";"COLISÃO";"COLISAO ENTRE AUTOS UM DOS CONDUTORES ESTA COM SITOMAS DE EMBRIAGUEZ";3;0;0;0;0;0;0;0;0;0;0;"";"";"";"";"";"";"";"";"";"";"";"";""
"3402";2020-10-04;"21:17:00";"COM VÍTIMA";"FINALIZADA";"BOA VIAGEM";"RUA PARIS";"630B";"";"PRÓX A FACULDADE BV";"BOA VIAGEM";NA;"CIDADE";"ABALROAMENTO LONGITUDINAL";"MOTO X AUTO. C/V";1;1;0;0;0;0;0;0;0;1;0;"Longo da via";"Bom";"Sem defeito";"Ilegível";"Seca";"Mal iluminada";"Não existe";"Não há placas";"";"Dupla";"Faixa contínua";"";""
"3403";2020-10-05;"08:13:00";"COM VÍTIMA";"FINALIZADA";"ARRUDA";"AV PROFESSOR JOSE DOS ANJOS";"";"";"EM BAIXO DA ESTRUTURA DO ESTADIO DO ARRUDA / PROX DO BOMPREÇO DA AV BEBERIBE";"ARRUDA";NA;"SUBURBIO";"COLISÃO COM CICLISTA";"COLISAO AUTO E BICICLETA";1;0;0;1;0;0;0;0;0;1;0;"Longo da via";"Chuvoso";"Não existe";"Perfeito estado";"Seca";"Perfeito estado";"Não existe";"R-6a";"";"Única";"Faixa seccionada";"";""
"3404";2020-10-05;"08:27:00";"COM VÍTIMA";"FINALIZADA";"ARRUDA";"RUA RAMIZ GALVAO";"133";"RUA RAUL POMPEIA";"RUA DA FEIRA DO ARRUDA. EM FRENTE AO RESTAURANTE MISTUREBA.";"ARRUDA";NA;"CIDADE";"ABALROAMENTO LONGITUDINAL";"COM DUAS VITIMAS AGUARDANDO SAMU";1;1;0;0;0;0;0;0;0;2;0;"Cruzamento";"Bom";"Não existe";"Perfeito estado";"Seca";"Perfeito estado";"Faixa de pedestre";"Placas Pare";"30 km/h";"";"Faixa seccionada";"";""
"3405";2020-10-05;"11:27:00";"COM VÍTIMA";"FINALIZADA";"IBURA";"RUA DOZE DE JUNHO";"";"";"EM FRENTE AO RESIDENCIAL CAIQUE.";"IBURA";NA;"";"ABALROAMENTO LONGITUDINAL";"COLISÃO C/VITIMA ENTRE UM ONIBUS E UMA MOTO";0;1;0;0;0;1;0;0;0;1;0;"Longo da via";"Bom";"Não existe";"Perfeito estado";"Seca";"Perfeito estado";"Não existe";"Não há placas";"";"Dupla";"Faixa seccionada";"";""
"3406";2020-10-05;"17:44:00";"COM VÍTIMA";"FINALIZADA";"MADALENA";"RUA LOPES DE CARVALHO";"401";"AV VISCONDE DE ALBUQUERQUE";"E/F A MADALENA CENTER";"MADALENA";NA;"";"ABALROAMENTO LONGITUDINAL";"COLISAO ENTRE MOTO E AUTO COM VITIMA";1;1;0;0;0;0;0;0;0;1;0;"Cruzamento";"Bom";"Não existe";"Perfeito estado";"Seca";"Perfeito estado";"";"Placas Pare";"";"Única";"Não existe";"";""
"3407";2020-10-05;"20:14:00";"COM VÍTIMA";"FINALIZADA";"JARDIM SÃO PAULO";"RUA LEANDRO BARRETO";"239";"";"PROXIMO DO GALETOS E CIA- PROXIMO DE NATTOS DOCES E SALGADOS- PROXIMO DA IGREJA DE JESUS CRISTO";"JARDIM SÃO PAULO";NA;"CIDADE";"COLISÃO COM CICLISTA";"COLISÃO ENTRE ÔNIBUS E BICICLETA C/V";0;0;0;1;0;1;0;0;0;1;0;"Longo da via";"Bom";"Não existe";"Perfeito estado";"Seca";"Perfeito estado";"Não existe";"Não há placas";"40 km/h";"Dupla";"Faixa seccionada";"";""
"3408";2020-10-05;"22:39:00";"COM VÍTIMA";"CANCELADA";"VASCO DA GAMA";"AV NORTE";"";"LGO DOM LUIZ";"EM FRENTE AO NORTE PET";"VASCO DA GAMA";95;"";"COLISÃO";"COLISÃO ENTRE DUAS MOTOS C/V";0;2;0;0;0;0;0;0;0;3;0;"";"";"";"";"";"";"";"";"";"";"";"";""
"3409";2020-10-06;"07:39:00";"SEM VÍTIMA";"CANCELADA";"JORDÃO";"RUA PROFESSORA ARCELINA CAMARA";"";"";"NA SUBIDA DO ALTO  DA JAQUEIRA AO LADO DA ACADEMIA TOP FIT";"JORDÃO";NA;"";"CHOQUE";"MOTORISTA CHOCOU SE CONTRA OUTRO VEICULO EM SEGUIDA SE EVADIU DO LOCAL";0;0;0;0;0;0;0;0;0;0;0;"";"";"";"";"";"";"";"";"";"";"";"";""
"3410";2020-10-06;"07:48:00";"COM VÍTIMA";"CANCELADA";"BARRO";"AV DR JOSE RUFINO";"2337";"";"AO LADO DA IGREJA DO BARRO / CATOLICA";"BARRO";NA;"";"COLISÃO";"COLISÃO COM VITIMA/ AGUARDANDO O SAMU NO LOCAL";1;1;0;0;0;0;0;0;0;1;0;"";"";"";"";"";"";"";"";"";"";"";"";""
"3411";2020-10-06;"09:04:00";"COM VÍTIMA";"FINALIZADA";"IBURA";"AV DOM HELDER CAMARA";"351";"";"IBURA DE BAIXO. CAPOTARIA VICTOR.";"IBURA";NA;"CIDADE";"ABALROAMENTO LONGITUDINAL";"COLISÃO COM VITIMA GM PETERSON QTH";1;1;0;0;0;0;0;0;0;1;0;"Longo da via";"Bom";"Não existe";"Perfeito estado";"Seca";"Perfeito estado";"Não existe";"Outras";"40 km/h";"Dupla";"Canteiro central";"";""
"3412";2020-10-06;"09:45:00";"COM VÍTIMA";"FINALIZADA";"IPSEP";"RUA PROFESSOR JOSE VICENTE";"626";"RUA SAO NICOLAU";"PRÓXIMO A LOJA DE VEÍCULOS V8 MULT IMARCAS";"IPSEP";NA;"SUBURBIO";"ABALROAMENTO LONGITUDINAL";"COLISÃO COM VITIMAS SOCORRIDAS  PELO S BOMBEIROS";0;1;0;0;0;0;1;0;0;2;0;"Longo da via";"Bom";"Não existe";"Perfeito estado";"Seca";"Perfeito estado";"Outros";"Outras";"";"Única";"Faixa seccionada";"";""
"3413";2020-10-06;"12:04:00";"COM VÍTIMA";"FINALIZADA";"ÁGUA FRIA";"AV BEBERIBE";"2047";"";"E/F A FARMACIA PAGUE MENOS LADO OPOSTO AO MERCADO DE AGUA FRIA";"ÁGUA FRIA";NA;"CIDADE";"ATROPELAMENTO";"ATROPELAMENTO DE AUTO E PEDESTRE VT 31 NO LOCAL";1;0;0;0;1;0;0;0;0;1;0;"Longo da via";"Bom";"Não existe";"Perfeito estado";"Seca";"Perfeito estado";"";"Outras";"";"Dupla";"Faixa contínua";"";""
"3414";2020-10-06;"12:07:00";"COM VÍTIMA";"FINALIZADA";"IMBIRIBEIRA";"AV GENERAL MAC ARTHUR";"1846";"";"AO LADO DA ESTAÇAO DO METRO E/F A IGREJA ASSEMBLEIA DE DEUS";"IMBIRIBEIRA";NA;"OESTE";"ABALROAMENTO LONGITUDINAL";"COLISAO ENTRE AUTO E MOTO COM UMA VITIMA";1;1;0;0;0;0;0;0;0;1;0;"Cruzamento";"Bom";"Não existe";"Perfeito estado";"Seca";"Perfeito estado";"Não existe";"Não há placas";"60 km/h";"Única";"Faixa seccionada";"";""
"3415";2020-10-06;"14:34:00";"COM VÍTIMA";"FINALIZADA";"MADALENA";"AV VISCONDE DE ALBUQUERQUE";"862";"RUA JANUARIO BARBOSA";"EM FRENTE A PRAÇA DE EÇA DE QUEIROZ";"MADALENA";NA;"SUBURBIO";"ABALROAMENTO TRANSVERSAL";"COLISÃO COM VÍTIMA";1;0;0;0;0;1;0;0;0;2;0;"Cruzamento";"Bom";"Não existe";"Perfeito estado";"Seca";"Perfeito estado";"Não existe";"Placas Pare";"";"Única";"Faixa seccionada";"";""
"3416";2020-10-06;"16:06:00";"SEM VÍTIMA";"FINALIZADA";"";"AV CENTRAL";"";"RUA LOURENCO DE SA";"EM FRENTE AO COMPAZ DO COQUE";"";NA;"SUBURBIO";"CHOQUE VEÍCULO PARADO";"COLISÃO COM VT DA GCM";1;0;0;0;0;0;0;0;0;0;0;"Longo da via";"Bom";"Não existe";"Não existente";"Seca";"Mal conservada";"Não existe";"Não há placas";"30 km/h";"Dupla";"Não existe";"";""
"3417";2020-10-06;"18:26:00";"COM VÍTIMA";"CANCELADA";"JORDÃO";"AV DONA CARENTINA";"679";"";"ENF. A CARENTINA BIKE";"JORDÃO";NA;"";"COLISÃO";"DUAS MOTOS    OBS:VITIMA AGUARDANDO SAMU";0;2;0;0;0;0;0;0;0;1;0;"";"";"";"";"";"";"";"";"";"";"";"";""