"";"data";"hora";"natureza_acidente";"situacao";"bairro";"endereco";"numero";"detalhe_endereco_acidente";"complemento";"bairro_cruzamento";"num_semaforo";"sentido_via";"tipo";"descricao";"auto";"moto";"ciclom";"ciclista";"pedestre";"onibus";"caminhao";"viatura";"outros";"vitimas";"vitimasfatais";"acidente_verificado";"tempo_clima";"situacao_semaforo";"sinalizacao";"condicao_via";"conservacao_via";"ponto_controle";"situacao_placa";"velocidade_max_via";"mao_direcao";"divisao_via1";"divisao_via2";"divisao_via3"
"3472";2020-10-15;"07:03:00";"COM VÍTIMA";"FINALIZADA";"IPUTINGA";"AV CAXANGA";"4068";"";"AO LADO DA SUPLANOR";"IPUTINGA";NA;"SUBURBIO";"ACID. DE PERCURSO";"COM UMA VITIMA SAMU NO LOCAL";0;1;0;0;0;0;0;0;0;1;0;"";"";"";"";"";"";"";"";"";"";"";"";""
"3473";2020-10-15;"07:32:00";"COM VÍTIMA";"FINALIZADA";"DERBY";"RUA JOAQUIM NABUCO";"92";"";"EM FRENTE A O HOSPITAL DA RESTAURAÇÃO-NA RAMPA DE ACESSO DO HOSPITAL";"DERBY";NA;"SUBURBIO";"COLISÃO TRASEIRA";"COM UMA VITIMA -SOCORRIDA NO HOSPITAL-GM JOSICARLA E EVANDRO RAMOS PONTO FIXO";1;1;0;0;0;0;0;0;0;1;0;"Longo da via";"Chuvoso";"Sem defeito";"Perfeito estado";"Molhada";"Perfeito estado";"Faixa de pedestre";"R-6a";"";"Única";"Faixa seccionada";"";""
"3474";2020-10-15;"10:34:00";"COM VÍTIMA";"FINALIZADA";"IMBIRIBEIRA";"AV MARECHAL MASCARENHAS DE MORAES";"4900";"";"EM FRENTE A LOCALIZA";"IMBIRIBEIRA";531;"SUBURBIO";"COLISÃO TRASEIRA";"DUAS MOTOS COM VÍTIMAS";0;2;0;0;0;0;0;0;0;2;0;"Longo da via";"Bom";"Sem defeito";"Perfeito estado";"Seca";"Perfeito estado";"Faixa de pedestre";"";"60 km/h";"Dupla";"Canteiro central";"";""
"3475";2020-10-15;"12:26:00";"COM VÍTIMA";"FINALIZADA";"VÁRZEA";"AV CAXANGA";"";"";"NO CRUZAMENTO DO HOSPITAL SANTA TEREZINHA E DO BOI E BRASA";"VÁRZEA";230;"CIDADE";"ABALROAMENTO LONGITUDINAL";"CORRO X MOTO / AGENTE ANTEOGENES  NO LOCAL";1;1;0;0;0;0;0;0;0;2;0;"Longo da via";"Bom";"Sem defeito";"Perfeito estado";"Seca";"Perfeito estado";"Outros";"Não há placas";"";"Única";"Não existe";"";""
"3476";2020-10-15;"13:01:00";"COM VÍTIMA";"FINALIZADA";"BOA VIAGEM";"RUA RIO AZUL";"";"RUA BARAO DE SOUZA LEAO";"E/F AO SUPERMERCADO TREVO";"BOA VIAGEM";476;"";"ATROPELAMENTO";"AUTO E PEDESTRE";1;0;0;0;1;0;0;0;0;1;0;"Longo da via";"Bom";"Sem defeito";"Incompleta";"Seca";"Perfeito estado";"Outros";"Não há placas";"";"Única";"Faixa seccionada";"";""
"3477";2020-10-15;"13:58:00";"COM VÍTIMA";"FINALIZADA";"BOA VISTA";"RUA DO HOSPICIO";"208";"AV CONDE DA BOA VISTA";"EM FRENTE AO MINI-EXTRA";"BOA VISTA";23;"";"ATROPELAMENTO";"MOTO ATROPELOU PEDESTRE";0;1;0;0;1;0;0;0;0;1;0;"Cruzamento";"Bom";"Sem defeito";"Perfeito estado";"Seca";"Perfeito estado";"Faixa de pedestre";"Outras";"";"Única";"Não existe";"";""
"3478";2020-10-15;"15:15:00";"COM VÍTIMA";"FINALIZADA";"IMBIRIBEIRA";"AV MARECHAL MASCARENHAS DE MORAES";"";"";"PRAÇA MINISTRO SALGADO FILHO. AEROPORTO INTERNACIONAL DO RECIFE.";"IMBIRIBEIRA";NA;"SUBURBIO";"CHOQUE OBJETO FIXO";"PRISMA- SOLICITADO PÓ DE SERRA E ALAVANCA PARA ALINHAR OS PRISMAS. VEÍCULO PERDEU O CONTROLE- CHOCANDO-SE COM OS PRISMAS DE CONCRETO.";1;0;0;0;0;0;0;0;0;1;0;"Longo da via";"Bom";"Sem defeito";"Perfeito estado";"Seca";"Perfeito estado";"Não existe";"Não há placas";"60 km/h";"Única";"Faixa seccionada";"";""
"3479";2020-10-15;"16:15:00";"COM VÍTIMA";"FINALIZADA";"ÁGUA FRIA";"RUA CORREGO DO DEODATO";"375";"";"PROX A ASSEMBLEIA DE DEUS";"ÁGUA FRIA";NA;"SUBURBIO";"ABALROAMENTO LONGITUDINAL";"COLISÃO MOTO X CARRO";1;1;0;0;0;0;0;0;0;1;0;"Longo da via";"Bom";"Não existe";"Não existente";"Seca";"Mal conservada";"Não existe";"Não há placas";"";"Dupla";"Não existe";"";""
"3480";2020-10-15;"18:25:00";"COM VÍTIMA";"FINALIZADA";"SANTO ANTÔNIO";"RUA IMPERADOR PEDRO SEGUNDO";"";"PRC DEZESSETE";"EM FRENTE AO FORÚM THOMAZ DE AQUINO";"SANTO ANTÔNIO";NA;"";"ATROPELAMENTO";"AUTO E PEDESTRE C/V";1;0;0;0;1;0;0;0;0;1;0;"Esquina";"Bom";"Não existe";"Perfeito estado";"Seca";"Perfeito estado";"Não existe";"Não há placas";"";"Única";"Faixa contínua";"";""
"3481";2020-10-15;"18:28:00";"COM VÍTIMA";"FINALIZADA";"IPSEP";"AV RECIFE";"2273B";"";"EM FRENTE A PIZZARIA ATLÂNTICO";"IPSEP";NA;"SUBURBIO";"ABALROAMENTO LONGITUDINAL";"COLISÃO ENTRE AUTO E MOTO C/V";1;1;0;0;0;0;0;0;0;2;0;"Longo da via";"Bom";"Sem defeito";"Perfeito estado";"Seca";"Perfeito estado";"Não existe";"R-6a";"";"Dupla";"Canteiro central";"";""
"3482";2020-10-15;"18:58:00";"COM VÍTIMA";"FINALIZADA";"BEBERIBE";"AV BEBERIBE";"4355";"";"AO LADO DA ACADEMINA H5 / PRÓX A LOJA TECNONET";"BEBERIBE";NA;"SUBURBIO";"COLISÃO TRASEIRA";"COLISÃO ENTRE AUTO E MOTO C/V";1;1;0;0;0;0;0;0;0;1;0;"Longo da via";"Bom";"Não existe";"Perfeito estado";"Seca";"Perfeito estado";"Não existe";"Não há placas";"30 km/h";"Dupla";"Faixa contínua";"";""
"3483";2020-10-15;"19:39:00";"SEM VÍTIMA";"FINALIZADA";"BOA VIAGEM";"RUA VISCONDE DE JEQUITINHONHA";"2616";"";"EM FRENTE AO EDIFÍCIO MAR AZUL";"BOA VIAGEM";NA;"SUBURBIO";"COLISÃO TRASEIRA";"COLISÃO ENTRE AUTO E VIATURA DA POLÍCIA MILITAR- S/V";2;0;0;0;0;0;0;0;0;0;0;"Longo da via";"Bom";"Não existe";"Perfeito estado";"Seca";"Perfeito estado";"Faixa de pedestre";"Não há placas";"60 km/h";"Única";"Faixa seccionada";"";""
"3484";2020-10-15;"20:06:00";"COM VÍTIMA";"FINALIZADA";"ARRUDA";"AV BEBERIBE";"1478";"";"LADO OPOSTO AO CANAL DA CONSTRUÇÃO- PROXIMO DA DOCE SABOR DA N.C";"ARRUDA";NA;"SUBURBIO";"COLISÃO TRASEIRA";"COLISÃO ENTRE DOIS AUTOS E UMA MOTO C/V";2;1;0;0;0;0;0;0;0;2;0;"Longo da via";"Bom";"Não existe";"Perfeito estado";"Seca";"Perfeito estado";"";"Não há placas";"";"Dupla";"";"";""
"3485";2020-10-16;"01:09:00";"COM VÍTIMA";"FINALIZADA";"CAXANGÁ";"AV CAXANGA";"";"RUA RODRIGUES FERREIRA";"EM FRENTE A UPA";"CAXANGÁ";232;"SUBURBIO";"ABALROAMENTO LONGITUDINAL";"ACIDENTE ENTRE MOTO E AUTO";1;1;0;0;0;0;0;0;0;1;0;"Cruzamento";"Bom";"Sem defeito";"Perfeito estado";"Seca";"Perfeito estado";"Faixa de pedestre";"Outras";"";"Dupla";"Canteiro central";"";""
"3486";2020-10-16;"07:31:00";"VÍTIMA FATAL";"FINALIZADA";"PRADO";"RUA CARLOS GOMES";"";"RUA HERCULES FLORENCE";"EM FRENTE AO HOSPITAL NOSSA SENHORA DO Ó";"PRADO";NA;"SUBURBIO";"ABALROAMENTO TRANSVERSAL";"COLISÃO COM 1 VITIMA FATAL E OUTRA SOCORRIDA PELA SAMU";1;1;0;0;0;0;0;0;0;1;1;"Cruzamento";"Bom";"Não existe";"Incompleta";"Seca";"Perfeito estado";"Não existe";"Outras";"40 km/h";"Única";"Faixa seccionada";"Canteiro central";""
"3487";2020-10-16;"11:39:00";"COM VÍTIMA";"FINALIZADA";"CASA AMARELA";"AV NORTE";"4681";"RUA RODRIGUES SETE";"AO LADO DA TOTAL CAR";"CASA AMARELA";NA;"CIDADE";"ABALROAMENTO LONGITUDINAL";"COLISÃO COM VITIMA";0;2;0;0;0;0;0;0;0;1;0;"Esquina";"Bom";"Não existe";"Perfeito estado";"Seca";"Perfeito estado";"";"Outras";"";"Dupla";"Canteiro central";"";""
"3488";2020-10-16;"11:54:00";"COM VÍTIMA";"FINALIZADA";"CASA FORTE";"AV DEZESSETE DE AGOSTO";"939";"";"LADO OPOSTO A PZZARIA HURT";"CASA FORTE";NA;"SUBURBIO";"COLISÃO TRASEIRA";"COLISÃO COM VITIMA";1;1;0;0;0;0;0;0;0;1;0;"Longo da via";"Bom";"Não existe";"Perfeito estado";"Seca";"Perfeito estado";"Não existe";"Outras";"";"Dupla";"Faixa contínua";"";""
"3489";2020-10-16;"12:24:00";"COM VÍTIMA";"FINALIZADA";"VÁRZEA";"AV CAXANGA";"";"RUA GASTAO VIDIGAL";"LADO OPOSTO DA UPA/ SENTIDO CIDADE";"VÁRZEA";NA;"CIDADE";"ABALROAMENTO TRANSVERSAL";"COLISÃO COM VÍTIMA";1;1;0;0;0;0;0;0;0;1;0;"Cruzamento";"Bom";"Sem defeito";"Incompleta";"Seca";"Perfeito estado";"Agente";"Não há placas";"60 km/h";"Única";"Faixa contínua";"Canteiro central";""
"3490";2020-10-16;"13:00:00";"COM VÍTIMA";"FINALIZADA";"PINA";"RUA JEMIL ASFORA";"23";"";"POR TRÁS DO SHOPPING RIOMAR";"PINA";NA;"";"ABALROAMENTO LONGITUDINAL";"COLISAO ENTRE CAMINHAO E MOTO";0;1;0;0;0;0;1;0;0;1;0;"Longo da via";"Bom";"Não existe";"Ilegível";"Seca";"Perfeito estado";"Não existe";"Outras";"";"Única";"Não existe";"";""
"3491";2020-10-16;"13:06:00";"COM VÍTIMA";"FINALIZADA";"PINA";"AV HERCULANO BANDEIRA";"";"";"EM FRENTE A IGREJINHA DO PINA";"PINA";137;"SUBURBIO";"ABALROAMENTO LONGITUDINAL";"ACIDENTE ENTRE MOTO E AUTO";1;1;0;0;0;0;0;0;0;1;0;"Longo da via";"Bom";"Sem defeito";"Perfeito estado";"Seca";"Perfeito estado";"Faixa de pedestre";"Não há placas";"";"Única";"Faixa seccionada";"";""
"3492";2020-10-16;"15:59:00";"COM VÍTIMA";"FINALIZADA";"JOANA BEZERRA";"AV GOVERNADOR AGAMENON MAGALHAES";"";"";"EM FRENTE AO FORUM JOANA BEZERRA";"JOANA BEZERRA";NA;"SUBURBIO";"ABALROAMENTO LONGITUDINAL";"COLISÃO COM VÍTIMA ENTRE AUTO E MOTO.";1;1;0;0;0;0;0;0;0;1;0;"Longo da via";"Bom";"Não existe";"Perfeito estado";"Seca";"Perfeito estado";"Não existe";"R-6a";"60 km/h";"Dupla";"Canteiro central";"";""
"3493";2020-10-16;"17:25:00";"COM VÍTIMA";"CANCELADA";"CÓRREGO DO JENIPAPO";"AV DA RECUPERACAO";"1032";"";"PROXIMO AO RECANTO DO LAU/ APÓS O A UPINHA";"CÓRREGO DO JENIPAPO";NA;"";"COLISÃO";"COLISÃO COM VÍTIMA";1;1;0;0;0;0;0;0;0;1;0;"";"";"";"";"";"";"";"";"";"";"";"";""
"3494";2020-10-16;"19:36:00";"COM VÍTIMA";"FINALIZADA";"GUABIRABA";"AV DA RECUPERACAO";"1032";"RUA TRES MORROS";"PROXIMO AO RECANTO DO LAU/ APÓS O A UPINHA";"GUABIRABA";NA;"SUBURBIO";"ABALROAMENTO LONGITUDINAL";"COLISÃO COM VÍTIMA";2;1;0;0;0;0;0;0;0;1;0;"Longo da via";"Bom";"Não existe";"Incompleta";"Seca";"Mal iluminada";"Não existe";"";"";"Dupla";"Faixa seccionada";"";""
"3495";2020-10-16;"20:09:00";"COM VÍTIMA";"CANCELADA";"MACAXEIRA";"AV NORTE";"";"RUA MARIA CANDIDA";"SEMÁFORO 296 / PRÓX A ANTIGA TI DA MACAXEIRA";"MACAXEIRA";NA;"";"COLISÃO";"ENTRE AUTO E MOTO. C/V";1;1;0;0;0;0;0;0;0;1;0;"";"";"";"";"";"";"";"";"";"";"";"";""
"3496";2020-10-16;"20:28:00";"SEM VÍTIMA";"CANCELADA";"CASA FORTE";"AV DEZESSETE DE AGOSTO";"";"";"SEMÁFORO 469/ NO COMEÇO QUE DA NA EST DAS UBAIAS";"CASA FORTE";NA;"";"COLISÃO";"ENTE 2 AUTOS ( CONDUTOR DO HYUNDAI- SEGUNDO AS INFO DO USUÁRIO- APRESENTA SINAIS FORTES DE EMBRIAGUEZ) S/V";2;0;0;0;0;0;0;0;0;0;0;"";"";"";"";"";"";"";"";"";"";"";"";""
"3497";2020-10-16;"20:45:00";"COM VÍTIMA";"FINALIZADA";"PARNAMIRIM";"EST DO ARRAIAL";"2949";"";"PRÓX AO CRUZAMENTO QUE DA NO HOSPITAL AGAMENON. COLÉGIO REINO MÁGICO.";"PARNAMIRIM";446;"SUBURBIO";"CHOQUE OBJETO FIXO";"VEÍCULO CHOCOU-SE CONTRA O MURO LOCAL. C/V";1;0;0;0;0;0;0;0;0;1;0;"Longo da via";"Bom";"Sem defeito";"Perfeito estado";"Seca";"Perfeito estado";"Faixa de pedestre";"Outras";"";"Única";"Faixa seccionada";"";""
"3498";2020-10-16;"23:55:00";"COM VÍTIMA";"CANCELADA";"CASA FORTE";"AV DEZESSETE DE AGOSTO";"357";"";"EM FRENTE A BUGER KING";"CASA FORTE";NA;"";"COLISÃO";"COLISÃO MOTO X AUTO";1;1;0;0;0;0;0;0;0;1;0;"";"";"";"";"";"";"";"";"";"";"";"";""
"3499";2020-10-17;"09:02:00";"COM VÍTIMA";"FINALIZADA";"JARDIM SÃO PAULO";"AV RECIFE";"5460";"";"";"JARDIM SÃO PAULO";NA;"SUBURBIO";"COLISÃO TRASEIRA";"COM VÍTIMA";0;1;0;0;0;0;1;0;0;1;0;"Longo da via";"Bom";"Não existe";"Perfeito estado";"Seca";"Perfeito estado";"";"Não há placas";"";"Única";"Faixa seccionada";"";""
"3500";2020-10-17;"12:59:00";"COM VÍTIMA";"FINALIZADA";"ESPINHEIRO";"AV CONS ROSA E SILVA";"";"RUA CONFEDERACAO DO EQUADOR";"EM FRENTE AO HOSPITAL DOS SERVIDORES DO ESTADO.";"ESPINHEIRO";NA;"SUBURBIO";"ABALROAMENTO LONGITUDINAL";"COLISÃO COM VÍTIMA";1;1;0;0;0;0;0;0;0;1;0;"Cruzamento";"Bom";"Sem defeito";"Perfeito estado";"Seca";"Perfeito estado";"Não existe";"R-6a";"60 km/h";"Única";"Faixa seccionada";"";""
"3501";2020-10-17;"15:23:00";"COM VÍTIMA";"FINALIZADA";"IBURA";"AV DOIS RIOS";"985";"";"EM FRENTE A FARMACIA PAGUE MENOS";"IBURA";323;"SUBURBIO";"ABALROAMENTO TRANSVERSAL";"MOTO X CARRO";1;1;0;0;0;0;0;0;0;2;0;"Longo da via";"Bom";"Sem defeito";"Perfeito estado";"Seca";"Perfeito estado";"Faixa de pedestre";"Não há placas";"60 km/h";"Dupla";"Faixa contínua";"";""
"3502";2020-10-17;"15:57:00";"COM VÍTIMA";"FINALIZADA";"TEJIPIÓ";"AV DR JOSE RUFINO";"3538";"";"AO LADO DO ARMAZEM CORAL";"TEJIPIÓ";NA;"";"CHOQUE OBJETO FIXO";"CHOQUE EM POSTE DE ENERGIA ELÉTRICA. UMA VÍTIMA.";1;0;0;0;0;0;0;0;0;1;0;"Longo da via";"Bom";"Não existe";"Incompleta";"Seca";"Perfeito estado";"Não existe";"Não há placas";"";"Dupla";"Faixa contínua";"";""
"3503";2020-10-17;"21:55:00";"SEM VÍTIMA";"FINALIZADA";"BOA VIAGEM";"AV BOA VIAGEM";"2334";"";"POSTO 5 / EM FRENTE AO EDF CATAMARÃ";"BOA VIAGEM";NA;"";"CHOQUE VEÍCULO PARADO";"VEÍCULO CHOCOU-SE CONTRA DOIS VEÍCULOS ESTACIONADOS (CONDUTOR ABANDONOU O VEÍCULO NO LOCAL)";3;0;0;0;0;0;0;0;0;0;0;"";"";"";"";"";"";"";"";"";"";"";"";""
"3504";2020-10-18;"08:28:00";"COM VÍTIMA";"FINALIZADA";"SAN MARTIN";"AV GENERAL SAN MARTIN";"74";"RUA FLORA RICA";"PROX A ESCOLA ADVENTISTA";"SAN MARTIN";NA;"CIDADE";"ABALROAMENTO LONGITUDINAL";"COLISÃO COM VITIMA  ANDRE PINHEIRO VT 10 QTH";1;1;0;0;0;0;0;0;0;1;0;"Cruzamento";"Bom";"Não existe";"Perfeito estado";"Seca";"Perfeito estado";"Não existe";"Outras";"40 km/h";"Dupla";"Faixa contínua";"Faixa seccionada";""
"3505";2020-10-18;"10:05:00";"SEM VÍTIMA";"FINALIZADA";"PRADO";"AV ENGENHEIRO ABDIAS DE CARVALHO";"";"";"EM FRENTE AO POSTO DE GASOLINA IMPERIO";"PRADO";NA;"";"COLISÃO";"COLISÃO SEM VITIMAS";1;0;0;0;0;0;0;1;0;0;0;"";"";"";"";"";"";"";"";"";"";"";"";""
"3506";2020-10-18;"12:54:00";"SEM VÍTIMA";"FINALIZADA";"AFOGADOS";"RUA COSME VIANA";"";"";"E/F A TUPAN";"AFOGADOS";503;"SUBURBIO";"ABALROAMENTO LONGITUDINAL";"DOIS AUTOS COM DUAS VITIMAS. (NO BOLETIM FÍSICO INFORMA QUE NÃO HOUVE VÍTIMAS FERIDAS NESTE ACIDENTE).";2;0;0;0;0;0;0;0;0;0;0;"Cruzamento";"Bom";"Sem defeito";"Perfeito estado";"Seca";"";"";"";"";"Única";"Faixa seccionada";"";""
"3507";2020-10-18;"13:03:00";"COM VÍTIMA";"FINALIZADA";"BAIRRO DO RECIFE";"CAIS DO APOLO";"";"";"EM FRENTE AO TRIBUNAL REGIONAL FEDERAL";"BAIRRO DO RECIFE";NA;"CIDADE";"ABALROAMENTO LONGITUDINAL";"COLISÃO COM VÍTIMA- ENVOLVENDO AUTO E MOTO";1;1;0;0;0;0;0;0;0;1;0;"Longo da via";"Bom";"Não existe";"Perfeito estado";"Seca";"Perfeito estado";"Não existe";"Outras";"60 km/h";"Dupla";"Faixa seccionada";"Canteiro central";""
"3508";2020-10-18;"22:19:00";"SEM VÍTIMA";"FINALIZADA";"DOIS UNIDOS";"AV HILDEBRANDO DE VASCONCELOS";"13";"";"PROX A IGRJA BRASIL PARA CRISTO // ENTRE O CANIL E O TERMINAL DE ONIBUS DOIS UNIDOS";"DOIS UNIDOS";NA;"";"COLISÃO";"VT DA POLICIA MILITAR X MOTO";0;1;0;0;0;0;0;1;0;0;0;"";"";"";"";"";"";"";"";"";"";"";"";""
"3509";2020-10-19;"08:30:00";"COM VÍTIMA";"FINALIZADA";"AFOGADOS";"RUA DA PAZ";"396";"";"EM FRENTE AO BANCO ITAU";"AFOGADOS";NA;"SUBURBIO";"ATROPELAMENTO";"ATROPELAMENTO AUTO E PEDESTRE";1;0;0;0;1;0;0;0;0;1;0;"Longo da via";"Bom";"Sem defeito";"Incompleta";"Seca";"Perfeito estado";"Faixa de pedestre";"R-6a";"";"Única";"Faixa seccionada";"";""
"3510";2020-10-19;"09:34:00";"COM VÍTIMA";"FINALIZADA";"SAN MARTIN";"AV GENERAL SAN MARTIN";"1208";"AV ENGENHEIRO ABDIAS DE CARVALHO";"";"SAN MARTIN";58;"NORTE/SUL";"COLISÃO FRONTAL";"COM UMA VITIMA SOCORRIDA /CTTU NO LOCAL-GM GILSON MELO";1;1;0;0;0;0;0;0;0;1;0;"Longo da via";"Bom";"Sem defeito";"Perfeito estado";"Seca";"Perfeito estado";"Agente";"Outras";"";"Dupla";"Faixa contínua";"";""
"3511";2020-10-19;"14:28:00";"COM VÍTIMA";"FINALIZADA";"CAMPO GRANDE";"AV GOVERNADOR AGAMENON MAGALHAES";"";"";"E/F AO SHOPPING TACARUNA";"CAMPO GRANDE";NA;"RECIFE";"CAPOTAMENTO";"AUTO CAPOTOU";1;0;0;0;0;0;0;0;0;1;0;"";"";"";"";"";"";"";"";"";"";"";"";""
"3512";2020-10-19;"15:14:00";"COM VÍTIMA";"FINALIZADA";"BOA VIAGEM";"AV CONSELHEIRO AGUIAR";"1851";"RUA JORNALISTA FRANCISCO ALMEIDA";"NO CRUZAMENTO MESMO";"BOA VIAGEM";NA;"CIDADE";"ABALROAMENTO LONGITUDINAL";"COLISAO ENTRE AUTO E MOTO COM VITIMAS";1;1;0;0;0;0;0;0;0;2;0;"Longo da via";"Bom";"Não existe";"Perfeito estado";"Seca";"";"";"Outras";"";"Única";"Faixa contínua";"Faixa seccionada";""
"3513";2020-10-19;"18:08:00";"COM VÍTIMA";"CANCELADA";"JORDÃO";"AV MARIA IRENE";"145";"";"AO LADO DO PET SHOP BICHINHO- EM FRENTE A IGREJA PENTECOSTAL- EM FRENTE A PIZZARIA ESQUINA 145";"JORDÃO";NA;"";"COLISÃO";"COLISÃO ENTRE AUTO E MOTO C/V";1;1;0;0;0;0;0;0;0;1;0;"";"";"";"";"";"";"";"";"";"";"";"";""
"3514";2020-10-20;"09:49:00";"COM VÍTIMA";"FINALIZADA";"BOA VIAGEM";"RUA PROFESSOR JOAO MEDEIROS";"311";"RUA ERNESTO DE PAULA SANTOS";"POR TRAS DA DELEGACIA DE BOA VIAGEM";"BOA VIAGEM";NA;"CIDADE";"COLISÃO TRASEIRA";"COLISÃO COM VITIMA A ESPERA DO SAMU- ENTRE AUTO E MOTO.";1;1;0;0;0;0;0;0;0;1;0;"Longo da via";"Bom";"Não existe";"Perfeito estado";"Seca";"Perfeito estado";"Não existe";"Outras";"";"Única";"Faixa seccionada";"";""
"3515";2020-10-20;"10:10:00";"COM VÍTIMA";"FINALIZADA";"ESPINHEIRO";"RUA SANTO ELIAS";"";"RUA DO ESPINHEIRO";"EM FRENTE AO POSTO DE GASOLINA IPIRANGA";"ESPINHEIRO";NA;"CIDADE";"ABALROAMENTO TRANSVERSAL";"COLISÃO COM VITIMA VT 13 QTH";1;1;0;0;0;0;0;0;0;1;0;"Cruzamento";"Bom";"Não existe";"Incompleta";"Seca";"Perfeito estado";"Faixa de pedestre";"R-6a";"";"Única";"Não existe";"";""
"3516";2020-10-20;"10:10:00";"COM VÍTIMA";"FINALIZADA";"IMBIRIBEIRA";"RUA ITACARI";"301";"RUA ITAJAI";"JUNTO A LOJA YNOVE- ESQUINA DO BANCO ITAU";"IMBIRIBEIRA";NA;"CIDADE";"ABALROAMENTO LONGITUDINAL";"COM VITIMA- SAMU JA ESTA NO LOCAL";1;1;0;0;0;0;0;0;0;1;0;"Cruzamento";"Bom";"Não existe";"Perfeito estado";"Seca";"Perfeito estado";"Faixa de pedestre";"Placas Pare";"40 km/h";"Dupla";"Faixa seccionada";"";""
"3517";2020-10-20;"13:47:00";"COM VÍTIMA";"FINALIZADA";"JOANA BEZERRA";"AV CENTRAL";"";"";"E/F A ESTAÇAO JOANA BEZERRA NA SAIDA DOS ONIBUS. AO LADO DO TERMINAL INTEGRADO.";"JOANA BEZERRA";NA;"";"COLISÃO FRONTAL";"COLISAO ENTRE ONIBUS -MOTO E CARROÇA";0;1;0;0;0;1;0;0;1;1;0;"Longo da via";"Bom";"Não existe";"Não existente";"Seca";"Perfeito estado";"Não existe";"Não há placas";"";"Única";"Não existe";"";""
"3518";2020-10-20;"14:14:00";"SEM VÍTIMA";"FINALIZADA";"IMBIRIBEIRA";"RUA ANTONIO FALCAO";"475";"";"ANTES DA ESTAÇAO ANTONIO FALCAO E/F A GEOVANE SONDAS";"IMBIRIBEIRA";NA;"";"COLISÃO";"COLISAO ENTRE DOIS AUTOS S/V UM DOS CONDUTORES ESTA COM SINTOMAS DE EMBRIAGUEZ";2;0;0;0;0;0;0;0;0;0;0;"";"";"";"";"";"";"";"";"";"";"";"";""
"3519";2020-10-20;"17:35:00";"COM VÍTIMA";"FINALIZADA";"BOA VIAGEM";"AV CONSELHEIRO AGUIAR";"2610";"";"E/F AO ATACADAO MEC BATEDOR NA MOTO 08/39/06/35. TECNO HOUSE.";"BOA VIAGEM";NA;"";"COLISÃO TRASEIRA";"COLISAO ENTRE AUTO E MOTO COM UMA VITIMA";1;1;0;0;0;0;0;0;0;1;0;"Longo da via";"Bom";"Não existe";"Perfeito estado";"Seca";"Perfeito estado";"Não existe";"Outras";"60 km/h";"Única";"Faixa contínua";"Faixa seccionada";""
"3520";2020-10-20;"18:27:00";"COM VÍTIMA";"FINALIZADA";"BEBERIBE";"AV BEBERIBE";"3195";"";"EM FRENTE A GALERIA CAJUEIRO E MARRON CAPOTARIA.";"BEBERIBE";NA;"CIDADE";"ABALROAMENTO LONGITUDINAL";"COLISAO SEGUIDA DE COLISÃO COM CICLISTA ENTRE CAMINHAO SANDEIRO E CICLISTA OBS : BOMBEIRO E SAMU NO LOCAL.";1;0;0;1;0;0;1;0;0;1;0;"Longo da via";"Bom";"Não existe";"Incompleta";"Seca";"Perfeito estado";"Não existe";"R-19";"50 km/h";"Única";"Faixa seccionada";"";""
"3521";2020-10-20;"18:48:00";"COM VÍTIMA";"CANCELADA";"CAXANGÁ";"RUA RIBEIRO PESSOA";"733";"";"PROX A FABRICA DE RAÇAO (PINTO FAMOSO)";"CAXANGÁ";NA;"";"COLISÃO";"FIAT UNO X MOTO";1;1;0;0;0;0;0;0;0;1;0;"";"";"";"";"";"";"";"";"";"";"";"";""
"3522";2020-10-20;"21:49:00";"COM VÍTIMA";"FINALIZADA";"IMBIRIBEIRA";"RUA ITACARI";"301";"RUA ITAJAI";"EM FRENTE A EMPRESA YNOVE";"IMBIRIBEIRA";NA;"CIDADE";"ABALROAMENTO TRANSVERSAL";"GOL BRANCO X MOTO  OBS: VITIMA RESGATADA PELO SAMU";1;1;0;0;0;0;0;0;0;2;0;"Cruzamento";"Bom";"Não existe";"Perfeito estado";"Seca";"Perfeito estado";"Faixa de pedestre";"Placas Pare";"40 km/h";"Única";"Faixa contínua";"";""
"3523";2020-10-21;"07:27:00";"COM VÍTIMA";"FINALIZADA";"IMBIRIBEIRA";"AV MARECHAL MASCARENHAS DE MORAES";"2716";"";"EM FRENTE AO GERALDAO E INTER HOTEL";"IMBIRIBEIRA";290;"SUBURBIO";"ABALROAMENTO TRANSVERSAL";"AUTO E MOTO";1;1;0;0;0;0;0;0;0;1;0;"Cruzamento";"Bom";"Intermitente";"Perfeito estado";"Seca";"Perfeito estado";"Faixa de retenção";"Não há placas";"";"Dupla";"Canteiro central";"";""
"3524";2020-10-21;"13:03:00";"COM VÍTIMA";"FINALIZADA";"IMBIRIBEIRA";"AV MARECHAL MASCARENHAS DE MORAES";"4080";"";"EM FRENTE AO VENEZA AO MATERIAL DE CONSTRUÇAO";"IMBIRIBEIRA";310;"SUBURBIO";"ABALROAMENTO TRANSVERSAL";"COLISÃO CARRO X MOTO";1;1;0;0;0;0;0;0;0;1;0;"Cruzamento";"Bom";"Sem defeito";"Perfeito estado";"Seca";"Perfeito estado";"Outros";"";"60 km/h";"Dupla";"";"";""
"3525";2020-10-21;"13:56:00";"COM VÍTIMA";"CANCELADA";"BOA VIAGEM";"AV CONSELHEIRO AGUIAR";"";"";"E/F A PRACINHA DE BOA VIAGEM";"BOA VIAGEM";NA;"";"COLISÃO";"COLISAO DE AUTO E MOTO COM VITIMAS";1;1;0;0;0;0;0;0;0;1;0;"";"";"";"";"";"";"";"";"";"";"";"";""