"";"data";"hora";"natureza_acidente";"situacao";"bairro";"endereco";"numero";"detalhe_endereco_acidente";"complemento";"bairro_cruzamento";"num_semaforo";"sentido_via";"tipo";"descricao";"auto";"moto";"ciclom";"ciclista";"pedestre";"onibus";"caminhao";"viatura";"outros";"vitimas";"vitimasfatais";"acidente_verificado";"tempo_clima";"situacao_semaforo";"sinalizacao";"condicao_via";"conservacao_via";"ponto_controle";"situacao_placa";"velocidade_max_via";"mao_direcao";"divisao_via1";"divisao_via2";"divisao_via3"
"3526";2020-10-21;"15:10:00";"COM VÍTIMA";"FINALIZADA";"IPSEP";"AV RECIFE";"1600";"AV PRESIDENTE KENNEDY";"PROX A PONTE DO CAÇOTE. LADO OPOSTO AO NÚMERO INFORMADO.";"IPSEP";212;"BR 101";"COLISÃO TRASEIRA";"COLISAO ENTRE AUTO E MOTO COM VITIMA";1;1;0;0;0;0;0;0;0;1;0;"Esquina";"Bom";"Sem defeito";"Perfeito estado";"Seca";"Perfeito estado";"Outros";"Outras";"60 km/h";"Dupla";"Canteiro central";"";""
"3527";2020-10-21;"17:22:00";"COM VÍTIMA";"FINALIZADA";"MADALENA";"RUA REAL DA TORRE";"";"RUA JOSE OSORIO";"";"MADALENA";179;"SUBURBIO";"ATROPELAMENTO";"CICLISTA COM SUSPEITA DE EMBRIAGUEZ ATROPELOU UM PEDESTRE. A EQUIPE ESTÁ NO APOIO DO SOCORRO.";0;0;0;1;2;0;0;0;0;3;0;"Cruzamento";"Bom";"Sem defeito";"Perfeito estado";"";"";"Faixa de pedestre";"";"";"";"";"";""
"3528";2020-10-21;"21:30:00";"COM VÍTIMA";"FINALIZADA";"VÁRZEA";"RUA EMILIANO BRAGA";"";"AV PROFESSOR MORAES REGO";"AO LADO DO TERMINAL INTEGRADO CDU.";"VÁRZEA";NA;"SUBURBIO";"ABALROAMENTO LONGITUDINAL";"COLISÃO ENTRE ÔNIBUS E MOTO- C/V";0;1;0;0;0;1;0;0;0;1;0;"Esquina";"Bom";"Não existe";"Perfeito estado";"Seca";"Perfeito estado";"Não existe";"Não há placas";"";"Única";"Não existe";"";""
"3529";2020-10-22;"07:01:00";"COM VÍTIMA";"FINALIZADA";"GRAÇAS";"AV RUI BARBOSA";"1104";"";"EM FRENTE AO COLEGIO MARISTA SÃO LUIZ.";"GRAÇAS";NA;"CIDADE";"ABALROAMENTO LONGITUDINAL";"COLISÃO COM VITIMA";0;1;0;0;0;1;0;0;0;1;0;"Longo da via";"Chuvoso";"Não existe";"Perfeito estado";"Seca";"Perfeito estado";"Não existe";"R-6a";"";"Única";"Faixa seccionada";"";""
"3530";2020-10-22;"07:35:00";"SEM VÍTIMA";"FINALIZADA";"SANTO AMARO";"AV CRUZ CABUGA";"991";"";"PROXIMO AO MAERCADO DE SANTO AMARO";"SANTO AMARO";NA;"";"COLISÃO";"";1;0;0;0;0;0;1;0;0;0;0;"Longo da via";"Bom";"Sem defeito";"Perfeito estado";"Seca";"Perfeito estado";"Faixa de pedestre";"";"";"Dupla";"Faixa contínua";"";""
"3531";2020-10-22;"07:38:00";"SEM VÍTIMA";"FINALIZADA";"SANTO ANTÔNIO";"RUA DA CONCORDIA";"";"";"AO LADO DO EDIFICIO GARAGEM DA SECRETARIA DA FAZENDA";"SANTO ANTÔNIO";NA;"";"COLISÃO";"COLISÃO SEM VITIMAS";1;0;0;0;0;0;1;0;0;0;0;"Longo da via";"Bom";"Sem defeito";"Perfeito estado";"Seca";"Perfeito estado";"Outros";"Não há placas";"40km/h";"Única";"Outros";"";""
"3532";2020-10-22;"08:21:00";"COM VÍTIMA";"FINALIZADA";"AREIAS";"AV DR JOSE RUFINO";"2537";"";"IGREJA DO BARRO";"AREIAS";NA;"CIDADE";"COLISÃO";"COM VITIMAS/ SAMU NO LOCAL";1;1;0;0;0;0;0;0;0;1;0;"";"";"";"";"";"";"";"";"";"";"";"";""
"3533";2020-10-22;"13:59:00";"COM VÍTIMA";"FINALIZADA";"AFOGADOS";"RUA SAO MIGUEL";"1331";"RUA DR ROBENILDO ROCHA LEAO";"PROX AO PARAISO DO PET";"AFOGADOS";NA;"SUBURBIO";"ABALROAMENTO TRANSVERSAL";"COLISAO ENTRE AUTO E MOTO COM UMA VITIMA";1;1;0;0;0;0;0;0;0;1;0;"Cruzamento";"Bom";"Não existe";"Perfeito estado";"Seca";"Perfeito estado";"Não existe";"Não há placas";"60 km/h";"Dupla";"Faixa contínua";"Faixa seccionada";""
"3534";2020-10-22;"18:48:00";"COM VÍTIMA";"FINALIZADA";"DOIS IRMÃOS";"RUA DOIS IRMAOS";"";"AV DA RECUPERACAO";"SOB O VIADUTO DE DOIS IRMÃOS";"DOIS IRMÃOS";416;"CIDADE";"CHOQUE OBJETO FIXO";"VIATURA DA POLICIA MILITAR CHOCOU-SE CONTRA UM POSTE - C/VITIMA";0;0;0;0;0;0;0;1;0;2;0;"Longo da via";"Bom";"Sem defeito";"Perfeito estado";"Seca";"Perfeito estado";"Não existe";"R-6a";"";"Dupla";"Faixa contínua";"";""
"3535";2020-10-23;"08:44:00";"COM VÍTIMA";"FINALIZADA";"ALTO JOSÉ DO PINHO";"AV NORTE";"4660";"";"LADO OPOSTO AO ARMAZÉM CORAL.";"ALTO JOSÉ DO PINHO";NA;"SUBURBIO";"COLISÃO TRASEIRA";"3 AUTOS E UMA MOTO.";3;1;0;0;0;0;0;0;0;1;0;"Longo da via";"Bom";"Não existe";"Perfeito estado";"Seca";"Perfeito estado";"Não existe";"R-6a";"60 km/h";"Única";"Faixa contínua";"";""
"3536";2020-10-23;"09:01:00";"COM VÍTIMA";"FINALIZADA";"VÁRZEA";"RUA GENERAL POLIDORO";"";"RUA AGRICOLANDIA";"";"VÁRZEA";577;"";"ATROPELAMENTO";"ÔNIBUS E PEDESTRE.";0;0;0;0;1;1;0;0;0;1;0;"Cruzamento";"Bom";"Sem defeito";"Perfeito estado";"Seca";"Perfeito estado";"Faixa de pedestre";"Outras";"";"Dupla";"Faixa contínua";"";""
"3537";2020-10-23;"10:02:00";"COM VÍTIMA";"FINALIZADA";"MADALENA";"RUA REAL DA TORRE";"1201";"RUA CONDE DE IRAJA";"PRÓXIMO AO SUPERMERCADO EXTRABOM.";"MADALENA";106;"SUBURBIO";"COLISÃO TRASEIRA";"AUTO E MOTO.";1;1;0;0;0;0;0;0;0;1;0;"Longo da via";"Bom";"Sem defeito";"Perfeito estado";"Seca";"Perfeito estado";"Faixa de pedestre";"R-6a";"";"Única";"Faixa seccionada";"";""
"3538";2020-10-23;"10:39:00";"COM VÍTIMA";"FINALIZADA";"ARRUDA";"AV BEBERIBE";"";"AV PROFESSOR JOSE DOS ANJOS";"";"ARRUDA";131;"SUBURBIO";"CHOQUE VEÍCULO PARADO";"COLISÃO ENTRE AUTO E MOTOCICLETA";1;1;0;0;0;0;0;0;0;1;0;"Longo da via";"Bom";"Sem defeito";"Perfeito estado";"Seca";"Perfeito estado";"Faixa de pedestre";"R-6a";"";"Dupla";"Faixa seccionada";"";""
"3539";2020-10-23;"12:31:00";"COM VÍTIMA";"FINALIZADA";"CAMPO GRANDE";"RUA PRUDENTE DE MORAES";"158";"RUA CARLOS FERNANDES";"ULTRAGÁS.";"CAMPO GRANDE";NA;"CIDADE";"ABALROAMENTO TRANSVERSAL";"DOIS AUTOS";2;0;0;0;0;0;0;0;0;3;0;"Cruzamento";"Bom";"Não existe";"Perfeito estado";"Seca";"Perfeito estado";"Faixa de retenção";"Placas Pare";"30 km/h";"Dupla";"Faixa seccionada";"";""
"3540";2020-10-23;"13:36:00";"COM VÍTIMA";"FINALIZADA";"BOA VIAGEM";"AV DOM JOAO VI";"";"RUA PEDRO PAES DE MENDONCA";"POR TRÁS DO BIG BOMPRECO DE BOA VIAGEM.";"BOA VIAGEM";543;"CIDADE";"ABALROAMENTO LONGITUDINAL";"COLISAO ENVOLVENDO AUTO E MOTO COM VITIMA";1;1;0;0;0;0;0;0;0;1;0;"Cruzamento";"Bom";"Sem defeito";"Perfeito estado";"Seca";"Perfeito estado";"Faixa de pedestre";"Não há placas";"60 km/h";"Dupla";"Faixa seccionada";"";""
"3541";2020-10-23;"16:29:00";"COM VÍTIMA";"FINALIZADA";"TAMARINEIRA";"AV CONS ROSA E SILVA";"1829";"";"EM FRENTE AO EDF. TABOCAS";"TAMARINEIRA";NA;"SUBURBIO";"CHOQUE OBJETO FIXO";"CICLISTA PERDEU O CONTROLE DA BICICLETA E COLIDIU NO POSTE.";0;0;0;1;0;0;0;0;0;1;0;"Longo da via";"Bom";"Não existe";"Perfeito estado";"Seca";"Perfeito estado";"Não existe";"Não há placas";"";"Única";"Faixa seccionada";"";""
"3542";2020-10-23;"20:24:00";"COM VÍTIMA";"CANCELADA";"AFOGADOS";"RUA VINTE E UM DE ABRIL";"721";"";"EM FRENTE AO CLUBE FERROVIARIO";"AFOGADOS";NA;"";"ATROPELAMENTO";"";0;0;0;0;1;0;0;0;0;1;0;"";"";"";"";"";"";"";"";"";"";"";"";""
"3543";2020-10-23;"23:37:00";"COM VÍTIMA";"FINALIZADA";"SANTO AMARO";"VDO ENG ROBERTO PEREIRA DE CARVALHO";"";"";"EM CIMA DO VIADUTO PROXIMO AO SHOPPING TACARUNA.";"SANTO AMARO";NA;"SUBURBIO";"COLISÃO TRASEIRA";"VEICULOS SOBRE VIADUTO";2;0;0;0;0;0;0;0;0;1;0;"Viaduto";"Bom";"Não existe";"Perfeito estado";"Seca";"Perfeito estado";"Não existe";"Não há placas";"";"Única";"Faixa seccionada";"";""
"3544";2020-10-24;"01:35:00";"SEM VÍTIMA";"FINALIZADA";"PINA";"AV REPUBLICA ARABE UNIDA";"78";"";"PRÓXIMO AO SHOPPING RIOMAR";"PINA";NA;"CIDADE";"ABALROAMENTO LONGITUDINAL";"";1;1;0;0;0;0;0;0;0;0;0;"";"Bom";"Não existe";"Perfeito estado";"Seca";"Perfeito estado";"";"";"";"Única";"Faixa seccionada";"";""
"3545";2020-10-24;"01:39:00";"COM VÍTIMA";"CANCELADA";"SAN MARTIN";"RUA DUARTE FILHO";"";"";"PROX A LOMBADA DA GENERAL SAN MARTIN";"SAN MARTIN";NA;"";"COLISÃO";"";1;1;0;0;0;0;0;0;0;1;0;"";"";"";"";"";"";"";"";"";"";"";"";""
"3546";2020-10-24;"11:07:00";"COM VÍTIMA";"FINALIZADA";"MADALENA";"RUA CARLOS GOMES";"125";"RUA GOMES TABORDA";"EM FRENTE AO EDIFICIO JOAQUIM BANDEIRA";"MADALENA";348;"CIDADE";"ABALROAMENTO LONGITUDINAL";"COLISÃO COM VITIMA A ESPERA DO SAMU";1;1;0;0;0;0;0;0;0;1;0;"Longo da via";"Bom";"Sem defeito";"Perfeito estado";"Seca";"Perfeito estado";"Não existe";"R-6a";"";"Dupla";"Faixa seccionada";"";""
"3547";2020-10-24;"12:09:00";"COM VÍTIMA";"CANCELADA";"BOA VIAGEM";"AV ENGENHEIRO DOMINGOS FERREIRA";"";"";"E/F AO BIG BOMPREÇO S/T PIEDADE";"BOA VIAGEM";NA;"";"COLISÃO";"COLISAO ENTRE ONIBUS E AUTO COM UMA VITIMA";1;1;0;0;0;0;0;0;0;1;0;"";"";"";"";"";"";"";"";"";"";"";"";""
"3548";2020-10-24;"12:13:00";"COM VÍTIMA";"FINALIZADA";"CAMPINA DO BARRETO";"AV POETA VINICIUS DE MORAIS";"32";"";"SENTIDO CAMPO GRANDE /LADO OPOSTO A ASSEMBLEIA DE DEUS";"CAMPINA DO BARRETO";NA;"SUBURBIO";"ATROPELAMENTO";"COM VÍTIMA";0;1;0;0;1;0;0;0;0;2;0;"Longo da via";"Bom";"Não existe";"Perfeito estado";"Seca";"Perfeito estado";"Não existe";"Não há placas";"";"Dupla";"Faixa seccionada";"";""
"3549";2020-10-24;"13:06:00";"COM VÍTIMA";"FINALIZADA";"SANTO AMARO";"AV NORTE";"";"";"COLISAO SOBRE O VIADUTO PRESIDENTE MÉDICI.";"SANTO AMARO";NA;"CIDADE";"COLISÃO TRASEIRA";"VT 13 NO LOCAL";0;1;0;0;0;1;0;0;0;1;0;"Viaduto";"Bom";"Não existe";"Perfeito estado";"Seca";"Perfeito estado";"Não existe";"Não há placas";"";"Dupla";"Faixa seccionada";"";""
"3550";2020-10-24;"14:49:00";"COM VÍTIMA";"FINALIZADA";"PRADO";"AV ENGENHEIRO ABDIAS DE CARVALHO";"289";"RUA JOAO IVO DA SILVA";"HABIB'S.";"PRADO";132;"";"ABALROAMENTO LONGITUDINAL";"INFORMAÇÕES COLHIDAS NO LOCAL PELOS AGENTES - QUE O OUTRO VEÍCULO EVADIU-SE.";0;1;0;0;0;0;0;0;0;1;0;"Longo da via";"Bom";"Sem defeito";"Perfeito estado";"Seca";"Perfeito estado";"Faixa de pedestre";"Outras";"";"Dupla";"Faixa contínua";"Faixa seccionada";"Canteiro central"
"3551";2020-10-24;"16:29:00";"COM VÍTIMA";"FINALIZADA";"ESPINHEIRO";"AV GOVERNADOR AGAMENON MAGALHAES";"";"RUA BUENOS AYRES";"EM FRENTE AO BANCO DO NORDESTE";"ESPINHEIRO";78;"";"COLISÃO TRASEIRA";"COLISÃO COM VÍTIMA";3;0;0;0;0;0;0;0;0;2;0;"Longo da via";"Bom";"Sem defeito";"Perfeito estado";"Seca";"Perfeito estado";"Faixa de retenção";"";"";"Dupla";"Outros";"";""
"3552";2020-10-24;"17:17:00";"COM VÍTIMA";"FINALIZADA";"ENGENHO DO MEIO";"RUA ANTONIO CURADO";"";"AV MUCIO UCHOA CAVALCANTE";"EM FRENTE AO BOM PASTOR";"ENGENHO DO MEIO";NA;"";"ABALROAMENTO LONGITUDINAL";"COLISÃO COM VÍTIMA";1;1;0;0;0;0;0;0;0;2;0;"Cruzamento";"Bom";"Não existe";"Ilegível";"Seca";"Perfeito estado";"Faixa de retenção";"Não há placas";"40 km/h";"Dupla";"Faixa seccionada";"";""
"3553";2020-10-24;"19:39:00";"COM VÍTIMA";"FINALIZADA";"IPUTINGA";"AV MAURICIO DE NASSAU";"";"";"PROX A LOMBADA ELETRONICA";"IPUTINGA";NA;"SUBURBIO";"ATROPELAMENTO";"PEDESTRE X MOTO";0;1;0;0;2;0;0;0;0;3;0;"Longo da via";"Bom";"Não existe";"Ilegível";"Seca";"Mal conservada";"Não existe";"";"";"Dupla";"Não existe";"";""
"3554";2020-10-25;"08:01:00";"SEM VÍTIMA";"FINALIZADA";"BOA VIAGEM";"AVENIDA CELSO FURTADO (VIA MANGUE)";"";"";"NA ALÇA DA ESQUERDA -ANTES DO BIG BOMPREÇO";"BOA VIAGEM";NA;"SUBURBIO";"CHOQUE";"VEÍCULO PARADO -SINALIZADO COM O TRIANGULO E COM O AIRBAG ACIONADOS E O EIXO DIANTEIRO QUEBRADO-OCUPANDO A FAIXA DA DIREITA.SEM CONDUTOR";1;0;0;0;0;0;0;0;0;0;0;"";"";"";"";"";"";"";"";"";"";"";"";""
"3555";2020-10-25;"10:00:00";"COM VÍTIMA";"FINALIZADA";"TEJIPIÓ";"RUA FALCAO DE LACERDA";"387";"RUA QUINZE DE NOVEMBRO";"EM FRENTE AO CARTORIO DE TEJIPIO. LADO OPOSTO A MAXICLÍNICA MÉDICA AQUI DOUTOR.";"TEJIPIÓ";285;"SUBURBIO";"ABALROAMENTO LONGITUDINAL";"COM UMA VITIMA AGUARDANDO SAMU";2;0;0;0;0;0;0;0;0;1;0;"Longo da via";"Bom";"Sem defeito";"Perfeito estado";"Seca";"Perfeito estado";"Não existe";"Outras";"";"Dupla";"Faixa contínua";"";""
"3556";2020-10-25;"12:26:00";"SEM VÍTIMA";"FINALIZADA";"IMBIRIBEIRA";"RUA JOAQUIM BANDEIRA";"";"AV SUL";"";"IMBIRIBEIRA";NA;"";"ABALROAMENTO TRANSVERSAL";"COLISÃO COM SUSPEITA DE ALCOLEMIA";2;0;0;0;0;0;0;0;0;0;0;"Cruzamento";"Bom";"Não existe";"Incompleta";"Seca";"Perfeito estado";"Não existe";"R-4a";"";"Única";"Faixa seccionada";"";""
"3557";2020-10-27;"09:00:00";"COM VÍTIMA";"FINALIZADA";"VASCO DA GAMA";"RUA VASCO DA GAMA";"208";"";"SESI DO VASCO DA GAMA";"VASCO DA GAMA";NA;"SUBURBIO";"ABALROAMENTO TRANSVERSAL";"COM VÍTIMA- AUTOMÓVEL EVADIU-SE";1;1;0;0;0;0;0;0;0;2;0;"Cruzamento";"Bom";"Não existe";"Incompleta";"Seca";"Perfeito estado";"Não existe";"Placas Pare";"30 km/h";"Dupla";"Não existe";"";""
"3558";2020-10-27;"11:00:00";"COM VÍTIMA";"FINALIZADA";"ILHA DO RETIRO";"RUA SPORT CLUBE DO RECIFE";"";"";"LADO OPOSTO AO ESTÁDIO DO SPORT.";"ILHA DO RETIRO";367;"SUBURBIO";"COLISÃO TRASEIRA";"COM UMA VITIMA AGUARDANDO SAMU";1;1;0;0;0;0;0;0;0;1;0;"Longo da via";"Bom";"Sem defeito";"Perfeito estado";"Seca";"Perfeito estado";"Faixa de pedestre";"Não há placas";"";"Dupla";"Canteiro central";"";""
"3559";2020-10-27;"11:00:00";"COM VÍTIMA";"FINALIZADA";"CORDEIRO";"AV CAXANGA";"1417";"";"EM FRENTE A IGREJA DE SÃO SEBASTIÃO";"CORDEIRO";NA;"CIDADE";"COLISÃO COM CICLISTA";"ÔNIBUS E BICICLETA";1;0;0;1;0;0;0;0;0;1;0;"Longo da via";"Bom";"Não existe";"Perfeito estado";"Seca";"Perfeito estado";"Não existe";"Não há placas";"60 km/h";"Dupla";"Canteiro central";"";""
"3560";2020-10-27;"19:03:00";"COM VÍTIMA";"CANCELADA";"PINA";"PTE AGAMENON MAGALHAES";"";"";"";"PINA";NA;"CIDADE";"COLISÃO";"";0;0;0;0;0;0;0;0;0;1;0;"";"";"";"";"";"";"";"";"";"";"";"";""
"3561";2020-10-27;"20:14:00";"COM VÍTIMA";"CANCELADA";"ENCRUZILHADA";"AV NORTE";"";"AV JOAO DE BARROS";"";"ENCRUZILHADA";NA;"";"COLISÃO";"";0;0;0;0;0;0;0;0;0;1;0;"";"";"";"";"";"";"";"";"";"";"";"";""
"3562";2020-10-27;"21:47:00";"COM VÍTIMA";"FINALIZADA";"PINA";"AV BOA VIAGEM";"";"";"PÓLO PINA";"PINA";104;"CIDADE";"ATROPELAMENTO";"MOTO E PEDESTRE.";0;1;0;0;1;0;0;0;0;2;0;"Longo da via";"Bom";"Sem defeito";"Perfeito estado";"Seca";"Mal iluminada";"Faixa de pedestre";"Outras";"60 km/h";"Única";"Faixa contínua";"";""
"3563";2020-10-28;"07:14:00";"COM VÍTIMA";"FINALIZADA";"DERBY";"AV GOVERNADOR AGAMENON MAGALHAES";"";"";"EM FRENTE AO HOSPITAL MEMORIAL SÃO JOSE- SENT. BOA VIAGEM. EM FRENTE AO CERPE.";"DERBY";NA;"CIDADE";"TOMBAMENTO";"AUTO E MOTO C/V.";1;1;0;0;0;0;0;0;0;1;0;"Longo da via";"Bom";"Não existe";"Perfeito estado";"Seca";"Perfeito estado";"Não existe";"Outras";"60 km/h";"Dupla";"Faixa contínua";"Faixa seccionada";""
"3564";2020-10-28;"09:32:00";"SEM VÍTIMA";"FINALIZADA";"DERBY";"AV GOVERNADOR AGAMENON MAGALHAES";"";"RUA JOAQUIM NABUCO";"AO LADO DA RESTAURAÇÃO";"DERBY";NA;"";"COLISÃO";"AUTO E AMBULANCIA (OFICIAL)";1;0;0;0;0;0;0;1;0;0;0;"Cruzamento";"Bom";"Sem defeito";"Perfeito estado";"Seca";"Perfeito estado";"Faixa de pedestre";"Outras";"60km/h";"Única";"Faixa seccionada";"";""
"3565";2020-10-28;"12:32:00";"COM VÍTIMA";"FINALIZADA";"IMBIRIBEIRA";"RUA BARAO DE AGUA BRANCA";"376";"RUA DUQUE ESTRADA";"EM FRENTE AO ESPETINHO DO CHEFE E A POUSADA SOL E MAR";"IMBIRIBEIRA";NA;"CIDADE";"ABALROAMENTO TRANSVERSAL";"COLISÃO COM VÍTIMA";2;0;0;0;0;0;0;0;0;1;0;"Cruzamento";"Bom";"Não existe";"Incompleta";"Seca";"Perfeito estado";"Não existe";"Placas Pare";"";"Dupla";"Não existe";"";""
"3566";2020-10-28;"14:12:00";"COM VÍTIMA";"FINALIZADA";"VASCO DA GAMA";"RUA VASCO DA GAMA";"95";"";"NA RUA DO SESI DO VASCO AO LADO DO CONSUTORIO ODONTOLOGICO DRA CAROLINA ARTEIRO.";"VASCO DA GAMA";NA;"CIDADE";"COLISÃO FRONTAL";"COLISAO ENTRE AUTO E MOTO COM UMA VITIMA";1;1;0;0;0;0;0;0;0;1;0;"Longo da via";"Bom";"Não existe";"Perfeito estado";"Seca";"Perfeito estado";"Não existe";"Outras";"";"Dupla";"Não existe";"";""
"3567";2020-10-28;"15:48:00";"COM VÍTIMA";"CANCELADA";"AFOGADOS";"RUA COSME VIANA";"";"";"APOS A FIORI NO SEMAFORO 303";"AFOGADOS";NA;"";"COLISÃO";"COLISAO ENTRE AUTO E MOTO";1;1;0;0;0;0;0;0;0;1;0;"";"";"";"";"";"";"";"";"";"";"";"";""
"3568";2020-10-28;"16:16:00";"SEM VÍTIMA";"FINALIZADA";"BOA VIAGEM";"AV ENGENHEIRO DOMINGOS FERREIRA";"";"";"EM FRENTE A PAMESA CERAMICA";"BOA VIAGEM";NA;"";"COLISÃO";"COLISÃO SEM VÍTIMA";1;1;0;0;0;0;0;0;0;0;0;"Longo da via";"Bom";"Sem defeito";"Perfeito estado";"Seca";"Perfeito estado";"Faixa de pedestre";"Outras";"";"Única";"Faixa contínua";"";""
"3569";2020-10-28;"17:30:00";"COM VÍTIMA";"FINALIZADA";"SANTO AMARO";"AV CRUZ CABUGA";"";"";"EM FRENTE AO TACARUNA / SENTIDO OLINDA E AO POSTE B030809.";"SANTO AMARO";NA;"SUBURBIO";"ATROPELAMENTO";"ATROPELAMENTO COM VÍTIMA ENTRE ÔNIBUS E PEDESTRE.";0;0;0;0;1;1;0;0;0;1;0;"Longo da via";"Bom";"Sem defeito";"Perfeito estado";"Seca";"Perfeito estado";"Outros";"Não há placas";"";"Dupla";"Canteiro central";"";""
"3570";2020-10-28;"17:55:00";"COM VÍTIMA";"FINALIZADA";"CASA AMARELA";"RUA MAJOR NEREU GUERRA";"236";"";"EM FRENTE AO COLÉGIO PADRE MACHADO";"CASA AMARELA";NA;"";"CHOQUE OBJETO FIXO";"MOTO ACABOU SE CHOCANDO CONTRA O POSTE. CONDUTOR VITIMADO ESTA DESACORDADO. C/V";0;1;0;0;0;0;0;0;0;1;0;"";"";"";"";"";"";"";"";"";"";"";"";""
"3571";2020-10-28;"18:43:00";"SEM VÍTIMA";"CANCELADA";"MADALENA";"RUA DEMOSTENES DE OLINDA";"";"";"PROX AO COLEGIO EQUIPE";"MADALENA";NA;"";"COLISÃO";"CAMINHAO X JEEP    OBS: VT 10 DA CTTU ESTA NO LOCAL";1;0;0;0;0;0;1;0;0;0;0;"";"";"";"";"";"";"";"";"";"";"";"";""
"3572";2020-10-28;"20:56:00";"COM VÍTIMA";"FINALIZADA";"DERBY";"RUA JENER DE SOUZA";"";"PRC DO DERBY";"E/F A PRC DO DERBY E QUARTEL // VT 25 NO LOCAL";"DERBY";40;"CIDADE";"ABALROAMENTO TRANSVERSAL";"ÕNIBUS X MOTO. C/V";1;1;0;0;0;0;0;0;0;2;0;"Cruzamento";"Bom";"Sem defeito";"Perfeito estado";"Seca";"Perfeito estado";"Faixa de pedestre";"R-4b";"50 km/h";"Única";"Canteiro central";"";""
"3573";2020-10-29;"07:47:00";"COM VÍTIMA";"CANCELADA";"TEJIPIÓ";"AV DR JOSE RUFINO";"2939";"";"E/F AO EDF. NINA MACHADO";"TEJIPIÓ";NA;"";"COLISÃO";"COLISÃO C/VITIMA ENTRE UM AUTO E MOTO (MOTOCICLETA NÃO SE ENCONTRA NO QTH)";1;1;0;0;0;0;0;0;0;1;0;"";"";"";"";"";"";"";"";"";"";"";"";""
"3574";2020-10-29;"08:03:00";"COM VÍTIMA";"FINALIZADA";"PORTO DA MADEIRA";"AV BEBERIBE";"";"RUA DALVA DE OLIVEIRA";"SENAI.";"PORTO DA MADEIRA";575;"SUBURBIO";"ABALROAMENTO TRANSVERSAL";"MOTO E AUTO";1;1;0;0;0;0;0;0;0;1;0;"Cruzamento";"Bom";"Sem defeito";"Perfeito estado";"Seca";"Perfeito estado";"Faixa de pedestre";"R-6a";"60 km/h";"Dupla";"Faixa contínua";"";""
"3575";2020-10-29;"10:55:00";"COM VÍTIMA";"FINALIZADA";"CASA AMARELA";"EST DO ARRAIAL";"3480";"";"EM FRENTE A IGREJA HARMONIA";"CASA AMARELA";NA;"SUBURBIO";"ATROPELAMENTO";"MOTO E PEDESTRE.";0;1;0;0;1;0;0;0;0;1;0;"Longo da via";"Bom";"Sem defeito";"Perfeito estado";"Seca";"Perfeito estado";"Não existe";"Não há placas";"40 km/h";"Única";"Faixa contínua";"";""
"3576";2020-10-29;"12:31:00";"COM VÍTIMA";"FINALIZADA";"BOA VISTA";"AV VISCONDE DE SUASSUNA";"775";"RUA GOUVEIA DE BARROS";"EM FRENTE A UMA GALERIA DE NUMERO 775";"BOA VISTA";NA;"SUBURBIO";"ABALROAMENTO LONGITUDINAL";"COLISÃO MOTO X CARRO / AGENTES NO LOCAL WELLINGTON E MADSON";1;1;0;0;0;0;0;0;0;2;0;"Cruzamento";"Bom";"Não existe";"Perfeito estado";"Seca";"Perfeito estado";"Não existe";"";"60 km/h";"";"";"";""
"3577";2020-10-29;"12:44:00";"COM VÍTIMA";"FINALIZADA";"VÁRZEA";"RUA PROFESSOR ANTONIO COELHO";"";"RUA EMILIANO BRAGA";"PROX A CAXANGA VEICULOS";"VÁRZEA";NA;"SUBURBIO";"ABALROAMENTO TRANSVERSAL";"COLISAO ENTRE ONIBUS E MOTO COM VITIMA";0;1;0;0;0;1;0;0;0;1;0;"Cruzamento";"Bom";"Não existe";"Perfeito estado";"Seca";"Perfeito estado";"Faixa de pedestre";"R-6a";"";"Única";"Faixa seccionada";"";""
"3578";2020-10-29;"15:28:00";"SEM VÍTIMA";"CANCELADA";"AREIAS";"AV RECIFE";"";"";"EM FRENTE AO GALETUS";"AREIAS";NA;"";"COLISÃO";"SUPOSTAMENTE COM VÍTIMA";0;0;0;0;0;0;0;0;0;0;0;"";"";"";"";"";"";"";"";"";"";"";"";""
"3579";2020-10-30;"07:05:00";"COM VÍTIMA";"FINALIZADA";"IMBIRIBEIRA";"AV MARECHAL MASCARENHAS DE MORAES";"";"";"EM FRENTE AO AEROPORTO- SENT. JABOATÃO";"IMBIRIBEIRA";570;"SUBURBIO";"COLISÃO TRASEIRA";"MOTO E AUTO C/V";1;1;0;0;0;0;0;0;0;1;0;"Longo da via";"Bom";"Sem defeito";"Perfeito estado";"Seca";"Perfeito estado";"Faixa de pedestre";"R-6a";"60 km/h";"Dupla";"Faixa contínua";"Canteiro central";""
"3580";2020-10-30;"07:11:00";"COM VÍTIMA";"FINALIZADA";"IMBIRIBEIRA";"AV MARECHAL MASCARENHAS DE MORAES";"5653";"";"EM FRENTE AO AEROPORTO- SENT. CIDADE. EM FRENTE A LOCALIZA HERTZ.";"IMBIRIBEIRA";218;"CIDADE";"COLISÃO TRASEIRA";"AUTO E MOTO C/V";1;1;0;0;0;0;0;0;0;1;0;"Longo da via";"Bom";"Sem defeito";"Perfeito estado";"Seca";"Perfeito estado";"Faixa de pedestre";"Não há placas";"60 km/h";"Dupla";"Canteiro central";"";""