"";"data";"hora";"natureza_acidente";"situacao";"bairro";"endereco";"numero";"detalhe_endereco_acidente";"complemento";"bairro_cruzamento";"num_semaforo";"sentido_via";"tipo";"descricao";"auto";"moto";"ciclom";"ciclista";"pedestre";"onibus";"caminhao";"viatura";"outros";"vitimas";"vitimasfatais";"acidente_verificado";"tempo_clima";"situacao_semaforo";"sinalizacao";"condicao_via";"conservacao_via";"ponto_controle";"situacao_placa";"velocidade_max_via";"mao_direcao";"divisao_via1";"divisao_via2";"divisao_via3"
"3581";2020-10-30;"08:12:00";"COM VÍTIMA";"CANCELADA";"CAMPO GRANDE";"RUA JERONIMO VILELA";"581";"";"EM FRENTE A IGREJA DO EVANGELHO QUADRANGULAR";"CAMPO GRANDE";NA;"";"COLISÃO";"AUTO E MOTO C/V";1;1;0;0;0;0;0;0;0;1;0;"";"";"";"";"";"";"";"";"";"";"";"";""
"3582";2020-10-30;"09:09:00";"SEM VÍTIMA";"FINALIZADA";"SANTO AMARO";"AV CRUZ CABUGA";"98";"";"FANIP";"SANTO AMARO";NA;"CIDADE";"ABALROAMENTO LONGITUDINAL";"COLISÃO COM VEICULO OFICIAL";2;0;0;0;0;0;0;0;0;0;0;"Longo da via";"Bom";"Não existe";"Perfeito estado";"Seca";"Perfeito estado";"Não existe";"Outras";"60 km/h";"Dupla";"Faixa contínua";"";""
"3583";2020-10-30;"13:30:00";"SEM VÍTIMA";"CANCELADA";"BOA VIAGEM";"RUA SETUBAL";"1379";"";"E/F A CENTRAL DA OI";"BOA VIAGEM";NA;"";"COLISÃO";"COLISO ENTRE AUTO E MOTO SEM VITIMA";1;1;0;0;0;0;0;0;0;0;0;"";"";"";"";"";"";"";"";"";"";"";"";""
"3584";2020-10-30;"22:30:00";"COM VÍTIMA";"CANCELADA";"ENGENHO DO MEIO";"AV VISCONDE DE SAO LEOPOLDO";"1184";"";"PRÓX A EUROFINS E AO LADO DO VIADUTO DA BR 101";"ENGENHO DO MEIO";NA;"";"ACID. DE PERCURSO";"VEÍCULO ACABOU CAPOTANDO PELA VIA. UM DOS PASSAGEIROS FOI SOCORRIDO PELO SAMU.";1;0;0;0;0;0;0;0;0;1;0;"";"";"";"";"";"";"";"";"";"";"";"";""
"3585";2020-10-30;"23:05:00";"SEM VÍTIMA";"CANCELADA";"MACAXEIRA";"RUA ANITA";"170";"";"UMA RUA ANTES DO CAMPO DA UNIAO";"MACAXEIRA";NA;"";"COLISÃO";"DOIS AUTOS OBS: SUSPEITA DE EMBRIAGUEZ POLICIA MILITAR NO LOCAL";2;0;0;0;0;0;0;0;0;0;0;"";"";"";"";"";"";"";"";"";"";"";"";""
"3586";2020-10-31;"01:43:00";"COM VÍTIMA";"FINALIZADA";"MADALENA";"RUA JOSE OSORIO";"";"AV VISCONDE DE ALBUQUERQUE";"ESQUINA COM A EXTRA FARMA";"MADALENA";50;"CIDADE";"ABALROAMENTO TRANSVERSAL";"DOIS AUTOS (UMA VT DA PCPE) COM DUAS VITIMA PRESAS NAS FERRAGENS.";2;0;0;0;0;0;0;0;0;2;0;"Cruzamento";"Bom";"";"Perfeito estado";"Seca";"Perfeito estado";"Faixa de pedestre";"";"";"Única";"Faixa contínua";"";""
"3587";2020-10-31;"03:06:00";"COM VÍTIMA";"FINALIZADA";"IMBIRIBEIRA";"AV MARECHAL MASCARENHAS DE MORAES";"2716";"RUA JALISCO";"EM FRENTE AO INTER HOTEL. GERALDÃO.";"IMBIRIBEIRA";290;"SUBURBIO";"ABALROAMENTO TRANSVERSAL";"DOIS AUTOS COM VITIMAS NO LOCAL";2;0;0;0;0;0;0;0;0;3;0;"Cruzamento";"Bom";"Sem defeito";"Perfeito estado";"Seca";"Perfeito estado";"Não existe";"Não há placas";"";"Dupla";"Canteiro central";"";""
"3588";2020-10-31;"12:53:00";"SEM VÍTIMA";"FINALIZADA";"CAMPO GRANDE";"AV GOVERNADOR AGAMENON MAGALHAES";"";"RUA ODORICO MENDES";"LADO OPOSTO AO IC";"CAMPO GRANDE";NA;"SUBURBIO";"ABALROAMENTO TRANSVERSAL";"COLISAO DE DOIS AUTOS S/ VITIMAS ( VEICULO OFICIAL DA MARINHA)";2;0;0;0;0;0;0;0;0;0;0;"Cruzamento";"Bom";"Sem defeito";"Perfeito estado";"Seca";"Perfeito estado";"Faixa de retenção";"Placas Dê a preferência";"";"Dupla";"Faixa contínua";"";""
"3589";2020-10-31;"13:02:00";"COM VÍTIMA";"FINALIZADA";"SÃO JOSÉ";"AV SUL";"";"AV DANTAS BARRETO";"E/F A PRAÇA SÉRGIO LORETO";"SÃO JOSÉ";311;"CIDADE";"COLISÃO FRONTAL";"COLISÃO C/VITIMA ENTRE UM AUTO E UMA MOTO";1;1;0;0;0;0;0;0;0;1;0;"Cruzamento";"Bom";"Sem defeito";"Perfeito estado";"Seca";"Perfeito estado";"Faixa de retenção";"Outras";"";"Dupla";"Faixa seccionada";"Canteiro central";""
"3590";2020-10-31;"15:37:00";"COM VÍTIMA";"FINALIZADA";"SANTO AMARO";"RUA DOS PALMARES";"";"RUA TREZE DE MAIO";"NO CRUZAMENTO MESMO";"SANTO AMARO";30;"SUBURBIO";"ABALROAMENTO TRANSVERSAL";"COLISAO ENTRE AUTO E MOTO COM VITIMAS";1;1;0;0;0;0;0;0;0;1;0;"Cruzamento";"Bom";"Sem defeito";"Perfeito estado";"Seca";"Perfeito estado";"Faixa de pedestre";"Não há placas";"";"Dupla";"Faixa contínua";"";""
"3591";2020-10-31;"17:33:00";"COM VÍTIMA";"FINALIZADA";"CORDEIRO";"AV GENERAL SAN MARTIN";"530";"";"PRÓXIMO AO CHEUS CONSTRUÇÃO.";"CORDEIRO";NA;"";"ABALROAMENTO LONGITUDINAL";"COM VÍTIMA - A OUTRA PARTE EVADIU-SE";0;1;0;0;0;0;0;0;0;1;0;"Longo da via";"Bom";"Não existe";"Perfeito estado";"Seca";"Perfeito estado";"Outros";"R-6a";"";"Dupla";"Faixa contínua";"";""
"3592";2020-10-31;"18:12:00";"COM VÍTIMA";"FINALIZADA";"CORDEIRO";"AV MAURICIO DE NASSAU";"35";"";"PRÓXIMO AO PARQUE DO CAIARA";"CORDEIRO";NA;"BR 101";"COLISÃO COM CICLISTA";"COLISÃO ENTRE AUTO E BICICLETA";1;0;0;1;0;0;0;0;0;1;0;"Longo da via";"Bom";"Não existe";"Ilegível";"Seca";"Perfeito estado";"Não existe";"Outras";"40 km/h";"Dupla";"Faixa contínua";"";""
"3593";2020-11-01;"20:15:00";"SEM VÍTIMA";"CANCELADA";"TEJIPIÓ";"RUA FALCAO DE LACERDA";"716";"";"E/F A PAROQUIA NOSSA SENHORA DO ROSARIO";"TEJIPIÓ";NA;"";"COLISÃO";"ENTRE 2 AUTOS. S/V. UM DOS CONDUTORES APRESENTAM SINAIS DE EMBRIAGUEZ";2;0;0;0;0;0;0;0;0;0;0;"";"";"";"";"";"";"";"";"";"";"";"";""
"3594";2020-11-01;"22:56:00";"COM VÍTIMA";"FINALIZADA";"CAMPINA DO BARRETO";"RUA CORONEL URBANO RIBEIRO DE SENA";"548";"";"AO LADO DO CALDINHO CALDELHO";"CAMPINA DO BARRETO";NA;"SUBURBIO";"ATROPELAMENTO";"MOTOCICLISTA ATROPELOU UMA CRIANÇA E SEU PAI. AMBAS AGUARDAM A PRESENÇA DO SAMU. O MESMO APRESENTA SINAIS DE EMBRIAGUEZ. C/V";0;1;0;0;2;0;0;0;0;2;0;"Longo da via";"Bom";"Não existe";"Perfeito estado";"Seca";"Perfeito estado";"Não existe";"Não há placas";"";"Dupla";"Faixa seccionada";"";""
"3595";2020-11-02;"00:03:00";"COM VÍTIMA";"FINALIZADA";"CABANGA";"RUA CAPITAO TEMUDO";"56";"";"PROXIMO A LOMBADO ELETRONICA. COMUNIDADE CATÓLICA FILHOS DA MISERICÓRDIA.";"CABANGA";NA;"SUBURBIO";"ATROPELAMENTO ANIMAL";"ATROPELAMENTO COM ANIMAL";2;0;0;0;0;0;0;0;1;1;0;"Viaduto";"Bom";"Não existe";"Perfeito estado";"Seca";"Perfeito estado";"";"Não há placas";"60 km/h";"Dupla";"Outros";"";""
"3596";2020-11-02;"00:12:00";"COM VÍTIMA";"FINALIZADA";"IBURA";"AV DOIS RIOS";"-8.1193662- -34.9430123";"";"SOB O VIATUDO DA BR 101.";"IBURA";NA;"CIDADE";"COLISÃO FRONTAL";"COLISÃO DOIS AUTOS";2;0;0;0;0;0;0;0;0;2;0;"Longo da via";"Bom";"Não existe";"Perfeito estado";"Seca";"Perfeito estado";"Não existe";"R-6a";"";"Dupla";"Faixa contínua";"";""
"3597";2020-11-02;"00:52:00";"SEM VÍTIMA";"CANCELADA";"TORRE";"RUA CONDE DE IRAJA";"";"";"EM FRENTE A IGREJA DA TORRE";"TORRE";NA;"";"COLISÃO";"ENTRE 2 AUTOS. S/V. UM DOS CONDUTORES APRESENTAM SINAIS DE EMBRIAGUEZ";2;0;0;0;0;0;0;0;0;0;0;"";"";"";"";"";"";"";"";"";"";"";"";""
"3598";2020-11-02;"03:31:00";"COM VÍTIMA";"FINALIZADA";"TORRE";"RUA SOUZA BANDEIRA";"";"RUA MARQUES DE MARICA";"SEMAFORO 317";"TORRE";317;"SUBURBIO";"ABALROAMENTO TRANSVERSAL";"VT POLICIA MOTO";0;1;0;0;0;0;0;1;0;1;0;"Cruzamento";"Bom";"Sem defeito";"Perfeito estado";"Seca";"Perfeito estado";"Não existe";"Não há placas";"";"Dupla";"Faixa seccionada";"";""
"3599";2020-11-02;"08:40:00";"COM VÍTIMA";"FINALIZADA";"IPSEP";"RUA JEAN EMILE FAVRE";"1322";"";"EM FRENTE AO SUPERMERCADO NOVA IGUAÇU";"IPSEP";NA;"";"COLISÃO";"MOTO E AUTO";1;1;0;0;0;0;0;0;0;2;0;"";"";"";"";"";"";"";"";"";"";"";"";""
"3600";2020-11-02;"16:30:00";"COM VÍTIMA";"FINALIZADA";"DOIS UNIDOS";"AV HILDEBRANDO DE VASCONCELOS";"24";"";"ACADEMIA/SEM NOME... TERMINAL DE DOIS UNIDOS. ARMAZÉM DO NEGO.";"DOIS UNIDOS";NA;"SUBURBIO";"ABALROAMENTO LONGITUDINAL";"COM VITIMA AGUARDANDO O SAMU / OBS: FAMILIARES E AMIGOS RECOLHERAM A MOTO. MOTORISTA INFORMA QUE: NÃO SABE PARA ONDE LEVARAM.";0;1;0;0;0;1;0;0;0;1;0;"Longo da via";"Bom";"Não existe";"Perfeito estado";"Seca";"Perfeito estado";"Não existe";"Não há placas";"";"Dupla";"Faixa seccionada";"";""
"3601";2020-11-02;"17:13:00";"COM VÍTIMA";"FINALIZADA";"TEJIPIÓ";"AV LIBERDADE";"-8.0821981- -34.9599935";"";"EM FRENTE DO CEMITERIO PARQUE DAS FLORES";"TEJIPIÓ";NA;"SUBURBIO";"ABALROAMENTO LONGITUDINAL";"COM VITIMA ESTA AGUARDANDO ATENDIMENTO DO SAMU";1;1;0;0;0;0;0;0;0;1;0;"Longo da via";"Bom";"Não existe";"Incompleta";"Seca";"Perfeito estado";"Não existe";"Não há placas";"30 km/h";"Dupla";"Faixa contínua";"";""
"3602";2020-11-02;"18:00:00";"COM VÍTIMA";"FINALIZADA";"DERBY";"RUA DR SEVERINO PINHEIRO";"-8.0576556--34.9009656";"";"NA PRAÇA DO DERBY MESMO. QUARTEL DO DERBY.";"DERBY";NA;"SUBURBIO";"CHOQUE OBJETO FIXO";"CHOQUE MOTO NO CANTEIRO";0;1;0;0;0;0;0;0;0;1;0;"Longo da via";"Bom";"Sem defeito";"Perfeito estado";"Seca";"Perfeito estado";"Faixa de pedestre";"R-6a";"";"Única";"Canteiro central";"";""
"3603";2020-11-03;"08:00:00";"SEM VÍTIMA";"FINALIZADA";"CAXANGÁ";"AV CAXANGA";"";"";"PROX A INTEGRAÇÃO  DA CAXANGA";"CAXANGÁ";NA;"";"COLISÃO";"COLISÃO SEM VITIMAS GM RENAN QTH";0;1;0;0;0;0;0;1;0;0;0;"Longo da via";"Bom";"Sem defeito";"Perfeito estado";"Seca";"Perfeito estado";"Agente";"Outras";"";"Dupla";"Faixa contínua";"";""
"3604";2020-11-03;"08:11:00";"COM VÍTIMA";"FINALIZADA";"AREIAS";"AV DR JOSE RUFINO";"2125";"RUA DOMINGOS TEOTONIO";"EM FRENTE AO COLEGIO IMACULADA CONCEIÇÃO . PIZZA HOT.";"AREIAS";213;"CIDADE";"COLISÃO FRONTAL";"AUTO E MOTO.";1;1;0;0;0;0;0;0;0;1;0;"Longo da via";"Bom";"Sem defeito";"Perfeito estado";"Seca";"Perfeito estado";"Faixa de retenção";"Placas Pare";"";"Dupla";"Faixa contínua";"";""
"3605";2020-11-03;"09:34:00";"COM VÍTIMA";"FINALIZADA";"ARRUDA";"AV BEBERIBE";"1285";"";"EM FRENTE AO BOMPREÇO E ESTÁDIO DE FUTEBOL SANTA CRUZ F. C.";"ARRUDA";131;"SUBURBIO";"ATROPELAMENTO";"AUTO E PEDESTRE VT-03 NO LOCAL SUB. SABINO";1;0;0;0;1;0;0;0;0;1;0;"Longo da via";"Bom";"Sem defeito";"Perfeito estado";"Seca";"Perfeito estado";"Faixa de pedestre";"Outras";"";"Dupla";"Faixa contínua";"";""
"3606";2020-11-03;"11:21:00";"COM VÍTIMA";"FINALIZADA";"IMBIRIBEIRA";"AV MARECHAL MASCARENHAS DE MORAES";"2931";"RUA ALMEIDA JUNIOR";"PROX A FACULDADE  UNIVERSOEM FRENTE A CONCESSIONARIA HONDA   NO SENTIDO AFOGADOS";"IMBIRIBEIRA";631;"CIDADE";"COLISÃO TRASEIRA";"COLISÃO COM VITIMA";1;1;0;0;0;0;0;0;0;1;0;"Cruzamento";"Bom";"Sem defeito";"Perfeito estado";"Seca";"Perfeito estado";"Faixa de retenção";"Não há placas";"60 km/h";"Dupla";"Canteiro central";"";""
"3607";2020-11-03;"15:59:00";"COM VÍTIMA";"FINALIZADA";"IMBIRIBEIRA";"RUA BARAO DE AGUA BRANCA";"";"RUA SARGENTO SILVINO DE MACEDO";"PROXIMO A IGREJA CATEDRAL DA RECONCILIACAO E A ANATEL.";"IMBIRIBEIRA";NA;"";"COLISÃO FRONTAL";"COLISÃO COM VÍTIMA ENTRE AUTO E MOTO";1;1;0;0;0;0;0;0;0;1;0;"Esquina";"Bom";"Não existe";"Não existente";"Seca";"Perfeito estado";"Não existe";"Não há placas";"";"Dupla";"Não existe";"";""
"3608";2020-11-03;"18:54:00";"COM VÍTIMA";"FINALIZADA";"TORRÕES";"RUA DR MIGUEL VIEIRA FERREIRA";"275";"RUA CLAUDIO BROTHERHOOD";"PROX AO EDF. OCEANO E BETO BEBIDAS";"TORRÕES";NA;"SUBURBIO";"COLISÃO FRONTAL";"NISSAN X PRISMA X CITROEN";3;0;0;0;0;0;0;0;0;1;0;"Cruzamento";"Bom";"Não existe";"Incompleta";"Seca";"Mal iluminada";"Faixa de pedestre";"Outras";"30 km/h";"Dupla";"Faixa contínua";"";""
"3609";2020-11-04;"08:37:00";"COM VÍTIMA";"FINALIZADA";"SANTO AMARO";"RUA DOS PALMARES";"547";"";"EM FRENTE AO COMANDO DA GUARDA";"SANTO AMARO";NA;"CIDADE";"ABALROAMENTO LONGITUDINAL";"COM UMA VITIMA -AGUARDANDO SAMU/VT 29 ASSUMIU/GM ARLETE/GM MARCOS ALEXANDRE/GM ANTONIO SOUZA/GM ADAILSON";1;1;0;0;0;0;0;0;0;1;0;"Longo da via";"Bom";"Não existe";"Perfeito estado";"Seca";"Perfeito estado";"Não existe";"Não há placas";"60 km/h";"Dupla";"Faixa seccionada";"Canteiro central";""
"3610";2020-11-04;"11:20:00";"COM VÍTIMA";"FINALIZADA";"ARRUDA";"AV BEBERIBE";"";"RUA SAO BENTO";"";"ARRUDA";64;"SUBURBIO";"ABALROAMENTO TRANSVERSAL";"COLISÃO ENTRE CAMINHÃO E MOTOCICLETA";0;1;0;0;0;0;1;0;0;1;0;"Cruzamento";"Bom";"Sem defeito";"Perfeito estado";"Seca";"Perfeito estado";"Faixa de pedestre";"R-6a";"30 km/h";"Dupla";"Não existe";"";""
"3611";2020-11-04;"15:00:00";"COM VÍTIMA";"FINALIZADA";"VÁRZEA";"AV CAXANGA";"";"RUA RODRIGUES FERREIRA";"PROXIMO AO RESIDENCIAL JD. CAXANGA";"VÁRZEA";232;"";"ABALROAMENTO TRANSVERSAL";"ÔNIBUS E MOTO.";0;1;0;0;0;1;0;0;0;1;0;"Longo da via";"Bom";"Sem defeito";"Perfeito estado";"Seca";"Perfeito estado";"Não existe";"Não há placas";"";"Única";"Não existe";"";""
"3612";2020-11-04;"15:45:00";"COM VÍTIMA";"FINALIZADA";"CASA FORTE";"AV DEZESSETE DE AGOSTO";"";"RUA PIAUI";"PROX AO HOSPITAL HEMILIO DE MORAIS";"CASA FORTE";251;"SUBURBIO";"COLISÃO FRONTAL";"COLISÃO MOTO X CARRO / VT 27 NO LOCAL";1;1;0;0;0;0;0;0;0;1;0;"Cruzamento";"Bom";"Sem defeito";"Perfeito estado";"Seca";"Perfeito estado";"Agente";"R-6a";"";"Dupla";"Faixa contínua";"";""
"3613";2020-11-04;"16:22:00";"COM VÍTIMA";"FINALIZADA";"PARNAMIRIM";"AV DEZESSETE DE AGOSTO";"223";"";"50 METROS ANTES DA CULTURA INGLESA. PRAÇA JOSÉ VILELA.";"PARNAMIRIM";NA;"SUBURBIO";"ABALROAMENTO LONGITUDINAL";"COLISAO ENVOLVENDO AUTO- ONIBUS E MOTO COM VITIMA.";1;1;0;0;0;1;0;0;0;1;0;"Longo da via";"Bom";"Não existe";"Perfeito estado";"Seca";"Perfeito estado";"Não existe";"Não há placas";"";"Dupla";"Faixa contínua";"";""
"3614";2020-11-04;"19:32:00";"COM VÍTIMA";"FINALIZADA";"BOA VIAGEM";"RUA SA E SOUZA";"";"RUA GENERAL SALGADO";"AO LADO DA DROGARIA DROGAMAR.";"BOA VIAGEM";NA;"";"ABALROAMENTO TRANSVERSAL";"COLISAO ENTRE AUTO E MOTO COM VITIMA";1;1;0;0;0;0;0;0;0;1;0;"Cruzamento";"Bom";"Não existe";"Perfeito estado";"Seca";"Perfeito estado";"Não existe";"Placas Pare";"";"Dupla";"Faixa seccionada";"";""
"3615";2020-11-04;"20:26:00";"COM VÍTIMA";"FINALIZADA";"FUNDÃO";"RUA CORONEL URBANO RIBEIRO DE SENA";"439";"";"PROX. A BARRIGUDA";"FUNDÃO";NA;"SUBURBIO";"ABALROAMENTO TRANSVERSAL";"COLISÃO COM VITIMA/ VITIMA JÁ FOI LEVADA NA VIATURA DOS BOMBEIROS";1;1;0;0;0;0;0;0;0;1;0;"Longo da via";"Bom";"Não existe";"Perfeito estado";"Seca";"Perfeito estado";"Não existe";"";"";"Dupla";"Faixa seccionada";"";""
"3616";2020-11-05;"08:55:00";"COM VÍTIMA";"FINALIZADA";"ESTÂNCIA";"AV DR JOSE RUFINO";"";"RUA HAVAI";"PROX. A GALERIA MARGARIDA";"ESTÂNCIA";NA;"";"ABALROAMENTO TRANSVERSAL";"AUTO E MOTO C/V";1;1;0;0;0;0;0;0;0;1;0;"Cruzamento";"Bom";"Não existe";"Perfeito estado";"Seca";"Perfeito estado";"Não existe";"Não há placas";"40 km/h";"Dupla";"Faixa contínua";"";""
"3617";2020-11-05;"11:21:00";"SEM VÍTIMA";"FINALIZADA";"MADALENA";"RUA BELARMINO CARNEIRO";"";"RUA MANOEL BERNARDES";"PROX. A COMUNIDADE BATISTA";"MADALENA";NA;"";"ENGAVETAMENTO";"VT- POLICIA CIVIL OFICIAL E 3 AUTOS";3;0;0;0;0;0;0;1;0;0;0;"Cruzamento";"Bom";"Não existe";"Não existente";"Seca";"Perfeito estado";"Não existe";"Não há placas";"";"Dupla";"Não existe";"";""
"3618";2020-11-05;"13:25:00";"SEM VÍTIMA";"FINALIZADA";"COELHOS";"RUA FRANCISCO ALVES";"49";"";"PROX. AO IMIP";"COELHOS";NA;"";"COLISÃO";"AMBULANCIA OFICAL E AUTO";2;0;0;0;0;0;0;0;0;0;0;"Longo da via";"Bom";"Não existe";"Perfeito estado";"Seca";"Perfeito estado";"Outros";"Outras";"";"Dupla";"Faixa contínua";"";""
"3619";2020-11-05;"14:25:00";"COM VÍTIMA";"CANCELADA";"TORRE";"RUA MARQUES DE MARICA";"208";"";"APOS O CARREFOUR E/F A PRAÇA";"TORRE";NA;"";"COLISÃO";"COLISAO ENTRE AUTO E MOTO COM VITIMA";1;1;0;0;0;0;0;0;0;1;0;"";"";"";"";"";"";"";"";"";"";"";"";""
"3620";2020-11-05;"13:54:00";"COM VÍTIMA";"FINALIZADA";"CASA FORTE";"AV DEZESSETE DE AGOSTO";"1255";"";"ANTES DA PRAÇA VITORIA REGIA S/T CID ENTRE A FARMACIA DROGASIL E O POSTO PETROBRAS";"CASA FORTE";NA;"";"ABALROAMENTO TRANSVERSAL";"COLISAO ENTRE AUTO E MOTO COM VITIMA";1;1;0;0;0;0;0;0;0;1;0;"Longo da via";"Bom";"Não existe";"Perfeito estado";"Seca";"Perfeito estado";"Não existe";"Outras";"";"Dupla";"";"";""
"3621";2020-11-05;"21:00:00";"COM VÍTIMA";"FINALIZADA";"PINA";"AV HERCULANO BANDEIRA";"348";"";"APOS A IGREJA EM FRENTE A BIFURCAÇAO";"PINA";NA;"SUBURBIO";"COLISÃO TRASEIRA";"MOTO X AUTO   OBS: LOCAL DA COLISAO FOI DESCARACTERIZADO";1;1;0;0;0;0;0;0;0;1;0;"Longo da via";"Bom";"Não existe";"Perfeito estado";"Seca";"Perfeito estado";"Não existe";"R-6a";"50 km/h";"Única";"";"";""
"3622";2020-11-06;"01:29:00";"SEM VÍTIMA";"FINALIZADA";"TEJIPIÓ";"AV DR JOSE RUFINO";"";"";"EM FRENTE A ESCOLA ALBERTO TORRES";"TEJIPIÓ";NA;"";"COLISÃO";"COLISÃO DOIS AUTOS";2;0;0;0;0;0;0;0;0;0;0;"Longo da via";"Chuvoso";"Não existe";"Perfeito estado";"Molhada";"Perfeito estado";"";"";"";"Dupla";"Faixa contínua";"";""
"3623";2020-11-06;"08:22:00";"COM VÍTIMA";"FINALIZADA";"JORDÃO";"AV MARIA IRENE";"55";"RUA ANTONIO ROCHA";"EM FRENTE AO MARTELINHO DE OURO ALTO CRUZ";"JORDÃO";NA;"CIDADE";"ABALROAMENTO TRANSVERSAL";"COM UMA VITIMA SENDO SOCORRIDA PELO BOMBEIRO";1;1;0;0;0;0;0;0;0;1;0;"Cruzamento";"Bom";"Não existe";"Perfeito estado";"Seca";"Perfeito estado";"Não existe";"Não há placas";"";"Dupla";"Faixa contínua";"";""
"3624";2020-11-06;"10:05:00";"COM VÍTIMA";"FINALIZADA";"SÃO JOSÉ";"RUA IMPERIAL";"";"PRC SERGIO LORETO";"";"SÃO JOSÉ";408;"CIDADE";"ATROPELAMENTO";"MOTOCICLETA E PEDESTRE";0;1;0;0;1;0;0;0;0;1;0;"Longo da via";"Bom";"Sem defeito";"Perfeito estado";"Seca";"Perfeito estado";"Não existe";"Não há placas";"";"Única";"Não existe";"";""
"3625";2020-11-06;"12:15:00";"SEM VÍTIMA";"FINALIZADA";"SANTO AMARO";"RUA DA UNIAO";"";"RUA PRINCESA IZABEL";"NA RUA DA ASSEMBLEA LEGISLATIVA";"SANTO AMARO";NA;"";"COLISÃO";"MOTO X CARRO / AGENTES NO LOCAL INS EDINALDO - DAVID LUIZ VT 08";1;1;0;0;0;0;0;0;0;0;0;"";"";"";"";"";"";"";"";"";"";"";"";""
"3626";2020-11-06;"12:36:00";"COM VÍTIMA";"FINALIZADA";"AFOGADOS";"RUA SAO MIGUEL";"1204";"RUA DONA MARIA DE ANGELIS";"EM FRENTE CLINICA JAILME CORDEIRO- AO LADO DO CHINA IN BOX";"AFOGADOS";NA;"CIDADE";"ABALROAMENTO LONGITUDINAL";"COLISÃO ENTRE AUTO E MOTO- C/V";1;1;0;0;0;0;0;0;0;1;0;"Esquina";"Bom";"Não existe";"Perfeito estado";"Seca";"Perfeito estado";"Outros";"Outras";"50 km/h";"Dupla";"Faixa";"";""
"3627";2020-11-06;"13:07:00";"COM VÍTIMA";"FINALIZADA";"APIPUCOS";"RUA DE APIPUCOS";"";"RUA MANDACARU";"EM FRENTE AO RESIDENCIAL E PARQUE APIPUCOS.";"APIPUCOS";500;"CIDADE";"COLISÃO FRONTAL";"COLISÃO ENTRE AUTO E MOTO- C/V";1;1;0;0;0;0;0;0;0;1;0;"Longo da via";"Bom";"";"Perfeito estado";"Seca";"Perfeito estado";"";"";"50 km/h";"Dupla";"Faixa contínua";"";""
"3628";2020-11-06;"14:33:00";"COM VÍTIMA";"FINALIZADA";"PINA";"AV HERCULANO BANDEIRA";"";"RUA NOGUEIRA DE SOUZA";"INÍCIO DA AV HERCULANO BANDEIRA. EM FRENTE A MERCEDES BENZ.";"PINA";657;"SUBURBIO";"ABALROAMENTO LONGITUDINAL";"DOIS AUTOS E UMA MOTO";2;1;0;0;0;0;0;0;0;2;0;"Longo da via";"Bom";"Sem defeito";"Perfeito estado";"Seca";"Perfeito estado";"Faixa de pedestre";"Não há placas";"60 km/h";"Única";"Faixa seccionada";"";""
"3629";2020-11-06;"19:42:00";"COM VÍTIMA";"FINALIZADA";"VÁRZEA";"RUA TENENTE ROLAND RITTMISTER";"37";"";"PROX AO BAR DE QUETA. ASSOCIAÇÃO DOS MORADORES.";"VÁRZEA";NA;"SUBURBIO";"CHOQUE VEÍCULO PARADO";"COLISAO ENTRE AUTO E MOTO COM VITIMA";1;1;0;0;0;0;0;0;0;1;0;"Longo da via";"Bom";"Não existe";"Perfeito estado";"Seca";"Perfeito estado";"Não existe";"Não há placas";"";"Dupla";"Faixa contínua";"";""
"3630";2020-11-06;"19:52:00";"COM VÍTIMA";"FINALIZADA";"IBURA";"AV SANTOS";"186B";"RUA PARNARAMA";"EM FRENTE A ASSISTÊNCIA TÉCNICA.";"IBURA";NA;"CIDADE";"COLISÃO";"COLISAO ENTRE DUA MOTOS";0;2;0;0;0;0;0;0;0;2;0;"Longo da via";"Bom";"Não existe";"Incompleta";"Seca";"Mal conservada";"Não existe";"Não há placas";"";"Dupla";"Faixa seccionada";"";""
"3631";2020-11-06;"22:15:00";"COM VÍTIMA";"FINALIZADA";"IPSEP";"RUA RIO DOCE";"500";"RUA PINTOR ANTONIO ALBUQUERQUE";"SINDICATO DOS MOTORISTAS";"IPSEP";NA;"SUBURBIO";"COLISÃO FRONTAL";"COLISÃO COM VITIMA";1;1;0;0;0;0;0;0;0;1;0;"Cruzamento";"Bom";"Não existe";"Perfeito estado";"Seca";"Perfeito estado";"Faixa de pedestre";"Não há placas";"";"Dupla";"Faixa contínua";"";""
"3632";2020-11-07;"01:27:00";"SEM VÍTIMA";"CANCELADA";"IPSEP";"AV RECIFE";"";"";"EM FRENTE A PIZZARIA ATLANTICA";"IPSEP";NA;"";"CHOQUE OBJETO FIXO";"COLISÃO AUTO E POSTE";1;0;0;0;0;0;0;0;0;0;0;"";"";"";"";"";"";"";"";"";"";"";"";""
"3633";2020-11-07;"09:09:00";"COM VÍTIMA";"FINALIZADA";"CAMPO GRANDE";"RUA ODORICO MENDES";"100";"";"EM FRENTE AO RESIDENCIAL AUGUSTO LUCENA";"CAMPO GRANDE";NA;"SUBURBIO";"ABALROAMENTO TRANSVERSAL";"AUTO E MOTO C/V";1;1;0;0;0;0;0;0;0;1;0;"Longo da via";"Bom";"Não existe";"Incompleta";"Seca";"Perfeito estado";"Não existe";"Não há placas";"";"Dupla";"Faixa seccionada";"";""
"3634";2020-11-07;"13:01:00";"SEM VÍTIMA";"CANCELADA";"PARNAMIRIM";"AV FLOR DE SANTANA";"360";"";"E/F AO RESTAURANTE LA TRATORIA";"PARNAMIRIM";NA;"";"COLISÃO";"COLISÃO SEM VÍTIMA";0;2;0;0;0;0;0;0;0;0;0;"";"";"";"";"";"";"";"";"";"";"";"";""