"";"data";"hora";"natureza_acidente";"situacao";"bairro";"endereco";"numero";"detalhe_endereco_acidente";"complemento";"bairro_cruzamento";"num_semaforo";"sentido_via";"tipo";"descricao";"auto";"moto";"ciclom";"ciclista";"pedestre";"onibus";"caminhao";"viatura";"outros";"vitimas";"vitimasfatais";"acidente_verificado";"tempo_clima";"situacao_semaforo";"sinalizacao";"condicao_via";"conservacao_via";"ponto_controle";"situacao_placa";"velocidade_max_via";"mao_direcao";"divisao_via1";"divisao_via2";"divisao_via3"
"3635";2020-11-07;"13:53:00";"COM VÍTIMA";"CANCELADA";"IBURA";"AV DOIS RIOS";"515";"";"E/F AO PET SHOP PET CLINICA";"IBURA";NA;"";"COLISÃO";"COLISAO ENTRE AUTO E MOTO COM UMA VITIMA";1;1;0;0;0;0;0;0;0;1;0;"";"";"";"";"";"";"";"";"";"";"";"";""
"3636";2020-11-07;"14:02:00";"COM VÍTIMA";"FINALIZADA";"ARRUDA";"RUA DO MACHADO";"";"RUA ZEFERINO AGRA";"IGREJA BATISTA DO ARRUDA.";"ARRUDA";NA;"";"COLISÃO FRONTAL";"COLISAO ENTRE AUTO E MOTO COM UMA VITIMA";1;1;0;0;0;0;0;0;0;1;0;"Cruzamento";"Bom";"Não existe";"Perfeito estado";"Seca";"Perfeito estado";"Faixa de pedestre";"R-6a";"";"Dupla";"Faixa seccionada";"";""
"3637";2020-11-07;"14:42:00";"SEM VÍTIMA";"FINALIZADA";"";"RUA DR BENIGNO JORDAO DE VASCONCELOS";"386";"";"PROXIMO A IGREJA CATOLICA DE LAGOA ENCANTADA";"";NA;"SUBURBIO";"ABALROAMENTO LONGITUDINAL";"COLISÃO COM VIATURA";2;0;0;0;0;0;0;0;0;0;0;"Longo da via";"Bom";"Não existe";"Perfeito estado";"Seca";"Perfeito estado";"";"Outras";"30 km/h";"Dupla";"Faixa seccionada";"";""
"3638";2020-11-07;"16:52:00";"SEM VÍTIMA";"EQUIPE EM DESLOCAMENTO";"ARRUDA";"AV PROFESSOR JOSE DOS ANJOS";"";"";"SOB O SEMÁFORO Nº 306";"ARRUDA";306;"SUBURBIO";"CHOQUE VEÍCULO PARADO";"COLISÃO SEM VÍTIMA UM DOS CONDUTORES COM SINTOMAS DE EMBRIAGUEZ";2;0;0;0;0;0;0;0;0;0;0;"Cruzamento";"Bom";"Sem defeito";"Perfeito estado";"Seca";"Perfeito estado";"Não existe";"";"";"Dupla";"Canal";"";""
"3639";2020-11-07;"22:20:00";"COM VÍTIMA";"FINALIZADA";"SANTO AMARO";"AV JOAO DE BARROS";"594";"";"CONSERVATORIO PERNAMBUCANO DE MUSICA";"SANTO AMARO";NA;"SUBURBIO";"COLISÃO TRASEIRA";"AMBULANCIA X AUTO    OBS: SUSPEITA DE EMBRIAGUEZ";2;0;0;0;0;0;0;0;0;1;0;"Longo da via";"Chuvoso";"Sem defeito";"Perfeito estado";"Molhada";"Perfeito estado";"Faixa de pedestre";"Outras";"";"Única";"Não existe";"";""
"3640";2020-11-08;"02:35:00";"SEM VÍTIMA";"FINALIZADA";"BOA VISTA";"AV CONDE DA BOA VISTA";"357A";"RUA DAS NINFAS";"CASA AFRICANA";"BOA VISTA";681;"SUBURBIO";"CHOQUE VEÍCULO PARADO";"COLISÃO AUTO E MOTO";1;1;0;0;0;0;0;0;0;0;0;"Longo da via";"Bom";"Intermitente";"Perfeito estado";"Seca";"Perfeito estado";"Faixa de pedestre";"";"";"Única";"Faixa contínua";"";""
"3641";2020-11-08;"04:56:00";"SEM VÍTIMA";"FINALIZADA";"JORDÃO";"AV MARIA IRENE";"";"";"MURO DA BASE ÁEREA";"JORDÃO";NA;"";"CHOQUE OBJETO FIXO";"";1;0;0;0;0;0;0;0;0;0;0;"";"";"";"";"";"";"";"";"";"";"";"";""
"3642";2020-11-08;"05:03:00";"SEM VÍTIMA";"CANCELADA";"BOA VIAGEM";"RUA BARAO DE SOUZA LEAO";"1065";"";"EM FRENTE A LOJA ORTOBOM";"BOA VIAGEM";NA;"";"CHOQUE OBJETO FIXO";"PORTÃO DA RESIDÊNCIA";1;0;0;0;0;0;0;0;0;0;0;"";"";"";"";"";"";"";"";"";"";"";"";""
"3643";2020-11-08;"10:57:00";"SEM VÍTIMA";"FINALIZADA";"BOA VIAGEM";"AV BOA VIAGEM";"2784";"";"APÓS A PADARIA BOA VIAGEM";"BOA VIAGEM";NA;"CIDADE";"CHOQUE VEÍCULO PARADO";"SEM VITIMAS -UM DOS CONDUTORES EM SITUAÇÃO DE EMBRIAGUEZ";3;0;0;0;0;0;0;0;0;0;0;"Longo da via";"Bom";"Não existe";"Perfeito estado";"Seca";"Perfeito estado";"Não existe";"Não há placas";"";"Única";"Faixa seccionada";"";""
"3644";2020-11-08;"13:25:00";"COM VÍTIMA";"FINALIZADA";"MADALENA";"AV VISCONDE DE ALBUQUERQUE";"400";"RUA LOPES DE CARVALHO";"EM FRENTE A LOJA SPUK- AO LADO DO CENTRO ESPIRITA QUINTA LUZ. GALERIA MADALENA CENTER.";"MADALENA";NA;"TORRE";"ABALROAMENTO TRANSVERSAL";"COLISÃO ENTRE AUTO E MOTO C/V";1;1;0;0;0;0;0;0;0;1;0;"Cruzamento";"Bom";"Não existe";"Perfeito estado";"Seca";"Perfeito estado";"Não existe";"Placas Pare";"";"Única";"Faixa seccionada";"";""
"3645";2020-11-08;"14:23:00";"COM VÍTIMA";"FINALIZADA";"ROSARINHO";"RUA AMARO COUTINHO";"";"AV SANTOS DUMONT";"AO LADO DA PRAÇA DO ROSARINHO";"ROSARINHO";NA;"";"ABALROAMENTO TRANSVERSAL";"COLISÃO ENTRE AUTO E MOTO C/V- BATEDOR DE ANGELIS NO LOCAL";1;1;0;0;0;0;0;0;0;1;0;"Cruzamento";"Bom";"Não existe";"Perfeito estado";"Seca";"Perfeito estado";"Não existe";"Placas Pare";"40 km/h";"Dupla";"Faixa seccionada";"";""
"3646";2020-11-08;"15:44:00";"SEM VÍTIMA";"FINALIZADA";"IMBIRIBEIRA";"RUA ITACARI";"";"AV MARECHAL MASCARENHAS DE MORAES";"";"IMBIRIBEIRA";NA;"";"CHOQUE";"APOIO EM CHOQUE DE VEÍCULO COM POSTE SEMAFÓRICO";0;0;0;0;0;0;0;0;0;0;0;"";"";"";"";"";"";"";"";"";"";"";"";""
"3647";2020-11-08;"16:11:00";"COM VÍTIMA";"FINALIZADA";"LINHA DO TIRO";"RUA URIEL DE HOLANDA";"515A";"";"EM FRENTE AO NUMERO 515A. LADO OPOSTO AO LAVA JATO DEUS É FIEL.";"LINHA DO TIRO";NA;"PRAÇA DA CONVENÇÃO";"COLISÃO FRONTAL";"COLISÃO MOTO X CARRO / VT 11 NO LOCAL";1;1;0;0;0;0;0;0;0;1;0;"Longo da via";"Bom";"Não existe";"Incompleta";"Seca";"Perfeito estado";"Não existe";"R-6a";"";"Dupla";"Não existe";"";""
"3648";2020-11-08;"19:00:00";"COM VÍTIMA";"FINALIZADA";"IBURA";"AV DOM HELDER CAMARA";"309";"";"AO LADO DA MOTO SHOW DISTRIBUIDORA- PROXIMO DO FORMAQUINAS. PARADA DE ÔNIBUS 020180.";"IBURA";NA;"CIDADE";"CHOQUE VEÍCULO PARADO";"COLISÃO ENTRE ÔNIBUS E MOTO C/V";0;1;0;0;0;1;0;0;0;1;0;"Longo da via";"Bom";"Não existe";"Perfeito estado";"Seca";"Perfeito estado";"";"";"";"";"";"";""
"3649";2020-11-08;"19:40:00";"COM VÍTIMA";"FINALIZADA";"CAMPO GRANDE";"RUA PITIGUARAS";"470";"RUA ESBERARD";"PROX. A COMUNIDADE DO CHIE";"CAMPO GRANDE";NA;"SUBURBIO";"CHOQUE VEÍCULO PARADO";"COM VITIMA";1;0;0;0;0;0;1;0;0;1;0;"Longo da via";"Chuvoso";"Não existe";"Incompleta";"Molhada";"Mal conservada";"Não existe";"Não há placas";"";"Dupla";"Não existe";"";""
"3650";2020-11-09;"00:22:00";"COM VÍTIMA";"CANCELADA";"MADALENA";"EST DOS REMEDIOS";"";"AV JOSE GONCALVES DE MEDEIROS";"PROXIMO A POLICLINICA LESSA DE ANDRADE";"MADALENA";NA;"";"COLISÃO";"";0;0;0;0;0;0;0;0;0;2;0;"";"";"";"";"";"";"";"";"";"";"";"";""
"3651";2020-11-09;"02:58:00";"SEM VÍTIMA";"FINALIZADA";"TAMARINEIRA";"AV CONS ROSA E SILVA";"";"RUA CONEGO BARATA";"";"TAMARINEIRA";NA;"";"COLISÃO";"UMA DAS PARTES SE EVADIU DO LOCAL ABANDONANDO O VEÍCULO NO MEIO DA VIA";1;0;0;0;0;0;1;0;0;0;0;"Cruzamento";"Chuvoso";"Sem defeito";"Perfeito estado";"Molhada";"Perfeito estado";"Faixa de pedestre";"Outras";"";"";"";"";""
"3652";2020-11-09;"08:46:00";"COM VÍTIMA";"FINALIZADA";"ILHA DO LEITE";"AV BEIRA RIO";"-8.0667434- -34.8967541";"";"AO LADO DO HOSPITAL ESPERANÇA- EMBAIXO DO VIADUTO JOSÉ DE BARROS LIMA.";"ILHA DO LEITE";NA;"ILHA DO LEITE";"COLISÃO TRASEIRA";"AUTO E MOTO C/V";1;1;0;0;0;0;0;0;0;1;0;"Longo da via";"Bom";"Não existe";"Perfeito estado";"Seca";"Perfeito estado";"Não existe";"Não há placas";"40 km/h";"";"Faixa seccionada";"";""
"3653";2020-11-09;"12:14:00";"COM VÍTIMA";"FINALIZADA";"PARNAMIRIM";"RUA FERREIRA LOPES";"249";"";"LADO OPOSTO AO EDIFICIO TIGNANELLO";"PARNAMIRIM";NA;"EST. ENCANAMENTO";"ABALROAMENTO LONGITUDINAL";"COLISÃO COM VÍTIMA";1;1;0;0;0;0;0;0;0;1;0;"Longo da via";"Bom";"Sem defeito";"Perfeito estado";"Seca";"Perfeito estado";"Não existe";"Não há placas";"";"Dupla";"Faixa seccionada";"";""
"3654";2020-11-09;"12:34:00";"COM VÍTIMA";"FINALIZADA";"ENCRUZILHADA";"AV BEBERIBE";"259";"RUA PROFESSOR MIRANDA CURIO";"PROXIMO A AUTO ESCOLA NOVA YORK/ SENTIDO ARRUDA";"ENCRUZILHADA";NA;"SUBURBIO";"ABALROAMENTO TRANSVERSAL";"COLISÃO COM VÍTIMA";1;1;0;0;0;0;0;0;0;1;0;"Longo da via";"Bom";"Não existe";"Perfeito estado";"Seca";"Perfeito estado";"Não existe";"Outras";"";"Dupla";"Faixa seccionada";"";""
"3655";2020-11-09;"14:09:00";"COM VÍTIMA";"FINALIZADA";"ÁGUA FRIA";"AV BEBERIBE";"2202";"RUA DA REGENERACAO";"NO LARGO DE AGUA FRIA E/F AO POSTO DE GASOLINA IPIRANGA";"ÁGUA FRIA";187;"SUBURBIO";"ATROPELAMENTO";"TAXI ATROPELOU UM PEDESTRE";1;0;0;0;1;0;0;0;0;2;0;"Longo da via";"Bom";"Sem defeito";"Perfeito estado";"Seca";"Perfeito estado";"Faixa de pedestre";"";"40 km/h";"Dupla";"Faixa contínua";"";""
"3656";2020-11-09;"14:25:00";"COM VÍTIMA";"FINALIZADA";"SANTO ANTÔNIO";"AV GUARARAPES";"161";"";"E/F A CAIXA ECONOMICA DA GUARARAPES";"SANTO ANTÔNIO";603;"CIDADE";"ATROPELAMENTO";"TAXI ATROPELOU UM PEDESTRE";1;0;0;0;1;0;0;0;0;1;0;"Longo da via";"Bom";"Sem defeito";"Perfeito estado";"Seca";"Perfeito estado";"Faixa de pedestre";"Outras";"";"Dupla";"Faixa seccionada";"Canteiro central";""
"3657";2020-11-09;"15:16:00";"COM VÍTIMA";"FINALIZADA";"BOA VISTA";"AV GOVERNADOR AGAMENON MAGALHAES";"";"RUA DR BANDEIRA FILHO";"E/F AO AO WALMART NO SEMAFORO 173";"BOA VISTA";173;"SUBURBIO";"COLISÃO TRASEIRA";"COLISAO ENTRE AUTO E MOTO COM UMA VITIMA";1;1;0;0;0;0;0;0;0;1;0;"Longo da via";"Bom";"Sem defeito";"Perfeito estado";"Seca";"Perfeito estado";"";"R-6a";"60 km/h";"Dupla";"Canteiro central";"";""
"3658";2020-11-09;"16:07:00";"COM VÍTIMA";"FINALIZADA";"MADALENA";"AV CAXANGA";"1086";"";"EM FRENTE A IGREJA UNIVERSAL.";"MADALENA";NA;"SUBURBIO";"COLISÃO COM CICLISTA";"COM VÍTIMA";0;0;0;1;0;1;1;0;0;1;0;"Longo da via";"Bom";"Não existe";"Perfeito estado";"Seca";"Perfeito estado";"";"Outras";"";"Dupla";"Canteiro central";"";""
"3659";2020-11-09;"16:45:00";"COM VÍTIMA";"CANCELADA";"IPSEP";"AV RECIFE";"3021";"";"E/F AO POSTO FEDERAL S/T AREIAS";"IPSEP";NA;"";"COLISÃO COM CICLISTA";"COLISAO EN CO CICLISTA";1;0;0;1;0;0;0;0;0;1;0;"";"";"";"";"";"";"";"";"";"";"";"";""
"3660";2020-11-09;"17:51:00";"COM VÍTIMA";"FINALIZADA";"CAMPO GRANDE";"RUA PROFESSOR FRANCISCO DA TRINDADE";"481";"RUA CATULO DA PAIXAO CEARENSE";"PROXIMO AO ATELIER FRANCISCO FERREIRA";"CAMPO GRANDE";NA;"OLINDA";"ABALROAMENTO TRANSVERSAL";"COLISÃO COM VÍTIMA";1;2;0;0;0;0;0;0;0;2;0;"Cruzamento";"Chuvoso";"Não existe";"Perfeito estado";"Seca";"Perfeito estado";"Faixa de retenção";"Placas Pare";"";"Dupla";"Faixa seccionada";"";""
"3661";2020-11-09;"17:55:00";"COM VÍTIMA";"FINALIZADA";"JOANA BEZERRA";"RUA DOM PAULO II";"-8.071333- -34.895516";"";"LADO OPOSTO AO FORUM JOANA BEZERRA S/T BOA VIAGEM";"JOANA BEZERRA";NA;"SUBURBIO";"COLISÃO COM CICLISTA";"DOIS AUTOS ATROPELOU UMA VITIMA";1;1;0;1;0;0;0;0;0;1;0;"Longo da via";"Chuvoso";"Não existe";"Perfeito estado";"Molhada";"Perfeito estado";"Não existe";"Não há placas";"60 km/h";"Única";"Faixa seccionada";"";""
"3662";2020-11-09;"18:20:00";"COM VÍTIMA";"FINALIZADA";"MACAXEIRA";"RUA CORONEL JOAO BATISTA DO REGO BARROS";"101";"";"AO LADO DO PARQUE DA MACAXEIRA";"MACAXEIRA";NA;"CIDADE";"ATROPELAMENTO";"HONDA NXR 160 BROS X PEDESTRE AGUARDANDO SAMU";0;1;0;0;1;0;0;0;0;1;0;"Longo da via";"Bom";"Não existe";"Perfeito estado";"Seca";"Perfeito estado";"Não existe";"Outras";"";"Dupla";"Não existe";"";""
"3663";2020-11-09;"20:04:00";"SEM VÍTIMA";"FINALIZADA";"SANTO AMARO";"AV GOVERNADOR AGAMENON MAGALHAES";"";"";"ENF A REITORIA DA UPE VIA PRINCIPAL";"SANTO AMARO";NA;"";"COLISÃO";"AMBULANCIA DO SAMU X AUTO  / S/V";1;0;0;0;0;0;0;1;0;0;0;"Longo da via";"Bom";"Não existe";"Perfeito estado";"Seca";"Perfeito estado";"Não existe";"";"60 km/h";"Dupla";"Canteiro central";"";""
"3664";2020-11-09;"21:23:00";"COM VÍTIMA";"FINALIZADA";"TOTÓ";"RUA DES PAULO ANDRE";"91";"";"AO LADO DA PADARIA ONZE DE AGOSTO / BIDO KRAUSE.";"TOTÓ";NA;"SUBURBIO";"COLISÃO FRONTAL";"MOTO X AUTO";1;1;0;0;0;0;0;0;0;1;0;"Longo da via";"Bom";"Não existe";"Perfeito estado";"Seca";"Perfeito estado";"Não existe";"Não há placas";"";"Dupla";"Não existe";"";""
"3665";2020-11-10;"08:22:00";"COM VÍTIMA";"FINALIZADA";"IPSEP";"AV RECIFE";"3592";"";"EM FRENTE A RECIFE HONDA MOTOS";"IPSEP";NA;"BOA VIAGEM";"COLISÃO TRASEIRA";"MOTO E AUTO";1;1;0;0;0;0;0;0;0;2;0;"Longo da via";"Bom";"Não existe";"Perfeito estado";"Seca";"Perfeito estado";"Outros";"Outras";"";"Dupla";"Faixa contínua";"Faixa seccionada";"Canteiro central"
"3666";2020-11-10;"08:32:00";"COM VÍTIMA";"FINALIZADA";"ROSARINHO";"AV NORTE";"3533";"";"EM FRENTE AO RESIDENCIAL SANTA LUZIA";"ROSARINHO";NA;"CIDADE";"COLISÃO TRASEIRA";"COM DUAS VITIMAS -SAMU ACIONADO/VT 18 DA CTTU NO LOCAL /GM FLAVIO -E GM DE SOUZA";0;1;1;0;0;0;0;0;0;1;0;"Longo da via";"Chuvoso";"Sem defeito";"Perfeito estado";"Molhada";"Perfeito estado";"Não existe";"Não há placas";"60 km/h";"Única";"Faixa seccionada";"";""
"3667";2020-11-10;"09:30:00";"COM VÍTIMA";"FINALIZADA";"IPUTINGA";"AV CAXANGA";"";"AV PROFESSOR JOAQUIM CAVALCANTI";"EMBAIXO DO VIADUTO -APÓS A SUPLANOR";"IPUTINGA";NA;"SUBURBIO";"COLISÃO COM CICLISTA";"SAMU ACIONADO";1;0;0;1;0;0;0;0;0;1;0;"Cruzamento";"Bom";"Não existe";"Perfeito estado";"Seca";"Perfeito estado";"Não existe";"";"60 km/h";"Dupla";"Faixa contínua";"Faixa seccionada";"Canteiro central"
"3668";2020-11-10;"09:33:00";"COM VÍTIMA";"FINALIZADA";"TAMARINEIRA";"RUA CONEGO BARATA";"275";"";"AO LADO DA FERREIRA COSTA";"TAMARINEIRA";NA;"CIDADE";"ENGAVETAMENTO";"ENGAVETAMENTO";5;0;0;0;0;0;0;0;0;1;0;"Longo da via";"Bom";"Não existe";"Perfeito estado";"Seca";"Perfeito estado";"Outros";"R-6a";"";"Dupla";"Faixa seccionada";"Canteiro central";""
"3669";2020-11-10;"09:37:00";"COM VÍTIMA";"FINALIZADA";"BARRO";"AV DR JOSE RUFINO";"";"RUA MAJOR CHAGAS DE OLIVEIRA";"EM CIMA DO VIADUTO. AO LADO DA SERRALHARIA GUEDES.";"BARRO";NA;"";"COLISÃO FRONTAL";"MOTO E AUTO / VT 30 NO QTH";1;1;0;0;0;0;0;0;0;1;0;"Cruzamento";"Bom";"Não existe";"Perfeito estado";"Seca";"Perfeito estado";"Não existe";"Não há placas";"";"Dupla";"Faixa contínua";"";""
"3670";2020-11-10;"09:45:00";"COM VÍTIMA";"FINALIZADA";"PINA";"AV HERCULANO BANDEIRA";"949";"RUA ARQUITETO AUGUSTO REINALDO";"EM FRENTE AO ATACADO DOS PRESENTES E A PARVI.";"PINA";660;"SUBURBIO";"COLISÃO TRASEIRA";"DUAS MOTOS MOTOS 11 / 28  ITALO E EVERTON";0;2;0;0;0;0;0;0;0;1;0;"Longo da via";"Bom";"Sem defeito";"Perfeito estado";"Seca";"Perfeito estado";"Não existe";"Não há placas";"60 km/h";"Única";"Faixa seccionada";"";""
"3671";2020-11-10;"12:46:00";"COM VÍTIMA";"FINALIZADA";"HIPÓDROMO";"EST DE BELEM";"84";"RUA DONA ELVIRA";"EM FRENTE A QUITANDARIA / PROX A IGREJA DE BELEM";"HIPÓDROMO";NA;"SUBURBIO";"ABALROAMENTO LONGITUDINAL";"CARRO X CAMINHÃO";1;0;0;0;0;0;1;0;0;1;0;"Longo da via";"Bom";"Não existe";"Perfeito estado";"Seca";"Perfeito estado";"Não existe";"R-6b";"";"Dupla";"Não existe";"";""
"3672";2020-11-10;"14:48:00";"COM VÍTIMA";"FINALIZADA";"PRADO";"RUA GOMES TABORDA";"284";"";"DEPOIS DO BAR DO PERFUMADO. LADO OPOSTO AO TERRENO DO JOCKEY CLUB DE PERNAMBUCO.";"PRADO";NA;"SUBURBIO";"ABALROAMENTO LONGITUDINAL";"COLISÃO MOTO X CARRO / VT 03 NO LOCAL";1;1;0;0;0;0;0;0;0;2;0;"Longo da via";"Bom";"Não existe";"Não existente";"Seca";"Perfeito estado";"Não existe";"Não há placas";"";"Dupla";"Faixa seccionada";"";""
"3673";2020-11-10;"19:44:00";"COM VÍTIMA";"FINALIZADA";"CAXANGÁ";"AV CAXANGA";"";"PRC DO CAXANGA";"NA SAIDA DA INTEGRAÇÃO DA CAXANGÁ";"CAXANGÁ";262;"SUBURBIO";"ABALROAMENTO TRANSVERSAL";"A VITIMA É UMA MULHER- ESTÁ AGUARDANDO O SAMU NO LOCAL";0;1;0;0;0;1;0;0;0;1;0;"Cruzamento";"Bom";"Sem defeito";"Perfeito estado";"Seca";"Perfeito estado";"";"Não há placas";"60 km/h";"Dupla";"Canteiro central";"";""
"3674";2020-11-10;"21:15:00";"SEM VÍTIMA";"FINALIZADA";"BOA VISTA";"RUA DA CONCEICAO";"";"";"POR TRAS DO ATACADO DOS PRESENTES- PROXIMO DO COLEGIO E CURSO BANDEIRA";"BOA VISTA";NA;"";"COLISÃO";"COLISÃO SEM VITIMAS- UMA DAS PARTES APRESENTA SINTOMAS DE EMBRIAGUEZ";2;0;0;0;0;0;0;0;0;0;0;"";"";"";"";"";"";"";"";"";"";"";"";""
"3675";2020-11-10;"22:25:00";"COM VÍTIMA";"FINALIZADA";"AFOGADOS";"RUA SAO MIGUEL";"2035";"";"NA QUADRA EM FRENTE DO POSTO IPIRANGA";"AFOGADOS";NA;"SUBURBIO";"ABALROAMENTO TRANSVERSAL";"DUAS MOTOS E UM AUTO.";1;2;0;0;0;0;0;0;0;1;0;"Longo da via";"Bom";"Não existe";"Perfeito estado";"Seca";"Perfeito estado";"Não existe";"Não há placas";"";"Dupla";"Faixa seccionada";"";""
"3676";2020-11-11;"08:24:00";"COM VÍTIMA";"FINALIZADA";"IPUTINGA";"AV MAURICIO DE NASSAU";"2075";"";"EM FRENTE AO HOSPITAL FUNDAÇÃO ALTINO VENTURA";"IPUTINGA";645;"CIDADE";"ABALROAMENTO TRANSVERSAL";"COLISÃO COM VITIMA";1;1;0;0;0;0;0;0;0;1;0;"Longo da via";"Bom";"Sem defeito";"Perfeito estado";"Seca";"Perfeito estado";"Faixa de pedestre";"Não há placas";"";"Dupla";"Faixa contínua";"";""
"3677";2020-11-11;"09:52:00";"COM VÍTIMA";"FINALIZADA";"JIQUIÁ";"RUA SAO MIGUEL";"1892";"";"";"JIQUIÁ";NA;"SUBURBIO";"COLISÃO COM CICLISTA";"COLISÃO COM VÍTIMAS ENTRE MOTOCICLETA E CICLISTA";0;1;0;1;0;0;0;0;0;2;0;"Longo da via";"Bom";"Não existe";"Perfeito estado";"Seca";"Perfeito estado";"";"Não há placas";"40 km/h";"Dupla";"Faixa contínua";"";""
"3678";2020-11-11;"10:42:00";"COM VÍTIMA";"FINALIZADA";"SANTO AMARO";"RUA DOS PALMARES";"158";"";"PARTIDO DO TRABALHADOR- POSTE B022084";"SANTO AMARO";NA;"CIDADE";"ABALROAMENTO LONGITUDINAL";"COLISÃO COM VITIMA";1;1;0;0;0;0;0;0;0;1;0;"Longo da via";"Bom";"Não existe";"Perfeito estado";"Seca";"Perfeito estado";"Outros";"Outras";"";"Única";"Não existe";"";""
"3679";2020-11-11;"11:29:00";"COM VÍTIMA";"FINALIZADA";"DERBY";"AV GOVERNADOR AGAMENON MAGALHAES";"";"RUA HENRIQUE DIAS";"";"DERBY";68;"CIDADE";"COLISÃO TRASEIRA";"COLISÃO COM VÍTIMA ENTRE AUTO E MOTO";1;1;0;0;0;0;0;0;0;1;0;"Cruzamento";"Bom";"Sem defeito";"Perfeito estado";"Seca";"Perfeito estado";"Agente";"Não há placas";"";"Única";"Não existe";"";""
"3680";2020-11-11;"12:25:00";"COM VÍTIMA";"FINALIZADA";"SANTO AMARO";"RUA DOS PALMARES";"1301";"";"LADO OPOSTO AO PROCAPE";"SANTO AMARO";NA;"CIDADE";"ABALROAMENTO LONGITUDINAL";"COLISÃO COM VÍTIMA";1;1;0;0;0;0;0;0;0;1;0;"Longo da via";"Bom";"Não existe";"";"Seca";"Outros";"Não existe";"R-6a";"";"Única";"Faixa seccionada";"";""
"3681";2020-11-11;"14:12:00";"SEM VÍTIMA";"FINALIZADA";"AFOGADOS";"RUA MOTOCOLOMBO";"228";"";"PRÓXIMO AO TROCÃO";"AFOGADOS";NA;"SUBURBIO";"ABALROAMENTO LONGITUDINAL";"COLISÃO COM VIATURA DA PM";2;0;0;0;0;0;0;0;0;0;0;"Longo da via";"Bom";"Sem defeito";"Perfeito estado";"Seca";"Perfeito estado";"Faixa de retenção";"Não há placas";"";"Única";"Não existe";"";""
"3682";2020-11-11;"14:28:00";"COM VÍTIMA";"FINALIZADA";"CAMPO GRANDE";"RUA VISCONDE DE CAIRU";"74";"RUA HAMILTON RIBEIRO";"PROXIMO AO CLUBE DAS PAS";"CAMPO GRANDE";NA;"SUBURBIO";"COLISÃO FRONTAL";"COLISÃO COM VÍTIMA";1;1;0;0;0;0;0;0;0;1;0;"Esquina";"Bom";"Não existe";"Não existente";"Seca";"Perfeito estado";"Não existe";"Não há placas";"";"";"";"";""
"3683";2020-11-11;"18:11:00";"COM VÍTIMA";"FINALIZADA";"TAMARINEIRA";"AV NORTE";"";"RUA IAPU";"APÓS O CRUZAMENTO DA CONEGO BARATA";"TAMARINEIRA";NA;"SUBURBIO";"ABALROAMENTO LONGITUDINAL";"COLISÃO ENTRE DUAS MOTOS";0;2;0;0;0;0;0;0;0;2;0;"Cruzamento";"Bom";"Não existe";"Perfeito estado";"Seca";"Perfeito estado";"Não existe";"Não há placas";"40 km/h";"Dupla";"Canteiro central";"";""
"3684";2020-11-11;"20:21:00";"COM VÍTIMA";"FINALIZADA";"CAXANGÁ";"AV CAXANGA";"";"RUA RODRIGUES FERREIRA";"E/F A ASSEMBLEIA DE DEUS / SEMAFORO 232";"CAXANGÁ";NA;"";"COLISÃO";"ÕNIBUS X MOTO C/V";0;1;0;0;0;1;0;0;0;1;0;"";"";"";"";"";"";"";"";"";"";"";"";""
"3685";2020-11-11;"20:45:00";"COM VÍTIMA";"FINALIZADA";"CASA FORTE";"AV DEZESSETE DE AGOSTO";"1691";"EST DAS UBAIAS";"PROX AO FORTE FESTA";"CASA FORTE";469;"SUBURBIO";"ABALROAMENTO LONGITUDINAL";"AUTO X MOTO";1;1;0;0;0;0;0;0;0;1;0;"Cruzamento";"Bom";"Sem defeito";"Perfeito estado";"Seca";"Perfeito estado";"Faixa de pedestre";"Outras";"";"Dupla";"Faixa contínua";"";""
"3686";2020-11-12;"05:38:00";"SEM VÍTIMA";"CANCELADA";"PINA";"RUA NOGUEIRA DE SOUZA";"";"";"";"PINA";NA;"";"COLISÃO";"SEM VÍTIMA - CONDUTOR COM SUSPEITA DE EMBRIAGUEZ";2;0;0;0;0;0;0;0;0;0;0;"";"";"";"";"";"";"";"";"";"";"";"";""
"3687";2020-11-12;"07:09:00";"COM VÍTIMA";"FINALIZADA";"JAQUEIRA";"AV PARNAMIRIM";"25";"RUA LEONARDO BEZERRA CAVALCANTE";"AO LADO DO HOSPITAL MARIA LUCINDA / E EM FRENTE AO LABORATORIO A MAIS . EDF. PRÍNCIPE DE CASTELLAS.";"JAQUEIRA";460;"";"COLISÃO COM CICLISTA";"CICLISTA E AUTO";1;0;0;1;0;0;0;0;0;1;0;"Longo da via";"Bom";"Sem defeito";"Ilegível";"Seca";"Perfeito estado";"Agente";"R-6a";"";"Dupla";"Faixa seccionada";"";""
"3688";2020-11-12;"07:21:00";"COM VÍTIMA";"FINALIZADA";"IMBIRIBEIRA";"AV ENGENHEIRO ALVES DE SOUZA";"416";"";"EM FRENT SUB ESTAÇAO DA CELPE";"IMBIRIBEIRA";NA;"CIDADE";"ABALROAMENTO LONGITUDINAL";"CAMINHAO E AUTO";1;0;0;0;0;0;1;0;0;1;0;"Longo da via";"Bom";"Não existe";"Perfeito estado";"Seca";"Perfeito estado";"Não existe";"Não há placas";"";"Dupla";"Faixa seccionada";"";""