"";"data";"hora";"natureza_acidente";"situacao";"bairro";"endereco";"numero";"detalhe_endereco_acidente";"complemento";"bairro_cruzamento";"num_semaforo";"sentido_via";"tipo";"descricao";"auto";"moto";"ciclom";"ciclista";"pedestre";"onibus";"caminhao";"viatura";"outros";"vitimas";"vitimasfatais";"acidente_verificado";"tempo_clima";"situacao_semaforo";"sinalizacao";"condicao_via";"conservacao_via";"ponto_controle";"situacao_placa";"velocidade_max_via";"mao_direcao";"divisao_via1";"divisao_via2";"divisao_via3"
"3795";2020-11-23;"08:32:00";"COM VÍTIMA";"FINALIZADA";"BOA VIAGEM";"RUA GENERAL SALGADO";"820";"RUA COSMORAMA";"EM FRENTE AO  EDIFICIO CHATEAU  HERMITAGE. PRÓXIMO A SHARK ARENA.";"BOA VIAGEM";NA;"";"ABALROAMENTO TRANSVERSAL";"COLISÃO COM VITIMA";2;0;0;0;0;0;0;0;0;1;0;"Cruzamento";"Bom";"Não existe";"Perfeito estado";"Seca";"Perfeito estado";"Não existe";"Placas Pare";"";"Dupla";"Não existe";"";""
"3796";2020-11-23;"19:02:00";"COM VÍTIMA";"FINALIZADA";"IMBIRIBEIRA";"AV RECIFE";"";"";"DECIDA DO ACESSO SENTIDO AV MASCARENHAS DE MORAIS";"IMBIRIBEIRA";NA;"AFOGADOS";"CHOQUE OBJETO FIXO";"AUTO COLIDIU CO O GELO BAIANO";1;0;0;0;0;0;0;0;0;1;0;"";"";"";"";"";"";"";"";"";"";"";"";""
"3797";2020-11-23;"19:07:00";"SEM VÍTIMA";"FINALIZADA";"IPSEP";"RUA PINTOR ANTONIO ALBUQUERQUE";"16";"RUA ABDIAS CABRAL DE MOURA";"AO LADO DO POSTO SHELL";"IPSEP";NA;"";"CHOQUE OBJETO FIXO";"CAMINHÃO CHOCOU-SE CONTRA O POSTE- CAUSANDO A QUEDA DO MESMO";0;0;0;0;0;0;1;0;0;0;0;"Longo da via";"Bom";"Não existe";"Perfeito estado";"Seca";"Perfeito estado";"Outros";"R-6a";"30KM";"Única";"Outros";"";""
"3798";2020-11-23;"19:39:00";"COM VÍTIMA";"FINALIZADA";"BOA VIAGEM";"AV ENGENHEIRO DOMINGOS FERREIRA";"4036";"RUA RIBEIRO DE BRITO";"E/F A MORADA DO SOL E AO PET SHOP AMIGO DO BIXO";"BOA VIAGEM";NA;"";"COLISÃO";"ENTRE MOTO E AUTO PASSEIO. C/V";1;1;0;0;0;0;0;0;0;1;0;"";"";"";"";"";"";"";"";"";"";"";"";""
"3799";2020-11-23;"19:47:00";"COM VÍTIMA";"FINALIZADA";"IMBIRIBEIRA";"AV PINHEIROS";"473";"RUA ARQUITETO LUIZ NUNES";"NO CRUZAMENTO COM A ARQUITETO LUIZ NUNES.";"IMBIRIBEIRA";537;"CIDADE";"COLISÃO FRONTAL";"COLISAO ENTRE AUTO E MOTO COM VITIMA";1;1;0;0;0;0;0;0;0;1;0;"Cruzamento";"Bom";"Sem defeito";"Perfeito estado";"Seca";"Perfeito estado";"Não existe";"Não há placas";"";"Dupla";"Faixa contínua";"";""
"3800";2020-11-24;"09:54:00";"COM VÍTIMA";"FINALIZADA";"APIPUCOS";"RUA DE APIPUCOS";"600";"";"EM FRENTE AO MOTEL SENZALA";"APIPUCOS";NA;"DOIS IRMÃOS";"COLISÃO FRONTAL";"2 AUTOS.";2;0;0;0;0;0;0;0;0;2;0;"Longo da via";"Bom";"Sem defeito";"Perfeito estado";"Seca";"Perfeito estado";"";"R-6a";"";"Dupla";"Faixa contínua";"";""
"3801";2020-11-24;"10:13:00";"COM VÍTIMA";"FINALIZADA";"PAISSANDU";"AV GOVERNADOR AGAMENON MAGALHAES";"4318";"";"EM FRENTE AO EMPRESARIAL RENATO DIAS";"PAISSANDU";NA;"SUBURBIO";"ATROPELAMENTO";"COM VITIMA";1;1;0;0;1;0;0;0;0;1;0;"Longo da via";"Bom";"Não existe";"Perfeito estado";"Seca";"Perfeito estado";"Não existe";"Outras";"";"Dupla";"Faixa seccionada";"";""
"3802";2020-11-24;"12:39:00";"COM VÍTIMA";"FINALIZADA";"VÁRZEA";"RUA PROFESSOR ANTONIO COELHO";"455";"RUA ODON RODRIGUES DE MORAIS REGO";"RUA DO COLÉGIO PONTUAL / PRÓX AO HAPVIDA DA CAXANGÁ";"VÁRZEA";NA;"SUBURBIO";"COLISÃO COM CICLISTA";"COLISÃO COM CICLISTA. SAMU NO LOCAL.";1;0;0;1;0;0;0;0;0;1;0;"Cruzamento";"Bom";"Não existe";"Perfeito estado";"Seca";"Perfeito estado";"Não existe";"Placas Pare";"30 km/h";"Dupla";"Não existe";"";""
"3803";2020-11-24;"12:50:00";"SEM VÍTIMA";"FINALIZADA";"JARDIM SÃO PAULO";"RUA LEANDRO BARRETO";"159";"";"PRÓXIMO À IGREJA DE JESUS CRISTO DOS SANTOS DOS ÚLTIMOS DIAS";"JARDIM SÃO PAULO";NA;"SUBURBIO";"COLISÃO TRASEIRA";"COLISÃO COM VEÍCULO OFICIAL";2;0;0;0;0;0;0;0;0;0;0;"Longo da via";"Bom";"Não existe";"Não existente";"Seca";"Perfeito estado";"Faixa de pedestre";"Não há placas";"";"Dupla";"Faixa contínua";"";""
"3804";2020-11-24;"13:45:00";"COM VÍTIMA";"FINALIZADA";"BOA VISTA";"RUA DA AURORA";"";"RUA MAMEDE SIMOES";"EM FRENTE AO GINÁSIO PERNAMBUCANO";"BOA VISTA";NA;"SUBURBIO";"COLISÃO TRASEIRA";"COLISÃO COM VÍTIMA";1;1;0;0;0;0;0;0;0;1;0;"Longo da via";"Bom";"Sem defeito";"Perfeito estado";"Seca";"Perfeito estado";"Faixa de pedestre";"Não há placas";"";"Única";"Faixa seccionada";"";""
"3805";2020-11-24;"17:14:00";"COM VÍTIMA";"FINALIZADA";"VÁRZEA";"AV AFONSO OLINDENSE";"366";"";"PLANETA MAR PESCADO";"VÁRZEA";NA;"";"ABALROAMENTO LONGITUDINAL";"COLISÃO AUTO E MOTO";1;1;0;0;0;0;0;0;0;2;0;"Longo da via";"Bom";"Não existe";"Perfeito estado";"Seca";"Perfeito estado";"Não existe";"Não há placas";"";"Dupla";"Faixa contínua";"";""
"3806";2020-11-24;"18:44:00";"COM VÍTIMA";"FINALIZADA";"ENCRUZILHADA";"EST DE BELEM";"190";"RUA DONA JULIETA";"EM FRENTE A PAROQUI NOSSA SENHORA DE BELEM- AO LADO DO VAN LONG ENCRUZILHADA. EDF. JÚLIO II";"ENCRUZILHADA";NA;"SUBURBIO";"ABALROAMENTO TRANSVERSAL";"COLISÃO AUTO E MOTO- C/V";1;1;0;0;0;0;0;0;0;1;0;"Cruzamento";"Bom";"Não existe";"Perfeito estado";"Seca";"Perfeito estado";"";"Não há placas";"";"Dupla";"Faixa contínua";"";""
"3807";2020-11-24;"21:14:00";"COM VÍTIMA";"FINALIZADA";"SANTO AMARO";"AV CRUZ CABUGA";"644";"RUA DOIS DE JULHO";"EM FRENTE A IGREJA MISSIONARIA";"SANTO AMARO";NA;"SUBURBIO";"ABALROAMENTO TRANSVERSAL";"COLISÃO ENTRE AUTO E MOTO COM VITIMA- VT-26 NO LOCAL";1;1;0;0;0;0;0;0;0;1;0;"Esquina";"Bom";"Sem defeito";"Perfeito estado";"Seca";"Perfeito estado";"Faixa de pedestre";"Outras";"";"Dupla";"Faixa seccionada";"";""
"3808";2020-11-25;"09:04:00";"COM VÍTIMA";"FINALIZADA";"CABANGA";"RUA DILERMANO REIS";"25";"RUA COMANDANTE ANTONIO MANHAES DE MATTOS";"AO LADO DA COMPESA.";"CABANGA";NA;"SUBURBIO";"COLISÃO COM CICLISTA";"ONIBUS E CICLISTA C/V";0;0;0;1;0;1;0;0;0;1;0;"Longo da via";"Bom";"Não existe";"Perfeito estado";"Seca";"Perfeito estado";"Não existe";"Não há placas";"30 km/h";"Dupla";"Faixa contínua";"";""
"3809";2020-11-25;"14:09:00";"COM VÍTIMA";"FINALIZADA";"ROSARINHO";"EST VELHA DE AGUA FRIA";"978";"";"E/F A FUNDAÇAO DA IBGE E ANTIGO DNOCS";"ROSARINHO";NA;"CIDADE";"ABALROAMENTO LONGITUDINAL";"COLISAO ENTRE AUTO E MOTO COM UMA VITIMA";1;1;0;0;0;0;0;0;0;1;0;"Longo da via";"Bom";"Sem defeito";"Perfeito estado";"Seca";"Perfeito estado";"Não existe";"Não há placas";"";"Dupla";"Faixa contínua";"";""
"3810";2020-11-25;"15:43:00";"COM VÍTIMA";"FINALIZADA";"TEJIPIÓ";"RUA FALCAO DE LACERDA";"354";"";"EM FRENTE A CLINICA AQUI DOUTOR E PROXIMO AO SEMÁFORO 285";"TEJIPIÓ";NA;"SUBURBIO";"ABALROAMENTO TRANSVERSAL";"COLISÃO COM VÍTIMA";1;1;0;0;0;0;0;0;0;1;0;"Longo da via";"Bom";"";"Incompleta";"Seca";"Mal conservada";"Não existe";"R-6a";"";"Dupla";"Não existe";"";""
"3811";2020-11-25;"17:04:00";"COM VÍTIMA";"CANCELADA";"SAN MARTIN";"AV GENERAL SAN MARTIN";"2774";"";"PROX AO COLEGIO ADVENTISTA";"SAN MARTIN";NA;"";"COLISÃO";"COLISAO ENTRE AUTO E MOTO COM UMA VITIMA";1;1;0;0;0;0;0;0;0;1;0;"";"";"";"";"";"";"";"";"";"";"";"";""
"3812";2020-11-25;"19:05:00";"COM VÍTIMA";"FINALIZADA";"SÃO JOSÉ";"RUA IMPERIAL";"981";"TRV DO RAPOSO";"E/F A FERRO E AÇO";"SÃO JOSÉ";510;"SUBURBIO";"ABALROAMENTO TRANSVERSAL";"COLISAO ENTRE DOIS AUTOS COM VITIMAS";2;0;0;0;0;0;0;0;0;1;0;"Cruzamento";"Bom";"Sem defeito";"Perfeito estado";"Seca";"Perfeito estado";"Faixa de pedestre";"";"";"Única";"Faixa contínua";"";""
"3813";2020-11-26;"06:25:00";"COM VÍTIMA";"CANCELADA";"ESTÂNCIA";"AV DR JOSE RUFINO";"";"";"EM FRENTE A IGREJA DE SANTA LUZIA";"ESTÂNCIA";NA;"";"COLISÃO";"COLISÃO COM VÍTIMA";1;1;0;0;0;0;0;0;0;2;0;"";"";"";"";"";"";"";"";"";"";"";"";""
"3814";2020-11-26;"11:03:00";"SEM VÍTIMA";"FINALIZADA";"IMBIRIBEIRA";"AV MARECHAL MASCARENHAS DE MORAES";"";"";"AO LADO DIREITO DA LINHA DO TREM";"IMBIRIBEIRA";NA;"";"CHOQUE OBJETO FIXO";"NA ENTRADA DO AEROPORTO CARRETA DERRUBOU UM POSTE.";0;0;0;0;0;0;1;0;0;0;0;"";"";"";"";"";"";"";"";"";"";"";"";""
"3815";2020-11-26;"11:30:00";"COM VÍTIMA";"CANCELADA";"TAMARINEIRA";"AV CONS ROSA E SILVA";"2342";"";"EM FRENTE AO POSTO IPIRANGA";"TAMARINEIRA";NA;"";"COLISÃO";"COLISÃO COM UMA VITIMA AGUARDANDO SOCORRO-VT 12 DA CTTU NO LOCAL";1;1;0;0;0;0;0;0;0;1;0;"";"";"";"";"";"";"";"";"";"";"";"";""
"3816";2020-11-26;"11:39:00";"COM VÍTIMA";"FINALIZADA";"JIQUIÁ";"AV DR JOSE RUFINO";"36";"RUA PASSO DA SANTA CRUZ";"APÓS A RUA ANTÔNIO CARNEIRO- EM FRENTE A FÁBRICA DE YOLANDA.";"JIQUIÁ";82;"SUBURBIO";"COLISÃO FRONTAL";"COM UMA VITIMA -SAMU NO LOCAL";0;1;0;0;0;0;1;0;0;1;0;"Longo da via";"Bom";"Não existe";"Perfeito estado";"Seca";"Perfeito estado";"Não existe";"Não há placas";"60 km/h";"Dupla";"Faixa contínua";"";""
"3817";2020-11-26;"12:15:00";"COM VÍTIMA";"FINALIZADA";"BEBERIBE";"AV BEBERIBE";"";"";"PRÓX AO BOMPREÇO E AO CAMPO DO ARRUDA";"BEBERIBE";NA;"";"COLISÃO";"COLISÃO COM VÍTIMA. VT 25 NO LOCAL.";1;1;0;0;0;0;0;0;0;1;0;"";"";"";"";"";"";"";"";"";"";"";"";""
"3818";2020-11-26;"12:51:00";"COM VÍTIMA";"FINALIZADA";"JOANA BEZERRA";"VDO PAPA JOAO PAULO II";"";"";"DESCIDA DO VIADUTO PAPA JOAO PAULO II - SENTIDO DERBY ANTES DA PASSARELA. AO LADO DO FORUM RODOLFO AURELIANO.";"JOANA BEZERRA";NA;"CIDADE";"ATROPELAMENTO";"ÔNIBUS BRT E PEDESTRE.";0;0;0;0;1;1;0;0;0;1;0;"Longo da via";"Bom";"Não existe";"Perfeito estado";"Seca";"Perfeito estado";"Não existe";"Não há placas";"";"Dupla";"Faixa seccionada";"Canteiro central";""
"3819";2020-11-26;"15:39:00";"COM VÍTIMA";"FINALIZADA";"DERBY";"AV GOVERNADOR AGAMENON MAGALHAES";"";"";"EM FRENTE À FARMÁCIA PAGUE MENOS / PRÓX À AGÊNCIA ITAÚ PERSONNALITÉ";"DERBY";NA;"SUBURBIO";"ABALROAMENTO LONGITUDINAL";"COLISÃO COM VÍTIMA";1;1;0;0;0;0;1;0;0;1;0;"Longo da via";"Bom";"Não existe";"Perfeito estado";"Seca";"Perfeito estado";"Outros";"Não há placas";"60 km/h";"Dupla";"Canal";"";""
"3820";2020-11-26;"16:04:00";"SEM VÍTIMA";"FINALIZADA";"PAISSANDU";"AV GOVERNADOR AGAMENON MAGALHAES";"";"";"EM FRENTE AO BRADESCO Nº 4481";"PAISSANDU";NA;"CIDADE";"COLISÃO TRASEIRA";"COLISÃO COM VEICULO OFICIAL- DA SECRETARIA DE MEIO AMBIENTE E SUSTETABILIDADE DE PERNAMBUCO";2;0;0;0;0;0;0;0;0;0;0;"";"Bom";"Sem defeito";"Perfeito estado";"Seca";"Perfeito estado";"Não existe";"Não há placas";"";"Única";"Canteiro central";"";""
"3821";2020-11-26;"16:18:00";"COM VÍTIMA";"FINALIZADA";"IMBIRIBEIRA";"AV MARECHAL MASCARENHAS DE MORAES";"2967";"RUA ITACARE";"EM FRENTE À FERREIRA COSTA. LADO OPOSTO AO BANCO DO BRASIL.";"IMBIRIBEIRA";386;"SUBURBIO";"ABALROAMENTO TRANSVERSAL";"SAMU ACIONADO. AGENTES VINÍCIUS E PERICLES NO LOCAL. ABALROAMENTO TRANSVERSAL SEGUIDO DE ATROPELAMENTO.";2;0;0;0;1;0;0;0;0;1;0;"Esquina";"Bom";"Sem defeito";"Perfeito estado";"Seca";"Perfeito estado";"Faixa de pedestre";"Outras";"60 km/h";"Dupla";"Faixa seccionada";"Canteiro central";"Outros"
"3822";2020-11-26;"18:58:00";"COM VÍTIMA";"FINALIZADA";"DERBY";"RUA JOAQUIM NABUCO";"";"";"EM FRENTE AO HEMOPE E AO HOSPITAL SANTA JOANA";"DERBY";NA;"SUBURBIO";"COLISÃO TRASEIRA";"COLISÃO ENTRE AUTO E MOTO- COM VÍTIMA";1;1;0;0;0;0;0;0;0;2;0;"Longo da via";"Bom";"Não existe";"Perfeito estado";"Seca";"Perfeito estado";"Não existe";"Não há placas";"50 km/h";"Única";"Faixa seccionada";"";""
"3823";2020-11-27;"03:02:00";"COM VÍTIMA";"FINALIZADA";"SANTO ANTÔNIO";"RUA DO SOL";"";"PRC DA REPUBLICA";"PROXIMO AO TEATRO SANTA ISABEL";"SANTO ANTÔNIO";NA;"";"ABALROAMENTO TRANSVERSAL";"AUTO E MOTO.";1;1;0;0;0;0;0;0;0;1;0;"Longo da via";"Bom";"Não existe";"Perfeito estado";"Seca";"Perfeito estado";"Não existe";"R-6a";"";"Única";"Faixa contínua";"";""
"3824";2020-11-27;"08:16:00";"COM VÍTIMA";"FINALIZADA";"MADALENA";"AV CAXANGA";"653";"";"EM FRENTE AO COMPAZ- SENT. CIDADE";"MADALENA";NA;"";"COLISÃO COM CICLISTA";"MOTO E CICLISTA C/V";0;1;0;1;0;0;0;0;0;3;0;"Longo da via";"Bom";"Não existe";"Perfeito estado";"Seca";"Perfeito estado";"Faixa de pedestre";"Não há placas";"";"Única";"Canteiro central";"";""
"3825";2020-11-27;"08:58:00";"COM VÍTIMA";"CANCELADA";"MUSTARDINHA";"AV MANOEL GONCALVES DA LUZ";"";"";"EM FRENTE A ACADEMIA DA CIDADE  E A PRAÇA DO ABC";"MUSTARDINHA";NA;"";"COLISÃO";"COLISÃO COM VITIMA A ESPERA DO SAMU";1;1;0;0;0;0;0;0;0;1;0;"";"";"";"";"";"";"";"";"";"";"";"";""
"3826";2020-11-27;"09:49:00";"COM VÍTIMA";"FINALIZADA";"MADALENA";"AV BEIRA RIO";"591";"";"EM ENFRENTE AO PREDIO DO GOVERNADOR. EDF. SOBRADO DO CAPIBARIBE.";"MADALENA";NA;"TORRE";"CHOQUE VEÍCULO PARADO";"COM VITIMA";1;1;0;0;0;0;0;0;0;1;0;"Longo da via";"Bom";"Não existe";"Perfeito estado";"Seca";"Perfeito estado";"Faixa de pedestre";"R-6a";"";"Dupla";"Faixa seccionada";"";""
"3827";2020-11-27;"10:52:00";"SEM VÍTIMA";"FINALIZADA";"SANTO AMARO";"RUA DA SAUDADE";"";"RUA JOAO LIRA";"";"SANTO AMARO";308;"SUBURBIO";"ABALROAMENTO TRANSVERSAL";"VEICULO OFICIAL DA CASA MILITAR";2;0;0;0;0;0;0;0;0;0;0;"Cruzamento";"Bom";"Sem defeito";"Incompleta";"Seca";"Perfeito estado";"Faixa de pedestre";"Não há placas";"";"Única";"Não existe";"";""
"3828";2020-11-27;"10:59:00";"COM VÍTIMA";"FINALIZADA";"TAMARINEIRA";"AV NORTE";"3538";"";"EM FRENTE A  VISTOCAR  VISTORIA DO DETRAN";"TAMARINEIRA";NA;"SUBURBIO";"COLISÃO TRASEIRA";"COLISÃO COM VITIMA A ESPERA DO SAMU";1;1;0;0;0;0;0;0;0;1;0;"Longo da via";"Bom";"Não existe";"Perfeito estado";"Seca";"Perfeito estado";"Não existe";"Outras";"";"Dupla";"Canteiro central";"";""
"3829";2020-11-27;"16:56:00";"COM VÍTIMA";"FINALIZADA";"APIPUCOS";"AV DEZESSETE DE AGOSTO";"222";"";"APOS O COLEGIO SILVA JARDIM";"APIPUCOS";NA;"SUBURBIO";"COLISÃO TRASEIRA";"COLISAO ENTRE AUTO E MOTO COM UMA VITIMA";1;1;0;0;0;0;0;0;0;1;0;"Longo da via";"Bom";"Não existe";"Perfeito estado";"Seca";"Perfeito estado";"";"Outras";"";"Dupla";"Faixa contínua";"";""
"3830";2020-11-27;"19:00:00";"COM VÍTIMA";"FINALIZADA";"SANTO AMARO";"RUA AURORA";"";"AV NORTE";"PONTE DO LIMOEIRO . HOSPITAL RECIFE 1 - COVID.";"SANTO AMARO";243;"SUBURBIO";"COLISÃO COM CICLISTA";"MOTO X CICILISTA. C/V";0;1;0;1;0;0;0;0;0;1;0;"Cruzamento";"Bom";"Sem defeito";"Perfeito estado";"Seca";"Perfeito estado";"Faixa de pedestre";"Outras";"";"Dupla";"Não existe";"";""
"3831";2020-11-28;"05:57:00";"SEM VÍTIMA";"FINALIZADA";"TORRÕES";"RUA LUIZ DA CAMARA CASCUDO";"";"";"BARRACA DE SEU MARTIN";"TORRÕES";NA;"";"CHOQUE VEÍCULO PARADO";"VEICULO COLIDIU COM O MURO DE UMA RESIDENCIA E O CONDUTOR ESTA VISIVELMENTE EMBRIAGADO SEGUNDO RELATOS";2;0;0;0;0;0;0;0;0;0;0;"";"";"";"";"";"";"";"";"";"";"";"";""
"3832";2020-11-28;"07:33:00";"SEM VÍTIMA";"FINALIZADA";"SANTO AMARO";"AV CRUZ CABUGA";"";"RUA PEDRO AFONSO";"SOB SEMÁFORO 674";"SANTO AMARO";674;"SUBURBIO";"COLISÃO FRONTAL";"VEICULO CHOCOU-SE COM POSTE / VIRGINIA E JOAO SANTOS NO QTH";1;0;0;0;0;0;0;0;0;0;0;"Cruzamento";"Bom";"Sem defeito";"Perfeito estado";"Seca";"Perfeito estado";"Faixa de pedestre";"";"";"Dupla";"";"";""
"3833";2020-11-28;"11:23:00";"COM VÍTIMA";"FINALIZADA";"SANTO AMARO";"RUA DA AURORA";"1019";"";"EM FRENTE A GLOBO. APÓS A ESTÁTUA DO TORTURA NUNCA MAIS. LADO OPOSTO AO NÚMERO INFORMADO.";"SANTO AMARO";NA;"SUBURBIO";"COLISÃO TRASEIRA";"AUTO E MOTO PM";1;1;0;0;0;0;0;0;0;1;0;"Longo da via";"Bom";"Não existe";"Perfeito estado";"Seca";"Perfeito estado";"Não existe";"Não há placas";"";"Dupla";"Faixa seccionada";"Canteiro central";""
"3834";2020-11-28;"14:06:00";"COM VÍTIMA";"FINALIZADA";"IMBIRIBEIRA";"AV MARECHAL MASCARENHAS DE MORAES";"2200";"";"EM FRENTE A FACULDADE UNIVERSO";"IMBIRIBEIRA";NA;"SUBURBIO";"ABALROAMENTO LONGITUDINAL";"COLISÃO COM CARRO E MOTO / O CARRO COLIDIU COM A MOTO E A MOTO COLIDIU COM OUTRO CARRO";2;1;0;0;0;0;0;0;0;1;0;"Longo da via";"Bom";"Não existe";"Perfeito estado";"Seca";"Perfeito estado";"Não existe";"R-6a";"";"Dupla";"Canteiro central";"";""
"3835";2020-11-28;"17:13:00";"COM VÍTIMA";"FINALIZADA";"SANTO AMARO";"AV NORTE";"824";"";"PRÓX À NATY LANCHES / SENTIDO CABUGÁ. LADO OPOSTO A ANTIGA LBA.";"SANTO AMARO";NA;"SUBURBIO";"COLISÃO COM CICLISTA";"COLISÃO COM CICLISTA. VT 26 NO LOCAL.";0;1;0;1;0;0;0;0;0;2;0;"Longo da via";"Bom";"Sem defeito";"Perfeito estado";"Seca";"Perfeito estado";"Não existe";"Não há placas";"60 km/h";"Única";"Faixa seccionada";"";""
"3836";2020-11-28;"18:11:00";"SEM VÍTIMA";"CANCELADA";"VÁRZEA";"RUA GASTAO VIDIGAL";"";"";"EM FRENTE A FARMACIA DO TRABALHADOR / PROX A UPA DA CAXANGA";"VÁRZEA";NA;"";"COLISÃO";"COLISÃO COM SUSPEITA DE ALCOOLEMIA";2;0;0;0;0;0;0;0;0;0;0;"";"";"";"";"";"";"";"";"";"";"";"";""
"3837";2020-11-28;"21:45:00";"SEM VÍTIMA";"FINALIZADA";"BOA VIAGEM";"AV HELIO FALCAO";"715";"";"PRÓX AO COLÉGIO ANCHIETA // PRÓX A CHURRASCARIA PAJUSSARA";"BOA VIAGEM";NA;"";"CHOQUE";"VEÍCULO CHOCOU-SE CONTRA O MURO DO EDIFÍCIO E O CONDUTOR EVADIU-SE DO LOCAL";1;0;0;0;0;0;0;0;0;0;0;"";"";"";"";"";"";"";"";"";"";"";"";""
"3838";2020-11-28;"22:20:00";"COM VÍTIMA";"CANCELADA";"BOA VIAGEM";"RUA RIBEIRO DE BRITO";"";"";"EM FRENTE AO POSTO BR- PROXIMO DO VIADUTO TANCREDO NEVES";"BOA VIAGEM";NA;"";"ENGAVETAMENTO";"ENGAVETAMENTO ENVOLVENDO TRÊS AUTO E UMA MOTO- COM VÍTIMAS";3;1;0;0;0;0;0;0;0;1;0;"";"";"";"";"";"";"";"";"";"";"";"";""
"3839";2020-11-29;"00:55:00";"COM VÍTIMA";"EQUIPE NO LOCAL";"DERBY";"AV GOVERNADOR AGAMENON MAGALHAES";"";"RUA HENRIQUE DIAS";"SENTIDO OLINDA/BOA VIAGEM - EM FRENTE AO ANTIGO SPETTUS";"DERBY";68;"";"ABALROAMENTO TRANSVERSAL";"COLISÃO COM VÍTIMA ENTRE DOIS AUTOS";2;0;0;0;0;0;0;0;0;3;0;"Cruzamento";"Bom";"Sem defeito";"Perfeito estado";"Seca";"Perfeito estado";"Faixa de pedestre";"";"60 km/h";"Única";"";"";""
"3840";2020-11-29;"08:55:00";"COM VÍTIMA";"FINALIZADA";"CASA FORTE";"AV DEZESSETE DE AGOSTO";"2505";"";"EM FRENTE A RPA . GERÊNCIA OPERACIONAL DE FISCALIZAÇÃO.";"CASA FORTE";NA;"CIDADE";"COLISÃO TRASEIRA";"COLISÃO COM VITIMA GM MILLER  QTH";2;0;0;0;0;0;0;0;0;1;0;"Longo da via";"Bom";"Sem defeito";"Perfeito estado";"Seca";"Perfeito estado";"Faixa de pedestre";"R-6a";"60 km/h";"Dupla";"Faixa contínua";"";""
"3841";2020-11-29;"09:06:00";"COM VÍTIMA";"FINALIZADA";"BOA VISTA";"RUA DO PRINCIPE";"";"RUA BISPO CARDOSO AYRES";"EM FRENTE A IGREJA EVANGELICA PERNAMBUCANA";"BOA VISTA";176;"CIDADE";"ABALROAMENTO TRANSVERSAL";"COLISÃO COM VITIMA A ESPERA DO SAMU";1;0;0;0;0;1;0;0;0;1;0;"Cruzamento";"Chuvoso";"Sem defeito";"";"Molhada";"Perfeito estado";"Faixa de pedestre";"Não há placas";"";"Única";"Faixa seccionada";"";""
"3842";2020-11-29;"13:14:00";"COM VÍTIMA";"FINALIZADA";"BOA VIAGEM";"AV ENGENHEIRO DOMINGOS FERREIRA";"3838";"RUA BRUNO VELOSO";"EM FRENTE A DROGASIL/ VIA DA ESQUERDA";"BOA VIAGEM";338;"SUBURBIO";"ABALROAMENTO TRANSVERSAL";"COLISÃO COM VÍTIMA";2;0;0;0;0;0;0;0;0;1;0;"Cruzamento";"Bom";"Sem defeito";"Perfeito estado";"Seca";"Perfeito estado";"Faixa de pedestre";"Outras";"";"Única";"Faixa contínua";"Faixa seccionada";"Canteiro central"
"3843";2020-11-29;"15:08:00";"COM VÍTIMA";"FINALIZADA";"AFOGADOS";"EST DOS REMEDIOS";"";"";"E/F A DISRIBUIDORA DA TUPAN. LOJA JEEP FIORI.";"AFOGADOS";NA;"";"CHOQUE OBJETO FIXO";"VEICULO CHOCOU COM A LOJA VT 21 NO LOCAL";1;0;0;0;0;0;0;0;0;1;0;"Não informado";"Bom";"Sem defeito";"Perfeito estado";"Seca";"Perfeito estado";"";"";"";"Única";"Faixa seccionada";"";""
"3844";2020-11-29;"19:37:00";"COM VÍTIMA";"FINALIZADA";"ALTO JOSÉ BONIFÁCIO";"RUA ALTO JOSE BONIFACIO";"231";"";"EM FRENTE A IGREJA BATISTA- PROXIMO DA FARMÁCIA DESCONTÃO";"ALTO JOSÉ BONIFÁCIO";NA;"SUBURBIO";"COLISÃO FRONTAL";"COLISÃO ENTRE DOIS AUTO- COM VITIMA";2;0;0;0;0;0;0;0;0;1;0;"Longo da via";"Bom";"Não existe";"Perfeito estado";"Seca";"Perfeito estado";"Não existe";"Não há placas";"30 km/h";"Dupla";"Faixa contínua";"Faixa seccionada";""
"3845";2020-11-29;"19:52:00";"COM VÍTIMA";"FINALIZADA";"IPUTINGA";"AV MAURICIO DE NASSAU";"434";"EST DO BARBALHO";"SEMÁFORO 246 / E/F AO MERCADO DAS RAÇÕES E LANCHONETE DA NANDA";"IPUTINGA";246;"SUBURBIO";"ABALROAMENTO LONGITUDINAL";"2 MOTOS. C/V";0;2;0;0;0;0;0;0;0;2;0;"Longo da via";"Bom";"Sem defeito";"Perfeito estado";"Seca";"Perfeito estado";"Faixa de pedestre";"";"";"Dupla";"Faixa contínua";"";""
"3846";2020-11-29;"20:14:00";"COM VÍTIMA";"FINALIZADA";"BOA VIAGEM";"RUA CORONEL ANIZIO RODRIGUES COELHO";"618";"RUA DES JOAO PAES";"AO LADO DO NORTE SUL NEGOCIOS";"BOA VIAGEM";NA;"";"ABALROAMENTO TRANSVERSAL";"COLISÃO ENTRE AUTO E MOTO- COM VITIMA";1;1;0;0;0;0;0;0;0;1;0;"Cruzamento";"Bom";"Não existe";"Perfeito estado";"Seca";"Perfeito estado";"Faixa de pedestre";"Placas Pare";"";"Única";"Não existe";"";""
"3847";2020-11-30;"02:51:00";"SEM VÍTIMA";"FINALIZADA";"BOA VIAGEM";"RUA ANTONIO FALCAO";"211";"";"EM FRENTE AO PADERÃO";"BOA VIAGEM";NA;"";"CHOQUE OBJETO FIXO";"POSTE CAÍDO SOBRE O VEÍCULO";1;0;0;0;0;0;0;0;0;0;0;"";"";"";"";"";"";"";"";"";"";"";"";""