"";"data";"hora";"natureza_acidente";"situacao";"bairro";"endereco";"numero";"detalhe_endereco_acidente";"complemento";"bairro_cruzamento";"num_semaforo";"sentido_via";"tipo";"descricao";"auto";"moto";"ciclom";"ciclista";"pedestre";"onibus";"caminhao";"viatura";"outros";"vitimas";"vitimasfatais";"acidente_verificado";"tempo_clima";"situacao_semaforo";"sinalizacao";"condicao_via";"conservacao_via";"ponto_controle";"situacao_placa";"velocidade_max_via";"mao_direcao";"divisao_via1";"divisao_via2";"divisao_via3"
"3904";2020-12-04;"17:32:00";"COM VÍTIMA";"FINALIZADA";"CORDEIRO";"RUA PROFESSOR JOAQUIM XAVIER DE BRITO";"";"RUA OCIDENTAL";"PROX JC CONSTRUÇÕES / LYA GALETOS";"CORDEIRO";NA;"SUBURBIO";"COLISÃO FRONTAL";"COLISÃO MOTO X DOIS AUTOS";2;1;0;0;0;0;0;0;0;1;0;"Cruzamento";"Bom";"Não existe";"Incompleta";"Seca";"Perfeito estado";"Não existe";"";"40 km/h";"Dupla";"Canteiro central";"";""
"3905";2020-12-04;"18:26:00";"COM VÍTIMA";"FINALIZADA";"MONTEIRO";"RUA DE APIPUCOS";"";"";"PRÓXIMO AO EDIFICIO PORTA D' ÁGUA- APÓS A PRAÇA DO MONTEIRO.";"MONTEIRO";NA;"CIDADE";"COLISÃO FRONTAL";"COLISÃO ENTRE DUAS MOTOS COM VITIMA";0;2;0;0;0;0;0;0;0;2;0;"Longo da via";"Bom";"Não existe";"Perfeito estado";"Seca";"Perfeito estado";"Não existe";"Não há placas";"";"Dupla";"Faixa contínua";"";""
"3906";2020-12-04;"18:55:00";"COM VÍTIMA";"FINALIZADA";"BOA VIAGEM";"RUA JOAO CARDOSO AIRES";"647";"RUA ALMIRANTE BATISTA LEAO";"EM FRENTE A PIZZARIA PARQUE DA PIZZA // PRÓX AO PLANET JATO";"BOA VIAGEM";NA;"SUBURBIO";"COLISÃO FRONTAL";"COLISÃO ENTRE AUTO E MOTO- COM VÍTIMA";1;1;0;0;0;0;0;0;0;1;0;"Cruzamento";"Bom";"Não existe";"Perfeito estado";"Seca";"Perfeito estado";"Não existe";"Outras";"30 km/h";"Única";"Não existe";"";""
"3907";2020-12-04;"19:46:00";"COM VÍTIMA";"FINALIZADA";"ENCRUZILHADA";"AV NORTE";"2665";"RUA FERNANDO CESAR";"EM FRENTE AO ESTACIONAMENTO DO SUPERMERCADO EXTRABOM";"ENCRUZILHADA";45;"CIDADE";"COLISÃO COM CICLISTA";"MOTO E BICICLETA.";0;1;0;1;0;0;0;0;0;2;0;"Longo da via";"Bom";"Sem defeito";"Perfeito estado";"Seca";"Perfeito estado";"Outros";"Outras";"";"Única";"Faixa seccionada";"";""
"3908";2020-12-05;"05:46:00";"SEM VÍTIMA";"CANCELADA";"CASA AMARELA";"AV PEDRO ALLAIN";"";"";"PRÓXIMO AO SUPERMERCADO CANELA";"CASA AMARELA";NA;"";"COLISÃO";"SEGUNDO USUÁRIO- UMA DAS PARTES TEM SINTOMAS DE EMBRIAGUEZ";2;0;0;0;0;0;0;0;0;0;0;"";"";"";"";"";"";"";"";"";"";"";"";""
"3909";2020-12-05;"07:00:00";"COM VÍTIMA";"FINALIZADA";"IMBIRIBEIRA";"AV RECIFE";"1114";"";"EM FRENTE A CARLOS FILME EQUIPADORA";"IMBIRIBEIRA";319;"SUBURBIO";"COLISÃO TRASEIRA";"MOTO E AUTO";1;1;0;0;0;0;0;0;0;1;0;"Longo da via";"Bom";"Sem defeito";"Perfeito estado";"Seca";"Perfeito estado";"Faixa de pedestre";"Não há placas";"";"Dupla";"Canteiro central";"";""
"3910";2020-12-05;"19:56:00";"SEM VÍTIMA";"CANCELADA";"VÁRZEA";"AV AFONSO OLINDENSE";"929";"";"PRÓX A LOMBADA ELETRONICA / E/F A IGREJA BATISTA";"VÁRZEA";NA;"";"COLISÃO";"ENTRE 2 AUTOS. S/V. UM DOS CONDUTORES COM SINTOMAS DE EMBRIAGUEZ FORTE";0;0;0;0;0;0;0;0;0;0;0;"";"";"";"";"";"";"";"";"";"";"";"";""
"3911";2020-12-05;"20:46:00";"SEM VÍTIMA";"CANCELADA";"JARDIM SÃO PAULO";"AV SAO PAULO";"";"";"EMBAIXO DO VIADUTO DO METRO";"JARDIM SÃO PAULO";NA;"";"CHOQUE OBJETO FIXO";"";0;0;0;0;0;0;0;0;0;0;0;"";"";"";"";"";"";"";"";"";"";"";"";""
"3912";2020-12-05;"21:08:00";"COM VÍTIMA";"FINALIZADA";"ARRUDA";"RUA PETRONILA BOTELHO";"";"AV PROFESSOR JOSE DOS ANJOS";"NO CRUZAMENTO DA AV PROF JOSÉ DOS ANJOS";"ARRUDA";554;"CIDADE";"ABALROAMENTO TRANSVERSAL";"AUTO E MOTO.";1;1;0;0;0;0;0;0;0;1;0;"Cruzamento";"Bom";"Sem defeito";"Perfeito estado";"Seca";"Perfeito estado";"Faixa de pedestre";"";"40 km/h";"Única";"Faixa seccionada";"";""
"3913";2020-12-06;"04:01:00";"SEM VÍTIMA";"CANCELADA";"IPSEP";"RUA DR RAPOSO PINTO";"117";"";"RUA DO BAR DO AVIÃO";"IPSEP";NA;"";"CHOQUE VEÍCULO PARADO";"CONDUTOR DO PUNTO COM SUSPEITA DE EMBRIAGUES.";0;0;0;0;0;0;0;0;0;0;0;"";"";"";"";"";"";"";"";"";"";"";"";""
"3914";2020-12-06;"09:49:00";"COM VÍTIMA";"FINALIZADA";"JORDÃO";"RUA JOSE MARTORANO";"840";"RUA RUBINEIA";"PRÓXIMO A IGREJA PRESBITERIANA DO BRASIL.";"JORDÃO";NA;"SUBURBIO";"ABALROAMENTO TRANSVERSAL";"VT - 32 DA CTTU- MT MARCOS ANTONIO - ANTONIO SOUZA - ADAILSON X MOTOCICLETA- CONDUTOR DE MENOR IDADE- NÃO É HABILITADO";0;1;0;0;0;0;0;1;0;1;0;"Cruzamento";"Bom";"Não existe";"Não existente";"Seca";"Perfeito estado";"Não existe";"Não há placas";"30 km/h";"Dupla";"Não existe";"";""
"3915";2020-12-06;"15:27:00";"COM VÍTIMA";"FINALIZADA";"JORDÃO";"RUA ANTONIO ROCHA";"55D";"AV BEIRA RIO";"EM FRENTE A FUNDIÇÃO REAL";"JORDÃO";NA;"SUBURBIO";"ABALROAMENTO TRANSVERSAL";"COLISÃO CARRO X MOTO";1;1;0;0;0;0;0;0;0;1;0;"Cruzamento";"Bom";"Não existe";"Incompleta";"Seca";"Outros";"Não existe";"Não há placas";"";"Dupla";"Outros";"";""
"3916";2020-12-06;"15:59:00";"COM VÍTIMA";"FINALIZADA";"BOA VISTA";"RUA BISPO CARDOSO AYRES";"756";"RUA DO RIACHUELO";"AO LADO DO DEPOSITO DO NILSON";"BOA VISTA";NA;"";"ABALROAMENTO TRANSVERSAL";"COLISÃO MOTO X CARRO";1;1;0;0;0;0;0;0;0;1;0;"Cruzamento";"Bom";"Não existe";"Perfeito estado";"Seca";"Perfeito estado";"Faixa de pedestre";"Placas Pare";"40 km/h";"Única";"";"";""
"3917";2020-12-06;"19:23:00";"COM VÍTIMA";"FINALIZADA";"CASA AMARELA";"RUA PADRE LEMOS";"391";"AV PEDRO ALLAIN";"EM FRENTE A FIGUEIRAS CALÇADOS E IGREJA UNIVERSAL .";"CASA AMARELA";NA;"SUBURBIO";"COLISÃO FRONTAL";"COLISÃO ENTRE AUTO E MOTO- COM VÍTIMA";1;1;0;0;0;0;0;0;0;1;0;"Cruzamento";"Bom";"Não existe";"Perfeito estado";"Seca";"Perfeito estado";"Faixa de pedestre";"Não há placas";"";"Dupla";"Não existe";"";""
"3918";2020-12-06;"20:19:00";"COM VÍTIMA";"CANCELADA";"ESPINHEIRO";"RUA DO ESPINHEIRO";"";"RUA SANTO ELIAS";"EM FRENTE AO POSTO IPIRANGA";"ESPINHEIRO";NA;"";"COLISÃO";"COLISÃO ENTRE DOIS AUTOS- COM VÍTIMA";2;0;0;0;0;0;0;0;0;1;0;"";"";"";"";"";"";"";"";"";"";"";"";""
"3919";2020-12-06;"23:29:00";"COM VÍTIMA";"CANCELADA";"BOA VIAGEM";"AV ENGENHEIRO DOMINGOS FERREIRA";"";"";"EM FRENTE A CHURRASCARIA PONTEIO- PROXIMO DA LOJA DISMADE- LADO DIREITO DA VIA";"BOA VIAGEM";NA;"";"COLISÃO";"COLISÃO ENTRE AUTO E MOTO- COM VÍTIMA";1;1;0;0;0;0;0;0;0;1;0;"";"";"";"";"";"";"";"";"";"";"";"";""
"3920";2020-12-07;"13:19:00";"COM VÍTIMA";"FINALIZADA";"BOA VIAGEM";"RUA ANTONIO FALCAO";"775";"RUA MINISTRO NELSON HUNGRIA";"E/F A PADARIA PARQUE DO TRIGO DELICATESSEN.";"BOA VIAGEM";NA;"";"ABALROAMENTO LONGITUDINAL";"AUTO E MOTO.";1;1;0;0;0;0;0;0;0;1;0;"Longo da via";"Bom";"Não existe";"Perfeito estado";"Seca";"Perfeito estado";"Não existe";"R-6a";"60 km/h";"Única";"Faixa contínua";"Faixa seccionada";""
"3921";2020-12-07;"18:18:00";"COM VÍTIMA";"FINALIZADA";"ARRUDA";"RUA DO MACHADO";"554";"RUA ZEFERINO AGRA";"PRÓX AO CAMPO DO SANTA CRUZ";"ARRUDA";NA;"CIDADE";"ABALROAMENTO TRANSVERSAL";"AUTO X MOTO. C/V";1;1;0;0;0;0;0;0;0;1;0;"Cruzamento";"Bom";"Não existe";"Perfeito estado";"Seca";"Perfeito estado";"Faixa de retenção";"Outras";"";"Dupla";"Não existe";"";""
"3922";2020-12-07;"19:18:00";"COM VÍTIMA";"FINALIZADA";"SÃO JOSÉ";"RUA IMPERIAL";"";"TRV DO RAPOSO";"SEMÁFORO 910";"SÃO JOSÉ";NA;"";"COLISÃO";"AUTO X MOTO. C/V";1;1;0;0;0;0;0;0;0;1;0;"";"";"";"";"";"";"";"";"";"";"";"";""
"3923";2020-12-07;"20:47:00";"COM VÍTIMA";"CANCELADA";"PASSARINHO";"EST DO PASSARINHO";"300";"RUA ANDORINHA";"PROX A IGREJA QUADRANGULAR";"PASSARINHO";NA;"";"COLISÃO";"COLISAO ENTRE AUTO E MOTO COM VITIMA";1;1;0;0;0;0;0;0;0;1;0;"";"";"";"";"";"";"";"";"";"";"";"";""
"3924";2020-12-07;"22:06:00";"SEM VÍTIMA";"CANCELADA";"NOVA DESCOBERTA";"RUA NOVA DESCOBERTA";"678";"";"PRÓX A ASSEMBLEIA DE DEUS- LAGO DONA REGINA E E/F AO ''BAR DO CLAUDIO''";"NOVA DESCOBERTA";NA;"";"COLISÃO";"2 AUTOS. S/V. CONDUTOR CAUSADOR COM SINTOMAS DE EMBRIAGUEZ";2;0;0;0;0;0;0;0;0;0;0;"";"";"";"";"";"";"";"";"";"";"";"";""
"3925";2020-12-08;"14:53:00";"COM VÍTIMA";"FINALIZADA";"BOA VIAGEM";"AV ENGENHEIRO DOMINGOS FERREIRA";"";"RUA ARTUR MUNIZ";"PRÓXIMO AO EXTRA";"BOA VIAGEM";380;"SUBURBIO";"COLISÃO TRASEIRA";"COLISÃO ENTRE AUTO E MOTO";1;1;0;0;0;0;0;0;0;1;0;"Cruzamento";"Bom";"Sem defeito";"Perfeito estado";"Seca";"Perfeito estado";"Faixa de pedestre";"Não há placas";"60 km/h";"Única";"Canteiro central";"";""
"3926";2020-12-08;"19:38:00";"COM VÍTIMA";"CANCELADA";"CASA FORTE";"AV DEZESSETE DE AGOSTO";"784";"";"EM FRENTE AO PARQUE REGIONAL DE MANUTENÇÃO DO EXÉRCITO";"CASA FORTE";NA;"";"COLISÃO";"COLISÃO ENTRE AUTO E MOTO- COM VÍTIMA";1;1;0;0;0;0;0;0;0;1;0;"";"";"";"";"";"";"";"";"";"";"";"";""
"3927";2020-12-08;"20:07:00";"COM VÍTIMA";"FINALIZADA";"BOA VISTA";"AV CONDE DA BOA VISTA";"569";"";"EM FRENTE AO SHOPPING BOA VISTA- SENTIDO CENTRO E LOJA AGIBANK.";"BOA VISTA";24;"CIDADE";"ATROPELAMENTO";"ATROPELAMENTO ENVOLVENDO AUTO E PEDESTRE- COM VÍTIMA";1;0;0;0;1;0;0;0;0;1;0;"Longo da via";"Bom";"Sem defeito";"Perfeito estado";"Seca";"Perfeito estado";"Faixa de pedestre";"Outras";"";"Única";"Faixa contínua";"";""
"3928";2020-12-08;"21:23:00";"SEM VÍTIMA";"FINALIZADA";"IPUTINGA";"RUA MANOEL JOAQUIM DE ALMEIDA";"57";"";"EM FRENTE A IPUTINGA AUTOMOVEIS";"IPUTINGA";NA;"";"COLISÃO";"COLISÃO ENTRE DOIS AUTOS SEM VÍTIMAS- UMAS DAS PARTES APRESENTA SINTOMAS DE EMBRIAGUEZ";2;0;0;0;0;0;0;0;0;0;0;"Longo da via";"Bom";"Não existe";"Não existente";"Seca";"Perfeito estado";"Não existe";"Não há placas";"30 km/h";"Única";"Não existe";"";""
"3929";2020-12-09;"07:08:00";"COM VÍTIMA";"FINALIZADA";"IPUTINGA";"RUA SAO MATEUS";"";"AV MAURICIO DE NASSAU";"EM FRENTE A IGREJA BATISTA CENTRAL";"IPUTINGA";239;"CIDADE";"COLISÃO FRONTAL";"MOTO";0;1;0;0;0;0;0;0;0;1;0;"Cruzamento";"Chuvoso";"";"Incompleta";"Molhada";"Mal conservada";"Faixa de pedestre";"R-6a";"";"Dupla";"Faixa contínua";"";""
"3930";2020-12-09;"07:18:00";"COM VÍTIMA";"CANCELADA";"SÃO JOSÉ";"C SANTA RITA";"";"";"EM FRENTE AO 16ºBPM";"SÃO JOSÉ";NA;"";"CHOQUE OBJETO FIXO";"VEÍCULO CHOCOU-SE CONTRA O GRADIL";1;0;0;0;0;0;0;0;0;1;0;"";"";"";"";"";"";"";"";"";"";"";"";""
"3931";2020-12-09;"07:48:00";"COM VÍTIMA";"FINALIZADA";"TAMARINEIRA";"AV NORTE";"5035";"";"LADO OPOSTO AO POSTO BR";"TAMARINEIRA";NA;"CIDADE";"TOMBAMENTO";"TOMBAMENTO DE MOTOCICLISTA.";0;1;0;0;0;0;0;0;0;1;0;"Longo da via";"Chuvoso";"Sem defeito";"Perfeito estado";"Molhada";"Perfeito estado";"Não existe";"Outras";"60 km/h";"Única";"Canteiro central";"";""
"3932";2020-12-09;"08:51:00";"COM VÍTIMA";"FINALIZADA";"SÃO JOSÉ";"C SANTA RITA";"";"";"AO LADO DAS TORRES GÊMEAS.";"SÃO JOSÉ";NA;"CIDADE";"TOMBAMENTO";"TOMBAMENTO DE MOTOCICLISTA.";0;1;0;0;0;0;0;0;0;2;0;"Longo da via";"Chuvoso";"Sem defeito";"Perfeito estado";"Molhada";"Perfeito estado";"Não existe";"R-6a";"60 km/h";"Única";"Faixa seccionada";"";""
"3933";2020-12-09;"09:18:00";"COM VÍTIMA";"FINALIZADA";"BOA VIAGEM";"AV CONSELHEIRO AGUIAR";"1540";"RUA ARTUR MUNIZ";"EM FRENTE  AO POSTO DE GASOLINA BR";"BOA VIAGEM";5;"";"ABALROAMENTO LONGITUDINAL";"COLISÃO COM VITIMA A ESPERA DO SAMU";1;1;0;0;0;0;0;0;0;1;0;"Cruzamento";"Chuvoso";"Sem defeito";"Perfeito estado";"Molhada";"Perfeito estado";"Faixa de pedestre";"Outras";"";"Única";"Faixa seccionada";"";""
"3934";2020-12-09;"10:03:00";"COM VÍTIMA";"FINALIZADA";"BOA VIAGEM";"AV CONSELHEIRO AGUIAR";"2088";"";"AO LADO DA CAIXA ECONOMICA FEDERAL E LOJA NOVO PROJETO.";"BOA VIAGEM";NA;"SUBURBIO";"ABALROAMENTO LONGITUDINAL";"COLISÃO COM VITIMA BT AGUIAR LUCAS RAMOS QTH";1;1;0;0;0;0;0;0;0;1;0;"Longo da via";"Chuvoso";"Não existe";"Perfeito estado";"Molhada";"Perfeito estado";"Não existe";"Não há placas";"";"Única";"Faixa seccionada";"";""
"3935";2020-12-09;"14:46:00";"COM VÍTIMA";"FINALIZADA";"MADALENA";"RUA NOBRE DE LACERDA";"";"EST DOS REMEDIOS";"E/F A NAGEM E AO LADO DO GRUPO SENA";"MADALENA";NA;"";"ABALROAMENTO LONGITUDINAL";"COLISAO ENTRE DOIS AUTOS E UMA MOTO COM UMA VITIMA";2;1;0;0;0;0;0;0;0;1;0;"Longo da via";"Bom";"Não existe";"Não existente";"Seca";"Perfeito estado";"Não existe";"Não há placas";"";"Dupla";"Não existe";"";""
"3936";2020-12-09;"17:29:00";"COM VÍTIMA";"CANCELADA";"ARRUDA";"AV PROFESSOR JOSE DOS ANJOS";"159";"";"PROXIMO AO BAR DO ZÉ/ SENTIDO CIDADE";"ARRUDA";642;"";"COLISÃO";"COLISÃO COM VÍTIMA";1;1;0;0;0;0;0;0;0;1;0;"";"";"";"";"";"";"";"";"";"";"";"";""
"3937";2020-12-10;"05:49:00";"SEM VÍTIMA";"FINALIZADA";"BOA VIAGEM";"AV ENGENHEIRO DOMINGOS FERREIRA";"";"";"APÓS CRUZ. COM A BRUNO VELOSO";"BOA VIAGEM";NA;"";"CHOQUE OBJETO FIXO";"COM POSTE";0;0;0;0;0;0;0;0;0;0;0;"";"";"";"";"";"";"";"";"";"";"";"";""
"3938";2020-12-10;"08:16:00";"COM VÍTIMA";"FINALIZADA";"IMBIRIBEIRA";"EST DO FRIGORIFICO";"";"";"APÓS O ARAS BOA VIAGEM E ATRÁS DA FACULDADE UNIVERSO";"IMBIRIBEIRA";NA;"";"CHOQUE OBJETO FIXO";"POSTE VEIO AO SOLO E FIOS DE ALTA TENSÃO NO CHÃO - UMA PESSOA SOFREU UM CHOQUE ELÉTRICO E UMA VÍTIMA";0;0;0;0;0;0;0;0;0;1;0;"";"";"";"";"";"";"";"";"";"";"";"";""
"3939";2020-12-10;"09:45:00";"COM VÍTIMA";"FINALIZADA";"ILHA DO LEITE";"RUA SENADOR JOSE HENRIQUE";"224";"AV FREI MATIAS TEVES";"EM FRENTE AO EMPRESARIAL CHARLES DARWIN";"ILHA DO LEITE";NA;"SUBURBIO";"COLISÃO FRONTAL";"COLISÃO ENTRE DOIS AUTOS .COM UMA VITIMA DE 89 ANOS SENDO SOCORRIDA PELO SAMU/";2;0;0;0;0;0;0;0;0;1;0;"Cruzamento";"Bom";"Não existe";"Perfeito estado";"Seca";"Perfeito estado";"Faixa de pedestre";"Placas Pare";"30 km/h";"Dupla";"Não existe";"";""
"3940";2020-12-10;"13:28:00";"COM VÍTIMA";"FINALIZADA";"PINA";"RUA PROFESSOR ARNALDO CARNEIRO LEAO";"";"";"PROX AO BIG BOMPREÇO";"PINA";NA;"";"COLISÃO";"COLISÃO MOTO X CARRO";1;1;0;0;0;0;0;0;0;1;0;"";"";"";"";"";"";"";"";"";"";"";"";""
"3941";2020-12-10;"13:34:00";"COM VÍTIMA";"FINALIZADA";"CIDADE UNIVERSITÁRIA";"RUA EMILIANO BRAGA";"";"RUA PROFESSOR ANTONIO COELHO";"POR TRAS DO TI CDU";"CIDADE UNIVERSITÁRIA";NA;"CIDADE";"ABALROAMENTO TRANSVERSAL";"COLISÃO MOTO X CARRO / VT 24 NO LOCAL";1;1;0;0;0;0;0;0;0;1;0;"Cruzamento";"Bom";"Não existe";"Perfeito estado";"Seca";"Perfeito estado";"";"Placas Pare";"";"Única";"Faixa seccionada";"";""
"3942";2020-12-10;"13:50:00";"COM VÍTIMA";"FINALIZADA";"MADALENA";"RUA BENFICA";"1146";"RUA JOAO IVO DA SILVA";"EM FRENTE AO MUSEU DA ABOLIÇÃO / BRADESCO";"MADALENA";257;"SUBURBIO";"COLISÃO";"SAMU NO LOCAL";1;1;0;0;0;0;0;0;0;1;0;"Longo da via";"Bom";"Sem defeito";"Perfeito estado";"Seca";"Perfeito estado";"Faixa de pedestre";"Não há placas";"";"Dupla";"Faixa contínua";"";""
"3943";2020-12-10;"14:05:00";"COM VÍTIMA";"FINALIZADA";"DOIS UNIDOS";"AV HILDEBRANDO DE VASCONCELOS";"512A";"RUA MARIO JOSE DE SOUZA";"APÓS O CANIL / PRÓX À KS DISTRIBUIDORA";"DOIS UNIDOS";NA;"CIDADE";"COLISÃO FRONTAL";"AGUARDANDO ATENDIMENTO DO SAMU";0;2;0;0;0;0;0;0;0;2;0;"Esquina";"Bom";"Não existe";"Perfeito estado";"Seca";"Perfeito estado";"Outros";"R-6a";"";"Dupla";"Faixa seccionada";"";""
"3944";2020-12-10;"15:00:00";"COM VÍTIMA";"FINALIZADA";"IMBIRIBEIRA";"AV MARECHAL MASCARENHAS DE MORAES";"";"";"APÓS O GERALDÃO / SAM'S CLUB";"IMBIRIBEIRA";NA;"";"COLISÃO";"AGUARDANDO ATENDIMENTO DO SAMU.";2;1;0;0;0;0;0;0;0;1;0;"";"";"";"";"";"";"";"";"";"";"";"";""
"3945";2020-12-10;"16:53:00";"COM VÍTIMA";"FINALIZADA";"BOA VIAGEM";"AV BOA VIAGEM";"1338";"";"EM FRENTE AO SEGUNDO JARDIM";"BOA VIAGEM";NA;"CIDADE";"ABALROAMENTO LONGITUDINAL";"AGUARDANDO ATENDIMENTO DO SAMU. BATEDORES REGINALDO E MILTON NO LOCAL.";1;1;0;0;0;0;0;0;0;1;0;"Longo da via";"Bom";"Não existe";"Perfeito estado";"Seca";"Perfeito estado";"Não existe";"Não há placas";"60 km/h";"Única";"Faixa seccionada";"";""
"3946";2020-12-10;"18:28:00";"COM VÍTIMA";"CANCELADA";"DOIS IRMÃOS";"RUA MANUEL DE MEDEIROS";"";"";"EM FRENTE AO LAFEPE- EM FRENTE A PRAÇA DOIS IRMÃOS";"DOIS IRMÃOS";189;"";"COLISÃO";"COLISÃO ENTRE AUTO E MOTO- COM VÍTIMAS";1;1;0;0;0;0;0;0;0;2;0;"";"";"";"";"";"";"";"";"";"";"";"";""
"3947";2020-12-10;"20:38:00";"COM VÍTIMA";"FINALIZADA";"SANTO AMARO";"AV DR JAYME DA FONTE";"34";"";"EM FRENTE A COMPESA- PROXIMO DO MERCADINHO MAIS VOCÊ";"SANTO AMARO";NA;"";"ABALROAMENTO TRANSVERSAL";"COLISÃO ENTRE AUTO E MOTO- COM VÍTIMA";1;1;0;0;0;0;0;0;0;2;0;"Longo da via";"Bom";"Não existe";"Perfeito estado";"Seca";"Perfeito estado";"Faixa de retenção";"Não há placas";"";"Dupla";"Faixa seccionada";"Canteiro central";""
"3948";2020-12-11;"07:59:00";"COM VÍTIMA";"FINALIZADA";"CAMPO GRANDE";"AV GOVERNADOR AGAMENON MAGALHAES";"1302";"";"PROX. A ANTIGA UNICORD E POSTO BR";"CAMPO GRANDE";379;"CIDADE";"ABALROAMENTO TRANSVERSAL";"COM VITIMAS";0;1;0;0;0;0;0;1;0;1;0;"Longo da via";"Bom";"Sem defeito";"Perfeito estado";"Seca";"Perfeito estado";"Faixa de pedestre";"Outras";"";"Dupla";"Faixa seccionada";"Canteiro central";""
"3949";2020-12-11;"08:13:00";"COM VÍTIMA";"FINALIZADA";"CORDEIRO";"AV CAXANGA";"279";"";"EM FRENTE DO BANCO SANTANDER";"CORDEIRO";NA;"CIDADE";"ABALROAMENTO LONGITUDINAL";"COLISÃO COM EVASÃO/ VITIMA NO LOCAL";1;1;0;0;0;0;0;0;0;1;0;"Longo da via";"Bom";"Não existe";"Perfeito estado";"Seca";"Mal conservada";"Não existe";"Não há placas";"";"Única";"Faixa seccionada";"";""
"3950";2020-12-11;"08:34:00";"COM VÍTIMA";"FINALIZADA";"DERBY";"AV GOVERNADOR AGAMENON MAGALHAES";"";"RUA HENRIQUE DIAS";"PROX. A FARMACIA PAGUE MENOS";"DERBY";68;"BOA VIAGEM";"ATROPELAMENTO";"MOTO E PEDESTRE C/V (PONTO FIXO GM JEFERSON E JOSY KARLA)";0;1;0;0;1;0;0;0;0;1;0;"Longo da via";"Bom";"Sem defeito";"Perfeito estado";"Seca";"Perfeito estado";"Agente";"R-19";"60 km/h";"Dupla";"Faixa contínua";"";""
"3951";2020-12-11;"10:53:00";"COM VÍTIMA";"FINALIZADA";"PINA";"AV HERCULANO BANDEIRA";"960";"";"EM FRENTE A MERCEDES";"PINA";657;"SUBURBIO";"COLISÃO TRASEIRA";"COM VITIMA";1;1;0;0;0;0;0;0;0;1;0;"Longo da via";"Bom";"Sem defeito";"Perfeito estado";"Seca";"Perfeito estado";"Agente";"Não há placas";"60 km/h";"Única";"Faixa seccionada";"";""
"3952";2020-12-11;"12:21:00";"COM VÍTIMA";"CANCELADA";"IBURA";"AV DOIS RIOS";"";"";"VIADUTO DA BR 101";"IBURA";NA;"";"CHOQUE";"SEGUNDO INFORME DO SUPERVISOR JONATHAN - VEICULO SE CHOCOU COM A MURETA DO VIADUTO E CAIU NA AV DOIS RIOS";1;0;0;0;0;0;0;0;0;3;0;"";"";"";"";"";"";"";"";"";"";"";"";""
"3953";2020-12-11;"13:18:00";"COM VÍTIMA";"FINALIZADA";"ENGENHO DO MEIO";"RUA LINDOLFO COLOR";"";"RUA ANTONIO CURADO";"NO SEMÁFORO 395/ SENTIDO AV CAXANGA";"ENGENHO DO MEIO";395;"";"COLISÃO TRASEIRA";"COLISÃO COM VÍTIMA";1;1;0;0;0;0;0;0;0;1;0;"Cruzamento";"Bom";"Sem defeito";"Ilegível";"Seca";"Perfeito estado";"Faixa de pedestre";"R-34";"40 km/h";"Dupla";"";"";""
"3954";2020-12-11;"13:51:00";"COM VÍTIMA";"FINALIZADA";"AREIAS";"AV DR JOSE RUFINO";"642";"";"NO SEMAFORO 491. IGREJA MATRIZ DE SANTA LUZIA";"AREIAS";491;"SUBURBIO";"ATROPELAMENTO";"MOTO ATROPELOU UM PEDESTRE VT 22 NO LOCAL";0;1;0;0;1;0;0;0;0;1;0;"Longo da via";"Bom";"Sem defeito";"Perfeito estado";"Seca";"Perfeito estado";"Faixa de pedestre";"R-6a";"";"Dupla";"Faixa contínua";"";""
"3955";2020-12-11;"18:12:00";"COM VÍTIMA";"FINALIZADA";"VÁRZEA";"AV AFONSO OLINDENSE";"988";"RUA MANOEL CORREIA";"E/F A LOMBADA ELETRONICA E SUPERMERCADO BEM BOM.";"VÁRZEA";NA;"PRC DA VÁRZEA";"ABALROAMENTO LONGITUDINAL";"COLISAO ENTRE MOTO E AUTO COM VITIMA";1;1;0;0;0;0;0;0;0;1;0;"Longo da via";"Bom";"Não existe";"Perfeito estado";"Seca";"";"Não existe";"Não há placas";"";"Dupla";"Faixa seccionada";"";""
"3956";2020-12-12;"12:45:00";"COM VÍTIMA";"FINALIZADA";"ENCRUZILHADA";"AV BEBERIBE";"433";"RUA PROFESSOR OTAVIO DE FREITAS";"PROX AO BAR DO DRAGAO / CANAL DA BARRIGUDA. AO LADO DO NÚMERO 433.";"ENCRUZILHADA";NA;"SUBURBIO";"ABALROAMENTO LONGITUDINAL";"COLISÃO MOTO X CARRO / VT 02 NO LOCAL";1;1;0;0;0;0;0;0;0;1;0;"Longo da via";"Bom";"Não existe";"Não existente";"Seca";"Perfeito estado";"Não existe";"Não há placas";"";"Dupla";"Faixa contínua";"";""
"3957";2020-12-12;"13:34:00";"COM VÍTIMA";"FINALIZADA";"ILHA JOANA BEZERRA";"PTE JOSE DE BARROS LIMA";"";"";"SUBIDA DA PONTE";"ILHA JOANA BEZERRA";NA;"CIDADE";"CHOQUE OBJETO FIXO";"COLISAO ENVOLVENDO DUAS MOTOS COM VITIMA";0;2;0;0;0;0;0;0;0;1;0;"Ponte";"Bom";"Não existe";"Perfeito estado";"Seca";"Perfeito estado";"Não existe";"Não há placas";"60 km/h";"Única";"Faixa seccionada";"";""
"3958";2020-12-12;"13:46:00";"COM VÍTIMA";"FINALIZADA";"BOA VISTA";"AV CONDE DA BOA VISTA";"1072";"RUA DA SOLEDADE";"ESTAÇÃO BRT SOLEDADE.";"BOA VISTA";25;"SUBURBIO";"ATROPELAMENTO";"HONDA XRE 300";0;1;0;0;1;0;0;0;0;2;0;"Longo da via";"Bom";"Sem defeito";"Perfeito estado";"Seca";"Perfeito estado";"Faixa de pedestre";"Não há placas";"";"Dupla";"Outros";"";""