"";"data";"hora";"natureza_acidente";"situacao";"bairro";"endereco";"numero";"detalhe_endereco_acidente";"complemento";"bairro_cruzamento";"num_semaforo";"sentido_via";"tipo";"descricao";"auto";"moto";"ciclom";"ciclista";"pedestre";"onibus";"caminhao";"viatura";"outros";"vitimas";"vitimasfatais";"acidente_verificado";"tempo_clima";"situacao_semaforo";"sinalizacao";"condicao_via";"conservacao_via";"ponto_controle";"situacao_placa";"velocidade_max_via";"mao_direcao";"divisao_via1";"divisao_via2";"divisao_via3"
"3959";2020-12-12;"15:04:00";"COM VÍTIMA";"FINALIZADA";"BOA VIAGEM";"AV ENGENHEIRO DOMINGOS FERREIRA";"";"RUA ERNESTO DE PAULA SANTOS";"EM FRENTE AO RESTAURANTE DOM FERREIRA FORNEIRA";"BOA VIAGEM";217;"SUBURBIO";"ABALROAMENTO LONGITUDINAL";"COLISÃO MOTO X CARRO";1;1;0;0;0;0;0;0;0;1;0;"Cruzamento";"Bom";"Sem defeito";"Perfeito estado";"Seca";"Perfeito estado";"Faixa de pedestre";"";"";"Única";"Canteiro central";"";""
"3960";2020-12-12;"15:25:00";"COM VÍTIMA";"FINALIZADA";"CAMPO GRANDE";"RUA ODORICO MENDES";"165";"RUA VISCONDE DE CAIRU";"APÓS O CLUBE DAS PÁS";"CAMPO GRANDE";NA;"CIDADE";"ABALROAMENTO LONGITUDINAL";"AGUARDANDO ATENDIMENTO DO SAMU.";1;1;0;0;0;0;0;0;0;2;0;"Cruzamento";"Bom";"Não existe";"";"Seca";"Perfeito estado";"Não existe";"R-6a";"";"Dupla";"Faixa seccionada";"";""
"3961";2020-12-13;"04:25:00";"SEM VÍTIMA";"CANCELADA";"BOA VIAGEM";"RUA VISCONDE DE JEQUITINHONHA";"";"";"COM RUA ARMINDO MOURA - SEMÁFORO 258";"BOA VIAGEM";258;"";"CAPOTAMENTO";"NA FAIXA NA DIREITA";0;0;0;0;0;0;0;0;0;0;0;"";"";"";"";"";"";"";"";"";"";"";"";""
"3962";2020-12-13;"10:34:00";"COM VÍTIMA";"FINALIZADA";"IMBIRIBEIRA";"AV MARECHAL MASCARENHAS DE MORAES";"";"RUA ITACARI";"EM FRENTE AO BANCO ITAÚ.";"IMBIRIBEIRA";255;"SUBURBIO";"COLISÃO TRASEIRA";"COLISÃO COM VÍTIMA";0;2;0;0;0;0;0;0;0;2;0;"Longo da via";"Bom";"Sem defeito";"Perfeito estado";"Seca";"Perfeito estado";"Faixa de pedestre";"Não há placas";"60 km/h";"Dupla";"Canteiro central";"";""
"3963";2020-12-13;"13:30:00";"COM VÍTIMA";"FINALIZADA";"PINA";"AV REPUBLICA ARABE UNIDA";"";"RUA NOGUEIRA DE SOUZA";"NA ENTRADA DO SHOPPING RIOMAR";"PINA";658;"SHOP RIO MAR";"ABALROAMENTO TRANSVERSAL";"COLISAO ENTRE AUTO E MOTO COM UMA VITIMA";1;1;0;0;0;0;0;0;0;1;0;"Cruzamento";"Bom";"Sem defeito";"Perfeito estado";"Seca";"Perfeito estado";"Não existe";"Não há placas";"";"Única";"Faixa seccionada";"";""
"3964";2020-12-13;"15:13:00";"COM VÍTIMA";"FINALIZADA";"AFOGADOS";"AV SUL";"2056";"";"ESTAÇÃO LARGO DA PAZ. BORRACHARIA SUL.";"AFOGADOS";NA;"CIDADE";"ABALROAMENTO LONGITUDINAL";"COLISÃO COM VITIMA";1;1;0;0;0;0;0;0;0;1;0;"Longo da via";"Bom";"Não existe";"Perfeito estado";"Seca";"Perfeito estado";"Não existe";"Outras";"";"Única";"Faixa seccionada";"";""
"3965";2020-12-13;"16:07:00";"COM VÍTIMA";"FINALIZADA";"IBURA";"RUA PINTOR AGENOR DE ALBUQUERQUE CESAR";"";"AV DOIS RIOS";"";"IBURA";561;"SUBURBIO";"ATROPELAMENTO";"MOTO ATROPELOU 1 PEDESTRE";0;1;0;0;1;0;0;0;0;1;0;"Longo da via";"Bom";"Sem defeito";"Incompleta";"Seca";"Perfeito estado";"Faixa de pedestre";"Outras";"40 km/h";"Dupla";"Faixa seccionada";"";""
"3966";2020-12-13;"17:40:00";"COM VÍTIMA";"FINALIZADA";"TAMARINEIRA";"EST VELHA DE AGUA FRIA";"637";"";"PROX AO DNOCS";"TAMARINEIRA";NA;"SUBURBIO";"ABALROAMENTO LONGITUDINAL";"COLISAO ENTRE AUTO E MOTO COM UMA VITIMA";1;1;0;0;0;0;0;0;0;1;0;"Longo da via";"Bom";"Não existe";"Perfeito estado";"Seca";"Perfeito estado";"Não existe";"Não há placas";"";"Dupla";"Faixa contínua";"";""
"3967";2020-12-13;"19:20:00";"COM VÍTIMA";"FINALIZADA";"ESPINHEIRO";"RUA DO ESPINHEIRO";"278";"RUA SANTO ELIAS";"E/F AO POSTO IPIRANGA";"ESPINHEIRO";NA;"NORTE";"ABALROAMENTO TRANSVERSAL";"AUTO X MOTO. C/V";1;1;0;0;0;0;0;0;0;1;0;"Cruzamento";"Bom";"Não existe";"Perfeito estado";"Seca";"Perfeito estado";"Faixa de pedestre";"Não há placas";"";"Única";"Faixa seccionada";"";""
"3968";2020-12-13;"19:57:00";"COM VÍTIMA";"FINALIZADA";"CAXANGÁ";"AV JOAQUIM RIBEIRO";"340";"AV PERNAMBUCO";"APÓS A UPA DA CAXANGÁ - PROXIMO À ESTAÇÃO BRT. EM FRENTE A REDE TEM SUPERMERCADO.";"CAXANGÁ";NA;"SUBURBIO";"ATROPELAMENTO";"MOTO X PEDESTRE";0;1;0;0;1;0;0;0;0;1;0;"Longo da via";"Bom";"Não existe";"Perfeito estado";"Seca";"Perfeito estado";"Outros";"";"";"Dupla";"Faixa seccionada";"";""
"3969";2020-12-13;"23:38:00";"SEM VÍTIMA";"CANCELADA";"AFOGADOS";"RUA PROFESSOR AUGUSTO WANDERLEY FILHO";"";"";"SUBIDA DA PONTE MOTOCOLOMBO / TROCÃO";"AFOGADOS";39;"";"COLISÃO";"SEM VÍTIMA /POSTE SEMÁFORICO DANIFICADO";0;0;0;0;0;0;0;0;0;0;0;"";"";"";"";"";"";"";"";"";"";"";"";""
"3970";2020-12-14;"01:18:00";"COM VÍTIMA";"CANCELADA";"CORDEIRO";"AV CAXANGA";"";"AV GENERAL SAN MARTIN";"CRUZAMENTO C/A AV GAL SAN MARTIN - SEM. 080";"CORDEIRO";80;"";"COLISÃO";"COLISÃO AUTO X MOTO C/VITIMA - SAMU A CAMINHO";1;1;0;0;0;0;0;0;0;1;0;"";"";"";"";"";"";"";"";"";"";"";"";""
"3971";2020-12-14;"13:02:00";"COM VÍTIMA";"FINALIZADA";"CORDEIRO";"AV CAXANGA";"2900";"";"EM FRENTE A O EXTRA SUPERMERCADO.";"CORDEIRO";NA;"SUBURBIO";"COLISÃO TRASEIRA";"COM UMA VITIMA-SAMU NO LOCAL";0;1;0;0;0;1;0;0;0;1;0;"Longo da via";"Bom";"";"Perfeito estado";"Seca";"Perfeito estado";"Agente";"Não há placas";"60 km/h";"Dupla";"Faixa contínua";"Faixa seccionada";"Canteiro central"
"3972";2020-12-14;"14:15:00";"COM VÍTIMA";"FINALIZADA";"SÃO JOSÉ";"RUA IMPERIAL";"981";"TRV DO RAPOSO";"C.M. PRODUTOS SIDERÚRGICOS FERRO E AÇO.";"SÃO JOSÉ";510;"SUBURBIO";"ABALROAMENTO TRANSVERSAL";"COM UMA VITIMA AGUARDANDO SOCORRO/CTTU NO LOCAL VT14";1;1;0;0;0;0;0;0;0;1;0;"Cruzamento";"Bom";"Sem defeito";"Perfeito estado";"Seca";"Perfeito estado";"Faixa de pedestre";"Não há placas";"";"Única";"Faixa contínua";"";""
"3973";2020-12-14;"15:01:00";"COM VÍTIMA";"FINALIZADA";"CAMPO GRANDE";"RUA PROFESSOR FRANCISCO DA TRINDADE";"481";"RUA CATULO DA PAIXAO CEARENSE";"PROX AO CENTRO DE BELEZA MERY. AO LADO DA CAPELA SÃO VICENTE.";"CAMPO GRANDE";NA;"CIDADE";"ABALROAMENTO TRANSVERSAL";"COLISÃO MOTO X CARRO";1;1;0;0;0;0;0;0;0;1;0;"Cruzamento";"Bom";"Não existe";"Incompleta";"Seca";"Perfeito estado";"Faixa de retenção";"Placas Pare";"";"Dupla";"Faixa seccionada";"";""
"3974";2020-12-14;"16:28:00";"COM VÍTIMA";"FINALIZADA";"CAXANGÁ";"AV CAXANGA";"";"";"EM FRENTE AO TI CAXANGA / PROX A PONTE SENTIDO UPA";"CAXANGÁ";NA;"SUBURBIO";"COLISÃO COM CICLISTA";"COLISÃO COM CICLISTA";0;0;0;1;0;1;0;0;0;1;0;"Longo da via";"Bom";"Sem defeito";"Perfeito estado";"Seca";"Perfeito estado";"Faixa de pedestre";"Não há placas";"60 km/h";"Dupla";"Faixa seccionada";"";""
"3975";2020-12-14;"16:55:00";"COM VÍTIMA";"FINALIZADA";"BOA VISTA";"RUA DR LEOPOLDO LINS";"";"AV GOVERNADOR AGAMENON MAGALHAES";"NA ESQUINA DA CAIXA ECONOMICA";"BOA VISTA";78;"SUBURBIO";"ABALROAMENTO TRANSVERSAL";"COLISAO ENVOLVENDO AUTO E MOTO COM VITIMA";1;1;0;0;0;0;0;0;0;1;0;"Cruzamento";"Bom";"Sem defeito";"Perfeito estado";"Seca";"Perfeito estado";"Faixa de pedestre";"R-19";"60 km/h";"Dupla";"Canal";"";""
"3976";2020-12-14;"18:43:00";"COM VÍTIMA";"FINALIZADA";"ENCRUZILHADA";"AV NORTE";"1835";"AV JOAO DE BARROS";"EM FRENTE AO BANCO SANTANDER";"ENCRUZILHADA";43;"";"ABALROAMENTO TRANSVERSAL";"COLISÃO ENTRE AUTO E MOTO- COM VÍTIMA";1;1;0;0;0;0;0;0;0;1;0;"Cruzamento";"Bom";"Sem defeito";"Perfeito estado";"Seca";"Perfeito estado";"Agente";"R-26";"";"Dupla";"Canteiro central";"";""
"3977";2020-12-15;"08:02:00";"SEM VÍTIMA";"FINALIZADA";"TORRE";"RUA NETO CAMPELO JUNIOR";"";"RUA PADRE ANCHIETA";"MINUTO PÃO DE AÇUCAR";"TORRE";NA;"";"COLISÃO";"VEICULO OFICIAL";2;0;0;0;0;0;0;0;0;0;0;"Longo da via";"Bom";"Não existe";"Não existente";"Seca";"Perfeito estado";"Não existe";"Não há placas";"";"Única";"Não existe";"";""
"3978";2020-12-15;"08:36:00";"COM VÍTIMA";"FINALIZADA";"CIDADE UNIVERSITÁRIA";"RUA GENERAL POLIDORO";"788";"";"GALERIA UNIVERSITARIA. AO LADO DO NÚMERO INFORMADO.";"CIDADE UNIVERSITÁRIA";NA;"SUBURBIO";"ABALROAMENTO LONGITUDINAL";"COM VITIMA";1;1;0;0;0;0;0;0;0;1;0;"Longo da via";"Bom";"Não existe";"Perfeito estado";"Seca";"Perfeito estado";"Não existe";"Não há placas";"";"Dupla";"Faixa contínua";"";""
"3979";2020-12-15;"09:00:00";"COM VÍTIMA";"FINALIZADA";"IBURA";"AV DOIS RIOS";"1333";"";"CONSELHO TUTELAR RPA 6B";"";NA;"SUBURBIO";"COLISÃO FRONTAL";"AUTO E MOTO";1;1;0;0;0;0;0;0;0;1;0;"Longo da via";"Bom";"Não existe";"Não existente";"Seca";"Perfeito estado";"Não existe";"Não há placas";"";"Dupla";"Faixa contínua";"";""
"3980";2020-12-15;"14:01:00";"COM VÍTIMA";"FINALIZADA";"CORDEIRO";"AV CAXANGA";"1845";"";"EM FRENTE AO SOBERANO/ SENTIDO CIDADE";"CORDEIRO";NA;"CIDADE";"ABALROAMENTO LONGITUDINAL";"COLISÃO COM VÍTIMA";1;1;0;0;0;0;0;0;0;1;0;"Longo da via";"Bom";"Não existe";"Perfeito estado";"Seca";"Perfeito estado";"Não existe";"R-6a";"60 km/h";"Única";"Faixa seccionada";"Canteiro central";""
"3981";2020-12-15;"18:13:00";"COM VÍTIMA";"FINALIZADA";"MADALENA";"AV ENGENHEIRO ABDIAS DE CARVALHO";"";"EST DOS REMEDIOS";"";"MADALENA";52;"TORRE";"ABALROAMENTO LONGITUDINAL";"COM VÍTIMA";0;2;0;0;0;0;0;0;0;1;0;"Longo da via";"Bom";"Sem defeito";"Perfeito estado";"Seca";"Perfeito estado";"Não existe";"Não há placas";"60 km/h";"Única";"Faixa seccionada";"";""
"3982";2020-12-15;"18:59:00";"COM VÍTIMA";"FINALIZADA";"CABANGA";"RUA CAPITAO TEMUDO";"";"AV SATURNINO DE BRITO";"SNT BV- AO LADO DO VIADUTO CAP TEMUDO";"CABANGA";NA;"BOA VIAGEM";"ABALROAMENTO LONGITUDINAL";"AUTO X MOTO. C/V";1;1;0;0;0;0;0;0;0;1;0;"Esquina";"Chuvoso";"Não existe";"Perfeito estado";"Molhada";"Perfeito estado";"Não existe";"Não há placas";"";"Única";"Faixa seccionada";"";""
"3983";2020-12-15;"19:14:00";"SEM VÍTIMA";"FINALIZADA";"CAMPO GRANDE";"EST DE BELEM";"1555";"";"E/F A PRAÇA DO TERMINAL DE ONIBUS DE CAMPO GRANDRE";"CAMPO GRANDE";NA;"";"COLISÃO";"COLISAO SEM VITIMAS ENTRE TRES VEICULOS";3;0;0;0;0;0;0;0;0;0;0;"";"";"";"";"";"";"";"";"";"";"";"";""
"3984";2020-12-15;"21:23:00";"COM VÍTIMA";"FINALIZADA";"VÁRZEA";"AV AFONSO OLINDENSE";"420";"";"E/F AO ANTIGO COLISEU- EMPRESA COOPERNORTE. SINPETRACOPE.";"VÁRZEA";NA;"PRAÇA DA VÁRZEA";"ABALROAMENTO TRANSVERSAL";"MOTO X ÕNIBUS. C/V";0;1;0;0;0;1;0;0;0;2;0;"Longo da via";"Bom";"Não existe";"Perfeito estado";"Seca";"Perfeito estado";"Não existe";"Não há placas";"";"Dupla";"Faixa seccionada";"";""
"3985";2020-12-16;"01:23:00";"COM VÍTIMA";"CANCELADA";"AFOGADOS";"RUA SAO MIGUEL";"116";"";"E/F AO CARTÓRIO DE AFOGADOS E DEPATRI";"AFOGADOS";NA;"CIDADE";"COLISÃO";"COLISÃO 2 AUTOS C/VITIMA (FIAT/UNO SE ENCONTRA CAPOTADO)";2;0;0;0;0;0;0;0;0;1;0;"";"";"";"";"";"";"";"";"";"";"";"";""
"3986";2020-12-16;"09:20:00";"COM VÍTIMA";"FINALIZADA";"VÁRZEA";"RUA CONEGO JOSE FERNANDES MACHADO";"41A";"";"RUA DA ANTENA DO UR7 VÁRZEA";"VÁRZEA";NA;"";"COLISÃO FRONTAL";"COM UMA VITIMA -AGUARDANDO SOCORRO";1;1;0;0;0;0;0;0;0;1;0;"Longo da via";"Bom";"Não existe";"Não existente";"Seca";"Perfeito estado";"Não existe";"Não há placas";"";"Dupla";"Não existe";"";""
"3987";2020-12-16;"09:48:00";"COM VÍTIMA";"FINALIZADA";"CORDEIRO";"EST DO FORTE DO ARRAIAL N. DO B. JESUS";"1291";"RUA TAMBORIL";"AO LADO DA PRAÇA AMPO DO 15. SELF SERVICE DA BENE.";"CORDEIRO";482;"SUBURBIO";"ABALROAMENTO LONGITUDINAL";"COM UMA VITIMA-SAMU ACIONADO";1;1;0;0;0;0;0;0;0;1;0;"Longo da via";"Bom";"Sem defeito";"Perfeito estado";"Seca";"Perfeito estado";"Não existe";"Não há placas";"30 km/h";"Dupla";"Faixa seccionada";"";""
"3988";2020-12-16;"10:49:00";"SEM VÍTIMA";"FINALIZADA";"MADALENA";"AV VISCONDE DE ALBUQUERQUE";"185";"RUA ARNALDO BASTOS";"PRÓXIMO AO BANCO ITAÚ";"MADALENA";NA;"CIDADE";"ABALROAMENTO LONGITUDINAL";"SEM VITIMAS/VIATURA DA PM";1;0;0;0;0;0;0;1;0;0;0;"Longo da via";"Bom";"Não existe";"Perfeito estado";"Seca";"Perfeito estado";"Faixa de pedestre";"";"";"Única";"Faixa seccionada";"";""
"3989";2020-12-16;"14:16:00";"SEM VÍTIMA";"FINALIZADA";"IPUTINGA";"RUA EMILIANO BRAGA";"97";"RUA MANOEL JOAQUIM DE ALMEIDA";"PB HOSPITALAR MATERIAIS HOSPITALARES ( EM FRENTE)";"IPUTINGA";NA;"SUBURBIO";"ABALROAMENTO TRANSVERSAL";"COLISÃO NO LOCAL E NÃO TEM VÍTIMAS - VEÍCULOS ATRAPALJHANDO A FLUIDEZ DE VEÍCULOS";2;0;0;0;0;0;0;0;0;0;0;"Cruzamento";"Bom";"Não existe";"Não existente";"Seca";"Perfeito estado";"Não existe";"Não há placas";"";"Dupla";"Não existe";"";""
"3990";2020-12-16;"14:42:00";"SEM VÍTIMA";"FINALIZADA";"BOA VIAGEM";"RUA PADRE GIORDANO";"57";"RUA PINHAL";"";"BOA VIAGEM";NA;"SUBURBIO";"ABALROAMENTO TRANSVERSAL";"COLISÃO COM VEÍCULO OFICIAL.";2;0;0;0;0;0;0;0;0;0;0;"Longo da via";"Bom";"Não existe";"Não existente";"Seca";"Perfeito estado";"Não existe";"Não há placas";"";"Dupla";"Não existe";"";""
"3991";2020-12-16;"17:33:00";"COM VÍTIMA";"FINALIZADA";"TORRE";"RUA CONDE DE IRAJA";"";"RUA REAL DA TORRE";"ESQUINA COM O EXTRA BOM";"TORRE";106;"AFOGADOS";"COLISÃO TRASEIRA";"COLISAO ENVOLVENDO AUTO E MOTO COM VITIMA";1;1;0;0;0;0;0;0;0;1;0;"Longo da via";"Bom";"Sem defeito";"Perfeito estado";"Seca";"Perfeito estado";"Faixa de pedestre";"R-6a";"50 km/h";"Única";"Faixa seccionada";"";""
"3992";2020-12-16;"17:35:00";"COM VÍTIMA";"FINALIZADA";"BOA VIAGEM";"RUA DOS NAVEGANTES";"2313";"RUA PROFESSOR JOSE BRANDAO";"";"BOA VIAGEM";NA;"SUBURBIO";"ABALROAMENTO TRANSVERSAL";"VÍTIMA SOCORRIDA PELO SAMU - MOTO NO LOCAL FICARÁ COM A RESPONSÁVEL XXX";1;1;0;0;0;0;0;0;0;1;0;"Longo da via";"Bom";"Não existe";"Perfeito estado";"Seca";"Perfeito estado";"Não existe";"Não há placas";"";"Dupla";"Não existe";"";""
"3993";2020-12-16;"18:22:00";"COM VÍTIMA";"FINALIZADA";"MADALENA";"EST DOS REMEDIOS";"";"RUA PADRE GABRIEL MOUSINHO";"";"MADALENA";NA;"CIDADE";"ABALROAMENTO LONGITUDINAL";"SITUAÇÃO REPASSADA PELO GTM JORGE";1;1;0;0;0;0;0;0;0;1;0;"Cruzamento";"Bom";"Não existe";"Perfeito estado";"Seca";"Perfeito estado";"Não existe";"Placas Pare";"";"Única";"Não existe";"";""
"3994";2020-12-16;"20:19:00";"COM VÍTIMA";"FINALIZADA";"BONGI";"EST DO BONGI";"919";"";"PRÓXIMO À DELEGACIA DA POLÍCIA CIVIL";"BONGI";NA;"SUBURBIO";"ABALROAMENTO TRANSVERSAL";"AUTO E MOTO";1;1;0;0;0;0;0;0;0;1;0;"Longo da via";"Bom";"Não existe";"Perfeito estado";"Seca";"Perfeito estado";"Não existe";"Outras";"";"Dupla";"Faixa contínua";"";""
"3995";2020-12-17;"08:29:00";"SEM VÍTIMA";"FINALIZADA";"";"RUA N S DO CARMO";"";"AV DANTAS BARRETO";"";"";NA;"";"COLISÃO";"COLISÃO ENTRE DOIS AUTOS SENDO UMA VT CORREGEDORIA";2;0;0;0;0;0;0;0;0;0;0;"Longo da via";"Bom";"";"Perfeito estado";"Seca";"Perfeito estado";"";"Não há placas";"40 km/h";"Dupla";"Faixa contínua";"";""
"3996";2020-12-17;"11:16:00";"COM VÍTIMA";"FINALIZADA";"SAN MARTIN";"RUA GOMES TABORDA";"";"AV GENERAL SAN MARTIN";"";"SAN MARTIN";67;"CIDADE";"TOMBAMENTO";"TOMBAMENTO DE MOTO";0;1;0;0;0;0;0;0;0;1;0;"Cruzamento";"Bom";"Sem defeito";"Perfeito estado";"Seca";"Perfeito estado";"Faixa de pedestre";"R-6a";"";"Dupla";"Faixa contínua";"";""
"3997";2020-12-17;"17:43:00";"COM VÍTIMA";"FINALIZADA";"BOA VISTA";"AV CONDE DA BOA VISTA";"";"RUA DOM BOSCO";"";"BOA VISTA";27;"SUBURBIO";"ABALROAMENTO LONGITUDINAL";"DUAS MOTOS COM VITIMA";0;2;0;0;0;0;0;0;0;1;0;"Cruzamento";"Bom";"Sem defeito";"Perfeito estado";"Seca";"Perfeito estado";"Faixa de pedestre";"Não há placas";"60 km/h";"Única";"Faixa contínua";"";""
"3998";2020-12-17;"19:40:00";"SEM VÍTIMA";"FINALIZADA";"IMBIRIBEIRA";"AV MARECHAL MASCARENHAS DE MORAES";"7935";"";"SEMAFORO Nº626";"IMBIRIBEIRA";NA;"CIDADE";"COLISÃO";"COLISAO DOIS AUTOS SEM VITIMAS";0;0;0;0;0;0;0;0;0;0;0;"Longo da via";"Bom";"Sem defeito";"Perfeito estado";"Seca";"Perfeito estado";"";"Não há placas";"60km/h";"Dupla";"Canteiro central";"";""
"3999";2020-12-17;"20:00:00";"COM VÍTIMA";"FINALIZADA";"PRADO";"EST DOS REMEDIOS";"";"AV ENGENHEIRO ABDIAS DE CARVALHO";"E/F À FARMACIA DROGASIL";"PRADO";52;"SUBURBIO";"ABALROAMENTO LONGITUDINAL";"COLISÃO AUTO X MOTO";1;1;0;0;0;0;0;0;0;2;0;"Cruzamento";"Bom";"Sem defeito";"Perfeito estado";"Seca";"Mal conservada";"Faixa de pedestre";"R-6a";"60 km/h";"Dupla";"Faixa contínua";"";""
"4000";2020-12-18;"07:32:00";"COM VÍTIMA";"FINALIZADA";"GRAÇAS";"AV GOVERNADOR AGAMENON MAGALHAES";"3158";"";"EM FRENTE AO MEDICAL CENTES- PISTA CENTRAL.";"GRAÇAS";NA;"SUBURBIO";"ABALROAMENTO LONGITUDINAL";"COLISÃO ENTRE AUTO E MOTOCICLETA";1;1;0;0;0;0;0;0;0;1;0;"Longo da via";"Bom";"Não existe";"Perfeito estado";"Seca";"Perfeito estado";"Não existe";"Não há placas";"60 km/h";"Dupla";"Canal";"";""
"4001";2020-12-18;"08:30:00";"COM VÍTIMA";"FINALIZADA";"ESPINHEIRO";"RUA GOMES PACHECO";"245";"RUA AFONSO BATISTA";"EM FRENTE AO POSTO SHELL";"ESPINHEIRO";NA;"SUBURBIO";"COLISÃO FRONTAL";"COLISÃO ENTRE AUTO E MOTOCICLETA";1;1;0;0;0;0;0;0;0;1;0;"Cruzamento";"Bom";"Não existe";"Incompleta";"Seca";"Perfeito estado";"Não existe";"R-4a";"";"Dupla";"";"";""
"4002";2020-12-18;"09:30:00";"COM VÍTIMA";"FINALIZADA";"APIPUCOS";"RUA DE APIPUCOS";"685";"";"AÇUDE DE APIPUCOS";"APIPUCOS";NA;"CIDADE";"COLISÃO FRONTAL";"COLISÃO COM UMA VÍTIMA";1;1;0;0;0;0;0;0;0;1;0;"Cruzamento";"Bom";"Sem defeito";"Perfeito estado";"Seca";"Perfeito estado";"Faixa de retenção";"R-6a";"60 km/h";"Dupla";"Faixa contínua";"";""
"4003";2020-12-18;"13:35:00";"COM VÍTIMA";"FINALIZADA";"SANTO AMARO";"AV GOVERNADOR AGAMENON MAGALHAES";"";"";"EM FRENTE A UPE.";"SANTO AMARO";465;"SUBURBIO";"ABALROAMENTO LONGITUDINAL";"AUTO E MOTO.";1;1;0;0;0;0;0;0;0;2;0;"Longo da via";"Bom";"Sem defeito";"Perfeito estado";"Seca";"Perfeito estado";"Faixa de pedestre";"R-19";"60 km/h";"Única";"Faixa seccionada";"";""
"4004";2020-12-18;"14:26:00";"COM VÍTIMA";"FINALIZADA";"BOA VISTA";"AV CONDE DA BOA VISTA";"785";"";"EM FRENTE AO SANTANDER";"BOA VISTA";NA;"CIDADE";"ABALROAMENTO LONGITUDINAL";"COLISÃO ENTRE AUTO E MOTOCICLETA";1;1;0;0;0;0;0;0;0;1;0;"Longo da via";"Bom";"Não existe";"Perfeito estado";"Seca";"Perfeito estado";"Não existe";"Outras";"40 km/h";"Dupla";"Canteiro central";"";""
"4005";2020-12-19;"01:12:00";"VÍTIMA FATAL";"FINALIZADA";"SANTO AMARO";"AV NORTE";"";"RUA TREZE DE MAIO";"COM RUA 13 DE MAIO";"SANTO AMARO";36;"CIDADE";"CHOQUE OBJETO FIXO";"VEÍCULO CHOCOU-SE CONTRA UM POSTE E UMA ÁRVORE ALÉM DO POSTE DA SEMAFORICA";1;0;0;0;0;0;0;0;0;1;1;"Cruzamento";"Bom";"Sem defeito";"Perfeito estado";"Seca";"Perfeito estado";"Faixa de pedestre";"Não há placas";"";"Dupla";"Canteiro central";"";""
"4006";2020-12-19;"20:45:00";"COM VÍTIMA";"FINALIZADA";"CORDEIRO";"AV GENERAL SAN MARTIN";"";"AV CAXANGA";"TERMINAL INTEGRADO CAXANGÁ III PERIMETRAL.";"CORDEIRO";NA;"CIDADE";"ABALROAMENTO LONGITUDINAL";"GOL VERMELHO X MOTO";1;1;0;0;0;0;0;0;0;1;0;"Longo da via";"Bom";"Sem defeito";"Ilegível";"Seca";"Perfeito estado";"Faixa de retenção";"R-6a";"60 km/h";"Única";"Faixa contínua";"";""
"4007";2020-12-20;"13:08:00";"COM VÍTIMA";"FINALIZADA";"AFOGADOS";"RUA SAO MIGUEL";"630";"";"LADO OPOSTO A CLAYTON AUTO PEÇAS E SERVIÇOS.";"AFOGADOS";NA;"SUBURBIO";"ABALROAMENTO LONGITUDINAL";"MOTO X GM SPIN";1;1;0;0;0;0;0;0;0;1;0;"Longo da via";"Bom";"Não existe";"Perfeito estado";"Seca";"Perfeito estado";"Não existe";"Não há placas";"";"Dupla";"Faixa contínua";"";""
"4008";2020-12-20;"13:07:00";"COM VÍTIMA";"FINALIZADA";"SÃO JOSÉ";"RUA DA CONCORDIA";"854";"RUA DO PEIXOTO";"";"SÃO JOSÉ";182;"CIDADE";"COLISÃO FRONTAL";"FIAT UNO X MOTO YAMAHA";1;1;0;0;0;0;0;0;0;1;0;"Cruzamento";"Bom";"Sem defeito";"Perfeito estado";"Seca";"Perfeito estado";"Outros";"Não há placas";"40 km/h";"Única";"Não existe";"";""
"4009";2020-12-20;"16:53:00";"COM VÍTIMA";"FINALIZADA";"IPSEP";"RUA JEAN EMILE FAVRE";"";"RUA RIO AMAZONAS";"SOB SEMÁFORO 527. PANIFICADORA PÃO NORTE.";"IPSEP";527;"";"ABALROAMENTO LONGITUDINAL";"AUTO E MOTO";1;0;1;0;0;0;0;0;0;1;0;"Cruzamento";"Bom";"Sem defeito";"Incompleta";"Seca";"Perfeito estado";"Outros";"Outras";"";"Dupla";"Faixa contínua";"";""
"4010";2020-12-20;"21:09:00";"SEM VÍTIMA";"FINALIZADA";"CABANGA";"PTE GOVERNADOR PAULO GUERRA";"";"";"COLISÃO ENVOLVENDO HB 20 E FIAT PUNTO ENVOLVENDO CONDUTOR COM SINTOMAS DE EMBRIAGUEZ";"CABANGA";NA;"";"COLISÃO";"";2;0;0;0;0;0;0;0;0;0;0;"Ponte";"Bom";"Não existe";"Perfeito estado";"Seca";"Perfeito estado";"Outros";"Não há placas";"";"Única";"Faixa contínua";"";""
"4011";2020-12-21;"07:19:00";"COM VÍTIMA";"FINALIZADA";"GRAÇAS";"AV GOVERNADOR AGAMENON MAGALHAES";"";"";"PRÓXIMO AO SEMÁFORO 174. EM FRENTE À ESCOLA ESTADUAL GOV. BARBOSA LIMA.";"GRAÇAS";174;"BOA VIAGEM";"COLISÃO COM CICLISTA";"AUTO E CICLISTA";1;0;0;1;0;0;0;0;0;1;0;"Longo da via";"Bom";"Sem defeito";"Perfeito estado";"Seca";"Perfeito estado";"Outros";"Outras";"60 km/h";"Dupla";"Canteiro central";"";""