"";"data";"hora";"natureza_acidente";"situacao";"bairro";"endereco";"numero";"detalhe_endereco_acidente";"complemento";"bairro_cruzamento";"num_semaforo";"sentido_via";"tipo";"descricao";"auto";"moto";"ciclom";"ciclista";"pedestre";"onibus";"caminhao";"viatura";"outros";"vitimas";"vitimasfatais";"acidente_verificado";"tempo_clima";"situacao_semaforo";"sinalizacao";"condicao_via";"conservacao_via";"ponto_controle";"situacao_placa";"velocidade_max_via";"mao_direcao";"divisao_via1";"divisao_via2";"divisao_via3"
"4012";2020-12-21;"11:31:00";"COM VÍTIMA";"FINALIZADA";"SANTO AMARO";"RUA DO POMBAL";"";"RUA DOS PALMARES";"CENTRO DE SAUDE PROF. VALDEMAR DE OLIVEIRA";"SANTO AMARO";NA;"";"ABALROAMENTO TRANSVERSAL";"COM VITIMA";1;1;0;0;0;0;0;0;0;1;0;"Cruzamento";"Bom";"Não existe";"Perfeito estado";"Seca";"Perfeito estado";"Faixa de pedestre";"R-34";"40 km/h";"Dupla";"Canteiro central";"";""
"4013";2020-12-21;"13:48:00";"COM VÍTIMA";"FINALIZADA";"SANTO AMARO";"AV NORTE";"";"PRC GENERAL ABREU E LIMA";"POR TRAS DO CEMITERIO DOS INGLESES";"SANTO AMARO";587;"CIDADE";"ABALROAMENTO LONGITUDINAL";"COLISAO ENTRE AUTO E MOTO COM VITIMA";1;1;0;0;0;0;0;0;0;1;0;"Cruzamento";"Bom";"Sem defeito";"Perfeito estado";"Seca";"Perfeito estado";"Outros";"Outras";"";"Dupla";"Faixa contínua";"";""
"4014";2020-12-21;"16:05:00";"COM VÍTIMA";"FINALIZADA";"ESPINHEIRO";"AV GOVERNADOR AGAMENON MAGALHAES";"2125";"";"EM FRENTE AO SANTANDER SELECT";"ESPINHEIRO";NA;"BOA VIAGEM";"ABALROAMENTO LONGITUDINAL";"COLISAO ENVOLVENDO AUTO E MOTO COM VITIMA";1;1;0;0;0;0;0;0;0;1;0;"Longo da via";"Bom";"Sem defeito";"Perfeito estado";"Seca";"Perfeito estado";"Não existe";"Outras";"";"Dupla";"Canal";"";""
"4015";2020-12-21;"16:24:00";"COM VÍTIMA";"FINALIZADA";"BOA VIAGEM";"AVENIDA CELSO FURTADO (VIA MANGUE)";"";"";"PROX A LOMBADA ELETRONICA. POSTE J013384.";"BOA VIAGEM";NA;"CIDADE";"COLISÃO TRASEIRA";"COLISAO ENTRE AUTO E MOTO COM VITIMA";1;1;0;0;0;0;0;0;0;1;0;"Longo da via";"Bom";"Não existe";"Perfeito estado";"Seca";"Perfeito estado";"Não existe";"Não há placas";"60 km/h";"Dupla";"Canteiro central";"";""
"4016";2020-12-21;"17:46:00";"COM VÍTIMA";"CANCELADA";"IBURA";"RUA DOIS";"149";"";"NA PRAÇA DA UR6";"IBURA";NA;"";"COLISÃO";"COLISAO ENTRE UM MICRO ONIBUS E MOTO COM UMA VITIMA";0;1;0;0;0;1;0;0;0;1;0;"";"";"";"";"";"";"";"";"";"";"";"";""
"4017";2020-12-21;"19:18:00";"SEM VÍTIMA";"FINALIZADA";"TORRE";"RUA PROFESSOR TRAJANO DE MENDONCA";"";"";"E/F AO POSTO SHELL / APÓS O ATACADO DOS PRESENTES";"TORRE";NA;"";"CHOQUE OBJETO FIXO";"CAMINHÃO CHOCOU-SE CONTRA O POSTE E EM SEGUIDA ARRASTOU OS FIOS DO MESMO. A FIAÇÃO ESTA CAIDA PELA VIA. S/V";0;0;0;0;0;0;1;0;0;0;0;"";"";"";"";"";"";"";"";"";"";"";"";""
"4018";2020-12-21;"19:26:00";"COM VÍTIMA";"FINALIZADA";"TORRE";"RUA REAL DA TORRE";"";"";"AO LADO DO ATACADO DOS PRESENTES";"TORRE";NA;"SUBURBIO";"ABALROAMENTO LONGITUDINAL";"COLISAO ENTRE AUTO E MOTO COM VITIMA";1;1;0;0;0;0;0;0;0;1;0;"Longo da via";"Bom";"Não existe";"Perfeito estado";"Seca";"Perfeito estado";"";"Não há placas";"40 km/h";"Única";"";"";""
"4019";2020-12-21;"20:28:00";"COM VÍTIMA";"FINALIZADA";"BAIRRO DO RECIFE";"CAIS DO APOLO";"222";"";"E/F AO PORTO DIGITAL";"BAIRRO DO RECIFE";NA;"CIDADE";"COLISÃO COM CICLISTA";"COLISAO ENTRE ONIBUS E CICLISTA";0;0;0;1;0;1;0;0;0;1;0;"Longo da via";"Bom";"Não existe";"Perfeito estado";"Seca";"Perfeito estado";"Não existe";"Outras";"";"Única";"Faixa seccionada";"";""
"4020";2020-12-21;"21:49:00";"COM VÍTIMA";"FINALIZADA";"TORRE";"RUA DIANOPOLIS";"";"RUA SOUZA BANDEIRA";"E/F AO EDFC VIVENDA DOS GIRASSOIS";"TORRE";317;"SUBURBIO";"COLISÃO FRONTAL";"COLISAO ENTRE AUTO E MOTO COM VITIMA";1;1;0;0;0;0;0;0;0;1;0;"Cruzamento";"Bom";"Intermitente";"Perfeito estado";"Seca";"Perfeito estado";"Faixa de pedestre";"R-6a";"30 km/h";"Dupla";"Faixa contínua";"";""
"4021";2020-12-22;"07:24:00";"COM VÍTIMA";"FINALIZADA";"MANGUEIRA";"RUA ALEXANDRE RODRIGUES FERREIRA";"563";"RUA MEDINA";"EM FRENTE AO ARMAZEM REDE CONSTRUIR";"MANGUEIRA";NA;"CIDADE";"COLISÃO COM CICLISTA";"COM DUA VITIMAS AGUARDANDO SAMU";1;0;0;1;0;0;0;0;0;2;0;"Cruzamento";"Bom";"Não existe";"Incompleta";"Seca";"Perfeito estado";"Não existe";"Não há placas";"";"Única";"Não existe";"";""
"4022";2020-12-22;"10:19:00";"COM VÍTIMA";"FINALIZADA";"SANTO AMARO";"AV CRUZ CABUGA";"";"";"EM FRENTE A ESCOLA DE APRENDIZES DE MARINHEIROS";"SANTO AMARO";NA;"";"COLISÃO";"MOTO 01 X MOTO 02";0;2;0;0;0;0;0;0;0;2;0;"";"";"";"";"";"";"";"";"";"";"";"";""
"4023";2020-12-22;"10:52:00";"SEM VÍTIMA";"FINALIZADA";"BOA VISTA";"RUA JOAO FERNANDES VIEIRA";"";"RUA OSVALDO CRUZ";"TEATRO WALDEMAR DE OLIVEIRA";"BOA VISTA";NA;"";"COLISÃO";"";2;0;0;0;0;0;0;0;0;0;0;"Longo da via";"Bom";"Não existe";"Perfeito estado";"Seca";"Perfeito estado";"Não existe";"Não há placas";"";"Única";"Faixa seccionada";"";""
"4024";2020-12-22;"11:44:00";"COM VÍTIMA";"FINALIZADA";"IMBIRIBEIRA";"AV MARECHAL MASCARENHAS DE MORAES";"1919";"";"EM FRENTE AO JUIZADO ESPECIAL DO RECIFE";"IMBIRIBEIRA";NA;"CIDADE";"COLISÃO TRASEIRA";"COM DUAS VITIMAS AGUARDANDO SAMU";1;1;0;0;0;0;0;0;0;2;0;"Longo da via";"Bom";"Não existe";"Perfeito estado";"Seca";"Perfeito estado";"Não existe";"Não há placas";"60 km/h";"Única";"Faixa seccionada";"";""
"4025";2020-12-22;"11:50:00";"COM VÍTIMA";"FINALIZADA";"CASA AMARELA";"AV NORTE";"3799";"RUA OSCAR DE BARROS";"";"CASA AMARELA";676;"SUBURBIO";"COLISÃO COM CICLISTA";"MOTOCICLETA X BICICLETA";0;1;0;1;0;0;0;0;0;1;0;"Cruzamento";"Bom";"Sem defeito";"Perfeito estado";"Seca";"Perfeito estado";"Faixa de pedestre";"R-6a";"";"Dupla";"Faixa contínua";"";""
"4026";2020-12-22;"14:58:00";"COM VÍTIMA";"FINALIZADA";"TORRE";"RUA JOSE BONIFACIO";"";"RUA JOSE DE HOLANDA";"EM FRENTE AO MERCADO TORRE";"TORRE";601;"";"COLISÃO";"COLISÃO MOTO X CARRO";1;1;0;0;0;0;0;0;0;1;0;"";"";"";"";"";"";"";"";"";"";"";"";""
"4027";2020-12-22;"16:08:00";"COM VÍTIMA";"FINALIZADA";"BOA VIAGEM";"AV CONSELHEIRO AGUIAR";"3384";"";"EM FRENTE AO ED. TROPICAL / APOS A CAIXA ECONIMICA";"BOA VIAGEM";NA;"SUBURBIO";"ATROPELAMENTO";"ONIBUS ATROPELOU PEDESTRE";0;0;0;0;1;1;0;0;0;1;0;"Longo da via";"Bom";"Sem defeito";"Perfeito estado";"Seca";"Perfeito estado";"Não existe";"Não há placas";"";"Única";"Não existe";"";""
"4028";2020-12-22;"17:22:00";"SEM VÍTIMA";"FINALIZADA";"PINA";"";"";"";"NA SAIDA DO TUNEL ANTONIO DE GOES";"PINA";NA;"";"COLISÃO";"COLISÃO - NÃO HOUVE VÍTIMA E OS ORIENTADORES E GMS SOLICITARAM REALIZAR O BATE PRONTO";0;0;0;0;0;0;0;0;0;0;0;"";"";"";"";"";"";"";"";"";"";"";"";""
"4029";2020-12-22;"17:41:00";"COM VÍTIMA";"FINALIZADA";"SÃO JOSÉ";"RUA SAO JOAO";"209";"RUA PASSO DA PATRIA";"";"SÃO JOSÉ";NA;"SUBURBIO";"ABALROAMENTO TRANSVERSAL";"V1 placa (motocicleta) X V2- PLACA";1;1;0;0;0;0;0;0;0;2;0;"Cruzamento";"Bom";"Não existe";"";"Seca";"Perfeito estado";"Não existe";"R-4b";"40 km/h";"Única";"Não existe";"";""
"4030";2020-12-22;"18:11:00";"COM VÍTIMA";"FINALIZADA";"BEBERIBE";"AV BEBERIBE";"2329";"";"LADO OPOSTO AO SUPERMERCADO SOBERANO";"BEBERIBE";NA;"CIDADE";"COLISÃO TRASEIRA";"AUTO E MOTO";1;1;0;0;0;0;0;0;0;1;0;"Longo da via";"Bom";"Não existe";"Não existente";"Seca";"Perfeito estado";"Não existe";"R-6a";"";"Dupla";"Faixa contínua";"";""
"4031";2020-12-23;"05:46:00";"SEM VÍTIMA";"CANCELADA";"ESPINHEIRO";"RUA JOSE LUIZ DA SILVEIRA BARROS";"63";"";"DEPOIS DO CRUZAMENTO DA RUA AMELIA";"ESPINHEIRO";NA;"";"CHOQUE";"";0;0;0;0;0;0;0;0;0;0;0;"";"";"";"";"";"";"";"";"";"";"";"";""
"4032";2020-12-23;"07:15:00";"COM VÍTIMA";"FINALIZADA";"MADALENA";"RUA JOAO IVO DA SILVA";"205";"";"SENTIDO AFOGADOS  NA SAÍDA DO TÚNEL DA ABOLIÇÃO.";"MADALENA";NA;"CIDADE";"ABALROAMENTO LONGITUDINAL";"COLISÃO COM VITIMAS A ESPERA DO SAMU";0;2;0;0;0;0;0;0;0;1;0;"Longo da via";"Bom";"Não existe";"Perfeito estado";"Seca";"Perfeito estado";"Não existe";"Não há placas";"";"Única";"Faixa contínua";"";""
"4033";2020-12-23;"08:30:00";"COM VÍTIMA";"FINALIZADA";"MANGUEIRA";"RUA VINTE E UM DE ABRIL";"2058";"RUA ALEXANDRE RODRIGUES FERREIRA";"EM FRENTE  A LOJA J.A PAPEIS";"MANGUEIRA";NA;"";"COLISÃO FRONTAL";"COLISÃO COM VITIMAS";1;1;0;0;0;0;0;0;0;2;0;"Cruzamento";"Bom";"Não existe";"Incompleta";"Seca";"Perfeito estado";"Não existe";"Placas Pare";"";"Dupla";"Não existe";"";""
"4034";2020-12-23;"08:38:00";"COM VÍTIMA";"FINALIZADA";"CORDEIRO";"RUA TIJUCA";"2";"AV ENGENHEIRO ABDIAS DE CARVALHO";"DROGAMAIA-AQUITEM";"CORDEIRO";422;"SUBURBIO";"ABALROAMENTO TRANSVERSAL";"COLISÃO COM VITIMAS";2;0;0;0;0;0;0;0;0;1;0;"Cruzamento";"Bom";"Sem defeito";"Perfeito estado";"Seca";"Perfeito estado";"Outros";"R-4a";"60 km/h";"Única";"Canteiro central";"";""
"4035";2020-12-23;"15:16:00";"COM VÍTIMA";"FINALIZADA";"AFOGADOS";"RUA SAO MIGUEL";"1166";"";"PROXIMO AO CHINA BOX";"AFOGADOS";NA;"AFOGADOS";"COLISÃO FRONTAL";"COLISÃO COM VÍTIMA";2;1;0;0;0;0;0;0;0;1;0;"Longo da via";"Bom";"Não existe";"Perfeito estado";"Seca";"Perfeito estado";"Não existe";"Não há placas";"50 km/h";"Dupla";"Faixa contínua";"";""
"4036";2020-12-23;"18:55:00";"COM VÍTIMA";"FINALIZADA";"MADALENA";"EST DOS REMEDIOS";"400";"";"PRÓX A GALERIA MADALENA CENTER 401";"MADALENA";NA;"SUBURBIO";"ABALROAMENTO TRANSVERSAL";"MOTO X AUTO. C/V";1;1;0;0;0;0;0;0;0;1;0;"Cruzamento";"Bom";"Não existe";"Não existente";"Seca";"Perfeito estado";"Não existe";"Placas Pare";"";"Única";"Faixa seccionada";"";""
"4037";2020-12-24;"06:24:00";"COM VÍTIMA";"FINALIZADA";"MORRO DA CONCEIÇÃO";"RUA DOIS DE FEVEREIRO";"137";"";"CASA / CENTRO ESPIRITA PEDRO CARNEIRO";"MORRO DA CONCEIÇÃO";NA;"";"ABALROAMENTO LONGITUDINAL";"COM VITIMA- AGUARDANDO SAMU NO LOCAL";0;1;0;0;0;1;0;0;0;1;0;"Longo da via";"Chuvoso";"Não existe";"Não existente";"";"Mal conservada";"Não existe";"Não há placas";"30 km/h";"Dupla";"Não existe";"";""
"4038";2020-12-24;"07:23:00";"COM VÍTIMA";"FINALIZADA";"CASA AMARELA";"AV NORTE";"5237";"RUA DA HARMONIA";"EM FRENTE A FARMACIA PAGUE MENOS";"CASA AMARELA";312;"";"COLISÃO";"COM DUAS VITIMAS- AGUARDANDO SAMU";1;1;0;0;0;0;0;0;0;2;0;"";"";"";"";"";"";"";"";"";"";"";"";""
"4039";2020-12-24;"07:59:00";"COM VÍTIMA";"FINALIZADA";"CAXANGÁ";"AV CAXANGA";"5532";"";"LADO OPOSTO AO RESIDENCIAL CAXANGÁ.";"CAXANGÁ";NA;"SUBURBIO";"COLISÃO COM CICLISTA";"AUTO E BICICLETA.";1;0;0;1;0;0;0;0;0;1;0;"Longo da via";"Bom";"Sem defeito";"Perfeito estado";"Seca";"Perfeito estado";"Faixa de pedestre";"Não há placas";"60 km/h";"Dupla";"Faixa seccionada";"";""
"4040";2020-12-24;"08:38:00";"COM VÍTIMA";"FINALIZADA";"NOVA DESCOBERTA";"RUA NOVA DESCOBERTA";"2061";"";"";"NOVA DESCOBERTA";NA;"VASCO DA GAMA";"COLISÃO";"COLISÃO ENTRE AUTOMÓVEL E MOTOCICLETA - A VT-25 SE DEPAROU COM A SITUAÇÃO E TINHA APENAS A VÍTIMA E O SAMU NO LOCAL - O VEÍCULO SE EVADIU E A MOTOCICLETA RETIRARAM DO LOCAL - EQUIPE DA VT 25 TOMARÁ TODAS AS PROVIDÊNCIAS PERANTE AS AUTORIDADES COMPETENTES.";1;1;0;0;0;0;0;0;0;1;0;"Longo da via";"Bom";"Não existe";"Perfeito estado";"Seca";"Perfeito estado";"Não existe";"R-6a";"";"Dupla";"Faixa seccionada";"";""
"4041";2020-12-24;"09:28:00";"SEM VÍTIMA";"FINALIZADA";"JORDÃO";"AV DONA CARENTINA";"20";"";"NA SUBIDA DA LADEIRA";"JORDÃO";NA;"";"CHOQUE OBJETO FIXO";"UM VEICULO SE CHOCOU COM UM POSTE- ONDE OS FIOS FICARAM SOLTOS NO MEIO DA VIA/ SOLICITANTE DIZ TER ENTRADO EM CONTATO COM A CELPE- PORÉM ESTÁ AGUARDANDO O ATENDIMENTO.";1;0;0;0;0;0;0;0;1;0;0;"Longo da via";"Chuvoso";"Não existe";"Perfeito estado";"Molhada";"Perfeito estado";"Não existe";"Não há placas";"";"Dupla";"Faixa contínua";"";""
"4042";2020-12-24;"09:35:00";"COM VÍTIMA";"FINALIZADA";"AFOGADOS";"RUA VINTE E UM DE ABRIL";"411";"";"EM FRENTE AO AFOGADOS CENTER";"AFOGADOS";NA;"";"COLISÃO";"COLISÃO COM UMA VITIMA -SAMU ACIONADO";0;1;1;0;0;0;0;0;0;1;0;"";"";"";"";"";"";"";"";"";"";"";"";""
"4043";2020-12-24;"11:47:00";"COM VÍTIMA";"FINALIZADA";"ALTO JOSÉ DO PINHO";"COR DO BARTOLOMEU";"";"RUA PADRE OLIVEIRA";"FEIRA DA RODINHA - PANIFICADORA SENHOR DO BOMFIM.";"ALTO JOSÉ DO PINHO";NA;"SUBURBIO";"ATROPELAMENTO";"ATROPELAMENTO";1;0;0;0;1;0;0;0;0;1;0;"Longo da via";"Bom";"Não existe";"Perfeito estado";"Seca";"Perfeito estado";"Não existe";"Outras";"";"Dupla";"Faixa contínua";"";""
"4044";2020-12-24;"13:21:00";"COM VÍTIMA";"FINALIZADA";"IMBIRIBEIRA";"AV MARECHAL MASCARENHAS DE MORAES";"";"";"EM FRENTE À UNIVERSIDADE UNIVERSO";"IMBIRIBEIRA";501;"CIDADE";"COLISÃO TRASEIRA";"AGUARDANDO ATENDIMENTO DO SAMU.";1;1;0;0;0;0;0;0;0;1;0;"Longo da via";"Bom";"Sem defeito";"Perfeito estado";"Seca";"Perfeito estado";"Faixa de pedestre";"R-6a";"60 km/h";"Dupla";"Canteiro central";"";""
"4045";2020-12-22;"09:16:00";"SEM VÍTIMA";"FINALIZADA";"GRAÇAS";"AV GOVERNADOR AGAMENON MAGALHAES";"";"";"";"GRAÇAS";37;"PARNAMIRIM-DERBY";"COLISÃO";"AUTOMÓVEL PRETO PEV8799 X MOTOCICLETA";1;1;0;0;0;0;0;0;0;0;0;"";"";"";"";"";"";"";"";"";"";"";"";""
"4046";2020-12-24;"15:16:00";"SEM VÍTIMA";"FINALIZADA";"ENCRUZILHADA";"AV JOAO DE BARROS";"";"AV NORTE";"";"ENCRUZILHADA";43;"CIDADE";"COLISÃO";"ACIDENTE NO CRUZAMENTO- COLISÃO TRANSVERSAL ENTRE DOIS AUTO PASSEIO- FECHANDO O CRUZAMENTO. AGENTE IRÁ AO LOCAL PARA DESOBSTRUIR A VIA- VERIFICAR A DOCUMENTAÇÃO SE TUDO CERTO ORIENTAR REALIZAR O BAT PRONTO.";2;0;0;0;0;0;0;0;0;0;0;"";"";"";"";"";"";"";"";"";"";"";"";""
"4047";2020-12-24;"15:27:00";"COM VÍTIMA";"FINALIZADA";"VÁRZEA";"AV CAXANGA";"5759";"";"LADO OPOSTO AO TERMINAL INTEGRADO DA CAXANGÁ";"VÁRZEA";262;"CIDADE";"COLISÃO TRASEIRA";"COLISÃO ENTRE AUTO E MOTO";1;1;0;0;0;0;0;0;0;1;0;"Longo da via";"Bom";"Sem defeito";"Perfeito estado";"Seca";"Perfeito estado";"Faixa de pedestre";"Não há placas";"60 km/h";"Única";"Faixa contínua";"";""
"4048";2020-12-24;"17:37:00";"COM VÍTIMA";"FINALIZADA";"BOA VIAGEM";"AV ENGENHEIRO DOMINGOS FERREIRA";"3340";"RUA FAUSTINO PORTO";"EM FRENTE AO ED. ERICA";"BOA VIAGEM";NA;"PIEDADE";"COLISÃO TRASEIRA";"COLISÃO COM 2 CARRO X MOTO/ UM DOS VEICULOS DE PLACA xxx SE EVADIU DO LOCAL";2;1;0;0;0;0;0;0;0;1;0;"Longo da via";"Bom";"Sem defeito";"Perfeito estado";"Seca";"Perfeito estado";"Não existe";"R-6a";"";"Dupla";"Faixa contínua";"Faixa seccionada";""
"4049";2020-12-24;"18:24:00";"COM VÍTIMA";"FINALIZADA";"ALTO JOSÉ DO PINHO";"AV NORTE";"12";"";"APÓS A ENTRADA DA MANGABEIRA / EM FRENTE AO ARMAZÉM CORAL.";"ALTO JOSÉ DO PINHO";NA;"SUBURBIO";"COLISÃO COM CICLISTA";"COLISÃO ENTRE MOTO E CICLISTA";0;1;0;1;0;0;0;0;0;2;0;"Longo da via";"Bom";"Não existe";"Perfeito estado";"Seca";"Perfeito estado";"Não existe";"Não há placas";"60 km/h";"Única";"Canteiro central";"";""
"4050";2020-12-25;"07:24:00";"SEM VÍTIMA";"CANCELADA";"TORRE";"RUA MARCOS ANDRE";"280";"";"EM FRENTE AO CONDOMINIO PRIVE BOSQUE DA TORRE";"TORRE";NA;"";"CHOQUE";"VEICULO  CHOCOU SE  CONTRA MURO";0;0;0;0;0;0;0;0;0;0;0;"";"";"";"";"";"";"";"";"";"";"";"";""
"4051";2020-12-25;"16:07:00";"COM VÍTIMA";"FINALIZADA";"IMBIRIBEIRA";"RUA ITAJAI";"160";"RUA PAMPULHA";"E/F PORTO DELICATESSEN. CASA BRANCA BUFFET.";"IMBIRIBEIRA";NA;"CIDADE";"ABALROAMENTO TRANSVERSAL";"AUTO E MOTO.";1;1;0;0;0;0;0;0;0;1;0;"Cruzamento";"Bom";"Não existe";"Perfeito estado";"Seca";"Perfeito estado";"Faixa de retenção";"Placas Pare";"";"Dupla";"Faixa contínua";"";""
"4052";2020-12-25;"22:53:00";"COM VÍTIMA";"FINALIZADA";"ENGENHO DO MEIO";"RUA ANTONIO CURADO";"427";"RUA MANUEL ALVES DEUSDARA";"AO LADO DA COMPESA / PRÓX A PRC DO ENGENHO DO MEIO. IGREJA PENTECOSTAL JESUS É A ESPERANÇA.";"ENGENHO DO MEIO";NA;"CIDADE";"COLISÃO COM CICLISTA";"AUTO X BICICLETA. C/V";1;0;0;1;0;0;0;0;0;2;0;"Longo da via";"Bom";"Não existe";"Perfeito estado";"Seca";"Perfeito estado";"Não existe";"Outras";"";"Dupla";"Faixa seccionada";"";""
"4053";2020-12-26;"05:22:00";"SEM VÍTIMA";"FINALIZADA";"SOLEDADE";"RUA JOAO FERNANDES VIEIRA";"11";"";"PRÓXIMO AO CRUZAMENTO C/A RUA DA SOLEDADE";"SOLEDADE";NA;"";"CHOQUE OBJETO FIXO";"CONDUTOR ABANDONOU O VEICULO- APÓS CHOCAR-SE CONTRA UM POSTE PÚBLICO";1;0;0;0;0;0;0;0;0;0;0;"";"";"";"";"";"";"";"";"";"";"";"";""
"4054";2020-12-26;"09:59:00";"SEM VÍTIMA";"FINALIZADA";"CORDEIRO";"AV CAXANGA";"";"RUA SAO MATEUS";"FATO OCORRIDO NO ELEVADO DA AV CASXANGA- NO SENTIDO CIDADE / SUBURBIO.";"CORDEIRO";NA;"SUBURBIO";"COLISÃO COM CICLISTA";"TRÊS CICLISTA UTILIZANDO INDEVIDAMENTE A FAIXA EXCLUSSIVA DO BRT ( ELEVADO DA CAXANGA ) NO SENTIDO CIDADE / SUBURBIO- QUANDO UM CICLISTA PAROU E FOI COLIDIDO LATERALMENTE POR UMA CICLISTA QUE TEVE POSSIVEIS- LEVES ESCORRIAÇÕES. ACIDENTE FLAGRADO PELA CÂMARAS DA CTTU.";0;0;0;2;0;0;0;0;0;0;0;"";"";"";"";"";"";"";"";"";"";"";"";""
"4055";2020-12-26;"10:34:00";"COM VÍTIMA";"FINALIZADA";"CORDEIRO";"RUA MAURICIO DE NASSAU";"";"";"POR TRAS DO PARQUE DE EXPOSIÇÕES.";"CORDEIRO";NA;"SUBURBIO";"COLISÃO COM CICLISTA";"VITIMA SOCORRIDA PELO SAMU";0;1;0;1;0;0;0;0;0;1;0;"Longo da via";"Bom";"Não existe";"Perfeito estado";"Seca";"Perfeito estado";"Não existe";"Não há placas";"";"Dupla";"Faixa contínua";"Faixa seccionada";""
"4056";2020-12-26;"17:39:00";"SEM VÍTIMA";"FINALIZADA";"IMBIRIBEIRA";"RUA JORGE DE LIMA";"2245";"";"EM FRENTE A GEOVANE SONDA / EM FRENTE AO ED- VITA CLUBE";"IMBIRIBEIRA";402;"";"COLISÃO";"COLISÃO CARRO X CARRO COM SUSPEITA DE ALCOOLEMIA";2;0;0;0;0;0;0;0;0;0;0;"";"";"";"";"";"";"";"";"";"";"";"";""
"4057";2020-12-26;"17:47:00";"COM VÍTIMA";"FINALIZADA";"TORRE";"VDO GOVERNADOR CORDEIRO DE FARIAS";"";"";"PONTE DA TORRE AO LADO DO CARREFOUR";"TORRE";NA;"SUBURBIO";"TOMBAMENTO";"QUEDA DE MOTOCICLISTA";0;1;0;0;0;0;0;0;0;1;0;"Viaduto";"Bom";"Não existe";"Perfeito estado";"Seca";"Perfeito estado";"Não existe";"Não há placas";"";"Única";"Faixa seccionada";"";""
"4058";2020-12-26;"19:44:00";"SEM VÍTIMA";"FINALIZADA";"IMBIRIBEIRA";"AV MARECHAL MASCARENHAS DE MORAES";"";"";"EM FRENTE A CHEVROLET TAMBAI";"IMBIRIBEIRA";161;"SUBURBIO";"COLISÃO";"COLISÃO SEM VITIMA ENVOLVENDO VEÍCULO OFICIAL (SAMU)";1;0;0;0;0;0;0;1;0;0;0;"Longo da via";"Bom";"Sem defeito";"Perfeito estado";"Seca";"Perfeito estado";"Faixa de pedestre";"Não há placas";"60 KM/H";"Única";"Canteiro central";"";""
"4059";2020-12-27;"00:53:00";"SEM VÍTIMA";"FINALIZADA";"BOA VIAGEM";"AV CONSELHEIRO AGUIAR";"635";"";"";"BOA VIAGEM";NA;"";"COLISÃO";"USUARIO INFORMA QUE A OCORRENCIA FOI SEM VÍTIMA E QUE O CONDUTOR DE UM DOS VEÍCULOS SE EVADIU ABANDONANDO O VEÍCULO NA VIA . POR ESSE MOTIVO ENVIAMOS UMA VT PRA VERIFICAR ESSA SITUAÇÃO . O CONDUTOR QUE FICOU NO LOCAL FOI ORIENTADO A PRESTAR UMA QUEIXA E GERAR ESSA OCORRENCIA PELO BATE-PRONTO.";2;0;0;0;0;0;0;1;0;0;0;"";"";"";"";"";"";"";"";"";"";"";"";""
"4060";2020-12-27;"08:44:00";"COM VÍTIMA";"FINALIZADA";"IMBIRIBEIRA";"RUA ITAJAI";"159";"RUA PAMPULHA";"EM FRENTE A PADARIA PORTO DELICATESSEN";"IMBIRIBEIRA";NA;"SUBURBIO";"ABALROAMENTO TRANSVERSAL";"DOIS AUTOS C/V";2;0;0;0;0;0;0;0;0;1;0;"Cruzamento";"Bom";"Não existe";"Perfeito estado";"Seca";"Perfeito estado";"Faixa de retenção";"Placas Pare";"";"Dupla";"Faixa contínua";"";""
"4061";2020-12-27;"11:57:00";"COM VÍTIMA";"CANCELADA";"JORDÃO";"AV MARIA IRENE";"1252";"";"E/F A DINO SORVETES E PROX A DELEGACIA DO JORDAO";"JORDÃO";NA;"";"COLISÃO";"COLISAO ENTRE AUTO E MOTO COM UMA VITIMA";1;1;0;0;0;0;0;0;0;1;0;"";"";"";"";"";"";"";"";"";"";"";"";""
"4062";2020-12-27;"12:06:00";"COM VÍTIMA";"FINALIZADA";"IPSEP";"RUA SAO NICOLAU";"231";"RUA PROFESSOR JOSE VICENTE";"PROX A NUCLEO DA POLICIA E FARMÁCIA BOM CONSELHO.";"IPSEP";NA;"SUBURBIO";"ABALROAMENTO TRANSVERSAL";"COLISAO ENTRE AUTO E MOTO COM UMA VITIMA";1;1;0;0;0;0;0;0;0;1;0;"Longo da via";"Bom";"Não existe";"Perfeito estado";"Seca";"Perfeito estado";"Faixa de pedestre";"Placas Pare";"";"Única";"Não existe";"";""
"4063";2020-12-27;"15:44:00";"SEM VÍTIMA";"CANCELADA";"PINA";"RUA CARNEIRO PESSOA";"";"";"PROXIMO A IGREJA CATOLICA DO PINA";"PINA";NA;"";"CHOQUE";"CHOQUE SEM VÍTIMA/ VIATURA POLICIA";0;0;0;0;0;0;0;1;0;0;0;"";"";"";"";"";"";"";"";"";"";"";"";""
"4064";2020-12-27;"23:09:00";"SEM VÍTIMA";"CANCELADA";"SAN MARTIN";"RUA DELMIRO GOUVEIA";"";"";"EM FRENTE A TORRE DA CHESF";"SAN MARTIN";NA;"";"COLISÃO";"COLISÃO DOIS AUTOS - CONDUTOR DO AUTO PASSEIO COM SINTOMAS DE EMBRIAGUES";1;0;0;0;0;0;1;0;0;0;0;"";"";"";"";"";"";"";"";"";"";"";"";""