"";"data";"hora";"natureza_acidente";"situacao";"bairro";"endereco";"numero";"detalhe_endereco_acidente";"complemento";"bairro_cruzamento";"num_semaforo";"sentido_via";"tipo";"descricao";"auto";"moto";"ciclom";"ciclista";"pedestre";"onibus";"caminhao";"viatura";"outros";"vitimas";"vitimasfatais";"acidente_verificado";"tempo_clima";"situacao_semaforo";"sinalizacao";"condicao_via";"conservacao_via";"ponto_controle";"situacao_placa";"velocidade_max_via";"mao_direcao";"divisao_via1";"divisao_via2";"divisao_via3"
"4065";2020-12-28;"06:22:00";"COM VÍTIMA";"FINALIZADA";"CABANGA";"AV SUL";"1180";"";"APÓS O VIADUTO - SENTIDO SUB/CID";"CABANGA";NA;"CIDADE";"CHOQUE OBJETO FIXO";"CONDUTOR DA MOTOCICLETA PERDEU O CONTROLE DO VEICULO E CHOCOU-SE CONTRA UMA ÁRVORE";0;1;0;0;0;0;0;0;0;1;0;"Longo da via";"Bom";"Não existe";"Não existente";"Molhada";"Outros";"Não existe";"Não há placas";"";"Dupla";"Faixa seccionada";"Canteiro central";""
"4066";2020-12-28;"07:28:00";"COM VÍTIMA";"FINALIZADA";"BOA VIAGEM";"AVENIDA CELSO FURTADO (VIA MANGUE)";"";"";"NO FINAL DA VIA MANGUE- NA ALÇA DA ANTÔNIO FALCÃO.";"BOA VIAGEM";NA;"SUBURBIO";"ABALROAMENTO LONGITUDINAL";"COLISÃO COM EVASÃO- CONDUTOR DO CARRO FOI EMBORA SEM PRESTAR SOCORRO... AS VITIMAS AGUARDAM ATENDIMENTO DO SAMU.";1;1;0;0;0;0;0;0;0;2;0;"Longo da via";"Bom";"Não existe";"Incompleta";"Seca";"Perfeito estado";"Não existe";"Não há placas";"";"Única";"Não existe";"";""
"4067";2020-12-28;"12:03:00";"COM VÍTIMA";"FINALIZADA";"BOA VIAGEM";"RUA ERNESTO DE PAULA SANTOS";"";"AV ENGENHEIRO DOMINGOS FERREIRA";"PROX A RESTAURANTE DOMINGOS FERREIRA";"BOA VIAGEM";217;"SUBURBIO";"ABALROAMENTO TRANSVERSAL";"COLISÃO CARRO X DUAS MOTOS";1;2;0;0;0;0;0;0;0;1;0;"Cruzamento";"Bom";"Sem defeito";"Perfeito estado";"Seca";"Perfeito estado";"Faixa de retenção";"Não há placas";"60 km/h";"Única";"Faixa contínua";"";""
"4068";2020-12-28;"12:22:00";"SEM VÍTIMA";"FINALIZADA";"IMBIRIBEIRA";"AV MARECHAL MASCARENHAS DE MORAES";"";"RUA MIS JOEL CARLSON";"PRÓX AO DEPÓSITO DA LASER ELETRO";"IMBIRIBEIRA";287;"";"COLISÃO";"CONDUTOR INFORMA QUE A OUTRA PARTE ENVOLVIDA NA COLISÃO NÃO ESTÁ DE POSSE DA HABILITAÇÃO E DOCUMENTO DO VEÍCULO.";2;0;0;0;0;0;0;0;0;0;0;"Longo da via";"Bom";"Sem defeito";"Perfeito estado";"Seca";"Perfeito estado";"Não existe";"Não há placas";"60 KM/H";"Dupla";"Canteiro central";"";""
"4069";2020-12-28;"14:55:00";"SEM VÍTIMA";"FINALIZADA";"ARRUDA";"AV BEBERIBE";"";"";"EM FRENTE AO MERCADAO OLEO / PROX AO CAMPO DO ARRUDA";"ARRUDA";NA;"";"COLISÃO";"COLISÃO CAMINHÃO X CARRO / INFORMA QUE TA TENDO DERRAMAMENTO DE OLEO NA VIA";0;0;0;0;0;1;1;0;0;0;0;"Longo da via";"Bom";"Sem defeito";"Perfeito estado";"Seca";"Perfeito estado";"";"";"";"Dupla";"Faixa contínua";"";""
"4070";2020-12-28;"15:23:00";"COM VÍTIMA";"FINALIZADA";"BOA VIAGEM";"AV DOM JOAO VI";"";"";"AO LADO DO BIG BOMPREÇO.";"BOA VIAGEM";NA;"SUBURBIO";"ABALROAMENTO TRANSVERSAL";"A EQUIPE SE DEPAROU COM O ACIDENTE";0;1;0;0;0;1;0;0;0;1;0;"Longo da via";"Bom";"Sem defeito";"Perfeito estado";"Seca";"Perfeito estado";"Não existe";"Não há placas";"";"Única";"Não existe";"";""
"4071";2020-12-28;"16:26:00";"COM VÍTIMA";"FINALIZADA";"BOA VIAGEM";"RUA JOAO CARDOSO AIRES";"647";"RUA ALMIRANTE BATISTA LEAO";"PROX AO COLEGIO MADRE DE DEUS / PROX AO HAPVIDA DIAGNÓSTICOS.";"BOA VIAGEM";NA;"SUBURBIO";"ABALROAMENTO TRANSVERSAL";"COLISÃO MOTO X CARRO";1;1;0;0;0;0;0;0;0;1;0;"Cruzamento";"Chuvoso";"Não existe";"Perfeito estado";"Seca";"Perfeito estado";"Não existe";"Placas Pare";"";"Única";"Não existe";"";""
"4072";2020-12-28;"16:42:00";"COM VÍTIMA";"FINALIZADA";"SANTO AMARO";"AV NORTE";"866";"";"EM FRENTE AO CENTRO DE JUVENTUDE E O CRAS";"SANTO AMARO";397;"SUBURBIO";"ATROPELAMENTO";"ATROPELAMENTO ENVOLVENDO MOTO E PEDESTRE";0;1;0;0;1;0;0;0;0;1;0;"Longo da via";"Bom";"Sem defeito";"Perfeito estado";"Seca";"Perfeito estado";"Não existe";"Outras";"60 km/h";"Dupla";"Canteiro central";"";""
"4073";2020-12-28;"20:23:00";"COM VÍTIMA";"FINALIZADA";"IMBIRIBEIRA";"RUA JAMAICA";"71";"RUA IZABEL DE SOUZA";"EM FRENTE A BSS BLINDAGEM";"IMBIRIBEIRA";NA;"";"COLISÃO";"COLISÃO ENTRE AUTO E MOTO- COM VITIMA";1;1;0;0;0;0;0;0;0;2;0;"Cruzamento";"Bom";"Não existe";"Perfeito estado";"Seca";"Perfeito estado";"Não existe";"Placas Pare";"";"Única";"Faixa seccionada";"";""
"4074";2020-12-29;"07:20:00";"SEM VÍTIMA";"FINALIZADA";"BOA VISTA";"RUA JOSE DE ALENCAR";"";"RUA BARAO DE SAO BORJA";"POR TRAS DO SHOPPING BOA VISTA";"BOA VISTA";NA;"";"CAPOTAMENTO";"COLISÃO EM SEGUIDA DE CAPOTAMENTO SEM VITIMAS";2;0;0;0;0;0;0;0;0;0;0;"";"";"";"";"";"";"";"";"";"";"";"";""
"4075";2020-12-29;"10:22:00";"COM VÍTIMA";"FINALIZADA";"AREIAS";"RUA CAPITAO DOMINGOS DA COSTA";"555";"RUA AURORA CACOTE";"EM FRENTE AO SUPERMERCADO COBAL";"AREIAS";569;"";"ATROPELAMENTO";"AUTO E PEDESTRE";1;0;0;0;1;0;0;0;0;1;0;"Cruzamento";"Bom";"Sem defeito";"";"Seca";"Perfeito estado";"Não existe";"R-19";"30 km/h";"Dupla";"Não existe";"";""
"4076";2020-12-29;"10:55:00";"COM VÍTIMA";"FINALIZADA";"ARRUDA";"RUA SAO BENTO";"195";"";"NA ENTRADA DA BOMBA DO HEMETERIO PROX AO POSTO DE GASOLINA DESATIVADO BR";"ARRUDA";NA;"SUBURBIO";"COLISÃO TRASEIRA";"COLISÃO COM VITIMA A ESPERA DO SAMU";1;1;0;0;0;0;0;0;0;1;0;"Longo da via";"Bom";"Sem defeito";"Perfeito estado";"Seca";"Perfeito estado";"Outros";"Placas Pare";"";"Única";"Faixa seccionada";"";""
"4077";2020-12-29;"15:12:00";"COM VÍTIMA";"FINALIZADA";"ESPINHEIRO";"RUA QUARENTA E OITO";"347";"RUA DO ESPINHEIRO";"EM FRENTE A DELICATENSSEN ESPINHEIRO";"ESPINHEIRO";166;"CIDADE";"ABALROAMENTO LONGITUDINAL";"COLISÃO COM VÍTIMA";1;1;0;0;0;0;0;0;0;1;0;"Cruzamento";"Bom";"Sem defeito";"Perfeito estado";"Seca";"Perfeito estado";"Faixa de pedestre";"Outras";"";"Única";"Faixa seccionada";"";""
"4078";2020-12-29;"18:14:00";"COM VÍTIMA";"FINALIZADA";"SANTO ANTÔNIO";"AV GUARARAPES";"";"RUA DO SOL";"AO LADO DA AGENCIA DOS CORREIOS";"SANTO ANTÔNIO";14;"CIDADE";"ATROPELAMENTO";"ÕNIBUS ATROPELOU CADEIRANTE. C/V";0;0;0;0;1;1;0;0;0;1;0;"Cruzamento";"Bom";"Sem defeito";"Perfeito estado";"Seca";"Perfeito estado";"Faixa de pedestre";"Outras";"60 km/h";"Única";"Faixa contínua";"";""
"4079";2020-12-29;"20:02:00";"SEM VÍTIMA";"FINALIZADA";"JORDÃO";"RUA DR ALVARO FERRAZ";"24";"";"PROX AO TERMINAL DO JORDAO";"JORDÃO";NA;"";"COLISÃO";"COLISAO ENTRE AUTO E MOTO S/VITIMAS";0;1;0;0;0;0;0;1;0;0;0;"Longo da via";"Bom";"Não existe";"Perfeito estado";"Seca";"Perfeito estado";"Não existe";"R-6a";"";"Única";"Não existe";"";""
"4080";2020-12-30;"07:15:00";"COM VÍTIMA";"FINALIZADA";"IPUTINGA";"AV CAXANGA";"4068";"AV PROFESSOR JOAQUIM CAVALCANTI";"EMBAIXO DO VIADUTO AO LADFO DO BIG BOMPREÇO";"IPUTINGA";NA;"SUBURBIO";"COLISÃO";"COM UMA VITIMA AGUARDANDO SAMU";0;1;0;0;0;0;0;0;0;1;0;"Longo da via";"Chuvoso";"Não existe";"Perfeito estado";"Molhada";"Perfeito estado";"Não existe";"Não há placas";"60 km/h";"Única";"";"";""
"4081";2020-12-30;"07:31:00";"COM VÍTIMA";"FINALIZADA";"CABANGA";"RUA JOAO PAULO II";"292";"";"NO FINAL DO VIADUTO CAPITÃO TEMUDO /SENTIDO BOA VIAGEM";"CABANGA";NA;"SUBURBIO";"COLISÃO TRASEIRA";"COM DUAS VITIMAS AGUARDANDO SAMU";1;1;0;0;0;0;0;0;0;1;0;"Viaduto";"Chuvoso";"Não existe";"Perfeito estado";"Molhada";"Perfeito estado";"Não existe";"Não há placas";"60 km/h";"Dupla";"Canteiro central";"";""
"4082";2020-12-30;"07:52:00";"COM VÍTIMA";"FINALIZADA";"LINHA DO TIRO";"RUA URIEL DE HOLANDA";"1541";"";"EM FRENTE AO ARMAZEM OLIVEIRA";"LINHA DO TIRO";NA;"SUBURBIO";"COLISÃO FRONTAL";"COM UMA VITIMA-SOCORRIDA -VT 18 DA CTTU NO LOCAL/GMFLAVIO LUIS/GM DE SOUZA";1;1;0;0;0;0;0;0;0;1;0;"Longo da via";"Chuvoso";"Não existe";"Incompleta";"Molhada";"Perfeito estado";"Não existe";"Não há placas";"";"Dupla";"Não existe";"";""
"4083";2020-12-30;"08:41:00";"COM VÍTIMA";"FINALIZADA";"SÍTIO DOS PINTOS";"RUA PROF CLAUDIO SELVA";"135";"RUA DA JAQUEIRA";"";"SÍTIO DOS PINTOS";NA;"SUBURBIO";"TOMBAMENTO";"CICLISTA PERDEU O CONTROLE DA BICICLETA";0;0;0;1;0;0;0;0;0;1;0;"Longo da via";"Bom";"Não existe";"Não existente";"Seca";"Perfeito estado";"Não existe";"Não há placas";"";"Dupla";"Não existe";"";""
"4084";2020-12-30;"11:51:00";"COM VÍTIMA";"FINALIZADA";"IBURA";"RUA PINTOR AGENOR DE ALBUQUERQUE CESAR";"705";"";"RUA DA COMPESA";"IBURA";NA;"SUBURBIO";"ABALROAMENTO TRANSVERSAL";"COM UMA VITIMA -AGUARDANDO  SAMU";1;1;0;0;0;0;0;0;0;1;0;"Longo da via";"Chuvoso";"Não existe";"Perfeito estado";"Molhada";"Perfeito estado";"Não existe";"Não há placas";"";"Dupla";"Não existe";"";""
"4085";2020-12-30;"14:04:00";"COM VÍTIMA";"FINALIZADA";"JORDÃO";"AV MARIA IRENE";"1672";"";"RROX AO POSTO IPIRANGA / PROX A FEIRA LIVRE DO JORDAO";"JORDÃO";NA;"";"COLISÃO TRASEIRA";"COLISÃO MOTO X CARRO";1;1;0;0;0;0;0;0;0;1;0;"Cruzamento";"Bom";"Não existe";"Não existente";"Seca";"Perfeito estado";"Não existe";"Não há placas";"";"Dupla";"Não existe";"";""
"4086";2020-12-30;"15:43:00";"COM VÍTIMA";"FINALIZADA";"CAMPO GRANDE";"RUA PROFESSOR FRANCISCO DA TRINDADE";"290";"RUA SAO CAETANO";"APÓS O SUPERMERCADO STILOS / PRÓX À MISSÃO EVANGÉLICA PENTECOSTAL.";"CAMPO GRANDE";NA;"";"COLISÃO";"AGUARDANDO ATENDIMENTO DO SAMU.";1;1;0;0;0;0;0;0;0;1;0;"Cruzamento";"Bom";"Não existe";"Perfeito estado";"Seca";"Perfeito estado";"Não existe";"";"";"Dupla";"Não existe";"";""
"4087";2020-12-30;"17:26:00";"SEM VÍTIMA";"FINALIZADA";"TEJIPIÓ";"AV DR JOSE RUFINO";"";"";"PRÓX À ESTAÇÃO DE TEJIPIÓ";"TEJIPIÓ";NA;"SUBURBIO";"COLISÃO";"UM DOS CONDUTORES SE RECUSA A RETIRAR O VEÍCULO DO LOCAL- IMPOSSIBILITANDO O OUTRO VEÍCULO DE TAMBÉM SAIR. VIA OBSTRUÍDA.";2;0;0;0;0;0;0;0;0;0;0;"";"";"";"";"";"";"";"";"";"";"";"";""
"4088";2020-12-30;"17:30:00";"SEM VÍTIMA";"FINALIZADA";"DERBY";"AV GOVERNADOR AGAMENON MAGALHAES";"";"RUA JOAQUIM NABUCO";"AO LADO DO HOSPITAL DA RESTAURAÇÃO";"DERBY";NA;"";"COLISÃO";"COLISÃO COM VEICULO OFICIAL / CARRO X USB";1;0;0;0;0;0;0;1;0;0;0;"";"";"";"";"";"";"";"";"";"";"";"";""
"4089";2020-12-30;"18:57:00";"SEM VÍTIMA";"CANCELADA";"ARRUDA";"AV PROFESSOR JOSE DOS ANJOS";"";"AV BEBERIBE";"";"ARRUDA";131;"";"COLISÃO";"COLISÃO SEM VÍTIMAS- UMA DAS PARTES APRESENTA SINTOMAS DE EMBRIAGUEZ";4;0;0;0;0;0;0;0;0;0;0;"";"";"";"";"";"";"";"";"";"";"";"";""
"4090";2020-12-30;"20:38:00";"COM VÍTIMA";"FINALIZADA";"MANGABEIRA";"AV NORTE";"4560";"";"EM FRENTE AO SESC DE CASA AMARELA/VÍTIMA JÁ SOCORRIDA";"MANGABEIRA";NA;"";"ATROPELAMENTO";"";1;0;0;0;1;0;0;0;0;1;0;"Longo da via";"Bom";"";"Perfeito estado";"Seca";"Perfeito estado";"Não existe";"Outras";"";"Dupla";"Canteiro central";"";""
"4091";2020-12-31;"15:47:00";"COM VÍTIMA";"FINALIZADA";"CASA AMARELA";"EST DAS UBAIAS";"147";"";"";"CASA AMARELA";NA;"CIDADE";"COLISÃO FRONTAL";"COM VÍTIMA";1;1;0;0;0;0;0;0;0;1;0;"Longo da via";"Bom";"Não existe";"Perfeito estado";"Seca";"Perfeito estado";"Não existe";"Outras";"";"Dupla";"Não existe";"";""
"4092";2020-12-31;"21:48:00";"COM VÍTIMA";"FINALIZADA";"CAMPINA DO BARRETO";"AV PROFESSOR JOSE DOS ANJOS";"";"";"E/F A ACADEMIA DA CHAO DE ESTRELA";"CAMPINA DO BARRETO";NA;"SUBURBIO";"COLISÃO FRONTAL";"COLISAO ENTRE DUAS MOTOS COM VITIMAS";0;2;0;0;0;0;0;0;0;4;0;"Longo da via";"Nublado";"Não existe";"Perfeito estado";"Seca";"Perfeito estado";"Não existe";"Outras";"";"Dupla";"Faixa seccionada";"";""
"4093";2021-01-01;"19:44:00";"COM VÍTIMA";"FINALIZADA";"MADALENA";"RUA BENFICA";"";"";"EM FRENTE AO EXTRA NA SAIDA";"MADALENA";NA;"SUBURBIO";"COLISÃO FRONTAL";"COLISÃO MOTO X CARRO";1;1;0;0;0;0;0;0;0;1;0;"Longo da via";"Bom";"Não existe";"Perfeito estado";"Seca";"Perfeito estado";"Outros";"Não há placas";"";"Dupla";"Faixa contínua";"Faixa seccionada";""
"4094";2021-01-01;"23:45:00";"COM VÍTIMA";"FINALIZADA";"VÁRZEA";"AV CAXANGA";"";"RUA GASTAO VIDIGAL";"EM FRENTE A UPA DA CAXANGA";"VÁRZEA";281;"CIDADE";"COLISÃO TRASEIRA";"DOIS AUTOS";2;0;0;0;0;0;0;0;0;1;0;"Cruzamento";"Bom";"Sem defeito";"Perfeito estado";"Oleosa";"Perfeito estado";"Outros";"Outras";"";"Única";"Não existe";"";""
"4095";2021-01-02;"10:54:00";"COM VÍTIMA";"FINALIZADA";"VASCO DA GAMA";"RUA RESPLENDOR";"353";"";"AO  LADO  DO  COLEGIO ADERBAL  GALVÃO  EM  FRENTE  AO  CONJUNTO RESIDENCIAL  ADERBAL  GALVÃO";"VASCO DA GAMA";NA;"";"COLISÃO COM CICLISTA";"VEICULO DESCEU  DESGOVERNADO  BATEU  EM  UMA  MOTO  UMA  BICICLETA  VITIMA  SOCORRIDA  PELO  SAMU";1;1;0;1;0;0;0;0;0;1;0;"Longo da via";"Bom";"Não existe";"Incompleta";"Seca";"Perfeito estado";"Não existe";"Não há placas";"";"Dupla";"Não existe";"";""
"4096";2021-01-02;"11:13:00";"COM VÍTIMA";"FINALIZADA";"BOA VIAGEM";"RUA VISCONDE DE JEQUITINHONHA";"22";"RUA CAPITAO ZUZINHA";"RUA CAPITÃO ZUZINHA";"BOA VIAGEM";NA;"SUBURBIO";"ABALROAMENTO LONGITUDINAL";"COLISÃO COM VÍTIMA";1;1;0;0;0;0;0;0;0;1;0;"Longo da via";"Bom";"Sem defeito";"Perfeito estado";"Seca";"Perfeito estado";"Faixa de pedestre";"Outras";"";"Única";"Canal";"";""
"4097";2021-01-03;"09:32:00";"COM VÍTIMA";"FINALIZADA";"ILHA DO RETIRO";"AV ENGENHEIRO ABDIAS DE CARVALHO";"365";"";"EM FRENTE A LANCHONETE COXINHAS DE BATATA";"ILHA DO RETIRO";NA;"";"ABALROAMENTO LONGITUDINAL";"COM DUA SVITIMA SAMU ACIONADO CTTU NO LOCAL VT25/GM ANDRE PINHEIRO /GM DENIS";1;1;0;0;0;0;0;0;0;2;0;"Longo da via";"Bom";"Sem defeito";"Perfeito estado";"Seca";"Perfeito estado";"Faixa de pedestre";"Outras";"60 km/h";"Dupla";"Faixa contínua";"Faixa seccionada";"Canteiro central"
"4098";2021-01-03;"11:07:00";"SEM VÍTIMA";"FINALIZADA";"CASA AMARELA";"RUA OSCAR DE BARROS";"126";"";"POSTO DE SAÚDE PROFESSOR MARIO RAMOS";"CASA AMARELA";NA;"SUBURBIO";"CHOQUE OBJETO FIXO";"VEÍCULO CHOCOU-SE COM UM MURO ,SEM VITIMAS";1;0;0;0;0;0;0;0;0;0;0;"Longo da via";"Bom";"Não existe";"Perfeito estado";"Seca";"Perfeito estado";"Não existe";"R-6a";"";"Única";"Não existe";"";""
"4099";2021-01-03;"15:00:00";"COM VÍTIMA";"FINALIZADA";"BOA VIAGEM";"RUA VISCONDE DE JEQUITINHONHA";"";"";"PRÓX AO EDIFÍCIO PAINEIRAS E STEAKS ESPETINHO";"BOA VIAGEM";NA;"";"ABALROAMENTO LONGITUDINAL";"AGUARDANDO ATENDIMENTO DO SAMU. VT-08 NO LOCAL.";1;1;0;0;0;0;0;0;0;1;0;"Longo da via";"Bom";"Não existe";"Perfeito estado";"Seca";"Perfeito estado";"Não existe";"Não há placas";"40 km/h";"Única";"Faixa contínua";"Faixa seccionada";""
"4100";2021-01-03;"15:39:00";"SEM VÍTIMA";"FINALIZADA";"IPSEP";"RUA JEAN EMILE FAVRE";"750";"RUA POTENGY";"FARMÁCIA DIARIAMENTE / GALERIA MARIA DE LOURDES";"IPSEP";564;"SUBURBIO";"ABALROAMENTO TRANSVERSAL";"SEM VÍTIMAS / COM OBSTRUÇÃO DE VIA.";2;0;0;0;0;0;0;0;0;0;0;"Cruzamento";"Bom";"Sem defeito";"Perfeito estado";"Seca";"Perfeito estado";"Faixa de pedestre";"R-6a";"";"Dupla";"Faixa contínua";"";""
"4101";2021-01-03;"21:49:00";"SEM VÍTIMA";"FINALIZADA";"ESPINHEIRO";"RUA DO ESPINHEIRO";"";"RUA SANTO ELIAS";"PROX AO POSTO DE GASOLINA IPIRANGA";"ESPINHEIRO";NA;"";"COLISÃO";"COLISÃO CARRO X CARRO / SUSPEITA DE ALCOOLEMIA";2;0;0;0;0;0;0;0;0;0;0;"Cruzamento";"Bom";"Não existe";"Perfeito estado";"Seca";"Perfeito estado";"Faixa de pedestre";"R-6a";"";"Única";"Faixa seccionada";"";""
"4102";2021-01-04;"09:56:00";"COM VÍTIMA";"FINALIZADA";"ENCRUZILHADA";"RUA FERNANDO CESAR";"338";"RUA DR JOSE MARIA";"AO LADO DO MV AUTOMÓVEIS";"ENCRUZILHADA";45;"CIDADE";"ABALROAMENTO TRANSVERSAL";"COLISÃO COM VÍTIMA COM MOTO E AUTO OFICIAL";1;1;0;0;0;0;0;0;0;1;0;"Cruzamento";"Bom";"Sem defeito";"Perfeito estado";"Seca";"Perfeito estado";"Faixa de pedestre";"Outras";"";"Única";"Não existe";"";""
"4103";2021-01-04;"10:26:00";"SEM VÍTIMA";"FINALIZADA";"SÃO JOSÉ";"RUA IMPERIAL";"1600";"";"EM FRENTE";"SÃO JOSÉ";NA;"SUBURBIO";"CHOQUE OBJETO FIXO";"";0;0;0;0;0;0;1;0;0;0;0;"Longo da via";"Chuvoso";"Não existe";"Perfeito estado";"Molhada";"Mal conservada";"Não existe";"Não há placas";"";"Única";"Não existe";"";""
"4104";2021-01-04;"10:28:00";"SEM VÍTIMA";"FINALIZADA";"DERBY";"AV GOVERNADOR AGAMENON MAGALHAES";"";"RUA JOAQUIM NABUCO";"HOSPITAL DA RESTAURAÇÃO";"DERBY";174;"SUBURBIO";"ABALROAMENTO TRANSVERSAL";"";2;0;0;0;0;0;0;0;0;0;0;"Cruzamento";"Chuvoso";"Sem defeito";"Perfeito estado";"Molhada";"Perfeito estado";"Faixa de pedestre";"Não há placas";"";"Dupla";"Canal";"";""
"4105";2021-01-04;"10:44:00";"COM VÍTIMA";"FINALIZADA";"SANTO ANTÔNIO";"C SANTA RITA";"";"";"EM FRENTE AS TORRES GÊMEAS";"SANTO ANTÔNIO";NA;"";"COLISÃO";"COLISÃO COM VÍTIMA ENTRE AUTO E MOTO";1;1;0;0;0;0;0;0;0;1;0;"Longo da via";"Bom";"Não existe";"Perfeito estado";"Seca";"Perfeito estado";"Outros";"Não há placas";"60 km/h";"Dupla";"Canteiro central";"";""
"4106";2021-01-04;"16:05:00";"COM VÍTIMA";"FINALIZADA";"DERBY";"AV GOVERNADOR AGAMENON MAGALHAES";"";"";"E/F A PRAÇA DO DERBY S/T  BOA VIAGEM";"DERBY";NA;"";"COLISÃO FRONTAL";"COLISAO ENTRE AUTO E MOTO COM UMA VITIMA VT 24 NO LOCAL";1;1;0;0;0;0;0;0;0;1;0;"Longo da via";"Bom";"Sem defeito";"Perfeito estado";"Seca";"Perfeito estado";"Faixa de pedestre";"Não há placas";"60 km/h";"Dupla";"Canteiro central";"";""
"4107";2021-01-05;"08:25:00";"COM VÍTIMA";"FINALIZADA";"SÃO JOSÉ";"VDO DAS CINCO PONTAS";"";"";"SOBRE O VIADUTO DO FORTE DAS CINCO PONTAS";"SÃO JOSÉ";NA;"SUBURBIO";"ABALROAMENTO LONGITUDINAL";"COLISÃO ENVOLVENDO UM AUTOMOVEL E UMA MOTOCICLETA ENVOLVENDO UMA VÍTIMA";1;1;0;0;0;0;0;0;0;1;0;"Viaduto";"Bom";"Não existe";"Ilegível";"Seca";"Perfeito estado";"Não existe";"Não há placas";"40 km/h";"Dupla";"Canteiro central";"";""
"4108";2021-01-05;"10:48:00";"COM VÍTIMA";"FINALIZADA";"PINA";"AV ENGENHEIRO DOMINGOS FERREIRA";"";"";"EM FRENTE AO ARMAZEM CORAL";"PINA";NA;"";"ATROPELAMENTO";"COM UMA VITIMA/SAMU NO LOCAL/CTTU NO LOCAL VT 10";0;1;0;0;1;0;0;0;0;1;0;"Longo da via";"Bom";"Não existe";"Perfeito estado";"Seca";"Perfeito estado";"Não existe";"Não há placas";"60 km/h";"Única";"Faixa contínua";"";""
"4109";2021-01-05;"11:15:00";"COM VÍTIMA";"FINALIZADA";"AFOGADOS";"RUA SAO MIGUEL";"";"1 TRV JUSTICA E PAZ";"qui";"AFOGADOS";NA;"SUBURBIO";"ABALROAMENTO TRANSVERSAL";"COM VITIMA/ AGUARDANDO O SAMU";2;0;0;0;0;0;0;0;0;1;0;"Cruzamento";"Bom";"Sem defeito";"";"Seca";"Perfeito estado";"Faixa de pedestre";"Outras";"40 km/h";"Dupla";"Faixa contínua";"";""
"4110";2021-01-05;"14:09:00";"SEM VÍTIMA";"FINALIZADA";"BOA VIAGEM";"AV BOA VIAGEM";"802";"";"EM FRENTE AO ARCÁDIA RECEPÇÕES";"BOA VIAGEM";NA;"";"COLISÃO";"COLISÃO ENTRE AUTOS.";2;0;0;0;0;0;0;0;0;0;0;"";"";"";"";"";"";"";"";"";"";"";"";""
"4111";2021-01-05;"16:24:00";"COM VÍTIMA";"FINALIZADA";"AFOGADOS";"RUA SAO MIGUEL";"";"";"PROX AO BODE DO NÓ";"AFOGADOS";NA;"";"ABALROAMENTO LONGITUDINAL";"COLISÃO CARRO X MOTO";1;1;0;0;0;0;0;0;0;1;0;"Longo da via";"Bom";"Sem defeito";"";"";"";"Não existe";"Não há placas";"";"Dupla";"Faixa contínua";"";""
"4112";2021-01-05;"17:35:00";"COM VÍTIMA";"FINALIZADA";"ROSARINHO";"AV NORTE";"";"";"DEFRONTE A PADARIA ROSARINHO";"ROSARINHO";NA;"SUBURBIO";"COLISÃO TRASEIRA";"COLISAO ENVOLVENDO AUTO E MOTO COM VITIMA";1;1;0;0;0;0;0;0;0;1;0;"Longo da via";"Bom";"Não existe";"Perfeito estado";"Seca";"Perfeito estado";"Faixa de pedestre";"Outras";"";"Dupla";"Faixa seccionada";"";""
"4113";2021-01-05;"18:37:00";"COM VÍTIMA";"CANCELADA";"IPSEP";"AV RECIFE";"";"RUA JEAN EMILE FAVRE";"";"IPSEP";NA;"";"COLISÃO";"";1;1;0;0;0;0;0;0;0;1;0;"";"";"";"";"";"";"";"";"";"";"";"";""
"4114";2021-01-06;"08:02:00";"COM VÍTIMA";"FINALIZADA";"MUSTARDINHA";"RUA DR ARMANDO TAVARES";"111";"RUA NATALINO TEIXEIRA";"PROX. AO ESPETINHO DO PITECO";"MUSTARDINHA";NA;"";"ABALROAMENTO TRANSVERSAL";"AUTO E MOTO C/V";1;1;0;0;0;0;0;0;0;1;0;"Cruzamento";"Bom";"Não existe";"Não existente";"Seca";"Perfeito estado";"Não existe";"Não há placas";"";"Dupla";"Não existe";"";""
"4115";2021-01-06;"08:11:00";"SEM VÍTIMA";"FINALIZADA";"SANTO AMARO";"RUA TREZE DE MAIO";"";"RUA FREI CASSIMIRO";"EM FRENTE BORRACHARIA";"SANTO AMARO";NA;"";"COLISÃO";"COLISÃO SEM VÍTIMA COM VT DO PATRIMÔNIO GCMR";1;0;0;0;0;0;0;1;0;0;0;"Longo da via";"Bom";"Não existe";"Incompleta";"Seca";"Mal conservada";"Não existe";"Outras";"40km/h";"Dupla";"Faixa contínua";"";""
"4116";2021-01-06;"08:15:00";"COM VÍTIMA";"FINALIZADA";"DERBY";"AV GOVERNADOR AGAMENON MAGALHAES";"";"";"APOS  O HOSPITAL  DA RESTAURAÇÃO   NO SENTIDO  BOA  VIAGEM    DE  ESQUINA  COM  A  PRAÇA  DO  DERBY";"DERBY";NA;"";"ABALROAMENTO LONGITUDINAL";"COLISAO  COM  VITIMA";1;1;0;0;0;0;0;0;0;1;0;"Longo da via";"Bom";"Não existe";"Perfeito estado";"Seca";"Perfeito estado";"Não existe";"Não há placas";"60 km/h";"Única";"Faixa seccionada";"";""
"4117";2021-01-06;"15:22:00";"COM VÍTIMA";"FINALIZADA";"CASA AMARELA";"AV NORTE";"";"RUA GUIMARAES PEIXOTO";"RUA GUIMARÃES PEIXOTO";"CASA AMARELA";NA;"";"COLISÃO TRASEIRA";"COLISÃO COM VÍTIMA ENTRE 2 MOTOCICLETAS.";0;2;0;0;0;0;0;0;0;1;0;"Longo da via";"Bom";"Sem defeito";"Perfeito estado";"Seca";"Perfeito estado";"Faixa de pedestre";"Outras";"";"";"Não existe";"";""