"";"data";"hora";"natureza_acidente";"situacao";"bairro";"endereco";"numero";"detalhe_endereco_acidente";"complemento";"bairro_cruzamento";"num_semaforo";"sentido_via";"tipo";"descricao";"auto";"moto";"ciclom";"ciclista";"pedestre";"onibus";"caminhao";"viatura";"outros";"vitimas";"vitimasfatais";"acidente_verificado";"tempo_clima";"situacao_semaforo";"sinalizacao";"condicao_via";"conservacao_via";"ponto_controle";"situacao_placa";"velocidade_max_via";"mao_direcao";"divisao_via1";"divisao_via2";"divisao_via3"
"4118";2021-01-06;"17:32:00";"COM VÍTIMA";"CANCELADA";"IMBIRIBEIRA";"AV MARECHAL MASCARENHAS DE MORAES";"";"";"E/F AOS CORREIOS S/T PRAZERES PROX A FACULDADE UNIVERSO";"IMBIRIBEIRA";NA;"";"COLISÃO COM CICLISTA";"COLISAO ENTRE ONIBUS E CICLISTA";0;0;0;1;0;1;0;0;0;1;0;"";"";"";"";"";"";"";"";"";"";"";"";""
"4119";2021-01-06;"21:47:00";"COM VÍTIMA";"FINALIZADA";"BOA VIAGEM";"RUA DOS NAVEGANTES";"";"";"E/F AO EDFC  HOLIDAY";"BOA VIAGEM";NA;"";"ABALROAMENTO TRANSVERSAL";"COLISAO ENTRE AUTO E MOTO COM VITIMAS";1;1;0;0;0;0;0;0;0;1;0;"Cruzamento";"Bom";"Não existe";"Perfeito estado";"Seca";"Perfeito estado";"Faixa de retenção";"Placas Pare";"";"Única";"Outros";"";""
"4120";2021-01-07;"06:55:00";"COM VÍTIMA";"FINALIZADA";"TORRÕES";"AV ENGENHEIRO ABDIAS DE CARVALHO";"300";"";"EM FRENTE A UPA/LADO OPOSTO";"TORRÕES";NA;"CIDADE";"ABALROAMENTO LONGITUDINAL";"COM UMA VITIMA ,SAMU ACIONADO/";1;1;0;0;0;0;0;0;0;1;0;"Longo da via";"Bom";"Não existe";"Perfeito estado";"Seca";"Perfeito estado";"Não existe";"Não há placas";"";"Dupla";"Canteiro central";"Faixa seccionada";""
"4121";2021-01-07;"07:48:00";"COM VÍTIMA";"FINALIZADA";"DERBY";"AV GOVERNADOR AGAMENON MAGALHAES";"";"RUA DR LEOPOLDO LINS";"";"DERBY";NA;"";"COLISÃO TRASEIRA";"COLISÃO COM VITIMA";1;1;0;0;0;0;0;0;0;1;0;"Longo da via";"Bom";"Sem defeito";"Perfeito estado";"Seca";"Perfeito estado";"Faixa de pedestre";"Não há placas";"60 km/h";"Dupla";"Faixa contínua";"";""
"4122";2021-01-07;"08:47:00";"SEM VÍTIMA";"FINALIZADA";"TAMARINEIRA";"RUA CORONEL URIEL SERGIO GARDIM";"54";"";"ACADEMIA ARMY CROSSFIT";"TAMARINEIRA";NA;"SUBURBIO";"ABALROAMENTO LONGITUDINAL";"A VIATURA NÃO ESTA CARACTERIZADA";2;0;0;0;0;0;0;0;0;0;0;"Longo da via";"Bom";"";"Incompleta";"Seca";"Perfeito estado";"Faixa de pedestre";"Outras";"";"Dupla";"Não existe";"";""
"4123";2021-01-07;"09:39:00";"COM VÍTIMA";"FINALIZADA";"GRAÇAS";"AV RUI BARBOSA";"";"RUA DAS GRACAS";"EM FRENTE AO COLEGIO AGNES";"GRAÇAS";NA;"";"CAPOTAMENTO";"PISTA MOLHADA O MOTOCICLISTA, TOMBOU NA VIA SOZINHO. ACIDENTE DE PERCURSO, COM UMA VITIMA /SAMU NO LOCAL/CTTU NO LOCAL GM LUCAS ALMEIDA  Mat. 107736-8  ,PONTO FIXO";0;1;0;0;0;0;0;0;0;1;0;"Cruzamento";"Chuvoso";"Sem defeito";"Perfeito estado";"Molhada";"Perfeito estado";"Faixa de pedestre";"Não há placas";"60 km/h";"Única";"Faixa contínua";"";""
"4124";2021-01-07;"09:55:00";"SEM VÍTIMA";"FINALIZADA";"GRAÇAS";"AV GOVERNADOR AGAMENON MAGALHAES";"";"RUA JOAQUIM NABUCO";"";"GRAÇAS";NA;"";"COLISÃO";"";1;0;0;0;0;0;0;1;0;0;0;"";"";"";"";"";"";"";"";"";"";"";"";""
"4125";2021-01-07;"11:38:00";"COM VÍTIMA";"FINALIZADA";"ESPINHEIRO";"RUA DA HORA";"";"";"ESQUINA DO CERPE";"ESPINHEIRO";NA;"";"ABALROAMENTO LONGITUDINAL";"COM VITIMA";1;1;0;0;0;0;0;0;0;1;0;"Cruzamento";"Bom";"Sem defeito";"Perfeito estado";"Seca";"Perfeito estado";"Faixa de pedestre";"Outras";"";"Única";"Faixa contínua";"Faixa seccionada";""
"4126";2021-01-07;"17:50:00";"COM VÍTIMA";"FINALIZADA";"CASA AMARELA";"AV NORTE";"";"";"PRÓX À UPINHA";"CASA AMARELA";NA;"";"COLISÃO COM CICLISTA";"AUTO X CICLISTA";1;0;0;1;0;0;0;0;0;1;0;"Longo da via";"Bom";"Não existe";"Perfeito estado";"Seca";"Perfeito estado";"Não existe";"Outras";"";"Dupla";"Faixa seccionada";"Canteiro central";""
"4127";2021-01-07;"18:21:00";"COM VÍTIMA";"FINALIZADA";"PARNAMIRIM";"RUA DA HARMONIA";"";"EST DO ENCANAMENTO";"";"PARNAMIRIM";NA;"";"COLISÃO";"02 MOTOCICLETAS";0;2;0;0;0;0;0;0;0;2;0;"Cruzamento";"Bom";"Sem defeito";"Perfeito estado";"Seca";"Perfeito estado";"Faixa de pedestre";"Outras";"";"Única";"Não existe";"";""
"4128";2021-01-08;"08:01:00";"COM VÍTIMA";"FINALIZADA";"SAN MARTIN";"AV ENGENHEIRO ABDIAS DE CARVALHO";"";"RUA QUINZE DE MARCO";"PRAÇA DA CHESF";"SAN MARTIN";NA;"";"ABALROAMENTO LONGITUDINAL";"COLISÃO COM VÍTIMA";0;2;0;0;0;0;0;0;0;1;0;"Longo da via";"Bom";"Sem defeito";"Perfeito estado";"Seca";"Perfeito estado";"Faixa de pedestre";"Não há placas";"";"Única";"Canteiro central";"";""
"4129";2021-01-08;"13:18:00";"COM VÍTIMA";"FINALIZADA";"IPSEP";"AV RECIFE";"3532";"";"EM FRENTE AO POSTO IPIRANGA/ SENTIDO BOA VIAGEM";"IPSEP";NA;"";"ABALROAMENTO LONGITUDINAL";"COLISÃO COM VÍTIMA";1;1;0;0;0;0;0;0;0;1;0;"Longo da via";"Bom";"Não existe";"Perfeito estado";"Seca";"Perfeito estado";"Não existe";"Não há placas";"";"Dupla";"Faixa seccionada";"";""
"4130";2021-01-08;"22:26:00";"COM VÍTIMA";"FINALIZADA";"PINA";"AV HERCULANO BANDEIRA";"627";"";"PROX A CAIXA ECONOMICA";"PINA";NA;"";"COLISÃO TRASEIRA";"COLISAO ENTRE AUTO E MOTO COM VITIMA";1;1;0;0;0;0;0;0;0;1;0;"Cruzamento";"Bom";"Não existe";"Perfeito estado";"Seca";"Perfeito estado";"Não existe";"Outras";"";"Única";"Faixa seccionada";"";""
"4131";2021-01-09;"11:56:00";"SEM VÍTIMA";"FINALIZADA";"BOA VISTA";"AV CONDE DA BOA VISTA";"1410";"";"PRÓXIMO À RUA PADRE INGLÊS";"BOA VISTA";NA;"";"COLISÃO";"CONFORME O SUB INSP CÁSSIO O ORIENTADOR INFORMOU QUE UMA DAS PARTES ESTAVA COM SUSPEITA DE EMBRIAGUES";1;1;0;0;0;0;0;0;0;0;0;"";"";"";"";"";"";"";"";"";"";"";"";""
"4132";2021-01-09;"12:19:00";"COM VÍTIMA";"FINALIZADA";"BOA VIAGEM";"AV ARMINDO MOURA";"";"RUA VISCONDE DE JEQUITINHONHA";"PRÓX AO COMAR II";"BOA VIAGEM";NA;"";"ABALROAMENTO LONGITUDINAL";"AUTO X MOTO";1;1;0;0;0;0;0;0;0;1;0;"Cruzamento";"Bom";"Sem defeito";"Perfeito estado";"Seca";"Perfeito estado";"Faixa de pedestre";"Outras";"";"Única";"Faixa seccionada";"Canal";""
"4133";2021-01-09;"12:36:00";"SEM VÍTIMA";"FINALIZADA";"BRASÍLIA TEIMOSA";"AV BRASILIA FORMOSA";"";"";"PRAIA BURACO DA VÉIA / PRÓX À LOJA GOUVEIA";"BRASÍLIA TEIMOSA";NA;"";"COLISÃO";"COLISÃO COM VEÍCULO OFICIAL";2;0;0;0;0;0;0;0;0;0;0;"Longo da via";"Bom";"Não existe";"Perfeito estado";"Seca";"Perfeito estado";"Não existe";"";"";"";"";"";""
"4134";2021-01-09;"12:53:00";"";"";"SANTO AMARO";"AV CRUZ CABUGA";"";"AV NORTE";"EM FRENTE AO PREDIO DO SENAI";"SANTO AMARO";34;"";"ABALROAMENTO TRANSVERSAL";"COLISÃO COM 4 VEICULOS";4;0;0;0;0;0;0;0;0;0;0;"Cruzamento";"Bom";"Sem defeito";"Perfeito estado";"Seca";"Perfeito estado";"Faixa de pedestre";"";"";"Dupla";"Faixa contínua";"Faixa seccionada";""
"4135";2021-01-09;"14:02:00";"COM VÍTIMA";"FINALIZADA";"ÁGUA FRIA";"RUA SAO BENTO";"";"AV BEBERIBE";"EM BAIXO DO SEMAFORO 064";"ÁGUA FRIA";64;"";"ABALROAMENTO LONGITUDINAL";"COLISÃO CARRO X MOTO / ORIENTADOR MARCELO NO LOCAL";1;1;0;0;0;0;0;0;0;1;0;"Cruzamento";"Bom";"Sem defeito";"Perfeito estado";"Seca";"Perfeito estado";"Faixa de pedestre";"Não há placas";"";"Dupla";"Faixa contínua";"";""
"4136";2021-01-09;"14:10:00";"COM VÍTIMA";"FINALIZADA";"BOA VIAGEM";"RUA VISCONDE DE JEQUITINHONHA";"";"AV ARMINDO MOURA";"PRÓX AO COMAR II";"BOA VIAGEM";NA;"";"ABALROAMENTO TRANSVERSAL";"COLISÃO MOTO X MOTO / VT 13 NO LOCAL";0;2;0;0;0;0;0;0;0;3;0;"Cruzamento";"Bom";"Sem defeito";"Perfeito estado";"Seca";"Perfeito estado";"Faixa de pedestre";"Outras";"";"Única";"Faixa seccionada";"";""
"4137";2021-01-09;"14:21:00";"COM VÍTIMA";"FINALIZADA";"SANTO AMARO";"AV CRUZ CABUGA";"";"AV NORTE";"EM FRENTE AO PREDIO DO SENAI";"SANTO AMARO";34;"CIDADE";"ABALROAMENTO TRANSVERSAL";"A EQUIPE FOI SOLICITADA PARA VERIFICAR A COLISÃO DIANTE DE VEÍCULOS QUE PERMANECEM NA VIA";4;0;0;0;0;0;0;0;0;1;0;"Cruzamento";"Bom";"Sem defeito";"Perfeito estado";"Seca";"Perfeito estado";"Faixa de pedestre";"";"";"Dupla";"Faixa contínua";"Faixa seccionada";""
"4138";2021-01-09;"14:24:00";"SEM VÍTIMA";"CANCELADA";"CAMPINA DO BARRETO";"RUA MARCILIO DIAS";"110";"";"NA ENTRADA DO POINT BURGUER";"CAMPINA DO BARRETO";NA;"";"COLISÃO";"COLISÃO CARRO X MOTO / O CONDUTOR DA MOTO APOS A COLISÃO DEIXOU O VEICULO E LOCAL E SE EVADIU";1;1;0;0;0;0;0;0;0;0;0;"";"";"";"";"";"";"";"";"";"";"";"";""
"4139";2021-01-10;"00:51:00";"COM VÍTIMA";"FINALIZADA";"DERBY";"AV GOVERNADOR AGAMENON MAGALHAES";"";"";"CRUZAMENTO COM A RUA HENRIQUE DIAS SENTIDO BOA VIAGEM";"DERBY";NA;"";"ATROPELAMENTO";"VÍTIMA SOCORRIDA";1;0;0;0;1;0;0;0;0;1;0;"Cruzamento";"Bom";"Sem defeito";"Perfeito estado";"Seca";"Perfeito estado";"Faixa de pedestre";"Outras";"";"Única";"Faixa seccionada";"Canteiro central";""
"4140";2021-01-10;"19:36:00";"COM VÍTIMA";"FINALIZADA";"AFOGADOS";"RUA MOTOCOLOMBO";"";"";"E/F AO TROCAO";"AFOGADOS";NA;"";"ABALROAMENTO TRANSVERSAL";"COLIAO ENTRE AUTO E MOTO COM VITIMAS";1;1;0;0;0;0;0;0;0;1;0;"Cruzamento";"Bom";"Sem defeito";"Perfeito estado";"Seca";"Perfeito estado";"Faixa de pedestre";"Outras";"";"Única";"Não existe";"";""
"4141";2021-01-10;"22:57:00";"COM VÍTIMA";"FINALIZADA";"CORDEIRO";"RUA CANTORA CLARA NUNES";"90 A";"";"E/F A UPINHA DE SANTA LUZIA";"CORDEIRO";NA;"";"COLISÃO FRONTAL";"COLISAO ENTRE AUTO E MOTO COM VITIMAS";1;1;0;0;0;0;0;0;0;1;0;"Longo da via";"Bom";"Não existe";"Ilegível";"Seca";"Mal iluminada";"Não existe";"Não há placas";"";"Dupla";"Não existe";"";""
"4142";2021-01-11;"10:09:00";"SEM VÍTIMA";"FINALIZADA";"DERBY";"AV GOVERNADOR AGAMENON MAGALHAES";"";"";"EM FRENTE AO SEMÁFORO Nº 078";"DERBY";NA;"CIDADE";"ABALROAMENTO TRANSVERSAL";"COLISÃO ENTRE VEÍCULO OFICIAL E CAMINHÃO";0;0;0;0;0;0;1;1;0;0;0;"Longo da via";"Bom";"Sem defeito";"Perfeito estado";"Seca";"Perfeito estado";"Não existe";"Não há placas";"";"Dupla";"Não existe";"";""
"4143";2021-01-11;"11:21:00";"COM VÍTIMA";"FINALIZADA";"GRAÇAS";"RUA ALBERTO PAIVA";"347";"RUA DO FUTURO";"EM FRENTE AO BISTRO FRISABOR";"GRAÇAS";NA;"";"COLISÃO FRONTAL";"COM UMA VITIMA AGUARDANDO  SAMU";1;1;0;0;0;0;0;0;0;1;0;"Longo da via";"Bom";"Não existe";"Incompleta";"Seca";"Perfeito estado";"Não existe";"Placas Pare";"";"Única";"Faixa seccionada";"";""
"4144";2021-01-11;"12:14:00";"COM VÍTIMA";"FINALIZADA";"TORRÕES";"RUA WASHINGTON DUARTE ESPINDOLA";"";"";"AO LADO POSTO SHELL LUPI DOIS";"TORRÕES";NA;"SUBURBIO";"COLISÃO";"COM DUAS VITIMAS SAMU ACIONADO";1;1;0;0;0;0;0;0;0;2;0;"Longo da via";"Bom";"Não existe";"";"Seca";"Perfeito estado";"Não existe";"Não há placas";"";"Única";"";"";""
"4145";2021-01-11;"14:35:00";"COM VÍTIMA";"FINALIZADA";"ENCRUZILHADA";"LGO ENCRUZILHADA";"";"AV JOAO DE BARROS";"";"ENCRUZILHADA";664;"";"COLISÃO COM CICLISTA";"COLISÃO DO AUTO E BICICLETA";1;0;0;1;0;0;0;0;0;1;0;"Longo da via";"Bom";"Sem defeito";"Perfeito estado";"Seca";"Perfeito estado";"Faixa de pedestre";"Outras";"";"Dupla";"Faixa contínua";"Canteiro central";"Blocos"
"4146";2021-01-11;"16:00:00";"COM VÍTIMA";"FINALIZADA";"BOA VIAGEM";"AV CONSELHEIRO AGUIAR";"";"RUA ARTUR MUNIZ";"";"BOA VIAGEM";NA;"";"ABALROAMENTO TRANSVERSAL";"AGENTES SE DEPARARAM COM UMA COLISÃO COM VÍTIMA";1;1;0;0;0;0;0;0;0;1;0;"Cruzamento";"Bom";"Sem defeito";"Perfeito estado";"Seca";"Perfeito estado";"Faixa de pedestre";"";"";"Única";"Faixa contínua";"Faixa seccionada";""
"4147";2021-01-11;"17:34:00";"COM VÍTIMA";"FINALIZADA";"ARRUDA";"AV BEBERIBE";"";"";"PRÓX AO CANAL DA CONSTRUÇÃO";"ARRUDA";NA;"";"COLISÃO COM CICLISTA";"";0;0;0;1;0;1;0;0;0;1;0;"Longo da via";"Bom";"Não existe";"Perfeito estado";"Seca";"Perfeito estado";"Outros";"R-6a";"";"Dupla";"Faixa contínua";"";""
"4148";2021-01-11;"18:22:00";"SEM VÍTIMA";"CANCELADA";"CAMPO GRANDE";"RUA MARQUES DE ABRANTES";"37";"";"EM FRENTE A ULTRAGAZ";"CAMPO GRANDE";NA;"";"COLISÃO COM CICLISTA";"COLISÃO ENVOVENDO DOIS AUTOS E UM CICLISTA SEM VÍTIMA, CONDUTOR DE UM DOS VEÍCULOS APRESENTA SINTOMAS DE EMBRIAGUEZ";2;0;0;1;0;0;0;0;0;0;0;"";"";"";"";"";"";"";"";"";"";"";"";""
"4149";2021-01-12;"08:42:00";"COM VÍTIMA";"FINALIZADA";"IPSEP";"AV RECIFE";"";"RUA SAO NICOLAU";"EM FRENTE A CASA DAS BATERIAS";"IPSEP";16;"";"COLISÃO";"AUTO E MOTO C/V  VT- 05  GM´S FABIANO WILIAN MELO NO LOCAL";1;1;0;0;0;0;0;0;0;1;0;"";"";"";"";"";"";"";"";"";"";"";"";""
"4150";2021-01-12;"09:52:00";"COM VÍTIMA";"FINALIZADA";"IPSEP";"AV RECIFE";"";"";"E/F AO MARTELINHO DE OURO";"IPSEP";NA;"";"ABALROAMENTO LONGITUDINAL";"COLISÃO C/VITIMA ENTRE UM ONIBUS E UM CAMINHAO // BATEDORES  MARCELO ANTONIO, PASSOS E MAXUEL NO QTH";0;0;0;0;0;1;1;0;0;1;0;"Longo da via";"Bom";"Não existe";"Perfeito estado";"Seca";"Perfeito estado";"Não existe";"Não há placas";"";"Dupla";"Faixa seccionada";"Canteiro central";""
"4151";2021-01-12;"10:13:00";"COM VÍTIMA";"FINALIZADA";"IPUTINGA";"AV MAURICIO DE NASSAU";"268";"";"E/F A AUTO FILME EQUIPADORA";"IPUTINGA";NA;"";"COLISÃO TRASEIRA";"COLISIÃO C/ VITIMA ENTRE UM AUTO E UMA MOTO";1;1;0;0;0;0;0;0;0;1;0;"Cruzamento";"Bom";"Não existe";"Ilegível";"Seca";"Perfeito estado";"Não existe";"Placas Pare";"";"Dupla";"Faixa contínua";"";""
"4152";2021-01-12;"10:18:00";"COM VÍTIMA";"FINALIZADA";"ESPINHEIRO";"RUA QUARENTA E OITO";"244";"";"APOS O ESPAÇO VIDA SAUDAVEL";"ESPINHEIRO";NA;"";"ABALROAMENTO LONGITUDINAL";"AUTO E MOTO C/ V  VT-09 NO LOCAL";1;1;0;0;0;0;0;0;0;1;0;"Longo da via";"Bom";"Não existe";"Perfeito estado";"Seca";"Perfeito estado";"Não existe";"R-6a";"";"Única";"Faixa seccionada";"";""
"4153";2021-01-12;"13:15:00";"COM VÍTIMA";"CANCELADA";"TORRE";"RUA REAL DA TORRE";"";"RUA CONDE DE IRAJA";"E/F AO EXTRABOM";"TORRE";NA;"";"COLISÃO";"COLISAO ENTRE DUAS MOTOS COM UMA VITIMA";0;1;0;0;0;0;0;0;0;1;0;"";"";"";"";"";"";"";"";"";"";"";"";""
"4154";2021-01-12;"18:29:00";"SEM VÍTIMA";"FINALIZADA";"SANTO AMARO";"AV GOVERNADOR AGAMENON MAGALHAES";"";"";"E/F AO CAMPO DO ONZE";"SANTO AMARO";NA;"";"COLISÃO";"COLISAO ENTRE DOIS AUTOS S/ VITIMAS ( HILUX ESTA LOCADA PARA A CASA MILITAR)";2;0;0;0;0;0;0;0;0;0;0;"Longo da via";"Bom";"Não existe";"Perfeito estado";"Seca";"Perfeito estado";"";"Não há placas";"";"Dupla";"Canteiro central";"";""
"4155";2021-01-12;"20:26:00";"COM VÍTIMA";"FINALIZADA";"IMBIRIBEIRA";"RUA ALAMEDA DAS HORTENCIAS";"279";"";"PROX AO COLEGIO NOVO MOTIVO";"IMBIRIBEIRA";NA;"";"ABALROAMENTO LONGITUDINAL";"COLISAO ENTRE AUTO E MOTO COM VITIMAS";1;1;0;0;0;0;0;0;0;1;0;"Cruzamento";"Bom";"Não existe";"Ilegível";"Seca";"Mal iluminada";"Não existe";"Não há placas";"";"Dupla";"Faixa seccionada";"";""
"4156";2021-01-12;"22:36:00";"COM VÍTIMA";"FINALIZADA";"IPSEP";"AV RECIFE";"";"";"E/F AO POSTO SHELL / SEMÁFORO 055";"IPSEP";NA;"";"COLISÃO FRONTAL";"AUTO X MOTO. C/V";1;1;0;0;0;0;0;0;0;1;0;"";"Bom";"Não existe";"Não existente";"Seca";"Perfeito estado";"Não existe";"Não há placas";"";"";"Não existe";"";""
"4157";2021-01-13;"10:48:00";"SEM VÍTIMA";"FINALIZADA";"VÁRZEA";"RUA GASTAO VIDIGAL";"";"AV CAXANGA";"SEMÁFORO Nº 281";"VÁRZEA";281;"CIDADE";"CHOQUE OBJETO FIXO";"QUEDA DO SEMÁMORO APÓS COLISÃO";0;0;0;0;0;1;0;0;0;0;0;"";"Bom";"Sem defeito";"Incompleta";"Seca";"Perfeito estado";"Agente";"Não há placas";"";"Dupla";"Faixa contínua";"";""
"4158";2021-01-13;"11:12:00";"COM VÍTIMA";"FINALIZADA";"MADALENA";"RUA JOAO IVO DA SILVA";"";"AV ENGENHEIRO ABDIAS DE CARVALHO";"AO LADO DO HABIBS";"MADALENA";132;"CIDADE";"ABALROAMENTO TRANSVERSAL";"COM UMA VITIMA AGUARDANDO SAMU";0;2;0;0;0;0;0;0;0;1;0;"Cruzamento";"Bom";"Sem defeito";"Incompleta";"Seca";"Perfeito estado";"Faixa de pedestre";"Não há placas";"";"Única";"Faixa seccionada";"";""
"4159";2021-01-13;"13:48:00";"SEM VÍTIMA";"CANCELADA";"SAN MARTIN";"AV GENERAL SAN MARTIN";"";"";"EM FRENTE À FARMÁCIA DO TRABALHADOR";"SAN MARTIN";NA;"";"COLISÃO";"COLISÃO COM VEÍCULO OFICIAL";2;0;0;0;0;0;0;0;0;0;0;"";"";"";"";"";"";"";"";"";"";"";"";""
"4160";2021-01-13;"14:30:00";"COM VÍTIMA";"FINALIZADA";"PARNAMIRIM";"RUA PROFESSORA AURORA SOARES";"";"";"PROX AO MUSEU MURILO LA GREGA";"PARNAMIRIM";NA;"";"ABALROAMENTO LONGITUDINAL";"COLISÃO CARRO X MOTO";1;1;0;0;0;0;0;0;0;1;0;"Longo da via";"Bom";"Não existe";"Perfeito estado";"Seca";"Perfeito estado";"Outros";"Não há placas";"";"Dupla";"Faixa contínua";"";""
"4161";2021-01-13;"14:59:00";"COM VÍTIMA";"FINALIZADA";"IPUTINGA";"AV CAXANGA";"";"";"EM FRENTE A FORD GRANVIA";"IPUTINGA";NA;"";"COLISÃO COM CICLISTA";"CARRO COLIDIU COM CICLISTA E DEPOIS E VEICULO CHOCOU-SE COM POSTE / VT 02";1;0;0;1;0;0;0;0;0;2;0;"Longo da via";"Bom";"Sem defeito";"Perfeito estado";"Seca";"Perfeito estado";"Faixa de pedestre";"Não há placas";"";"Dupla";"Canteiro central";"";""
"4162";2021-01-13;"18:01:00";"COM VÍTIMA";"FINALIZADA";"PINA";"AV ANTONIO DE GOES";"275";"";"EM FRENTE AO INTERNACIONAL TRADE CENTER";"PINA";NA;"";"COLISÃO TRASEIRA";"COLISAO ENTRE AUTO E MOTO COM VITIMA";1;1;0;0;0;0;0;0;0;1;0;"Longo da via";"Bom";"Não existe";"Perfeito estado";"Seca";"Perfeito estado";"Não existe";"Não há placas";"";"Única";"Canteiro central";"";""
"4163";2021-01-13;"17:59:00";"COM VÍTIMA";"FINALIZADA";"BOA VIAGEM";"RUA COSMORAMA";"";"RUA BALTAZAR PASSOS";"PROX TRAS DO COLEGIO MADRE DE DEUS";"BOA VIAGEM";556;"";"ABALROAMENTO LONGITUDINAL";"COLISÃO MOTO X CARRO";1;1;0;0;0;0;0;0;0;1;0;"Esquina";"Bom";"Sem defeito";"Perfeito estado";"Seca";"Perfeito estado";"Faixa de pedestre";"Outras";"";"Dupla";"Outros";"";""
"4164";2021-01-13;"18:11:00";"COM VÍTIMA";"FINALIZADA";"SANTO AMARO";"RUA PALMARES";"";"RUA TREZE DE MAIO";"";"SANTO AMARO";30;"";"ABALROAMENTO LONGITUDINAL";"AUTO X MOTOCICLETA";1;1;0;0;0;0;0;0;0;1;0;"Cruzamento";"Bom";"Sem defeito";"Perfeito estado";"Seca";"Perfeito estado";"Faixa de pedestre";"Não há placas";"60 km/h";"Dupla";"Não existe";"";""
"4165";2021-01-13;"18:27:00";"COM VÍTIMA";"FINALIZADA";"BOA VIAGEM";"RUA MARQUES DE VALENCA";"350";"";"EM FRENTE A IGREJA NOSSA SENHORA DE FÁTIMA, PROXIMO  DO RESTAURANTE ENTRE AMIGOS";"BOA VIAGEM";NA;"";"ABALROAMENTO TRANSVERSAL";"COLISÃO ENTRE AUTO E MOTO COM VÍTIMAS";1;1;0;0;0;0;0;0;0;1;0;"Cruzamento";"Bom";"Não existe";"Perfeito estado";"Seca";"Perfeito estado";"Faixa de pedestre";"Não há placas";"";"Dupla";"Faixa seccionada";"";""
"4166";2021-01-13;"20:48:00";"COM VÍTIMA";"FINALIZADA";"TEJIPIÓ";"RUA FALCAO DE LACERDA";"484";"";"NA ENTRADA DA ESTAÇÃO DO METRÔ COQUEIRAL, AO LADO DA ASSEMBLEIA DE DEUS, AO LADO DA PIZZARIA  E CASA DE MASSAS";"TEJIPIÓ";NA;"";"ABALROAMENTO LONGITUDINAL";"COLISÃO ENTRE MOTO X CAMINHÃO X AUTO";1;1;0;0;0;0;1;0;0;1;0;"Longo da via";"Bom";"Sem defeito";"Perfeito estado";"Seca";"Perfeito estado";"Faixa de pedestre";"Outras";"50 km/h";"Dupla";"Faixa contínua";"";""
"4167";2021-01-14;"07:21:00";"COM VÍTIMA";"FINALIZADA";"CORDEIRO";"RUA GOMES TABORDA";"1703";"";"EM FRENTE A CERVEJARIA VAPOR 82";"CORDEIRO";NA;"";"COLISÃO COM CICLISTA";"AUTO E CICLISTA C/V";1;0;0;1;0;0;0;0;0;1;0;"Longo da via";"Bom";"Não existe";"Perfeito estado";"Seca";"Perfeito estado";"Não existe";"Outras";"";"Dupla";"Faixa seccionada";"";""
"4168";2021-01-14;"07:29:00";"SEM VÍTIMA";"FINALIZADA";"SANTO AMARO";"AV CRUZ CABUGA";"";"";"E/F A CASA DA INDUSTRIA";"SANTO AMARO";NA;"";"COLISÃO";"COLISÃO S/VITIMA ENTRE DOIS AUTOS (VEICULO OFICIAL) // VT.30 NO QTH";2;0;0;0;0;0;0;0;0;0;0;"Longo da via";"Bom";"Não existe";"Perfeito estado";"Seca";"Perfeito estado";"Não existe";"Não há placas";"";"Dupla";"Faixa contínua";"";""
"4169";2021-01-14;"09:22:00";"SEM VÍTIMA";"FINALIZADA";"ÁGUA FRIA";"AV BEBERIBE";"1715";"";"";"ÁGUA FRIA";NA;"";"ABALROAMENTO LONGITUDINAL";"";0;0;0;0;0;1;1;0;0;0;0;"Longo da via";"Bom";"Sem defeito";"Perfeito estado";"Seca";"Perfeito estado";"Outros";"Outras";"";"Dupla";"Faixa contínua";"";""
"4170";2021-01-14;"12:34:00";"COM VÍTIMA";"CANCELADA";"ILHA DO LEITE";"RUA MINAS GERAIS";"30";"";"E/F A PRAÇA FERNANDES FIGUEIRA POR TRAS DO IMIP";"ILHA DO LEITE";NA;"";"COLISÃO";"COLISAO ENTRE AUTO EMOTO COMUMAVITIMA";1;1;0;0;0;0;0;0;0;1;0;"";"";"";"";"";"";"";"";"";"";"";"";""
"4171";2021-01-14;"16:25:00";"COM VÍTIMA";"FINALIZADA";"SANTO AMARO";"AV PREFEITO ARTUR LIMA CAVALCANTI";"";"";"APOS O HOSPITAL DE COVID";"SANTO AMARO";NA;"";"ABALROAMENTO LONGITUDINAL";"COLISAO ENVOLVENDO AUTO E MOTO COM VITIMA";1;1;0;0;0;0;0;0;0;1;0;"Longo da via";"Bom";"Não existe";"Perfeito estado";"Seca";"Perfeito estado";"Não existe";"R-6a";"";"Dupla";"Canteiro central";"";""