"";"data";"hora";"natureza_acidente";"situacao";"bairro";"endereco";"numero";"detalhe_endereco_acidente";"complemento";"bairro_cruzamento";"num_semaforo";"sentido_via";"tipo";"descricao";"auto";"moto";"ciclom";"ciclista";"pedestre";"onibus";"caminhao";"viatura";"outros";"vitimas";"vitimasfatais";"acidente_verificado";"tempo_clima";"situacao_semaforo";"sinalizacao";"condicao_via";"conservacao_via";"ponto_controle";"situacao_placa";"velocidade_max_via";"mao_direcao";"divisao_via1";"divisao_via2";"divisao_via3"
"4172";2021-01-14;"20:46:00";"COM VÍTIMA";"FINALIZADA";"BOA VIAGEM";"AV ENGENHEIRO DOMINGOS FERREIRA";"";"";"PROX AO BANCO SANTADER";"BOA VIAGEM";NA;"";"COLISÃO TRASEIRA";"COLISAO ENTRE DOIS AUTOS COM VITIMAS  ( MOTORISTA DO FIAT MOBI COM SINAIS DE EMBREAGUES )";2;0;0;0;0;0;0;0;0;1;0;"Longo da via";"Bom";"Sem defeito";"Perfeito estado";"Seca";"Perfeito estado";"Faixa de pedestre";"Outras";"";"Única";"Faixa seccionada";"";""
"4173";2021-01-14;"21:00:00";"COM VÍTIMA";"FINALIZADA";"AREIAS";"AV DR JOSE RUFINO";"";"RUA JOSE NATARIO";"SEMÁFORO 044 / ENTRADA DE AREIAS E E/F AO POSTO SHELL";"AREIAS";NA;"";"ABALROAMENTO TRANSVERSAL";"AUTO X MOTO. C/V";1;1;0;0;0;0;0;0;0;1;0;"Cruzamento";"Bom";"Sem defeito";"Perfeito estado";"Seca";"Perfeito estado";"Faixa de pedestre";"R-6a";"40 km/h";"Dupla";"Faixa contínua";"";""
"4174";2021-01-14;"23:39:00";"COM VÍTIMA";"FINALIZADA";"BOA VIAGEM";"AVENIDA CELSO FURTADO (VIA MANGUE)";"";"";"PROXIMO AO RETORNO SENTIDO BOA VIAGEM";"BOA VIAGEM";NA;"SUBURBIO";"COLISÃO COM CICLISTA";"COLISÃO MOTO E BICICLETA";0;1;0;3;0;0;0;0;0;4;0;"Longo da via";"Bom";"Não existe";"Perfeito estado";"Seca";"Perfeito estado";"Não existe";"Outras";"60 km/h";"Única";"Faixa contínua";"";""
"4175";2021-01-15;"00:37:00";"COM VÍTIMA";"FINALIZADA";"TAMARINEIRA";"EST VELHA DE AGUA FRIA";"";"";"COM A AV PROFº JOSÉ DOS ANJOS";"TAMARINEIRA";NA;"CIDADE";"COLISÃO FRONTAL";"COLISÃO  AUTO X MOTO";1;0;1;0;0;0;0;0;0;1;0;"Cruzamento";"Bom";"Sem defeito";"Perfeito estado";"Seca";"Perfeito estado";"Faixa de pedestre";"";"";"Única";"Canteiro central";"";""
"4176";2021-01-15;"12:01:00";"COM VÍTIMA";"FINALIZADA";"MADALENA";"AV VISCONDE DE ALBUQUERQUE";"";"RUA LOPES DE CARVALHO";"";"MADALENA";NA;"";"ABALROAMENTO TRANSVERSAL";"";1;0;1;0;0;0;0;0;0;1;0;"Longo da via";"Bom";"Não existe";"Perfeito estado";"Seca";"Perfeito estado";"Não existe";"Não há placas";"";"Única";"Faixa seccionada";"";""
"4177";2021-01-15;"16:14:00";"COM VÍTIMA";"FINALIZADA";"TEJIPIÓ";"AV DR JOSE RUFINO";"";"";"EM FRENTE À ESTAÇÃO DE TEJIPIÓ";"TEJIPIÓ";497;"";"ABALROAMENTO TRANSVERSAL";"AUTO X MOTO";1;1;0;0;0;0;0;0;0;2;0;"Longo da via";"Bom";"Sem defeito";"Perfeito estado";"Seca";"Perfeito estado";"Não existe";"R-6a";"";"Dupla";"Faixa contínua";"";""
"4178";2021-01-15;"17:02:00";"COM VÍTIMA";"FINALIZADA";"SÃO JOSÉ";"AV ENGENHEIRO JOSE ESTELITA";"";"";"ANTES DO VIADUTO CAPITÃO TEMUDO";"SÃO JOSÉ";NA;"SUB";"ABALROAMENTO TRANSVERSAL";"LADO OPOSTO AO CABANGA IATE CLUBE";0;0;1;0;0;0;1;0;0;1;0;"Longo da via";"Bom";"Não existe";"Perfeito estado";"Seca";"Perfeito estado";"Faixa de pedestre";"";"";"Dupla";"Canteiro central";"";""
"4179";2021-01-15;"17:04:00";"SEM VÍTIMA";"FINALIZADA";"BOA VIAGEM";"RUA PADRE BERNADINO PESSOA";"";"RUA DOS NAVEGANTES";"";"BOA VIAGEM";NA;"";"COLISÃO";"VEÍCULO ESTAVA DANDO RÉ DO ESTACIONAMENTO PARA A VIA E COLIDIU COM A MOTOCICLETA LEVEMENTE";1;0;1;0;0;0;0;0;0;0;0;"";"";"";"";"";"";"";"";"";"";"";"";""
"4180";2021-01-15;"17:12:00";"SEM VÍTIMA";"FINALIZADA";"IMBIRIBEIRA";"RUA SAO JUDAS TADEU";"385";"RUA PROF PEDRO AUGUSTO CARNEIRO LEAO";"";"IMBIRIBEIRA";NA;"";"ABALROAMENTO TRANSVERSAL";"";2;0;0;0;0;0;0;0;0;0;0;"";"Bom";"Não existe";"Não existente";"Seca";"Perfeito estado";"Não existe";"Não há placas";"";"Dupla";"Não existe";"";""
"4181";2021-01-15;"20:31:00";"COM VÍTIMA";"FINALIZADA";"SAN MARTIN";"AV GENERAL SAN MARTIN";"";"AV CONSUL VILARES FRAGOSO";"PRÓX AO QUARTEL DA CAVALARIA";"SAN MARTIN";326;"";"COLISÃO COM CICLISTA";"COLISÃO ENTRE AUTO E BICICLETA, COM VÍTIMA";1;0;0;1;0;0;0;0;0;1;0;"Cruzamento";"Bom";"Sem defeito";"Perfeito estado";"Seca";"Perfeito estado";"Faixa de pedestre";"Não há placas";"";"Dupla";"Faixa contínua";"Faixa seccionada";""
"4182";2021-01-15;"22:25:00";"SEM VÍTIMA";"FINALIZADA";"GUABIRABA";"RUA Z";"";"";"AO LADO DO POSTO DE GASOLINA  ECO POSTO SERRA II";"GUABIRABA";NA;"SUBURBIO";"CHOQUE VEÍCULO PARADO";"COLISÃO ENTRE VIATURA DA PM E CAMINHÃO, SEM VITIMAS";0;0;0;0;0;0;0;1;1;0;0;"Longo da via";"Bom";"Não existe";"Não existente";"Seca";"Mal iluminada";"Não existe";"Não há placas";"";"Dupla";"Não existe";"";""
"4183";2021-01-15;"22:45:00";"COM VÍTIMA";"FINALIZADA";"ESPINHEIRO";"RUA DO ESPINHEIRO";"";"RUA SANTO ELIAS";"PRÓX AO POSTO DE COMBUSTÍVEL YPIRANGA";"ESPINHEIRO";NA;"";"ABALROAMENTO TRANSVERSAL";"COLISÃO ENTRE AUTO E 2 MOTOS, COM VÍTIMAS";1;2;0;0;0;0;0;0;0;2;0;"Cruzamento";"Bom";"Não existe";"Perfeito estado";"Seca";"Perfeito estado";"Faixa de pedestre";"Placas Pare";"";"Dupla";"Faixa seccionada";"";""
"4184";2021-01-16;"04:00:00";"COM VÍTIMA";"CANCELADA";"BOA VIAGEM";"RUA BARAO DE SOUZA LEAO";"";"";"EM  FRENTE  AO  HOSPITAL   ALFA";"BOA VIAGEM";NA;"";"CHOQUE";"PASSAGEIRA   SE  PENDUROU   NO  ONIBUS  E  CAIU   NO  CHÃO   ESTAR  SENDO  SOCORRIDA  PELO   SAMU";0;0;0;0;0;1;0;0;0;1;0;"";"";"";"";"";"";"";"";"";"";"";"";""
"4185";2021-01-16;"07:34:00";"SEM VÍTIMA";"FINALIZADA";"IMBIRIBEIRA";"AV MARECHAL MASCARENHAS DE MORAES";"";"";"EM FRENTE A FARMACIA PAGUE MENOS";"IMBIRIBEIRA";290;"SUBURBIO";"COLISÃO TRASEIRA";"COLISÃO S/VITIMA. MOTORISTA COM SUSPEITA DE EMBREAGUEZ";2;0;0;0;0;0;0;0;0;0;0;"Longo da via";"Bom";"Sem defeito";"Perfeito estado";"Seca";"Perfeito estado";"Não existe";"Não há placas";"60 km/h";"Dupla";"Canteiro central";"";""
"4186";2021-01-16;"13:41:00";"COM VÍTIMA";"CANCELADA";"SANTO AMARO";"PTE DO LIMOEIRO";"";"";"PROXIMO AO HOSPITAL  PROVISORIO";"SANTO AMARO";NA;"";"COLISÃO";"COLISAO ENVOLVENDO AUTO E  MOTO COM VITIMA";1;1;0;0;0;0;0;0;0;1;0;"";"";"";"";"";"";"";"";"";"";"";"";""
"4187";2021-01-16;"18:49:00";"SEM VÍTIMA";"CANCELADA";"TORRE";"RUA JOSE BONIFACIO";"";"";"E/F AO POSOT IPIRANGA/ APOS O HOSPITAL DE AVILLA";"TORRE";NA;"";"COLISÃO";"COLISAO S/V ENTRE DOIS AUTOS ( CONDUTOR DA BMW COM SINAIS DE EMBREAGUES";2;0;0;0;0;0;0;0;0;0;0;"";"";"";"";"";"";"";"";"";"";"";"";""
"4188";2021-01-17;"00:05:00";"COM VÍTIMA";"FINALIZADA";"BOA VIAGEM";"AV ENGENHEIRO DOMINGOS FERREIRA";"";"RUA ALEXANDRINO MARTINS RODRIGUES";"E/F AO BOMPREÇO";"BOA VIAGEM";303;"";"ABALROAMENTO LONGITUDINAL";"MOTOCICLETA COLIDIU NA TRASEIRA DO AUTO PASSEIO - C/VITIMA";1;1;0;0;0;0;0;0;0;1;0;"Longo da via";"Bom";"Sem defeito";"Perfeito estado";"Seca";"Perfeito estado";"Faixa de pedestre";"";"60 km/h";"Única";"Faixa contínua";"";""
"4189";2021-01-17;"01:14:00";"SEM VÍTIMA";"CANCELADA";"JORDÃO";"RUA DR ALVARO FERRAZ";"9";"";"QUADRA C - PRÓXIMO NUCLEO POLICIAL E AO MERCADINHO LEVE MAIS";"JORDÃO";NA;"";"CHOQUE VEÍCULO PARADO";"CONDUTOR APRESENTANDO SINTOMAS DE EMBRIAGUEZ CHOCOU O VEICULO CONTRA A TRASEIRA DE UM CAMINHÃO PARADO";1;0;0;0;0;0;1;0;0;0;0;"";"";"";"";"";"";"";"";"";"";"";"";""
"4190";2021-01-17;"07:20:00";"COM VÍTIMA";"FINALIZADA";"SÃO JOSÉ";"C SANTA RITA";"";"";"APÓS O CUBE DE AMADORES DE PESCA VIRIATO DE MEDEIROS";"SÃO JOSÉ";NA;"CIDADE";"CHOQUE OBJETO FIXO";"O CONDUTOR PERDEU O CONTROLE DO VEÍCULO COLIDINDO COM TAPUMES DE METAL QUE ISOLAM A ÁREA";1;0;0;0;0;0;0;0;0;1;0;"Longo da via";"Bom";"Não existe";"Perfeito estado";"Seca";"Perfeito estado";"Não existe";"Não há placas";"";"Dupla";"Canteiro central";"";""
"4191";2021-01-17;"11:57:00";"SEM VÍTIMA";"CANCELADA";"MADALENA";"AV JOSE GONCALVES DE MEDEIROS";"72";"";"EM FRENTE A PORTO SEGURO";"MADALENA";NA;"";"CHOQUE OBJETO FIXO";"MOTORISTA COM SINTOMAS DE EMBRIAGUES";1;0;0;0;0;0;0;0;0;0;0;"";"";"";"";"";"";"";"";"";"";"";"";""
"4192";2021-01-17;"15:27:00";"COM VÍTIMA";"FINALIZADA";"MADALENA";"EST DOS REMEDIOS";"";"RUA BENFICA";"EM FRENTE À POLICLÍNICA LESSA DE ANDRADE";"MADALENA";NA;"";"ABALROAMENTO TRANSVERSAL";"";0;2;0;0;0;0;0;0;0;2;0;"Cruzamento";"Bom";"Sem defeito";"Perfeito estado";"Seca";"Perfeito estado";"Faixa de pedestre";"R-6a";"60 km/h";"Única";"Faixa contínua";"Faixa seccionada";"Blocos"
"4193";2021-01-17;"17:38:00";"COM VÍTIMA";"CANCELADA";"MADALENA";"RUA NOBRE DE LACERDA";"";"RUA DR JOSE MARCELINO";"PROX A LOJA NAGEM DA MADALENA";"MADALENA";NA;"";"COLISÃO";"COLISÃO MOTO X CARRO";1;1;0;0;0;0;0;0;0;2;0;"";"";"";"";"";"";"";"";"";"";"";"";""
"4194";2021-01-17;"19:10:00";"COM VÍTIMA";"FINALIZADA";"MUSTARDINHA";"AV MANOEL GONCALVES DA LUZ";"241";"";"EM FRENTE AO POSTO DE COMBUSTIVEIS TOTAL, PROXIMO DO VAREJÃO DO POVO";"MUSTARDINHA";NA;"";"ATROPELAMENTO";"ATROPELAMENTO ENVOLVENDO ÔNIBUS E PEDESTRE, COM VÍTIMA";0;0;0;0;1;1;0;0;0;1;0;"Longo da via";"Bom";"Não existe";"Perfeito estado";"Seca";"Perfeito estado";"Não existe";"Não há placas";"";"Dupla";"Faixa seccionada";"";""
"4195";2021-01-17;"19:18:00";"COM VÍTIMA";"FINALIZADA";"AREIAS";"AV RECIFE";"";"";"APOS O HOSPITAL DO IDOSO, PROXIMO DO HIPER BOM PREÇO, SENTIDO CIDADE UNIVERSITARIA";"AREIAS";NA;"";"ABALROAMENTO LONGITUDINAL";"COLISÃO ENTRE AUTO E MOTO, COM VÍTIMA";1;1;0;0;0;0;0;0;0;1;0;"Longo da via";"Bom";"Não existe";"Perfeito estado";"Seca";"Perfeito estado";"Não existe";"Não há placas";"";"Dupla";"Faixa seccionada";"Canteiro central";""
"4196";2021-01-17;"20:58:00";"SEM VÍTIMA";"FINALIZADA";"PINA";"AV ENGENHEIRO DOMINGOS FERREIRA";"861";"";"CONFRARIA DA BARBA";"PINA";NA;"SUBURBIO";"COLISÃO TRASEIRA";"COLISÃO ENTRE AUTO E VIATURA DA PM";2;0;0;0;0;0;0;0;0;0;0;"Longo da via";"Bom";"Sem defeito";"Perfeito estado";"Seca";"Perfeito estado";"Faixa de pedestre";"R-6a";"60 km/h";"Única";"Faixa seccionada";"";""
"4197";2021-01-17;"22:02:00";"SEM VÍTIMA";"FINALIZADA";"CASA AMARELA";"RUA PADRE LEMOS";"";"";"EM FRENTE AO MERCADO DE CASA AMARELA, LADO OPOSTO AO Nº 30";"CASA AMARELA";404;"SUBURBIO";"ABALROAMENTO LONGITUDINAL";"COLISÃO ENTRE VIATURA DA PM E MOTO, S/V";0;1;0;0;0;0;0;1;0;0;0;"Longo da via";"Bom";"Sem defeito";"Perfeito estado";"Seca";"Perfeito estado";"";"";"";"Dupla";"Não existe";"";""
"4198";2021-01-17;"22:43:00";"COM VÍTIMA";"CANCELADA";"BARRO";"RUA ANDRE DIAS FIGUEREDO";"64";"";"AO LADO DO BARRO SOCIETY";"BARRO";NA;"";"COLISÃO";"COLISÃO ENTRE AUTO E MOTO, COM VÍTIMA";1;1;0;0;0;0;0;0;0;1;0;"";"";"";"";"";"";"";"";"";"";"";"";""
"4199";2021-01-17;"23:25:00";"COM VÍTIMA";"CANCELADA";"PINA";"AV BOA VIAGEM";"";"";"PRÓXIMO AO JCPM";"PINA";NA;"";"CHOQUE";"";0;0;0;0;0;0;0;0;0;1;0;"";"";"";"";"";"";"";"";"";"";"";"";""
"4200";2021-01-18;"08:08:00";"COM VÍTIMA";"FINALIZADA";"CASA AMARELA";"RUA PADRE LEMOS";"671";"";"";"CASA AMARELA";NA;"";"ABALROAMENTO LONGITUDINAL";"COLISÃO COM VÍTIMA ENTRE  AUTO E MOTO";1;1;0;0;0;0;0;0;0;1;0;"Longo da via";"Bom";"Não existe";"Perfeito estado";"Seca";"Perfeito estado";"Não existe";"R-6a";"";"Dupla";"Faixa seccionada";"";""
"4201";2021-01-18;"15:34:00";"COM VÍTIMA";"FINALIZADA";"SANTO AMARO";"RUA BISPO CARDOSO AYRES";"297";"RUA BERNARDO GUIMARAES";"";"SANTO AMARO";NA;"";"ABALROAMENTO LONGITUDINAL";"COLISÃO COM VÍTIMA ENTRE  AUTO E MOTO";1;1;0;0;0;0;0;0;0;1;0;"Cruzamento";"Bom";"Não existe";"Perfeito estado";"Seca";"Perfeito estado";"Faixa de pedestre";"Outras";"";"Única";"Não existe";"";""
"4202";2021-01-18;"23:16:00";"SEM VÍTIMA";"CANCELADA";"ROSARINHO";"AV NORTE";"";"RUA GENERAL ABREU E LIMA";"CRUZAMENTO C/A RUA GENERAL ABREU E LIMA - SENTIDO SUB/CID";"ROSARINHO";NA;"CIDADE";"COLISÃO";"MOTOCICLISTA COLIDIU NA TRASEIRA DA VIATURA POLICIAL  - S/VITIMA";1;1;0;0;0;0;0;0;0;0;0;"";"";"";"";"";"";"";"";"";"";"";"";""
"4203";2021-01-19;"03:22:00";"COM VÍTIMA";"FINALIZADA";"BARRO";"AV DR JOSE RUFINO";"";"";"SOBRE O VIADUTO DO BARRO";"BARRO";NA;"CIDADE";"ABALROAMENTO TRANSVERSAL";"COLISÃO COM VÍTIMA ENTRE  ONIBUS E MOTO";0;1;0;0;0;1;0;0;0;1;0;"Cruzamento";"Bom";"Não existe";"Ilegível";"Seca";"Mal conservada";"Não existe";"";"";"Dupla";"Não existe";"";""
"4204";2021-01-19;"07:42:00";"COM VÍTIMA";"FINALIZADA";"CASA AMARELA";"EST DO ARRAIAL";"";"";"EM FRENTE DO CLUB AMERICA";"CASA AMARELA";NA;"";"COLISÃO TRASEIRA";"COM VITIMA AGUARDANDO SAMU NO LOCAL";1;1;0;0;0;0;0;0;0;1;0;"Longo da via";"Nublado";"Não existe";"";"Seca";"Perfeito estado";"Não existe";"Outras";"";"Única";"Faixa seccionada";"";""
"4205";2021-01-19;"08:58:00";"COM VÍTIMA";"FINALIZADA";"ILHA DO RETIRO";"AV ENGENHEIRO ABDIAS DE CARVALHO";"";"";"EM FRENTE A ILHA DO RETIRO";"ILHA DO RETIRO";367;"";"COLISÃO";"COM VITIMA";1;1;0;0;0;0;0;0;0;1;0;"";"";"";"";"";"";"";"";"";"";"";"";""
"4206";2021-01-19;"09:45:00";"COM VÍTIMA";"FINALIZADA";"BOA VIAGEM";"AV BOA VIAGEM";"1140";"";"EAO LADO DO PRAZA HOTEL";"BOA VIAGEM";118;"";"COLISÃO TRASEIRA";"COM UMA VITIMA AGUARDANDO SAMU";1;1;0;0;0;0;0;0;0;1;0;"Longo da via";"Bom";"Sem defeito";"Perfeito estado";"Seca";"Perfeito estado";"Faixa de pedestre";"R-6a";"";"Única";"Faixa contínua";"Faixa seccionada";""
"4207";2021-01-19;"10:33:00";"SEM VÍTIMA";"CANCELADA";"MACAXEIRA";"AV NORTE";"7490";"RUA DE APIPUCOS";"EM FRENTE A PRAÇA DA MACAXEIRA";"MACAXEIRA";671;"";"ENGAVETAMENTO";"COLISÃO SEM VITIMAS ,VEÍCULO OFICIAL VT CTTU";5;0;0;0;0;0;0;1;0;0;0;"";"";"";"";"";"";"";"";"";"";"";"";""
"4208";2021-01-19;"10:49:00";"COM VÍTIMA";"FINALIZADA";"MACAXEIRA";"AV NORTE";"";"";"EM FRENTE A ACADEMIA DA CIDADE";"MACAXEIRA";671;"";"COLISÃO TRASEIRA";"COM VITIMA";1;4;0;0;0;0;2;0;0;1;0;"Longo da via";"Bom";"Sem defeito";"Perfeito estado";"Seca";"Perfeito estado";"Faixa de retenção";"Outras";"";"Dupla";"Canteiro central";"";""
"4209";2021-01-19;"11:39:00";"COM VÍTIMA";"FINALIZADA";"TORRE";"RUA REAL DA TORRE";"";"";"REALIZAR DA UMA VARREDUIRA NO LOCAL DO BAIRRO DA MADALENA ATÉ O BAIRRO DA TORRE";"TORRE";NA;"";"COLISÃO";"";2;0;0;0;0;0;0;0;0;1;0;"";"";"";"";"";"";"";"";"";"";"";"";""
"4210";2021-01-19;"14:31:00";"COM VÍTIMA";"FINALIZADA";"DERBY";"AV GOVERNADOR AGAMENON MAGALHAES";"";"";"PRÓX AO AMERICANO BATISTA";"DERBY";174;"SUBURBIO";"ABALROAMENTO LONGITUDINAL";"AUTO X MOTO";1;1;0;0;0;0;0;0;0;1;0;"Cruzamento";"Bom";"Sem defeito";"Perfeito estado";"Seca";"Perfeito estado";"Agente";"R-4a";"60 km/h";"Dupla";"Canteiro central";"";""
"4211";2021-01-19;"14:57:00";"COM VÍTIMA";"FINALIZADA";"SÃO JOSÉ";"RUA IMPERIAL";"2005";"";"PRÓX À PERNAMBUCO ALUMÍNIO";"SÃO JOSÉ";352;"";"COLISÃO TRASEIRA";"AUTO X MOTO";1;1;0;0;0;0;0;0;0;2;0;"Longo da via";"Bom";"Sem defeito";"Perfeito estado";"Seca";"Perfeito estado";"Não existe";"Não há placas";"";"Única";"Não existe";"";""
"4212";2021-01-19;"15:54:00";"COM VÍTIMA";"FINALIZADA";"CABANGA";"VDO PAPA JOAO PAULO II";"";"PRC GOVERNADOR PAULO GUERRA";"AO LADO DO CABANGA IAT CLUBE";"CABANGA";NA;"";"ABALROAMENTO LONGITUDINAL";"COLISÃO COM VÍTIMA ENVOLVENDO UM AUTO E UMA MOT0OCICLETA";1;1;0;0;0;0;0;0;0;1;0;"Longo da via";"Bom";"Não existe";"Incompleta";"Seca";"Perfeito estado";"Não existe";"Não há placas";"";"Única";"Faixa contínua";"";""
"4213";2021-01-19;"16:43:00";"COM VÍTIMA";"FINALIZADA";"BOA VISTA";"AV GOVERNADOR AGAMENON MAGALHAES";"";"";"AV. GOV. AGAMENON MAGALHAES";"BOA VISTA";NA;"OLINDA";"CAPOTAMENTO";"ACIDENTE AO LONGO DA VIA . ACIDENTE DE PERCUSO  SOB O SEMAFORO 037 NO SENTIDO OLINDA";0;1;0;0;0;0;0;0;0;1;0;"Cruzamento";"Bom";"Sem defeito";"Perfeito estado";"Seca";"Perfeito estado";"Faixa de pedestre";"Não há placas";"60 km/h";"Única";"Faixa seccionada";"";""
"4214";2021-01-19;"17:42:00";"COM VÍTIMA";"FINALIZADA";"VÁRZEA";"AV AFONSO OLINDENSE";"";"";"SENTINDO INDO PRA CAXAGA, LOGO APOS O COLISEU";"VÁRZEA";NA;"";"COLISÃO COM CICLISTA";"MOTO X CICLISTA";0;1;0;1;0;0;0;0;0;2;0;"Longo da via";"Bom";"Não existe";"Perfeito estado";"Seca";"Perfeito estado";"Não existe";"Outras";"40 km/h";"Dupla";"Faixa seccionada";"";""
"4215";2021-01-19;"21:57:00";"SEM VÍTIMA";"CANCELADA";"MACAXEIRA";"AV NORTE";"";"";"PROX AO TERMINAL DA MACAXEIRA";"MACAXEIRA";NA;"";"CHOQUE";"VEÍCULO CHOCOU-SE CONTRA UM POSTE E FOI ABANDONADO NA VIA PELO CONDUTOR";1;0;0;0;0;0;0;0;0;0;0;"";"";"";"";"";"";"";"";"";"";"";"";""
"4216";2021-01-19;"22:01:00";"COM VÍTIMA";"FINALIZADA";"SANTO ANTÔNIO";"PTE PRINCESA IZABEL";"";"";"COLISÃO ENVOLVENDO VT DA CTTU NÚMERO 27";"SANTO ANTÔNIO";NA;"";"COLISÃO COM CICLISTA";"COLISÃO  ENVOLVENDO UMA VT E UMA BICICLETA";0;0;0;1;0;0;0;1;0;1;0;"Longo da via";"Chuvoso";"Não existe";"Perfeito estado";"Molhada";"Perfeito estado";"Não existe";"Não há placas";"";"Dupla";"Faixa contínua";"";""
"4217";2021-01-20;"12:37:00";"COM VÍTIMA";"FINALIZADA";"VÁRZEA";"RUA AGRICOLANDIA";"171";"RUA PROFESSOR ANTONIO COELHO";"EDF. RIO TAPAJÓS";"VÁRZEA";NA;"";"ABALROAMENTO LONGITUDINAL";"COM VÍTIMA. MOTO E CAMINHÃO";1;1;0;0;0;0;0;0;0;1;0;"Cruzamento";"Bom";"Não existe";"Incompleta";"Seca";"Perfeito estado";"Não existe";"Placas Pare";"";"Dupla";"Faixa seccionada";"";""
"4218";2021-01-20;"14:12:00";"COM VÍTIMA";"FINALIZADA";"ARRUDA";"AV BEBERIBE";"";"";"AO LADO DO LOJAO DO PETROLEO";"ARRUDA";NA;"";"COLISÃO COM CICLISTA";"COLISAO ENTRE ONIBUS E CICLISTA";0;0;0;1;0;1;0;0;0;1;0;"Longo da via";"Bom";"Sem defeito";"Perfeito estado";"Seca";"Perfeito estado";"Faixa de pedestre";"Outras";"";"Dupla";"Faixa contínua";"";""
"4219";2021-01-20;"17:09:00";"SEM VÍTIMA";"FINALIZADA";"SOLEDADE";"RUA DA SOLEDADE";"";"";"E/F A IGREJA DA SOLEDADE";"SOLEDADE";NA;"";"COLISÃO";"CAMINHAO COLIDIU COM A VT DA GUARDA MUNICIPAL";1;0;0;0;0;0;1;0;0;0;0;"Longo da via";"Bom";"Sem defeito";"Perfeito estado";"Seca";"Perfeito estado";"";"Não há placas";"40 KM/H";"Única";"";"";""
"4220";2021-01-20;"21:37:00";"COM VÍTIMA";"CANCELADA";"IMBIRIBEIRA";"AV MARECHAL MASCARENHAS DE MORAES";"";"";"E/F AO AEROPORTO / NA ÁREA DE DESEMBARQUE";"IMBIRIBEIRA";NA;"";"COLISÃO";"TÁXI X MOTO. C/V";1;1;0;0;0;0;0;0;0;1;0;"";"";"";"";"";"";"";"";"";"";"";"";""
"4221";2021-01-21;"05:01:00";"COM VÍTIMA";"FINALIZADA";"DERBY";"AV GOVERNADOR AGAMENON MAGALHAES";"";"AV RUI BARBOSA";"CRUZAMENTO C/AV RUI BARBOSA - SENTIDO BOA VIAGEM";"DERBY";NA;"";"ACID. DE PERCURSO";"CONDUTOR PERDEU O CONTROLE  DA MOTOCICLETA E CHOCOU-SE  CONTRA O CANTEIRO CENTRAL DA VIA - C/VITIMAS";0;1;0;0;0;0;0;0;0;2;0;"";"";"";"";"";"";"";"";"";"";"";"";""
"4222";2021-01-21;"09:30:00";"COM VÍTIMA";"FINALIZADA";"IBURA";"AV DOIS RIOS";"";"";"EM FRENTE AO PET SHOP CÃOBELELEIRO / POSTO PETRONAC";"IBURA";NA;"";"ATROPELAMENTO";"";0;1;0;0;1;0;0;0;0;3;0;"Longo da via";"Bom";"Não existe";"Perfeito estado";"Seca";"Perfeito estado";"Não existe";"R-6a";"";"Dupla";"Faixa contínua";"";""
"4223";2021-01-21;"10:36:00";"COM VÍTIMA";"FINALIZADA";"CABANGA";"AV ENGENHEIRO JOSE ESTELITA";"";"";"EMBAIXO DO VIADUTO DO CABANGA";"CABANGA";NA;"";"ABALROAMENTO LONGITUDINAL";"COM UMA VITIMA SAMU NO LOCAL";1;1;0;0;0;0;0;0;0;1;0;"Longo da via";"Bom";"Não existe";"Perfeito estado";"Seca";"Perfeito estado";"Não existe";"Não há placas";"";"Única";"Não existe";"";""
"4224";2021-01-21;"13:36:00";"COM VÍTIMA";"FINALIZADA";"ARRUDA";"RUA DO TRIUNFO";"204";"RUA BOM CONSELHO";"PRÓX À LOJA DA NATURA";"ARRUDA";NA;"";"ABALROAMENTO TRANSVERSAL";"COLISÃO ENTRE MOTOS";0;2;0;0;0;0;0;0;0;1;0;"Cruzamento";"Bom";"Não existe";"Não existente";"Seca";"Perfeito estado";"Não existe";"Não há placas";"";"Dupla";"Não existe";"";""
"4225";2021-01-21;"15:38:00";"SEM VÍTIMA";"CANCELADA";"PINA";"AV REPUBLICA DO LIBANO";"";"";"PRÓX AO SHOPPING RIO MAR";"PINA";NA;"";"COLISÃO";"COLISÃO COM VEÍCULO OFICIAL";2;0;0;0;0;0;0;0;0;0;0;"";"";"";"";"";"";"";"";"";"";"";"";""
"4226";2021-01-21;"15:47:00";"SEM VÍTIMA";"FINALIZADA";"SANTO ANTÔNIO";"PTE PRINCESA IZABEL";"";"";"TEATRO DE SANTA ISABEL";"SANTO ANTÔNIO";NA;"CIDADE";"COLISÃO TRASEIRA";"";2;0;0;0;0;0;0;0;0;0;0;"Ponte";"Bom";"Não existe";"Perfeito estado";"Seca";"Perfeito estado";"Não existe";"Não há placas";"";"Dupla";"Faixa contínua";"Faixa seccionada";""
"4227";2021-01-21;"22:19:00";"COM VÍTIMA";"FINALIZADA";"CASA FORTE";"AV DEZESSETE DE AGOSTO";"";"";"EM FRENTE AO BURGUER KING, PROXIMO DO SHOPPING PLAZA";"CASA FORTE";NA;"";"ABALROAMENTO LONGITUDINAL";"COLISÃO ENTRE AUTO E MOTO, COM VÍTIMA";1;1;0;0;0;0;0;0;0;1;0;"Esquina";"Chuvoso";"Sem defeito";"Perfeito estado";"Seca";"Perfeito estado";"Faixa de pedestre";"R-6a";"";"Dupla";"Faixa contínua";"Faixa seccionada";""
"4228";2021-01-22;"08:15:00";"COM VÍTIMA";"CANCELADA";"PARNAMIRIM";"RUA SEBASTIAO ALVES";"";"EST DO ARRAIAL";"EM   BAIXO  DO  SEMAFORO  421    EM  FRENTE  A  FARMACIA  DO TRABALHADOR";"PARNAMIRIM";NA;"";"COLISÃO";"COLISÃO  COM  VITIMA";2;0;0;0;0;0;0;0;0;1;0;"";"";"";"";"";"";"";"";"";"";"";"";""