"";"data";"hora";"natureza_acidente";"situacao";"bairro";"endereco";"numero";"detalhe_endereco_acidente";"complemento";"bairro_cruzamento";"num_semaforo";"sentido_via";"tipo";"descricao";"auto";"moto";"ciclom";"ciclista";"pedestre";"onibus";"caminhao";"viatura";"outros";"vitimas";"vitimasfatais";"acidente_verificado";"tempo_clima";"situacao_semaforo";"sinalizacao";"condicao_via";"conservacao_via";"ponto_controle";"situacao_placa";"velocidade_max_via";"mao_direcao";"divisao_via1";"divisao_via2";"divisao_via3"
"4229";2021-01-22;"12:02:00";"COM VÍTIMA";"FINALIZADA";"CASA FORTE";"AV DEZESSETE DE AGOSTO";"";"";"EM FRENTE AO BANCO DO BRASIL";"CASA FORTE";NA;"";"ABALROAMENTO LONGITUDINAL";"DUAS MOTOS COM VITIMAS";0;2;0;0;0;0;0;0;0;2;0;"Longo da via";"Bom";"";"Perfeito estado";"Seca";"Perfeito estado";"";"";"60 km/h";"Dupla";"Faixa contínua";"";""
"4230";2021-01-22;"13:15:00";"SEM VÍTIMA";"FINALIZADA";"BOA VISTA";"RUA DO PRINCIPE";"";"RUA NUNES MACHADO";"RUA NUNES MACHADO";"BOA VISTA";NA;"";"COLISÃO";"COLISÃO SEM VÍTIMAS ENTRE 2 AUTOS";2;0;0;0;0;0;0;0;0;0;0;"Longo da via";"Bom";"Não existe";"Perfeito estado";"Seca";"Perfeito estado";"Não existe";"Não há placas";"";"Única";"Faixa contínua";"";""
"4231";2021-01-22;"13:21:00";"COM VÍTIMA";"FINALIZADA";"BOMBA DO HEMETÉRIO";"RUA BOMBA DO HEMETERIO";"171";"";"POR TRAS DO GIGANTE DO SAMBA";"BOMBA DO HEMETÉRIO";NA;"";"COLISÃO TRASEIRA";"COLISAO ENTRE AUTO EMOTO COM UMA VITIMA";1;1;0;0;0;0;0;0;0;1;0;"Longo da via";"Chuvoso";"Não existe";"Não existente";"Molhada";"Perfeito estado";"Não existe";"Não há placas";"";"Dupla";"Faixa seccionada";"";""
"4232";2021-01-22;"16:38:00";"COM VÍTIMA";"FINALIZADA";"JARDIM SÃO PAULO";"AV RECIFE";"5536";"";"";"JARDIM SÃO PAULO";NA;"";"ATROPELAMENTO";"MOTO E PEDESTRE";0;1;0;0;1;0;0;0;0;1;0;"Longo da via";"Bom";"Não existe";"Perfeito estado";"Seca";"Perfeito estado";"Não existe";"Não há placas";"50 km/h";"Dupla";"Canteiro central";"";""
"4233";2021-01-22;"16:52:00";"COM VÍTIMA";"CANCELADA";"AFOGADOS";"RUA ARQUITETO LUIZ NUNES";"234";"";"APOS O DEPATRI PROX AO BANCO DO BRASIL";"AFOGADOS";NA;"";"COLISÃO COM CICLISTA";"COLISAO COM CICLISTA";1;0;0;1;0;0;0;0;0;1;0;"";"";"";"";"";"";"";"";"";"";"";"";""
"4234";2021-01-22;"18:27:00";"COM VÍTIMA";"FINALIZADA";"CORDEIRO";"AV CAXANGA";"";"AV GENERAL SAN MARTIN";"SEMÁFORO 080 / PRÓX A INTEGRAÇÃO GETULIO VARGAS";"CORDEIRO";NA;"";"ABALROAMENTO LONGITUDINAL";"AUTO X MOTO. C/V";1;1;0;0;0;0;0;0;0;1;0;"Longo da via";"Bom";"Sem defeito";"Perfeito estado";"Seca";"Perfeito estado";"";"";"60 km/h";"Única";"Faixa seccionada";"";""
"4235";2021-01-22;"21:19:00";"COM VÍTIMA";"FINALIZADA";"BOA VIAGEM";"RUA CAMBUI";"";"RUA DEZ DE JULHO";"PROX A ESTAÇAO DO AEROPORTO";"BOA VIAGEM";NA;"";"ABALROAMENTO TRANSVERSAL";"COLISAO ENTRE AUTO E  DUAS MOTOS COM UMA VITIMA";1;2;0;0;0;0;0;0;0;1;0;"Cruzamento";"Bom";"Não existe";"Incompleta";"Seca";"Mal conservada";"Não existe";"Placas Pare";"";"Única";"Faixa seccionada";"";""
"4236";2021-01-22;"22:22:00";"SEM VÍTIMA";"FINALIZADA";"JORDÃO";"AV MARIA IRENE";"1246";"";"E/F A CASA DE RAÇÃO WS PET SHOP / PRÓX A ASSEMBLEIA DE DEUS";"JORDÃO";NA;"";"COLISÃO";"VT DA PM X AUTO PASSEIO. S/V";1;0;0;0;0;0;0;1;0;0;0;"Longo da via";"Bom";"Não existe";"Perfeito estado";"Seca";"Perfeito estado";"Não existe";"Não há placas";"";"Única";"Não existe";"";""
"4237";2021-01-23;"11:28:00";"SEM VÍTIMA";"FINALIZADA";"DERBY";"AV GOVERNADOR AGAMENON MAGALHAES";"";"PRC DO DERBY";"EM FRENTE A PRAÇA";"DERBY";75;"OLINDA";"COLISÃO";"COLISÃO COM UM VEÍCULO OFICIAL DO IML E UM AUTO PASSEIO";1;0;0;0;0;0;0;1;0;0;0;"Longo da via";"Bom";"Sem defeito";"Perfeito estado";"Seca";"Perfeito estado";"Faixa de pedestre";"Outras";"60KM/H";"Dupla";"Faixa seccionada";"";""
"4238";2021-01-23;"11:39:00";"SEM VÍTIMA";"CANCELADA";"PORTO DA MADEIRA";"RUA SATURNO";"60 A";"AV BEBERIBE";"RUAS EM FRENTE AO COLEGIO NOVENTA GRAUS";"PORTO DA MADEIRA";NA;"";"COLISÃO";"SEM VITIMAS ,UM DOS CONDUTORES COM SINTOMAS DE EMBRIAGUES";2;0;0;0;0;0;0;0;0;0;0;"";"";"";"";"";"";"";"";"";"";"";"";""
"4239";2021-01-23;"12:16:00";"COM VÍTIMA";"FINALIZADA";"CAXANGÁ";"RUA RIBEIRO PESSOA";"945";"";"EM FRENTE AO PARAÍSO HOTEL";"CAXANGÁ";NA;"";"ABALROAMENTO LONGITUDINAL";"AUTO X MOTO";1;1;0;0;0;0;0;0;0;1;0;"Longo da via";"Bom";"Não existe";"Não existente";"Seca";"Perfeito estado";"Faixa de pedestre";"";"";"Dupla";"Não existe";"";""
"4240";2021-01-23;"12:20:00";"SEM VÍTIMA";"FINALIZADA";"CAMPO GRANDE";"EST DE BELEM";"";"";"PRÓX AO CENTRO DE CONVENÇÕES";"CAMPO GRANDE";NA;"";"COLISÃO";"COLISÃO COM VEÍCULO OFICIAL";3;0;0;0;0;0;0;0;0;0;0;"";"";"";"";"";"";"";"";"";"";"";"";""
"4241";2021-01-23;"14:17:00";"COM VÍTIMA";"FINALIZADA";"ENCRUZILHADA";"AV BEBERIBE";"542";"";"PROXIMO AO PADEIRÃO";"ENCRUZILHADA";NA;"";"ABALROAMENTO TRANSVERSAL";"A EQUIPE SE DEPAROU COM A COLISÃO ENVOLVENDO 02 VEÍCULOS E UMA VÍTIMA";1;0;1;0;0;0;0;0;0;1;0;"Longo da via";"Bom";"Não existe";"Perfeito estado";"Seca";"Perfeito estado";"Não existe";"Não há placas";"40 km/h";"Dupla";"Faixa seccionada";"";""
"4242";2021-01-23;"19:41:00";"COM VÍTIMA";"FINALIZADA";"BOA VIAGEM";"RUA VISCONDE DE JEQUITINHONHA";"";"RUA BALTAZAR PASSOS";"";"BOA VIAGEM";NA;"";"ABALROAMENTO TRANSVERSAL";"COLISÃO ENTRE DOIS AUTOS, COM VÍTIMAS";2;0;0;0;0;0;0;0;0;1;0;"Cruzamento";"Bom";"Sem defeito";"Perfeito estado";"Seca";"Perfeito estado";"Faixa de pedestre";"Outras";"";"Única";"Faixa seccionada";"Canteiro central";""
"4243";2021-01-24;"12:06:00";"COM VÍTIMA";"FINALIZADA";"SANTO AMARO";"AV NORTE";"866";"";"E/F A O CRAS DE SANTO AMARO S/T MACAXEIRA";"SANTO AMARO";NA;"";"ABALROAMENTO LONGITUDINAL";"COLISAO ENTRE AUTO E MOTO COM  VITIMA";1;1;0;0;0;0;0;0;0;1;0;"Longo da via";"Bom";"Não existe";"Perfeito estado";"Seca";"Perfeito estado";"Não existe";"Não há placas";"";"Dupla";"Canteiro central";"";""
"4244";2021-01-24;"14:27:00";"COM VÍTIMA";"CANCELADA";"DOIS UNIDOS";"RUA JORNALISTA NELSON FIRMO";"50";"";"PROXIMO AO BAR DO GEORGE";"DOIS UNIDOS";NA;"";"COLISÃO";"COLISÃO COM VÍTIMA";1;1;0;0;0;0;0;0;0;1;0;"";"";"";"";"";"";"";"";"";"";"";"";""
"4245";2021-01-24;"20:19:00";"COM VÍTIMA";"CANCELADA";"IPSEP";"RUA JEAN EMILE FAVRE";"1363";"";"E/F A DROGASIL";"IPSEP";NA;"";"COLISÃO";"AUTO X MOTO  ( UM DOS ENVOLVIDOS COM SUSPEITA DE EMBRIAGUEZ) C/V";1;1;0;0;0;0;0;0;0;1;0;"";"";"";"";"";"";"";"";"";"";"";"";""
"4246";2021-01-25;"12:26:00";"SEM VÍTIMA";"FINALIZADA";"NOVA DESCOBERTA";"RUA CORREGO DA AREIA";"";"";"EM FRENTE À ESCOLA MUNICIPAL DE CASA AMARELA";"NOVA DESCOBERTA";NA;"";"ABALROAMENTO LONGITUDINAL";"COLISÃO COM VEÍCULO OFICIAL.";1;0;0;0;0;0;1;0;0;0;0;"Longo da via";"Bom";"Não existe";"Perfeito estado";"Seca";"Perfeito estado";"Não existe";"Não há placas";"";"Dupla";"Não existe";"";""
"4247";2021-01-25;"16:06:00";"COM VÍTIMA";"CANCELADA";"SAN MARTIN";"RUA VINTE E UM DE ABRIL";"";"";"PRÓX À LOJA DE MÓVEIS MULTILAR / NA FRENTE DA LOTERICA MONTE CARLOS / NA LOJA MULTILAR";"SAN MARTIN";NA;"";"COLISÃO";"";1;1;0;0;0;0;0;0;0;2;0;"";"";"";"";"";"";"";"";"";"";"";"";""
"4248";2021-01-25;"16:34:00";"COM VÍTIMA";"FINALIZADA";"BOA VIAGEM";"RUA ANTONIO FALCAO";"565";"RUA PROFESSOR JULIO FERREIRA DE MELO";"PRÓX À DEPIL";"BOA VIAGEM";NA;"";"ABALROAMENTO LONGITUDINAL";"AUTO X MOTO";1;1;0;0;0;0;0;0;0;1;0;"Longo da via";"Bom";"Não existe";"Perfeito estado";"Seca";"Perfeito estado";"Não existe";"Não há placas";"";"Única";"Faixa seccionada";"";""
"4249";2021-01-25;"16:48:00";"COM VÍTIMA";"FINALIZADA";"JARDIM SÃO PAULO";"RUA DAMASCO";"55";"RUA ALFREDO DUARTE FILHO";"EM FRENTE AO NUMERO 55 / PROX A IGREJA SAO PAULO / NO CRUZAMENTO";"JARDIM SÃO PAULO";NA;"";"COLISÃO FRONTAL";"AUTO X MOTO";1;1;0;0;0;0;0;0;0;1;0;"Cruzamento";"Bom";"Não existe";"Perfeito estado";"Seca";"Perfeito estado";"Não existe";"Não há placas";"30 km/h";"Dupla";"Não existe";"";""
"4250";2021-01-25;"21:14:00";"COM VÍTIMA";"FINALIZADA";"BOA VIAGEM";"AV ENGENHEIRO DOMINGOS FERREIRA";"2842";"RUA PADRE BERNADINO PESSOA";"EM FRENTE AO TORRE MADRID RESIDENCE";"BOA VIAGEM";144;"SUBURBIO";"ABALROAMENTO LONGITUDINAL";"COLISÃO ENTRE AUTO E MOTO, COM VITIMA";1;1;0;0;0;0;0;0;0;1;0;"Cruzamento";"Bom";"Sem defeito";"Perfeito estado";"Seca";"Perfeito estado";"Faixa de pedestre";"R-6a";"60 km/h";"Dupla";"Canteiro central";"";""
"4251";2021-01-25;"22:21:00";"COM VÍTIMA";"FINALIZADA";"PORTO DA MADEIRA";"AV BEBERIBE";"4340";"";"PRÓX A PIZZARIA DO ROUCHE";"PORTO DA MADEIRA";NA;"SUBURBIO";"ABALROAMENTO LONGITUDINAL";"COLISÃO ENTRE AUTO E MOTO, COM VITIMA";1;1;0;0;0;0;0;0;0;1;0;"Longo da via";"Bom";"Não existe";"";"Seca";"Mal iluminada";"Não existe";"Não há placas";"60 km/h";"Dupla";"Faixa seccionada";"";""
"4252";2021-01-26;"07:16:00";"SEM VÍTIMA";"FINALIZADA";"DERBY";"RUA JORNALISTA PAULO BITTENCOURT";"";"";"AO LADO DO HOSPITAL DA RESTAURAÇÃO";"DERBY";NA;"";"COLISÃO";"COLISÃO ENTRE AUTO E MOTO (CTTU)";1;1;0;0;0;0;0;0;0;0;0;"Longo da via";"Bom";"Não existe";"Perfeito estado";"Seca";"Perfeito estado";"Não existe";"Não há placas";"";"Dupla";"Não existe";"";""
"4253";2021-01-26;"07:20:00";"COM VÍTIMA";"FINALIZADA";"TORRE";"RUA PADRE ANCHIETA";"435";"RUA JOSE BONIFACIO";"EM  FRENTE  A  PADARIA  MASSA  NOBRE. APÓS O MINUTO PÃO DE AÇÚCAR.";"TORRE";193;"SUBURBIO";"COLISÃO TRASEIRA";"COLISÃO  COM  VITIMA A  ESPERA  DO  SAMU";0;2;0;0;0;0;0;0;0;1;0;"Cruzamento";"Chuvoso";"Sem defeito";"Perfeito estado";"Molhada";"Perfeito estado";"Faixa de pedestre";"R-6a";"";"Única";"Faixa seccionada";"";""
"4254";2021-01-26;"08:01:00";"COM VÍTIMA";"FINALIZADA";"CASA AMARELA";"RUA BELA VISTA";"343";"";"EM FRENTE AO SITIO DA TRINDADE";"CASA AMARELA";NA;"SUBURBIO";"ABALROAMENTO TRANSVERSAL";"AUTO E MOTO C/V   VT-18 NO LOCAL  GM´S CLAUDEMIR PEREIRA E VALDEMIR JOSE";1;1;0;0;0;0;0;0;0;1;0;"Longo da via";"Bom";"Não existe";"Incompleta";"Molhada";"Perfeito estado";"Não existe";"Outras";"40 km/h";"Dupla";"Não existe";"";""
"4255";2021-01-26;"08:13:00";"COM VÍTIMA";"FINALIZADA";"BOA VISTA";"PRC MACIEL PINHEIRO";"342";"RUA DO ARAGAO";"";"BOA VISTA";33;"CENTRO";"ATROPELAMENTO";"AUTO E PEDESTRE";1;0;0;0;1;0;0;0;0;1;0;"Cruzamento";"Bom";"Sem defeito";"Incompleta";"Molhada";"Mal conservada";"Não existe";"Não há placas";"40 km/h";"Única";"Não existe";"";""
"4256";2021-01-26;"10:41:00";"SEM VÍTIMA";"FINALIZADA";"BOA VISTA";"AV CONDE DA BOA VISTA";"";"";"RUA DA AURORA";"BOA VISTA";162;"";"CHOQUE OBJETO FIXO";"CEICULO SE CHOCOU COM O SEMÁFORO ( PATRIMÔNIO) APAGANDO O MESMO";0;0;0;0;0;1;0;0;0;0;0;"Cruzamento";"Bom";"Sem defeito";"Perfeito estado";"Seca";"Perfeito estado";"Agente";"R-6c";"";"Única";"Faixa contínua";"";""
"4257";2021-01-26;"13:46:00";"COM VÍTIMA";"FINALIZADA";"ESPINHEIRO";"AV GOVERNADOR AGAMENON MAGALHAES";"2860";"";"E/F AO CREA PE   S/T BOA VIAGEM";"ESPINHEIRO";NA;"BOA VIAGEM";"COLISÃO TRASEIRA";"COLISAO ENTRE  AUTO E  MOTO COM UMA VITIMA";1;1;0;0;0;0;0;0;0;1;0;"Longo da via";"Bom";"Não existe";"Perfeito estado";"Seca";"Perfeito estado";"Não existe";"Outras";"";"Dupla";"Canal";"";""
"4258";2021-01-26;"16:25:00";"COM VÍTIMA";"FINALIZADA";"ÁGUA FRIA";"EST VELHA DE AGUA FRIA";"";"AV PROFESSOR JOSE DOS ANJOS";"PROX. AO DNOCS";"ÁGUA FRIA";306;"SUBURBIO";"ABALROAMENTO LONGITUDINAL";"COM VITIMA/ DUAS MOTOS";0;2;0;0;0;0;0;0;0;1;0;"Cruzamento";"Bom";"Sem defeito";"Perfeito estado";"Seca";"Perfeito estado";"Faixa de pedestre";"Não há placas";"40 km/h";"Dupla";"";"";""
"4259";2021-01-26;"17:17:00";"SEM VÍTIMA";"FINALIZADA";"BOA VIAGEM";"RUA MARIO SOUTO MAIOR";"265";"RUA SA E SOUZA";"EM FRENTE A DROGARIA SETUBAL";"BOA VIAGEM";NA;"";"COLISÃO";"COLISÃO SEM VÍTIMA/ USUARIO ORIENTADO A FAZER O B.O NO BATE PRONTO";1;1;0;0;0;0;0;0;0;0;0;"";"";"";"";"";"";"";"";"";"";"";"";""
"4260";2021-01-26;"17:18:00";"COM VÍTIMA";"FINALIZADA";"DOIS IRMÃOS";"RUA RIBEIRO PESSOA";"733";"";"PROX A UPA DA CAXANGA";"DOIS IRMÃOS";NA;"SUBURBIO";"ABALROAMENTO TRANSVERSAL";"COLISAO ENTRE  AUTO E  MOTO COM DUAS VITIMAS";1;1;0;0;0;0;0;0;0;2;0;"Longo da via";"Chuvoso";"Não existe";"Incompleta";"Seca";"Perfeito estado";"Não existe";"R-6a";"";"Dupla";"Não existe";"";""
"4261";2021-01-26;"17:41:00";"SEM VÍTIMA";"FINALIZADA";"MUSTARDINHA";"RUA VINTE E UM DE ABRIL";"";"";"EM FRENTE AO CAFÉ PETINHO";"MUSTARDINHA";NA;"";"COLISÃO";"VIATURA PM  E GUINCHO CTTU";0;0;0;0;0;0;0;0;0;0;0;"Longo da via";"Bom";"Sem defeito";"Perfeito estado";"Seca";"Perfeito estado";"Outros";"Outras";"";"Dupla";"Outros";"";""
"4262";2021-01-26;"17:43:00";"COM VÍTIMA";"FINALIZADA";"BOA VIAGEM";"AV ENGENHEIRO DOMINGOS FERREIRA";"1818";"";"EM FRENTE AO EXTRA";"BOA VIAGEM";NA;"SUBURBIO";"COLISÃO TRASEIRA";"COLISÃO COM VÍTIMA";1;1;0;0;0;0;0;0;0;1;0;"Longo da via";"Chuvoso";"Não existe";"Perfeito estado";"Molhada";"Perfeito estado";"Não existe";"R-19";"60 km/h";"Única";"Faixa seccionada";"Canteiro central";""
"4263";2021-01-26;"20:48:00";"COM VÍTIMA";"FINALIZADA";"CAMPO GRANDE";"EST DE BELEM";"866";"RUA PADRE CAPISTRANO";"E/F A SUBWAY E POSTO PETRONAC";"CAMPO GRANDE";NA;"CIDADE";"ABALROAMENTO TRANSVERSAL";"MOTO X AUTO. C/V";1;1;0;0;0;0;0;0;0;2;0;"Longo da via";"Chuvoso";"Não existe";"Perfeito estado";"Molhada";"Perfeito estado";"Não existe";"";"";"Dupla";"Faixa contínua";"Faixa seccionada";""
"4264";2021-01-26;"23:15:00";"SEM VÍTIMA";"CANCELADA";"JORDÃO";"RUA EMILIO MONTEIRO FONSECA";"838";"";"";"JORDÃO";NA;"";"COLISÃO";"COLISÃO DOIS AUTOS SEM VITIMAS COM UMA DAS PARTES COM SITOMAS  DE EMBRIAGUES";2;0;0;0;0;0;0;0;0;0;0;"";"";"";"";"";"";"";"";"";"";"";"";""
"4265";2021-01-27;"07:19:00";"COM VÍTIMA";"FINALIZADA";"BAIRRO DO RECIFE";"AV MILITAR";"";"";"EM  FRENTE a unidade de segurança quarda portuaria. MEMORIAL DE JUSTIÇA DE PERNAMBUCO.";"BAIRRO DO RECIFE";NA;"SUBURBIO";"COLISÃO";"VT PM E MOTO";0;1;0;0;0;0;0;1;0;1;0;"Longo da via";"Chuvoso";"Não existe";"Perfeito estado";"Molhada";"Perfeito estado";"Faixa de pedestre";"R-6a";"";"Única";"Faixa seccionada";"";""
"4266";2021-01-27;"08:55:00";"SEM VÍTIMA";"FINALIZADA";"CABANGA";"AV ENGENHEIRO JOSE ESTELITA";"S/N";"PRC GOVERNADOR PAULO GUERRA";"AO LADO DO CABANGA IATE CLUB - PISTA OESTE SENTIDO ILHA JOANA BEZERRA";"CABANGA";NA;"DERBY";"COLISÃO TRASEIRA";"VEIÍC.TRANSITAVA NA FAIXA DA ESQUERDA QUANDO FOI COLIDIDO PELA PARTE LATERAL POSTERIO, VINDO A RODA CHOCANDO-SE NO GUARDREIAL DA VIA RESULTANDO NA CONTRAMÃO DE DIREÇÃO, FATO REGISTRADO PELA CÂMARA CTTU. NO HORÁRIO DAS 07h34:15";2;0;0;0;0;0;0;0;0;0;0;"";"";"";"";"";"";"";"";"";"";"";"";""
"4267";2021-01-27;"10:25:00";"COM VÍTIMA";"FINALIZADA";"SANTO AMARO";"AV GOVERNADOR AGAMENON MAGALHAES";"2656";"";"DESCIDA DO VADUTO SENT DERBY / EM FRENTE AO RESIDENCIAL VIDAL DE NEGREIROS / PISTA LOCAL. EMPRESARIAL AGAMENON MAGALHÃES.";"SANTO AMARO";NA;"SUBURBIO";"ABALROAMENTO LONGITUDINAL";"AUTO E MOTO";1;1;0;0;0;0;0;0;0;1;0;"Longo da via";"Bom";"Não existe";"Perfeito estado";"Seca";"Perfeito estado";"Não existe";"Outras";"";"Dupla";"Canteiro central";"";""
"4268";2021-01-27;"10:31:00";"SEM VÍTIMA";"FINALIZADA";"MADALENA";"RUA BENFICA";"98";"RUA SPORT CLUBE DO RECIFE";"";"MADALENA";NA;"SUBURBIO";"COLISÃO";"COLISÃO SEM VÍTIMA, PORÉM OS VEÍCULOS ESTÃO IMOBILIZADOS NA VIA NECESSITANDO DO APOIO DESTA AUTARQUIA DE TRÂNSITO";1;0;0;0;0;0;1;0;0;0;0;"";"";"";"";"";"";"";"";"";"";"";"";""
"4269";2021-01-27;"12:10:00";"SEM VÍTIMA";"FINALIZADA";"JAQUEIRA";"AV RUI BARBOSA";"";"";"AO LADO DO PARQUE DA JAQUEIRA";"JAQUEIRA";NA;"CIDADE";"CHOQUE OBJETO FIXO";"";1;0;0;0;0;0;0;0;0;0;0;"Longo da via";"Chuvoso";"Não existe";"Perfeito estado";"Molhada";"Perfeito estado";"Não existe";"Não há placas";"40 km/h";"Única";"Faixa seccionada";"";""
"4270";2021-01-27;"13:17:00";"COM VÍTIMA";"FINALIZADA";"SANTO AMARO";"AV CRUZ CABUGA";"165";"RUA CAPITAO LIMA";"EM FRENTE IGREJA UNIVERSAL GRAÇA DE DEUS";"SANTO AMARO";NA;"SUBURBIO";"COLISÃO COM CICLISTA";"COLISÃO AUTO X CICLISTA/ BICICLETA MOTORIZADA";1;0;0;1;0;0;0;0;0;1;0;"Longo da via";"Chuvoso";"Não existe";"Perfeito estado";"Seca";"Perfeito estado";"Não existe";"Outras";"";"Dupla";"Faixa contínua";"";""
"4271";2021-01-27;"14:11:00";"COM VÍTIMA";"FINALIZADA";"AFOGADOS";"RUA COSME VIANA";"";"RUA CORONEL ALFREDO DUARTE";"PROX AO POSTO SETA / PROX AO SEMAFORO 430";"AFOGADOS";430;"SUBURBIO";"COLISÃO FRONTAL";"CAMINHÃO X MOTO / ORIENTADOR DE TRANSITO NO LOCAL ANDRE MOREIRA";0;1;0;0;0;0;1;0;0;1;0;"Cruzamento";"Bom";"Sem defeito";"Perfeito estado";"Seca";"Perfeito estado";"Faixa de pedestre";"Não há placas";"60 km/h";"Única";"Faixa contínua";"Faixa seccionada";""
"4272";2021-01-27;"14:37:00";"SEM VÍTIMA";"FINALIZADA";"PINA";"AV ANTONIO DE GOES";"742";"RUA MANOEL DE BRITO";"EMPRESARIAL DOPIN";"PINA";103;"CIDADE";"COLISÃO TRASEIRA";"COLISÃO TRASEIRA, ONDE O RENAULT CLIO PAROU NO SEMÁFORO Nº 103 AINDA NO AMARELO, QUANDO FOI COLIDIDO NO ANGULO POSTERIOR DIREITO, PELA VT-20 / CTTU  PATRULHEIROS. EVENTO SÓ DANOS MATERIAIS. COLISÃO NA FAIXA CENTRAL DA PISTA LESTE, NO SENTIDO BOA VIAGEM / CABANGA.  ACIDENTE FLAGRADO PELA CÂMARA DA CTTU. HORÁRIO 14h23:36";2;0;0;0;0;0;0;0;0;0;0;"Longo da via";"Bom";"Sem defeito";"Perfeito estado";"Seca";"Perfeito estado";"Faixa de pedestre";"R-19";"60 km/h";"Única";"Canteiro central";"";""
"4273";2021-01-27;"16:01:00";"COM VÍTIMA";"FINALIZADA";"PINA";"AV BOA VIAGEM";"1140";"";"EM FRENTE AO MARANTE PLAZA HOTEL";"PINA";118;"CIDADE";"COLISÃO COM CICLISTA";"AUTO X CICLISTA";1;0;0;1;0;0;0;0;0;1;0;"Longo da via";"Bom";"Sem defeito";"Perfeito estado";"Seca";"Perfeito estado";"Faixa de pedestre";"R-6a";"";"Única";"";"";""
"4274";2021-01-28;"06:49:00";"COM VÍTIMA";"CANCELADA";"ENCRUZILHADA";"AV NORTE";"2459";"";"100 m ANTES DO BANCO SANTANDER";"ENCRUZILHADA";NA;"";"COLISÃO";"COLISÃO C/VITIMA ENTRE AUTO E MOTO (GM ARTHUR E EDVALDO NO QTH) // MOTORISTA DO AUTO SE EVADIU";1;1;0;0;0;0;0;0;0;1;0;"";"";"";"";"";"";"";"";"";"";"";"";""
"4275";2021-01-28;"12:23:00";"COM VÍTIMA";"FINALIZADA";"CASA AMARELA";"AV CONS ROSA E SILVA";"";"RUA PADRE ROMA";"E/F  A CASA JOSE ARAUJO";"CASA AMARELA";61;"SUBURBIO";"ABALROAMENTO LONGITUDINAL";"COLISAO  ENTRE AUTO E MOTO COM UMA VITIMA";1;1;0;0;0;0;0;0;0;1;0;"Cruzamento";"Bom";"Sem defeito";"Perfeito estado";"Seca";"Perfeito estado";"Faixa de pedestre";"Não há placas";"";"Única";"";"";""
"4276";2021-01-28;"15:20:00";"COM VÍTIMA";"FINALIZADA";"GRAÇAS";"RUA DAS PERNAMBUCANAS";"315";"RUA DAS GRACAS";"AO LADO DO EDIFICIO PERNAMBUCANAS CENTER. BURGOMESTRE.";"GRAÇAS";NA;"SUBURBIO";"ABALROAMENTO LONGITUDINAL";"COLISAO ENVOLVENDO AUTO E MOTO COM VITIMA";1;1;0;0;0;0;0;0;0;1;0;"Longo da via";"Bom";"";"";"Seca";"Perfeito estado";"";"Não há placas";"";"Única";"Faixa seccionada";"";""
"4277";2021-01-28;"16:05:00";"SEM VÍTIMA";"FINALIZADA";"SANTO ANTÔNIO";"RUA SANTO ANTONIO";"";"";"EM FRENTE A LASER ELETRO";"SANTO ANTÔNIO";NA;"";"COLISÃO";"COLISÃO COM VEICULO PM- VEICULO OFICIAL";1;1;0;0;0;0;0;0;0;0;0;"Cruzamento";"Bom";"Não existe";"Ilegível";"Seca";"Perfeito estado";"Não existe";"Não há placas";"";"Única";"Não existe";"";""
"4278";2021-01-28;"16:55:00";"SEM VÍTIMA";"FINALIZADA";"CAXANGÁ";"AV CAXANGA";"";"";"E/F A  FARMACIA PAGUE MENOS E A  CAXANGA VEICULO  S/T CAMARAGIBE";"CAXANGÁ";NA;"";"COLISÃO";"COLISAO ENTRE DOIS AUTOS  S/V  UM DOS CONDUTORES ESTA  COM SINTOMAS DE EMBRIAGUEZ";2;0;0;0;0;0;0;0;0;0;0;"Longo da via";"Bom";"Sem defeito";"Perfeito estado";"Seca";"Perfeito estado";"Faixa de pedestre";"R-6a";"";"Dupla";"Canteiro central";"";""
"4279";2021-01-28;"17:26:00";"COM VÍTIMA";"CANCELADA";"ÁGUA FRIA";"RUA SAO SEBASTIAO";"1128";"";"PROX AO MERCADINHO DO MARIO";"ÁGUA FRIA";NA;"";"COLISÃO";"COLISAO ENTRE AUTO E MOTO  O CONDUTOR DO VEICULO COM SINTOMAS DE EMBRIAGUEZ";1;1;0;0;0;0;0;0;0;1;0;"";"";"";"";"";"";"";"";"";"";"";"";""
"4280";2021-01-28;"22:46:00";"COM VÍTIMA";"FINALIZADA";"TAMARINEIRA";"AV CONS ROSA E SILVA";"";"RUA CONEGO BARATA";"SEMÁFORO 061 / CASAS JOSÉ ARAUJO";"TAMARINEIRA";61;"CIDADE";"ABALROAMENTO TRANSVERSAL";"AMBULÂNCIA X MOTO. C/V";0;1;0;0;0;0;1;0;0;1;0;"Cruzamento";"Bom";"Sem defeito";"Perfeito estado";"Seca";"Perfeito estado";"Faixa de pedestre";"R-6a";"40 km/h";"Dupla";"Canteiro central";"";""
"4281";2021-01-28;"23:05:00";"COM VÍTIMA";"FINALIZADA";"ESTÂNCIA";"AV RECIFE";"";"AV TAPAJOS";"LADO OPOSTO AO POSTO BR / APOS O MAKRO";"ESTÂNCIA";620;"SUBURBIO";"ABALROAMENTO LONGITUDINAL";"AUTO X MOTO (SINTOMAS DE EMBRIAGUEZ)";1;1;0;0;0;0;0;0;0;1;0;"Longo da via";"Bom";"Sem defeito";"Perfeito estado";"Seca";"Perfeito estado";"Faixa de retenção";"";"60 km/h";"Única";"Faixa contínua";"";""