"";"data";"hora";"natureza_acidente";"situacao";"bairro";"endereco";"numero";"detalhe_endereco_acidente";"complemento";"bairro_cruzamento";"num_semaforo";"sentido_via";"tipo";"descricao";"auto";"moto";"ciclom";"ciclista";"pedestre";"onibus";"caminhao";"viatura";"outros";"vitimas";"vitimasfatais";"acidente_verificado";"tempo_clima";"situacao_semaforo";"sinalizacao";"condicao_via";"conservacao_via";"ponto_controle";"situacao_placa";"velocidade_max_via";"mao_direcao";"divisao_via1";"divisao_via2";"divisao_via3"
"4282";2021-01-29;"10:20:00";"COM VÍTIMA";"FINALIZADA";"BOA VISTA";"PRC MACIEL PINHEIRO";"";"";"CAMINHAO E AUTO PASSEIO";"BOA VISTA";NA;"";"COLISÃO";"AUTO E CAMINHAO";1;0;0;0;0;0;1;0;0;1;0;"";"";"";"";"";"";"";"";"";"";"";"";""
"4283";2021-01-29;"11:47:00";"SEM VÍTIMA";"FINALIZADA";"SANTO AMARO";"AV CRUZ CABUGA";"";"RUA ALEXANDRE MOURA";"";"SANTO AMARO";NA;"SUBURBIO";"ABALROAMENTO TRANSVERSAL";"COM UMA AMBULANCIA  DO SAMU E UM AUTO PASSEIO";1;0;0;0;0;0;1;0;0;0;0;"";"Bom";"Sem defeito";"Perfeito estado";"Seca";"Perfeito estado";"Faixa de pedestre";"Placas Pare";"";"Dupla";"Faixa contínua";"Faixa seccionada";""
"4284";2021-01-29;"13:58:00";"COM VÍTIMA";"FINALIZADA";"IBURA";"AV DOM HELDER CAMARA";"";"";"PROX AO ARMAZEM FAMA";"IBURA";NA;"SUBURBIO";"ABALROAMENTO TRANSVERSAL";"COLISÃO CAMINHÃO X MOTO,  USUARIO INFORMA QUE O CAMINHÃO COLIDIU A MOTO E O MOTORISTA DO CAIMINHAO DEIXOU O CAMINHÃO NO LOCAL E SE EVADIU";0;1;0;0;0;0;1;0;0;1;0;"Longo da via";"Bom";"Não existe";"Não existente";"Seca";"Perfeito estado";"Não existe";"Não há placas";"";"Dupla";"Canteiro central";"";""
"4285";2021-01-29;"15:00:00";"COM VÍTIMA";"FINALIZADA";"ARRUDA";"AV BEBERIBE";"1253";"RUA DAS MOCAS";"EM FRENTE AO ESTACIONAMENTO DO ARMAZEM CORAL / EM FRENTE A LOJINHA DO SANTA CRUZ";"ARRUDA";NA;"CIDADE";"ABALROAMENTO LONGITUDINAL";"COLISÃO AUTO X MOTO";1;1;0;0;0;0;0;0;0;1;0;"Cruzamento";"Bom";"Não existe";"Perfeito estado";"Seca";"Perfeito estado";"Outros";"Não há placas";"";"Dupla";"Faixa contínua";"";""
"4286";2021-01-29;"15:51:00";"COM VÍTIMA";"FINALIZADA";"BOA VIAGEM";"RUA BARAO DE SOUZA LEAO";"1259";"AV DES JOSE NEVES";"PRÓX AO SUPERMERCADO TREVO. PRÓXIMO AO CRUZAMENTO COM A DES JOSE NEVES.";"BOA VIAGEM";476;"";"ATROPELAMENTO";"ÔNIBUS E PEDESTRE.";0;0;0;0;1;1;0;0;0;1;0;"Cruzamento";"Bom";"Sem defeito";"Incompleta";"Seca";"Perfeito estado";"Não existe";"R-6a";"60 km/h";"Única";"Faixa seccionada";"";""
"4287";2021-01-29;"15:54:00";"COM VÍTIMA";"FINALIZADA";"CABANGA";"PTE AGAMENON MAGALHAES";"";"";"AO LADO DO CABANGA IATE CLUB";"CABANGA";NA;"CIDADE";"CHOQUE OBJETO FIXO";"APÓS O CHOQUE COM O CANTEIRO CENTRAL O MOTOCICLISTA COLIDIU COM O VEÍCULO.";1;1;0;0;0;0;0;0;0;1;0;"Ponte";"Bom";"Não existe";"Perfeito estado";"Seca";"Perfeito estado";"Não existe";"Não há placas";"60 km/h";"Única";"Faixa contínua";"";""
"4288";2021-01-29;"17:55:00";"COM VÍTIMA";"FINALIZADA";"BEBERIBE";"AV BEBERIBE";"4211";"";"LADO OPOSTO A BEBERIBE AUTO PEÇAS / PROX AO SEMAFORO 514";"BEBERIBE";514;"CIDADE";"ABALROAMENTO TRANSVERSAL";"COLISÃO DOIS AUTOS E UMA MOTO";2;1;0;0;0;0;0;0;0;1;0;"Longo da via";"Bom";"Sem defeito";"Incompleta";"Seca";"Mal conservada";"Outros";"R-6a";"40 km/h";"Dupla";"Faixa contínua";"";""
"4289";2021-01-29;"18:30:00";"COM VÍTIMA";"FINALIZADA";"IMBIRIBEIRA";"AV MARECHAL MASCARENHAS DE MORAES";"878";"";"COLISÃO TRASEIRA COM VÍTIMA";"IMBIRIBEIRA";NA;"";"COLISÃO TRASEIRA";"AUTO E MOTO";1;1;0;0;0;0;0;0;0;1;0;"Longo da via";"Bom";"Sem defeito";"Perfeito estado";"Seca";"Perfeito estado";"Não existe";"Não há placas";"";"Única";"Faixa seccionada";"";""
"4290";2021-01-29;"19:04:00";"COM VÍTIMA";"FINALIZADA";"PINA";"AV ANTONIO DE GOES";"";"RUA DR JOSE MARIANO";"";"PINA";538;"";"COLISÃO TRASEIRA";"AUTO E MOTO";0;2;0;0;0;0;0;0;0;2;0;"Cruzamento";"Bom";"Sem defeito";"Perfeito estado";"Seca";"Perfeito estado";"Agente";"Não há placas";"";"Única";"Faixa seccionada";"";""
"4291";2021-01-29;"20:02:00";"COM VÍTIMA";"CANCELADA";"ÁGUA FRIA";"AV BEBERIBE";"1772";"";"";"ÁGUA FRIA";NA;"";"COLISÃO";"COLISÃO ENTRE AUTO E MOTO, COM VÍTIMA";1;1;0;0;0;0;0;0;0;1;0;"";"";"";"";"";"";"";"";"";"";"";"";""
"4292";2021-01-29;"22:37:00";"SEM VÍTIMA";"FINALIZADA";"";"RUA ESCRITOR JOAQUIM NOBERTO";"";"RUA FREI AMADOR";"";"";NA;"SUBURBIO";"ABALROAMENTO LONGITUDINAL";"COLISÃO ENTRE AUTO E MOTO DA ROCAM";1;1;0;0;0;0;0;0;0;0;0;"Longo da via";"Bom";"Não existe";"Não existente";"Seca";"Perfeito estado";"Não existe";"Não há placas";"";"";"Não existe";"";""
"4293";2021-01-30;"07:34:00";"COM VÍTIMA";"FINALIZADA";"BOA VISTA";"RUA DO RIACHUELO";"36";"RUA DA AURORA";"PROX. ECT CORREIOS E AGÊNCIA DO TRABALHO.";"BOA VISTA";579;"SUBURBIO";"COLISÃO COM CICLISTA";"ONIBUS E CICLISTA C/V";0;0;0;1;0;1;0;0;0;1;0;"Cruzamento";"Bom";"Sem defeito";"";"Seca";"Perfeito estado";"Outros";"";"40 km/h";"Única";"Faixa seccionada";"";""
"4294";2021-01-30;"15:07:00";"COM VÍTIMA";"CANCELADA";"CABANGA";"AV ENGENHEIRO JOSE ESTELITA";"";"";"E/F AO CAMBANGA  IATE CLUBE  S/T CID";"CABANGA";NA;"";"COLISÃO";"COLISAO ENTRE AUTO E MOTO COM UMA VITIMA";1;1;0;0;0;0;0;0;0;1;0;"";"";"";"";"";"";"";"";"";"";"";"";""
"4295";2021-01-30;"15:33:00";"COM VÍTIMA";"FINALIZADA";"BOA VIAGEM";"RUA DR GASPAR REGUEIRA COSTA";"";"RUA MARQUES DE VALENCA";"POR TRAS DO COLEGIO SANTOS DUMONT";"BOA VIAGEM";NA;"";"ABALROAMENTO LONGITUDINAL";"COLISAO ENTRE AUTO E MOTO COM UMA VITIMA";1;1;0;0;0;0;0;0;0;1;0;"Cruzamento";"Bom";"Não existe";"Perfeito estado";"Seca";"Perfeito estado";"Não existe";"Não há placas";"";"Dupla";"Faixa seccionada";"";""
"4296";2021-01-30;"16:16:00";"COM VÍTIMA";"FINALIZADA";"MACAXEIRA";"RUA MANDACARU";"105";"";"NO POSTO BR NA SUBIDA DO ALTO DO MANDU";"MACAXEIRA";NA;"SUBURBIO";"TOMBAMENTO";"MOTOQUEIRO CAIU SOZINHO.";1;1;0;0;0;0;0;0;0;1;0;"Longo da via";"Bom";"Não existe";"Incompleta";"Seca";"Perfeito estado";"Não existe";"Não há placas";"";"Dupla";"Faixa seccionada";"";""
"4297";2021-01-30;"18:23:00";"COM VÍTIMA";"CANCELADA";"BOA VIAGEM";"AV ENGENHEIRO DOMINGOS FERREIRA";"";"RUA ANTONIO FALCAO";"CARREFUOR";"BOA VIAGEM";NA;"";"COLISÃO";"COM VITIMA AGUARDANDO SAMU / CONDUTOR DO AUTO NÃO ENCONTRA-SE NO LOCAL.";1;1;0;0;0;0;0;0;0;1;0;"";"";"";"";"";"";"";"";"";"";"";"";""
"4298";2021-01-30;"23:41:00";"COM VÍTIMA";"FINALIZADA";"ESPINHEIRO";"RUA DO ESPINHEIRO";"478";"RUA SANTO ELIAS";"CRUZAMENTO C/A RUA SANTO ELIAS - E/F AO POSTO YPIRANGA";"ESPINHEIRO";NA;"ENCRUZILHADA";"ABALROAMENTO TRANSVERSAL";"COLISÃO 2 AUTOS - SEGUIDA DE CAPOTAMENTO - C/VITIMA POSSIVEL SITUAÇÃO DE ALCOOLEMIA";2;0;0;0;0;0;0;0;0;2;0;"Cruzamento";"Bom";"Não existe";"Perfeito estado";"Seca";"Perfeito estado";"Faixa de pedestre";"Placas Pare";"";"Única";"Faixa contínua";"";""
"4299";2021-01-31;"07:04:00";"COM VÍTIMA";"FINALIZADA";"BOA VIAGEM";"RUA GENERAL SALGADO";"820";"RUA COSMORAMA";"EM FRENTE AO EDF CHATEAU";"BOA VIAGEM";NA;"";"ABALROAMENTO LONGITUDINAL";"AUTO E MOTO.";1;1;0;0;0;0;0;0;0;1;0;"Longo da via";"Bom";"Não existe";"";"Seca";"Perfeito estado";"Não existe";"Não há placas";"";"Dupla";"Não existe";"";""
"4300";2021-01-31;"11:22:00";"COM VÍTIMA";"FINALIZADA";"TAMARINEIRA";"EST VELHA DE AGUA FRIA";"618";"AV NORTE";"EM FRENTE A PADARIA MANÁ";"TAMARINEIRA";NA;"SUBURBIO";"ABALROAMENTO LONGITUDINAL";"COM VITIMAS / BOMBEIROS NO LOCAL";1;1;0;0;0;0;0;0;0;1;0;"Longo da via";"Bom";"Não existe";"Perfeito estado";"Seca";"Perfeito estado";"Não existe";"Outras";"";"Dupla";"Faixa contínua";"Blocos";""
"4301";2021-01-31;"12:15:00";"COM VÍTIMA";"FINALIZADA";"TAMARINEIRA";"EST VELHA DE AGUA FRIA";"671";"RUA CABO HONORIO";"LADO OPOSTO AO NUMERO 671";"TAMARINEIRA";NA;"SUBURBIO";"COLISÃO TRASEIRA";"COLISÃO AUTO X MOTO / VT 14 NO LOCAL";1;1;0;0;0;0;0;0;0;1;0;"Esquina";"Bom";"Não existe";"Perfeito estado";"Seca";"Perfeito estado";"Não existe";"Outras";"";"Dupla";"Faixa contínua";"";""
"4302";2021-01-31;"14:35:00";"COM VÍTIMA";"FINALIZADA";"CASA FORTE";"RUA LEONARDO BEZERRA CAVALCANTE";"562";"";"MUNDO PET / PROX A FARMACIA PAGUE MENOS";"CASA FORTE";485;"SUBURBIO";"COLISÃO FRONTAL";"COLISÃO CARRO X MOTO / CARRO SE EVADIU DO LOCAL NAO CONSEGUIRAM PEGAR A PLACA";1;1;0;0;0;0;0;0;0;1;0;"Longo da via";"Bom";"Sem defeito";"Perfeito estado";"Seca";"Perfeito estado";"Faixa de pedestre";"Outras";"";"Única";"Faixa seccionada";"";""
"4303";2021-01-31;"22:44:00";"COM VÍTIMA";"FINALIZADA";"BOA VISTA";"AV MANOEL BORBA";"699";"";"AO LADO DA BOATE METRÓPOLE.";"BOA VISTA";NA;"SUBURBIO";"ATROPELAMENTO";"ATROPELAMENTO DE PEDESTRE";1;0;0;0;1;0;0;0;0;1;0;"Longo da via";"Bom";"Sem defeito";"Perfeito estado";"Seca";"Perfeito estado";"Faixa de pedestre";"R-6a";"40 km/h";"Única";"Faixa seccionada";"";""
"4304";2020-01-01;"00:39:00";"SEM VÍTIMA";"CANCELADA";"ÁGUA FRIA";"RUA SAO SEBASTIAO";"1687";"";"EM FRENTE A IGREJA UNIVERSAL";"ÁGUA FRIA";NA;"";"COLISÃO";"COLISÃO ENTRE DOIS AUTOS S/V";2;0;0;0;0;0;0;0;0;0;0;"";"";"";"";"";"";"";"";"";"";"";"";""
"4305";2020-01-01;"01:04:00";"SEM VÍTIMA";"FINALIZADA";"CORDEIRO";"AV CAXANGA";"1444";"AV GENERAL SAN MARTIN";"";"CORDEIRO";80;"SUBURBIO";"ABALROAMENTO LONGITUDINAL";"COLISÃO ENTRE DOIS AUTOS S/V";2;0;0;0;0;0;0;0;0;0;0;"Cruzamento";"Bom";"Sem defeito";"Perfeito estado";"Seca";"Perfeito estado";"Faixa de pedestre";"";"60 km/h";"Dupla";"Canteiro central";"";""
"4306";2020-01-01;"02:16:00";"SEM VÍTIMA";"FINALIZADA";"AREIAS";"AV RECIFE";"";"";"LADO OPOSTO AO RESIDENCIAL IGNEZ ANDREAZZA";"AREIAS";494;"SUBURBIO";"CHOQUE VEÍCULO PARADO";"COLISÃO ENTRE DOIS AUTOS S/V";2;0;0;0;0;0;0;0;0;0;0;"Longo da via";"Bom";"Sem defeito";"Perfeito estado";"Seca";"Perfeito estado";"Faixa de pedestre";"Não há placas";"";"Dupla";"Canteiro central";"";""
"4307";2020-01-01;"02:22:00";"SEM VÍTIMA";"FINALIZADA";"BOA VIAGEM";"AV BOA VIAGEM";"";"";"EM FRENTE AO 1º JARDIM B. VIAGEM";"BOA VIAGEM";NA;"CIDADE";"COLISÃO TRASEIRA";"COLISÃO ENTRE DOIS AUTOS S/V";2;0;0;0;0;0;0;0;0;0;0;"Longo da via";"Bom";"Sem defeito";"Perfeito estado";"Seca";"Perfeito estado";"Faixa de pedestre";"R-6a";"";"Única";"Faixa seccionada";"";""
"4308";2020-01-01;"03:33:00";"SEM VÍTIMA";"FINALIZADA";"PAISSANDU";"AV GOVERNADOR AGAMENON MAGALHAES";"";"";"CAIXA ECONÔMICA FEDERAL ILHA DO LEITE";"PAISSANDU";672;"SUBURBIO";"ABALROAMENTO TRANSVERSAL";"COLISÃOENTRE DOIS AUTOS S/V";2;0;0;0;0;0;0;0;0;0;0;"Cruzamento";"Bom";"Sem defeito";"Perfeito estado";"Seca";"Perfeito estado";"Faixa de pedestre";"Não há placas";"";"Única";"Faixa contínua";"Faixa seccionada";"Canteiro central"
"4309";2020-01-01;"04:18:00";"SEM VÍTIMA";"FINALIZADA";"BARRO";"AV DR JOSE RUFINO";"";"";"";"BARRO";NA;"SUBURBIO";"COLISÃO TRASEIRA";"COLISÃO ENTRE DOIS AUTOS S/V";2;0;0;0;0;0;0;0;0;0;0;"Longo da via";"Bom";"Não existe";"Ilegível";"Seca";"Mal conservada";"Não existe";"Não há placas";"";"Dupla";"Faixa seccionada";"";""
"4310";2020-01-01;"04:47:00";"SEM VÍTIMA";"FINALIZADA";"PINA";"AV CONSELHEIRO AGUIAR";"";"AV HERCULANO BANDEIRA";"";"PINA";138;"";"CHOQUE OBJETO FIXO";"AUTO CHOCOU-SE EM MURO DE UMA RESIDENCIA E EM UM POSTE S/V";1;0;0;0;0;0;0;0;0;0;0;"Cruzamento";"Bom";"Sem defeito";"Perfeito estado";"Seca";"Perfeito estado";"Faixa de pedestre";"R-6a";"";"Única";"Faixa seccionada";"";""
"4311";2020-01-01;"09:06:00";"COM VÍTIMA";"FINALIZADA";"PINA";"AVENIDA CELSO FURTADO (VIA MANGUE)";"";"";"PROX: SHOPPING RIO MAR . ULTIMA CURVA ANTES DO SHPPING RIO MAR";"PINA";NA;"BOA VIAGEM";"CHOQUE OBJETO FIXO";"COLISAO COM DUAS VITIMA. MOTO COM GLADIO  DA VIA";0;1;0;0;0;0;0;0;0;2;0;"Longo da via";"Bom";"Não existe";"Perfeito estado";"Seca";"Perfeito estado";"";"Não há placas";"60 km/h";"Dupla";"Faixa seccionada";"";""
"4312";2020-01-01;"10:07:00";"COM VÍTIMA";"FINALIZADA";"MADALENA";"EST DOS REMEDIOS";"2328";"";"LADO OPOSTO AO LESSA DE ANDRADE";"MADALENA";NA;"SUBURBIO";"CHOQUE OBJETO FIXO";"PEGEOUT SE CHOCOU COM POSTE E COM O GRADIL DA LOJA DE VEÍCULOS PROVOCANDO AVARIAS EM UM VEÍCULO";1;0;0;0;0;0;0;0;0;1;0;"Longo da via";"Bom";"Sem defeito";"Perfeito estado";"Seca";"Perfeito estado";"Faixa de pedestre";"Placas Pare";"";"Única";"Faixa seccionada";"";""
"4313";2020-01-01;"12:09:00";"SEM VÍTIMA";"FINALIZADA";"NOVA DESCOBERTA";"RUA NOVA DESCOBERTA";"1335";"";"";"NOVA DESCOBERTA";NA;"CIDADE";"CHOQUE VEÍCULO PARADO";"COLISÃO SEM VÍTIMA";1;0;0;0;0;0;1;0;0;0;0;"Longo da via";"Bom";"Não existe";"Perfeito estado";"Seca";"Perfeito estado";"Não existe";"Não há placas";"";"Dupla";"Faixa seccionada";"";""
"4314";2020-01-01;"15:00:00";"SEM VÍTIMA";"FINALIZADA";"ROSARINHO";"RUA CAPITAO SAMPAIO XAVIER";"448";"";"PORTAL DA PICANHA";"ROSARINHO";NA;"SUBURBIO";"ABALROAMENTO TRANSVERSAL";"COLISÃO S/VITIMAS ENTRE DOIS AUTOS";2;0;0;0;0;0;0;0;0;0;0;"Longo da via";"Bom";"Não existe";"Perfeito estado";"Seca";"Perfeito estado";"Não existe";"Outras";"";"Dupla";"Não existe";"";""
"4315";2020-01-01;"15:03:00";"SEM VÍTIMA";"FINALIZADA";"TORRÕES";"RUA QUINZE DE MARCO";"";"AV ENGENHEIRO ABDIAS DE CARVALHO";"AO LADO DA PRAÇA DA CHESF";"TORRÕES";422;"";"COLISÃO TRASEIRA";"COLISÃO SEM VÍTIMA";2;0;0;0;0;0;0;0;0;0;0;"Cruzamento";"Bom";"Sem defeito";"Perfeito estado";"Seca";"Perfeito estado";"Faixa de pedestre";"Não há placas";"40 km/h";"Única";"Faixa seccionada";"";""
"4316";2020-01-01;"16:46:00";"SEM VÍTIMA";"FINALIZADA";"BOMBA DO HEMETÉRIO";"RUA BOMBA DO HEMETERIO";"273";"";"";"BOMBA DO HEMETÉRIO";NA;"CIDADE";"COLISÃO FRONTAL";"COLISÃO SEM VÍTIMA";2;0;0;0;0;0;0;0;0;0;0;"Longo da via";"Bom";"Não existe";"Incompleta";"Seca";"Perfeito estado";"Não existe";"R-6a";"";"Dupla";"Faixa contínua";"";""
"4317";2020-01-01;"16:56:00";"SEM VÍTIMA";"FINALIZADA";"SAN MARTIN";"RUA VINTE E UM DE ABRIL";"20";"RUA OUREM";"LOJA MULTILAR";"SAN MARTIN";NA;"SUBURBIO";"ABALROAMENTO TRANSVERSAL";"COLISÃO S/VITIMAS UMA MOTO E UM AUTO";1;1;0;0;0;0;0;0;0;0;0;"Longo da via";"Bom";"Não existe";"Perfeito estado";"Seca";"Perfeito estado";"Não existe";"Não há placas";"";"Dupla";"Não existe";"";""
"4318";2020-01-01;"23:46:00";"COM VÍTIMA";"FINALIZADA";"BOA VIAGEM";"RUA DEZ DE JULHO";"210";"RUA CAMBOIM";"APÓS A ESTAÇÃO AEROPORTO / NA RUA DO SALÃO DE FESTA MAISON CRISTAL";"BOA VIAGEM";NA;"BEIRA MAR";"COLISÃO FRONTAL";"ENTRE AUTO E MOTO. C/V";1;1;0;0;0;0;0;0;0;1;0;"Cruzamento";"Bom";"Não existe";"Perfeito estado";"Seca";"Perfeito estado";"Outros";"Placas Pare";"";"Única";"Faixa seccionada";"";""
"4319";2020-01-01;"23:50:00";"SEM VÍTIMA";"FINALIZADA";"CORDEIRO";"AV ENGENHEIRO ABDIAS DE CARVALHO";"";"AV GENERAL SAN MARTIN";"SEMÁFORO Nº 058";"CORDEIRO";58;"SUBURBIO";"ABALROAMENTO TRANSVERSAL";"ENTRE 2 AUTOS. S/V";2;0;0;0;0;0;0;0;0;0;0;"Cruzamento";"Bom";"Sem defeito";"Perfeito estado";"Seca";"Perfeito estado";"Faixa de pedestre";"Não há placas";"";"Dupla";"Faixa contínua";"Faixa seccionada";"Canteiro central"
"4320";2020-01-02;"06:14:00";"COM VÍTIMA";"FINALIZADA";"AREIAS";"AV RECIFE";"63";"RUA GONCALVES DE MAGALHAES";"E/F A AMERICA FILM E POSTO IPIRANGA";"AREIAS";393;"CIDADE";"ABALROAMENTO LONGITUDINAL";"COLISÃO C/VITIMA ENTRE UMA MOTO E UM ONIBUS";0;1;0;0;0;1;0;0;0;1;0;"Cruzamento";"Bom";"Sem defeito";"Perfeito estado";"Seca";"Perfeito estado";"Faixa de pedestre";"Não há placas";"60 km/h";"Dupla";"Canteiro central";"";""
"4321";2020-01-02;"07:20:00";"SEM VÍTIMA";"FINALIZADA";"PAISSANDU";"AV GOVERNADOR AGAMENON MAGALHAES";"";"";"SOB O SEMÁFORO";"PAISSANDU";69;"";"COLISÃO TRASEIRA";"COLISÃO S/VITIMAS ENTRE DOIS AUTOS ENTRE DOIS AUTOS (GM EVANDRO E EVERTON SILVA NO QTH)";2;0;0;0;0;0;0;0;0;0;0;"Longo da via";"Bom";"Sem defeito";"Perfeito estado";"Seca";"Perfeito estado";"Agente";"Outras";"60 km/h";"Única";"Faixa seccionada";"";""
"4322";2020-01-02;"08:48:00";"SEM VÍTIMA";"FINALIZADA";"IPSEP";"RUA JEAN EMILE FAVRE";"242";"RUA ARQUITETO LUIZ NUNES";"SEMÁFORO 636";"IPSEP";636;"SUBURBIO";"ABALROAMENTO LONGITUDINAL";"SEM VITIMAS";2;0;0;0;0;0;0;0;0;0;0;"Cruzamento";"Bom";"Sem defeito";"Perfeito estado";"Seca";"Perfeito estado";"Faixa de pedestre";"Não há placas";"";"Única";"Faixa contínua";"";""
"4323";2020-01-02;"08:56:00";"SEM VÍTIMA";"FINALIZADA";"MADALENA";"RUA DES LUIZ SALAZAR";"98";"RUA PESSOA DE MELO";"";"MADALENA";NA;"CIDADE";"ABALROAMENTO TRANSVERSAL";"SEM VITIMAS";2;0;0;0;0;0;0;0;0;0;0;"Cruzamento";"Bom";"Não existe";"Não existente";"Seca";"Perfeito estado";"Não existe";"R-6a";"";"Dupla";"Não existe";"";""
"4324";2020-01-02;"09:14:00";"SEM VÍTIMA";"FINALIZADA";"IMBIRIBEIRA";"AV MARECHAL MASCARENHAS DE MORAES";"980";"RUA CAFESOPOLIS";"POSTO BR";"IMBIRIBEIRA";288;"CIDADE";"COLISÃO TRASEIRA";"COLISÃO S/VITIMAS ENTRE DOIS AUTOS";2;0;0;0;0;0;0;0;0;0;0;"Longo da via";"Bom";"Sem defeito";"Perfeito estado";"Seca";"Perfeito estado";"Faixa de pedestre";"Não há placas";"";"Dupla";"Canteiro central";"";""
"4325";2020-01-02;"09:50:00";"SEM VÍTIMA";"FINALIZADA";"AFOGADOS";"";"";"";"EM FRENTE A LOJA MARCUS SAPATOS";"AFOGADOS";53;"SUBURBIO";"ABALROAMENTO LONGITUDINAL";"SEM VITIMAS";1;0;0;0;0;0;1;0;0;0;0;"Longo da via";"Bom";"Sem defeito";"Perfeito estado";"Seca";"Perfeito estado";"Faixa de pedestre";"R-6a";"";"Única";"Faixa contínua";"";""
"4326";2020-01-02;"10:27:00";"SEM VÍTIMA";"CANCELADA";"COHAB";"RUA DEPUTADO JOAQUIM COUTINHO";"15 B";"";"EM FRENTE A UPA DA LAGOA ENCANTADA";"COHAB";NA;"";"COLISÃO";"SEM VITIMAS";1;1;0;0;0;0;0;0;0;0;0;"";"";"";"";"";"";"";"";"";"";"";"";""
"4327";2020-01-02;"10:33:00";"COM VÍTIMA";"FINALIZADA";"BARRO";"AV DR JOSE RUFINO";"67";"RUA MAJOR CHAGAS DE OLIVEIRA";"NA ENTRADA DA BR 101 (AUTO ELÉTRICA VAL)";"BARRO";NA;"CIDADE";"ABALROAMENTO TRANSVERSAL";"COLISÃO C/VITIMA ENTRE UMA MOTO E UM AUTO";1;1;0;0;0;0;0;0;0;1;0;"Cruzamento";"Bom";"Não existe";"";"Seca";"Mal conservada";"Não existe";"Não há placas";"";"Dupla";"Faixa contínua";"";""
"4328";2020-01-02;"12:21:00";"COM VÍTIMA";"FINALIZADA";"BOA VIAGEM";"RUA VISCONDE DE JEQUITINHONHA";"410";"";"E/F AO SOBERANO";"BOA VIAGEM";NA;"CIDADE";"COLISÃO TRASEIRA";"ENTRE AUTO PASSEIO X MOTO COM VÍTIMA";1;1;0;0;0;0;0;0;0;1;0;"Longo da via";"Bom";"Sem defeito";"Perfeito estado";"Seca";"Perfeito estado";"";"Não há placas";"";"Única";"";"";""
"4329";2020-01-02;"13:09:00";"SEM VÍTIMA";"FINALIZADA";"ENGENHO DO MEIO";"RUA GOVERNADOR LOPO GARRO";"";"RUA LINDOLFO COLOR";"";"ENGENHO DO MEIO";NA;"SUBURBIO";"ABALROAMENTO LONGITUDINAL";"COLISÃO SEM VÍTIMA";2;0;0;0;0;0;0;0;0;0;0;"Cruzamento";"Bom";"Não existe";"";"Seca";"";"Não existe";"Placas Pare";"";"Dupla";"Não existe";"";""
"4330";2020-01-02;"13:27:00";"SEM VÍTIMA";"CANCELADA";"NOVA DESCOBERTA";"RUA ALTO JARDIM PROGRESSO";"";"";"NO TERMINAL DO TRASPORTE COMPLEMENTAR";"NOVA DESCOBERTA";NA;"";"COLISÃO";"COLISAO ENTRE DOIS MICROONIBUS DO TRASPORTE COMPLEMENTAR";0;0;0;0;0;2;0;0;0;0;0;"";"";"";"";"";"";"";"";"";"";"";"";""
"4331";2020-01-02;"14:12:00";"SEM VÍTIMA";"FINALIZADA";"JORDÃO";"RUA DES EVANDRO NETTO";"728";"RUA DR ALVARO FERRAZ";"";"JORDÃO";NA;"CIDADE";"ABALROAMENTO LONGITUDINAL";"COLISÃO SEM VÍTIMA";1;0;0;0;0;1;0;0;0;0;0;"Cruzamento";"Bom";"Não existe";"Perfeito estado";"Seca";"Perfeito estado";"Não existe";"Placas Pare";"";"Dupla";"Não existe";"";""
"4332";2020-01-02;"14:15:00";"SEM VÍTIMA";"FINALIZADA";"BOA VIAGEM";"AV CONSELHEIRO AGUIAR";"";"RUA JORNALISTA FRANCISCO ALMEIDA";"";"BOA VIAGEM";NA;"CIDADE";"ABALROAMENTO LONGITUDINAL";"ENTRE DOIS AUTOS S/V";2;0;0;0;0;0;0;0;0;0;0;"";"Bom";"Sem defeito";"Perfeito estado";"Seca";"Perfeito estado";"Faixa de pedestre";"R-6a";"60 km/h";"Única";"Faixa contínua";"Faixa seccionada";""
"4333";2020-01-02;"14:27:00";"SEM VÍTIMA";"FINALIZADA";"PORTO DA MADEIRA";"RUA JUDITE";"378";"AV ANIBAL BENEVOLO";"APÓS BARBEARIA GE CABELOS";"PORTO DA MADEIRA";NA;"SUBURBIO";"CHOQUE VEÍCULO PARADO";"COLISÃO SEM VÍTIMA";1;0;0;0;0;0;1;0;0;0;0;"";"Bom";"Não existe";"Perfeito estado";"Seca";"Perfeito estado";"Não existe";"Placas Pare";"";"Dupla";"Não existe";"";""
"4334";2020-01-02;"14:36:00";"COM VÍTIMA";"FINALIZADA";"PRADO";"RUA JOAO IVO DA SILVA";"181";"";"E/F A HONDA";"PRADO";NA;"SUBURBIO";"COLISÃO COM CICLISTA";"COLISAO ENTRE MOTO E CICLISTA VT 15 NO LOCAL";0;1;0;1;0;0;0;0;0;1;0;"Longo da via";"Bom";"Não existe";"Perfeito estado";"Seca";"Perfeito estado";"Não existe";"Outras";"";"Única";"Faixa contínua";"Faixa seccionada";"Canal"