"";"data";"hora";"natureza_acidente";"situacao";"bairro";"endereco";"numero";"detalhe_endereco_acidente";"complemento";"bairro_cruzamento";"num_semaforo";"sentido_via";"tipo";"descricao";"auto";"moto";"ciclom";"ciclista";"pedestre";"onibus";"caminhao";"viatura";"outros";"vitimas";"vitimasfatais";"acidente_verificado";"tempo_clima";"situacao_semaforo";"sinalizacao";"condicao_via";"conservacao_via";"ponto_controle";"situacao_placa";"velocidade_max_via";"mao_direcao";"divisao_via1";"divisao_via2";"divisao_via3"
"4335";2020-01-02;"15:23:00";"SEM VÍTIMA";"FINALIZADA";"ILHA DO RETIRO";"EST DOS REMEDIOS";"";"AV ENGENHEIRO ABDIAS DE CARVALHO";"BOB'S";"ILHA DO RETIRO";52;"";"ABALROAMENTO LONGITUDINAL";"ENTRE DOIS AUTOS S/V";2;0;0;0;0;0;0;0;0;0;0;"Cruzamento";"Bom";"Sem defeito";"Perfeito estado";"Seca";"Perfeito estado";"Faixa de pedestre";"";"";"Única";"Canteiro central";"";""
"4336";2020-01-02;"16:01:00";"COM VÍTIMA";"FINALIZADA";"IPUTINGA";"AV CAXANGA";"";"AV LUIZ DE LACERDA";"E/F AO TERMINAL TI CDU EM FRENTE A FORD GRANVIA";"IPUTINGA";NA;"SUBURBIO";"COLISÃO TRASEIRA";"COLISAO ENTRE TAXI E MOTO COM UMA VITIMA";1;1;0;0;0;0;0;0;0;1;0;"Esquina";"Bom";"Não existe";"Incompleta";"Seca";"Perfeito estado";"Não existe";"R-6a";"";"Dupla";"Canteiro central";"";""
"4337";2020-01-02;"16:07:00";"COM VÍTIMA";"FINALIZADA";"FUNDÃO";"AV BEBERIBE";"2697";"RUA CORONEL URBANO RIBEIRO DE SENA";"NA ENTRADA DA BARRIGUDA NO SEMAFORO 307";"FUNDÃO";307;"SUBURBIO";"ABALROAMENTO TRANSVERSAL";"AUTO E MOTO.";1;1;0;0;0;0;0;0;0;1;0;"Cruzamento";"Bom";"Sem defeito";"Perfeito estado";"Seca";"Perfeito estado";"Faixa de pedestre";"Outras";"";"Dupla";"Não existe";"";""
"4338";2020-01-02;"16:39:00";"SEM VÍTIMA";"FINALIZADA";"MACAXEIRA";"AV NORTE";"";"";"EM FRENTE AO PARQUE DA MACAXEIRA";"MACAXEIRA";NA;"CIDADE";"CHOQUE VEÍCULO PARADO";"ENTRE ONIBUS X AUTO PASSEIO S/V";1;0;0;0;0;1;0;0;0;0;0;"Longo da via";"Bom";"Não existe";"Perfeito estado";"Seca";"Perfeito estado";"Não existe";"Outras";"60 km/h";"Dupla";"Canteiro central";"";""
"4339";2020-01-02;"16:52:00";"SEM VÍTIMA";"FINALIZADA";"BOA VIAGEM";"RUA BARAO DE SOUZA LEAO";"";"";"SOB O SEMÁFORO 159";"BOA VIAGEM";159;"SUBURBIO";"ABALROAMENTO LONGITUDINAL";"ENTRE DOIS AUTOS S/V";2;0;0;0;0;0;0;0;0;0;0;"Longo da via";"Bom";"Sem defeito";"Perfeito estado";"Seca";"Perfeito estado";"Faixa de pedestre";"Não há placas";"60 km/h";"Única";"";"";""
"4340";2020-01-02;"17:16:00";"SEM VÍTIMA";"FINALIZADA";"BAIRRO DO RECIFE";"AV ALFREDO LISBOA";"";"";"EM FRENTE A SAÍDA / ENTRADA DO ARMAZÉM 14";"BAIRRO DO RECIFE";NA;"CIDADE";"ABALROAMENTO LONGITUDINAL";"COLISAO ENTRE CAMINHAO E AUTOS S/V";1;0;0;0;0;0;1;0;0;0;0;"Longo da via";"Bom";"Não existe";"Incompleta";"Seca";"Mal iluminada";"";"Outras";"30 km/h";"Única";"Faixa seccionada";"";""
"4341";2020-01-02;"17:42:00";"SEM VÍTIMA";"FINALIZADA";"IMBIRIBEIRA";"AV MARECHAL MASCARENHAS DE MORAES";"4861";"";"LADO OPOSTO A PARVI LOCADORA";"IMBIRIBEIRA";NA;"CIDADE";"COLISÃO TRASEIRA";"COLISÃO SEM VÍTIMA";1;1;0;0;0;0;0;0;0;0;0;"Longo da via";"Bom";"Não existe";"Perfeito estado";"Seca";"Perfeito estado";"Não existe";"R-6c";"60 km/h";"Dupla";"Canteiro central";"";""
"4342";2020-01-02;"17:59:00";"SEM VÍTIMA";"CANCELADA";"ENCRUZILHADA";"EST DE BELEM";"";"LGO ENCRUZILHADA";"AO LADO DA PAGUE MENOS";"ENCRUZILHADA";NA;"";"COLISÃO";"ENTRE AUTO PASSEIO X CAMINHÃO S/V";1;0;0;0;0;0;1;0;0;0;0;"";"";"";"";"";"";"";"";"";"";"";"";""
"4343";2020-01-02;"20:13:00";"COM VÍTIMA";"FINALIZADA";"MADALENA";"RUA JOSE OSORIO";"937";"";"E/F A UNICAR AUTOMOVES";"MADALENA";NA;"SUBURBIO";"CHOQUE VEÍCULO PARADO";"CONDUTORA DO GM/ONIX DESMAIOU E CAPOTOU O VEICULO QUE- SE CHOCOU CONTRA DOIS OUTROS AUTOS PASSEIO QUE ESTAVAM ESTACIONADOS NA VIA";3;0;0;0;0;0;0;0;0;1;0;"Longo da via";"Bom";"Não existe";"Perfeito estado";"Seca";"Perfeito estado";"Não existe";"";"";"Dupla";"Faixa contínua";"";""
"4344";2020-01-02;"20:32:00";"SEM VÍTIMA";"CANCELADA";"ILHA DO RETIRO";"RUA SPORT CLUBE DO RECIFE";"";"";"E/F AO SPORT CLUBE DO RECIFE";"ILHA DO RETIRO";355;"";"COLISÃO";"ONIBUS X AUTO PASSEIO S/V";1;0;0;0;0;1;0;0;0;0;0;"";"";"";"";"";"";"";"";"";"";"";"";""
"4345";2020-01-02;"21:14:00";"SEM VÍTIMA";"CANCELADA";"BAIRRO DO RECIFE";"AV ALFREDO LISBOA";"";"";"E/F AO MARCO ZERO";"BAIRRO DO RECIFE";NA;"";"COLISÃO";"ENTRE DOIS AUTOS S/V";2;0;0;0;0;0;0;0;0;0;0;"";"";"";"";"";"";"";"";"";"";"";"";""
"4346";2020-01-02;"23:55:00";"COM VÍTIMA";"FINALIZADA";"BONGI";"AV ENGENHEIRO ABDIAS DE CARVALHO";"1480";"";"E/F A ESTACIO / PROX AO POSTO DISLUB";"BONGI";NA;"SUBURBIO";"COLISÃO TRASEIRA";"ENTRE AUTO PASSEIO E MOTO COM VÍTIMA";1;1;0;0;0;0;0;0;0;2;0;"Longo da via";"Bom";"Não existe";"Perfeito estado";"Seca";"Perfeito estado";"Não existe";"";"";"Única";"Faixa seccionada";"";""
"4347";2020-01-03;"00:39:00";"SEM VÍTIMA";"FINALIZADA";"CORDEIRO";"RUA ODETE MONTEIRO";"";"AV PROFESSOR ESTEVAO FRANCISCO DA COSTA";"";"CORDEIRO";589;"SUBURBIO";"ABALROAMENTO TRANSVERSAL";"COLISÃO ENTRE DOIS AUTOS- S/V";2;0;0;0;0;0;0;0;0;0;0;"Cruzamento";"Bom";"Intermitente";"Perfeito estado";"Seca";"Perfeito estado";"Faixa de pedestre";"Não há placas";"";"Dupla";"Faixa seccionada";"";""
"4348";2020-01-03;"06:04:00";"SEM VÍTIMA";"CANCELADA";"SÃO JOSÉ";"AV DANTAS BARRETO";"";"";"PROX A PRAÇA SERGIO LORETO   EM  FRENTE AO POSTO DE GASOLINA BR";"SÃO JOSÉ";NA;"CIDADE";"COLISÃO";"COLISÃO SEM VITIMAS";2;0;0;0;0;0;0;0;0;0;0;"";"";"";"";"";"";"";"";"";"";"";"";""
"4349";2020-01-03;"06:41:00";"SEM VÍTIMA";"FINALIZADA";"IMBIRIBEIRA";"AV MARECHAL MASCARENHAS DE MORAES";"";"";"LADO OPOSTO AO IBIS HOTEL / SEMÁFORO 218";"IMBIRIBEIRA";218;"CIDADE";"COLISÃO TRASEIRA";"COLISÃO S/VITIMAS ENTRE UM CAMINHÃO E UM AUTO (V.T 14(INS.FERNANDES) NO QTH)";1;0;0;0;0;0;1;0;0;0;0;"Longo da via";"Bom";"Sem defeito";"Perfeito estado";"Seca";"Perfeito estado";"Não existe";"Não há placas";"";"Dupla";"Canteiro central";"";""
"4350";2020-01-03;"06:42:00";"SEM VÍTIMA";"FINALIZADA";"ENCRUZILHADA";"RUA CASTRO ALVES";"";"";"";"ENCRUZILHADA";666;"SUBURBIO";"ABALROAMENTO LONGITUDINAL";"COLISAO S/ VITIMA VEICULO E ONIBUS";1;0;0;0;0;1;0;0;0;0;0;"Longo da via";"Bom";"Sem defeito";"Perfeito estado";"Seca";"Perfeito estado";"Faixa de pedestre";"";"";"Única";"Faixa seccionada";"";""
"4351";2020-01-03;"07:44:00";"SEM VÍTIMA";"EQUIPE NO LOCAL";"CURADO";"RUA DR GEORGE WILLIAM BUTLER";"432";"";"EM FRENTE A VIP LEILÕES";"CURADO";NA;"";"ABALROAMENTO TRANSVERSAL";"COLISÃO SEM VITIMAS";1;1;0;0;0;0;0;0;0;0;0;"Longo da via";"Bom";"Não existe";"Perfeito estado";"Seca";"Perfeito estado";"Não existe";"Outras";"60 km/h";"Dupla";"Faixa contínua";"";""
"4352";2020-01-03;"07:53:00";"COM VÍTIMA";"FINALIZADA";"BOA VISTA";"RUA AURORA";"";"AV MARIO MELO";"E/F AO TRIBUNAL DE CONTAS DO ESTADO";"BOA VISTA";600;"SUBURBIO";"COLISÃO COM CICLISTA";"COLISÃO C/VITIMA ENTRE UMA MOTO E UMA BICICLETA (V.T NO 29)";0;1;0;1;0;0;0;0;0;1;0;"Longo da via";"Bom";"Sem defeito";"Perfeito estado";"Seca";"Perfeito estado";"Faixa de pedestre";"";"";"Única";"Faixa";"Canteiro central";""
"4353";2020-01-03;"08:04:00";"SEM VÍTIMA";"FINALIZADA";"SÃO JOSÉ";"AV SUL";"1500";"";"";"SÃO JOSÉ";260;"CIDADE";"COLISÃO TRASEIRA";"COLISÃO S/VITIMAS ENTRE TRÊS AUTOS";3;0;0;0;0;0;0;0;0;0;0;"Longo da via";"Bom";"Sem defeito";"Perfeito estado";"Seca";"Perfeito estado";"Faixa de pedestre";"Outras";"";"Dupla";"Faixa contínua";"Canteiro central";""
"4354";2020-01-03;"08:08:00";"COM VÍTIMA";"FINALIZADA";"IBURA";"LAD DA COHAB";"";"";"PROX. A POLICLINICA E ANTIGO MOTEL GIRADOR";"IBURA";NA;"CIDADE";"COLISÃO TRASEIRA";"CAMINHÃO- AUTO E MOTO PONTO FIXO GM TORRES";1;1;0;0;0;0;1;0;0;1;0;"Longo da via";"Bom";"Não existe";"Perfeito estado";"Seca";"Perfeito estado";"Não existe";"Não há placas";"";"Dupla";"Faixa contínua";"";""
"4355";2020-01-03;"08:10:00";"SEM VÍTIMA";"FINALIZADA";"IMBIRIBEIRA";"AV GENERAL MAC ARTHUR";"54";"";"EM FRENTE AO EDIFÍCIO MARIA FERREIRA DE CASTRO";"IMBIRIBEIRA";NA;"";"ABALROAMENTO LONGITUDINAL";"ENGAVETAMENTO S/ VITIMA ENTRE TRES VEICULOS. GM RAMBALDI E MARCOS MAIA NO LOCAL";3;0;0;0;0;0;0;0;0;0;0;"Longo da via";"Bom";"Não existe";"Perfeito estado";"Seca";"Perfeito estado";"Agente";"Não há placas";"40 km/h";"Única";"Faixa seccionada";"";""
"4356";2020-01-03;"08:29:00";"SEM VÍTIMA";"CANCELADA";"SAN MARTIN";"RUA MANOEL VIEIRA";"226";"";"PROX. A IGREJA ASSEMBLEIA DE DEUS";"SAN MARTIN";NA;"";"COLISÃO";"MOTO E AUTO";1;1;0;0;0;0;0;0;0;0;0;"";"";"";"";"";"";"";"";"";"";"";"";""
"4357";2020-01-03;"08:44:00";"COM VÍTIMA";"FINALIZADA";"CABANGA";"RUA NOVA DA CABANGA";"10";"AV SATURNINO DE BRITO";"EMBAIXO DO VIADUTO CAP. TEMUDO";"CABANGA";NA;"SUBURBIO";"ABALROAMENTO LONGITUDINAL";"MOTO E AUTO";1;1;0;0;0;0;0;0;0;2;0;"Longo da via";"Bom";"Não existe";"Perfeito estado";"Seca";"Perfeito estado";"";"";"";"";"";"";""
"4358";2020-01-03;"09:06:00";"COM VÍTIMA";"FINALIZADA";"BOA VIAGEM";"AV ENGENHEIRO DOMINGOS FERREIRA";"3920";"";"EM FRENTE AO RESTAURANTE FAMILIA JULIANO";"BOA VIAGEM";NA;"SUBURBIO";"COLISÃO TRASEIRA";"COLISÃO SEM VITIMAS GM EDSON E DECIO QTH";1;0;0;0;0;1;0;0;0;1;0;"Longo da via";"Bom";"Não existe";"Perfeito estado";"Seca";"Perfeito estado";"Não existe";"R-6a";"";"Única";"Faixa seccionada";"";""
"4359";2020-01-03;"09:16:00";"SEM VÍTIMA";"FINALIZADA";"PINA";"AV HERCULANO BANDEIRA";"581";"";"TABELIONATO FIGUEIREDO";"PINA";NA;"SUBURBIO";"COLISÃO TRASEIRA";"COLISÃO SEM VITIMAS";2;0;0;0;0;0;0;0;0;0;0;"Longo da via";"Bom";"Não existe";"Perfeito estado";"Seca";"Perfeito estado";"Não existe";"Outras";"";"Única";"Faixa contínua";"Faixa seccionada";""
"4360";2020-01-03;"09:34:00";"SEM VÍTIMA";"FINALIZADA";"";"AV MARECHAL MASCARENHAS DE MORAES";"6111";"";"LADO OPOSTO AO FERRO +";"";NA;"SUBURBIO";"COLISÃO TRASEIRA";"COLISAO S/ VITIMA ENTRE DOIS VEICULOS";2;0;0;0;0;0;0;0;0;0;0;"Longo da via";"Bom";"Não existe";"Perfeito estado";"Seca";"";"Não existe";"Não há placas";"60 km/h";"Dupla";"Canteiro central";"";""
"4361";2020-01-03;"09:42:00";"SEM VÍTIMA";"DUPLICIDADE";"IMBIRIBEIRA";"AV ANTONIO TORRES GALVAO";"68";"";"EM FRENTE A LOJA GESSO UNIVERSAL";"IMBIRIBEIRA";NA;"";"COLISÃO";"COLISÃO SEM VITIMAS";0;0;0;0;0;0;1;1;0;0;0;"";"";"";"";"";"";"";"";"";"";"";"";""
"4362";2020-01-03;"09:46:00";"SEM VÍTIMA";"FINALIZADA";"IMBIRIBEIRA";"RUA ALFREDO MARCONDES";"68";"";"EM FRENTE AO Nº 68";"IMBIRIBEIRA";NA;"";"COLISÃO TRASEIRA";"COLISÃO SEM VITIMAS";1;0;0;0;0;0;1;0;0;0;0;"Longo da via";"Bom";"Não existe";"Incompleta";"Seca";"Perfeito estado";"Não existe";"Não há placas";"";"Única";"Faixa seccionada";"";""
"4363";2020-01-03;"10:15:00";"SEM VÍTIMA";"CANCELADA";"AREIAS";"AV IZABEL DE GOES";"23";"AV RECIFE";"LADO OPOSTO DA CONCESSIONARIA CHEVROLET";"AREIAS";NA;"";"COLISÃO";"CAMINHÃO E AUTO";1;0;0;0;0;0;1;0;0;0;0;"";"";"";"";"";"";"";"";"";"";"";"";""
"4364";2020-01-03;"10:42:00";"SEM VÍTIMA";"FINALIZADA";"TORRÕES";"AV ENGENHEIRO ABDIAS DE CARVALHO";"434";"";"AO LADO DA UPA";"TORRÕES";NA;"SUBURBIO";"COLISÃO TRASEIRA";"COLISÃO SEM VITIMAS";4;0;0;0;0;0;0;0;0;0;0;"Longo da via";"Bom";"Não existe";"Incompleta";"Seca";"Perfeito estado";"Não existe";"R-6a";"60 km/h";"Única";"Faixa seccionada";"Canteiro central";""
"4365";2020-01-03;"10:48:00";"SEM VÍTIMA";"FINALIZADA";"BOA VIAGEM";"RUA PADRE BERNADINO PESSOA";"";"RUA DOS NAVEGANTES";"RESTAURANTE ILHA DOS NAVEGANTES";"BOA VIAGEM";NA;"";"CHOQUE VEÍCULO PARADO";"COLISAO S/ VITIMA. ENTRE DOIS VEICULOS";2;0;0;0;0;0;0;0;0;0;0;"Longo da via";"Bom";"Não existe";"Perfeito estado";"Seca";"Perfeito estado";"Não existe";"Não há placas";"30 km/h";"Única";"Faixa seccionada";"";""
"4366";2020-01-03;"10:54:00";"SEM VÍTIMA";"FINALIZADA";"AREIAS";"AV RECIFE";"1040";"AV CAPITAO GREGORIO DE CALDAS";"HN VEÍCULOS";"AREIAS";497;"SUBURBIO";"ABALROAMENTO LONGITUDINAL";"COLISÃO S/VITIMAS ENTRE UM ONIBUS E TRES AUTOS";3;0;0;0;0;1;0;0;0;0;0;"Longo da via";"Bom";"Sem defeito";"Perfeito estado";"Seca";"Perfeito estado";"Agente";"Não há placas";"60 km/h";"Dupla";"Canteiro central";"";""
"4367";2020-01-03;"11:41:00";"SEM VÍTIMA";"FINALIZADA";"FUNDÃO";"AV BEBERIBE";"2759";"RUA AURIFLAMA";"VIA NET ACESSÓRIOS E MANUTENÇÃO";"FUNDÃO";307;"CIDADE";"COLISÃO TRASEIRA";"COLISÃO S/VITIMAS DOIS AUTOS";2;0;0;0;0;0;0;0;0;0;0;"Longo da via";"Bom";"Sem defeito";"Perfeito estado";"Seca";"Perfeito estado";"Faixa de pedestre";"R-6a";"50 km/h";"Dupla";"Blocos";"";""
"4368";2020-01-03;"13:27:00";"SEM VÍTIMA";"FINALIZADA";"BOA VIAGEM";"RUA RIBEIRO DE BRITO";"1111";"RUA GENERAL AMERICANO FREIRE";"POSTO BR";"BOA VIAGEM";NA;"SUBURBIO";"ABALROAMENTO TRANSVERSAL";"COLISÃO SEM VITIMA";2;0;0;0;0;0;0;0;0;0;0;"Cruzamento";"Bom";"Não existe";"Perfeito estado";"Seca";"Perfeito estado";"Não existe";"Não há placas";"";"Única";"Faixa seccionada";"";""
"4369";2020-01-03;"13:54:00";"SEM VÍTIMA";"FINALIZADA";"SANTO AMARO";"AV CRUZ CABUGA";"";"";"EM FRENTE AO SEMÁFORO 343";"SANTO AMARO";343;"";"COLISÃO TRASEIRA";"COLISÃO SEM VITIMA";1;0;0;0;0;1;0;0;0;0;0;"Longo da via";"Bom";"Sem defeito";"Perfeito estado";"Seca";"Perfeito estado";"Faixa de pedestre";"Outras";"";"";"Faixa contínua";"Faixa seccionada";""
"4370";2020-01-03;"14:04:00";"COM VÍTIMA";"FINALIZADA";"BOA VIAGEM";"AVENIDA CELSO FURTADO (VIA MANGUE)";"";"RUA TOME GIBSON";"NA ENTRADA PARA A CAPELA DO FREI DAMIÃO / ENTRADA DO GTO";"BOA VIAGEM";NA;"CIDADE";"ABALROAMENTO LONGITUDINAL";"COLISÃO COM VITIMA/ 2 VITIMAS ...EQUIPE DO BOMBEIRO NO LOCAL";1;1;0;0;0;0;0;0;0;2;0;"Cruzamento";"Bom";"Não existe";"Perfeito estado";"Seca";"Perfeito estado";"Não existe";"Não há placas";"60 km/h";"Dupla";"Canteiro central";"";""
"4371";2020-01-03;"14:19:00";"COM VÍTIMA";"FINALIZADA";"APIPUCOS";"RUA DOIS IRMAOS";"371";"";"AO LADO DO COLEGIO CANDIDO DUARTE";"APIPUCOS";535;"CIDADE";"COLISÃO TRASEIRA";"COLISÃO COM VITIMA...AGUARDANDO SAMU";1;1;0;0;0;0;0;0;0;1;0;"Longo da via";"Bom";"Sem defeito";"Perfeito estado";"Seca";"Perfeito estado";"Faixa de pedestre";"Não há placas";"";"Dupla";"Faixa contínua";"";""
"4372";2020-01-03;"14:53:00";"SEM VÍTIMA";"FINALIZADA";"CORDEIRO";"AV CAXANGA";"";"RUA SOUZA BANDEIRA";"";"CORDEIRO";236;"SUBURBIO";"COLISÃO TRASEIRA";"COLISÃO SEM VÍTIMA";2;0;0;0;0;0;0;0;0;0;0;"Cruzamento";"Bom";"Sem defeito";"Perfeito estado";"Seca";"Perfeito estado";"Faixa de pedestre";"Outras";"60 km/h";"Única";"Faixa seccionada";"";""
"4373";2020-01-03;"15:24:00";"SEM VÍTIMA";"FINALIZADA";"MADALENA";"RUA REAL DA TORRE";"";"RUA JOSE OSORIO";"MERCADO DA MADALENA";"MADALENA";179;"SUBURBIO";"COLISÃO TRASEIRA";"COLISÃO SEM VITIMA";2;0;0;0;0;0;0;0;0;0;0;"Cruzamento";"Bom";"Sem defeito";"Perfeito estado";"Seca";"Perfeito estado";"";"";"50 km/h";"Única";"Não existe";"";""
"4374";2020-01-03;"15:46:00";"COM VÍTIMA";"FINALIZADA";"DERBY";"RUA HENRIQUE DIAS";"";"AV GOVERNADOR AGAMENON MAGALHAES";"";"DERBY";68;"CIDADE";"ABALROAMENTO LONGITUDINAL";"AUTO E MOTO.";1;1;0;0;0;0;0;0;0;1;0;"Cruzamento";"Bom";"Sem defeito";"Perfeito estado";"Seca";"Perfeito estado";"Agente";"R-6a";"";"Única";"Faixa";"";""
"4375";2020-01-03;"15:53:00";"SEM VÍTIMA";"FINALIZADA";"BOA VIAGEM";"AV DOM JOAO VI";"";"RUA PEDRO PAES MENDONCA";"";"BOA VIAGEM";543;"CIDADE";"COLISÃO TRASEIRA";"COLISAO ENTRE AUTO E MOTO S/V";1;1;0;0;0;0;0;0;0;0;0;"Cruzamento";"Bom";"Sem defeito";"Perfeito estado";"Seca";"Perfeito estado";"Faixa de pedestre";"Não há placas";"60 km/h";"Dupla";"Canteiro central";"";""
"4376";2020-01-03;"16:49:00";"SEM VÍTIMA";"FINALIZADA";"PRADO";"RUA PANDIA CALOGERAS";"138";"";"SALÃO DE BELEZA NALDIA GOLDEIO";"PRADO";NA;"";"ABALROAMENTO TRANSVERSAL";"COLISÃO SEM VITIMA";1;0;0;0;0;1;0;0;0;0;0;"Longo da via";"Bom";"Não existe";"Não existente";"Seca";"Perfeito estado";"Não existe";"Não há placas";"";"Única";"Não existe";"";""
"4377";2020-01-03;"17:05:00";"SEM VÍTIMA";"FINALIZADA";"ÁGUA FRIA";"EST VELHA DE AGUA FRIA";"1814";"";"EM FRENTE AO ESTABELECIMENTO DELÍCIAS BOMBONS";"ÁGUA FRIA";405;"CIDADE";"COLISÃO FRONTAL";"COLISÃO SEM VÍTIMA";2;0;0;0;0;0;0;0;1;0;0;"Longo da via";"Bom";"Sem defeito";"Perfeito estado";"Seca";"Perfeito estado";"Faixa de pedestre";"";"";"Única";"";"";""
"4378";2020-01-03;"18:37:00";"SEM VÍTIMA";"FINALIZADA";"CASA FORTE";"RUA LEONARDO BEZERRA CAVALCANTE";"";"";"";"CASA FORTE";NA;"";"ABALROAMENTO LONGITUDINAL";"ENTRE DOIS AUTOS S/V";2;0;0;0;0;0;0;0;0;0;0;"Longo da via";"Bom";"Não existe";"Perfeito estado";"Seca";"Perfeito estado";"Não existe";"Não há placas";"";"Única";"Faixa seccionada";"";""
"4379";2020-01-03;"18:42:00";"SEM VÍTIMA";"FINALIZADA";"ESPINHEIRO";"AV JOAO DE BARROS";"2739";"AV GOVERNADOR AGAMENON MAGALHAES";"EM FRENTE AO Nº 2739";"ESPINHEIRO";NA;"SUBURBIO";"ABALROAMENTO LONGITUDINAL";"COLISAO SEM VITIMAS";2;0;0;0;0;0;0;0;0;0;0;"Longo da via";"Bom";"Não existe";"Perfeito estado";"Seca";"Perfeito estado";"Não existe";"R-6a";"";"Dupla";"Canteiro central";"";""
"4380";2020-01-03;"20:44:00";"COM VÍTIMA";"CANCELADA";"BARRO";"AV DR JOSE RUFINO";"2125";"";"E/F AO IMACULADA CONÇEIÇÃO";"BARRO";NA;"";"ATROPELAMENTO";"AUTO PASSEIO X PEDESTRE COM VÍTIMA";1;0;0;0;1;0;0;0;0;1;0;"";"";"";"";"";"";"";"";"";"";"";"";""
"4381";2020-01-03;"21:23:00";"SEM VÍTIMA";"FINALIZADA";"IMBIRIBEIRA";"AV RECIFE";"";"AV MARECHAL MASCARENHAS DE MORAES";"LADO OPOSTO DA TOYOTA TOYOLEX";"IMBIRIBEIRA";NA;"SUBURBIO";"COLISÃO TRASEIRA";"ONIBUS X AUTO PASSEIO S/V";1;0;0;0;0;1;0;0;0;0;0;"";"Bom";"Não existe";"Perfeito estado";"Seca";"Perfeito estado";"Não existe";"Outras";"";"Única";"Faixa seccionada";"Canteiro central";"Blocos"
"4382";2020-01-03;"21:41:00";"SEM VÍTIMA";"FINALIZADA";"GRAÇAS";"AV CONS ROSA E SILVA";"";"";"LADO OPOSTO AO Nº 239";"GRAÇAS";NA;"SUBURBIO";"COLISÃO FRONTAL";"COLISAO SEM VITIMAS";1;1;0;0;0;0;0;0;0;0;0;"Longo da via";"Bom";"Não existe";"Perfeito estado";"Seca";"Perfeito estado";"Não existe";"Não há placas";"40 km/h";"Única";"Faixa seccionada";"";""
"4383";2020-01-03;"21:54:00";"SEM VÍTIMA";"FINALIZADA";"BOA VIAGEM";"RUA DEZ DE JULHO";"210";"RUA CAMBOIM";"EM FRENTE AO MAISON CHRISTAL";"BOA VIAGEM";NA;"SUBURBIO";"COLISÃO TRASEIRA";"ONIBUS X AUTO PASSEIO S/V";1;0;0;0;0;1;0;0;0;0;0;"Longo da via";"Bom";"Não existe";"Perfeito estado";"Seca";"Perfeito estado";"Não existe";"Não há placas";"";"Única";"Faixa seccionada";"";""
"4384";2020-01-03;"23:42:00";"SEM VÍTIMA";"FINALIZADA";"IPSEP";"RUA VIRGINIA HERACLIO";"681";"RUA ALVORADA";"";"IPSEP";NA;"SUBURBIO";"ABALROAMENTO LONGITUDINAL";"COLISAO SEM VITIMAS";1;1;0;0;0;0;0;0;0;0;0;"Cruzamento";"Bom";"Não existe";"Incompleta";"Seca";"Mal iluminada";"Não existe";"Não há placas";"";"Única";"Não existe";"";""
"4385";2020-01-03;"23:52:00";"SEM VÍTIMA";"FINALIZADA";"AFOGADOS";"RUA QUITERIO INACIO DE MELLO";"";"RUA SAO MIGUEL";"OPOSTO AO POSTO PBP";"AFOGADOS";333;"CIDADE";"ABALROAMENTO LONGITUDINAL";"COLISAO SEM VITIMAS";1;0;0;0;0;0;1;0;0;0;0;"Longo da via";"Bom";"Sem defeito";"Perfeito estado";"Seca";"Perfeito estado";"";"Não há placas";"";"Única";"Faixa seccionada";"";""
"4386";2020-01-04;"02:18:00";"SEM VÍTIMA";"FINALIZADA";"BOA VIAGEM";"RUA DEZ DE JULHO";"";"RUA WALDEMAR NERY CARNEIRO MONTEIRO";"";"BOA VIAGEM";573;"CIDADE";"ABALROAMENTO TRANSVERSAL";"COLISAO SEM VITIMAS";2;0;0;0;0;0;0;0;0;0;0;"Cruzamento";"Bom";"Intermitente";"Perfeito estado";"Seca";"Perfeito estado";"Faixa de pedestre";"Não há placas";"";"Única";"Faixa contínua";"Faixa seccionada";""
"4387";2020-01-04;"08:23:00";"SEM VÍTIMA";"CANCELADA";"BOA VIAGEM";"RUA ERNESTO DE PAULA SANTOS";"913";"";"NA AREA DE ABASTECIMENTO DO POSTO SETTA";"BOA VIAGEM";NA;"";"COLISÃO";"COLISÃO SEM VITIMA";2;0;0;0;0;0;0;0;0;0;0;"";"";"";"";"";"";"";"";"";"";"";"";""
"4388";2020-01-04;"08:34:00";"SEM VÍTIMA";"FINALIZADA";"SÃO JOSÉ";"RUA FLORIANO PEIXOTO";"";"";"AO LADO DA PRAÇA JOAQUIM NABUCO";"SÃO JOSÉ";NA;"CIDADE";"ABALROAMENTO LONGITUDINAL";"COLISÃO S/VITIMAS ENTRE DOIS AUTOS";2;0;0;0;0;0;0;0;0;0;0;"Longo da via";"Bom";"Sem defeito";"Perfeito estado";"Seca";"Perfeito estado";"Faixa de pedestre";"R-6a";"";"Única";"Faixa seccionada";"";""
"4389";2020-01-04;"09:06:00";"COM VÍTIMA";"FINALIZADA";"HIPÓDROMO";"RUA PRUDENTE DE MORAES";"158";"RUA MARQUES DE ABRANTES";"EM FRENTE AO DEPOSITO SUPER GÁS";"HIPÓDROMO";NA;"SUBURBIO";"ABALROAMENTO TRANSVERSAL";"COLISÃO COM VITIMA";1;1;0;0;0;0;0;0;0;1;0;"Cruzamento";"Bom";"Sem defeito";"Perfeito estado";"Seca";"Perfeito estado";"Não existe";"Placas Pare";"30 km/h";"Dupla";"Não existe";"";""
"4390";2020-01-04;"10:10:00";"SEM VÍTIMA";"FINALIZADA";"BOA VIAGEM";"AV ENGENHEIRO DOMINGOS FERREIRA";"";"RUA ERNESTO DE PAULA SANTOS";"PISTA LESTE";"BOA VIAGEM";217;"SUBURBIO";"ABALROAMENTO TRANSVERSAL";"DOIS AUTOS";2;0;0;0;0;0;0;0;0;0;0;"Cruzamento";"Bom";"Sem defeito";"Perfeito estado";"Seca";"Perfeito estado";"Faixa de pedestre";"R-6a";"60 km/h";"Única";"Canteiro central";"";""