"";"data";"hora";"natureza_acidente";"situacao";"bairro";"endereco";"numero";"detalhe_endereco_acidente";"complemento";"bairro_cruzamento";"num_semaforo";"sentido_via";"tipo";"descricao";"auto";"moto";"ciclom";"ciclista";"pedestre";"onibus";"caminhao";"viatura";"outros";"vitimas";"vitimasfatais";"acidente_verificado";"tempo_clima";"situacao_semaforo";"sinalizacao";"condicao_via";"conservacao_via";"ponto_controle";"situacao_placa";"velocidade_max_via";"mao_direcao";"divisao_via1";"divisao_via2";"divisao_via3"
"4391";2020-01-04;"11:23:00";"SEM VÍTIMA";"FINALIZADA";"LINHA DO TIRO";"RUA ALTO DOS COQUEIROS";"62";"";"";"LINHA DO TIRO";NA;"SUBURBIO";"ABALROAMENTO LONGITUDINAL";"COLISÃO SEM VITIMAS";0;0;0;0;0;1;1;0;0;0;0;"Longo da via";"Bom";"Não existe";"Incompleta";"Seca";"Perfeito estado";"Não existe";"Não há placas";"";"Dupla";"Não existe";"";""
"4392";2020-01-04;"11:34:00";"SEM VÍTIMA";"FINALIZADA";"SANTO AMARO";"RUA TREZE DE MAIO";"322";"AV DA SAUDADE-";"";"SANTO AMARO";428;"";"ABALROAMENTO TRANSVERSAL";"COLISÃO SEM VITIMA";1;0;0;0;0;1;0;0;0;0;0;"Cruzamento";"Bom";"Sem defeito";"Perfeito estado";"Seca";"Perfeito estado";"Faixa de pedestre";"Outras";"40 km/h";"Dupla";"";"";""
"4393";2020-01-04;"13:01:00";"SEM VÍTIMA";"FINALIZADA";"DERBY";"RUA DA BAIXA VERDE";"";"RUA FELICIANO GOMES";"EM FRENTE AO POSTE NºH 034450";"DERBY";NA;"CIDADE";"ABALROAMENTO TRANSVERSAL";"COLISÃO SEM VÍTIMA";2;0;0;0;0;0;0;0;0;0;0;"Cruzamento";"Bom";"Não existe";"Perfeito estado";"Seca";"Perfeito estado";"Faixa de pedestre";"R-6a";"";"Única";"Não existe";"";""
"4394";2020-01-04;"13:06:00";"SEM VÍTIMA";"FINALIZADA";"MANGABEIRA";"AV NORTE";"4371";"";"EM FRENTE AO Nº 4371";"MANGABEIRA";364;"CIDADE";"CHOQUE OBJETO FIXO";"CHOQUE NO CANTEIRO CENTRAL DERRUBANDO A CAIXA DO SEMÁFORO";1;0;0;0;0;0;0;0;0;0;0;"Longo da via";"Bom";"Sem defeito";"Perfeito estado";"Seca";"Perfeito estado";"Faixa de pedestre";"R-6a";"";"Dupla";"Faixa contínua";"";""
"4395";2020-01-04;"13:52:00";"SEM VÍTIMA";"FINALIZADA";"ESPINHEIRO";"RUA CONS PORTELA";"676";"";"EM FRENTE AO Nº 676";"ESPINHEIRO";NA;"SUBURBIO";"ABALROAMENTO LONGITUDINAL";"COLISÃO SEM VÍTIMA";2;0;0;0;0;0;0;0;0;0;0;"Longo da via";"Bom";"Não existe";"Incompleta";"Seca";"Perfeito estado";"Não existe";"";"";"Única";"Faixa contínua";"";""
"4396";2020-01-04;"14:31:00";"SEM VÍTIMA";"FINALIZADA";"DERBY";"RUA JORNALISTA PAULO BITTENCOURT";"";"RUA DA BAIXA VERDE";"";"DERBY";NA;"CIDADE";"ABALROAMENTO LONGITUDINAL";"COLISÃO SEM VÍTIMA";2;0;0;0;0;0;0;0;0;0;0;"Cruzamento";"Bom";"Não existe";"Perfeito estado";"Seca";"Perfeito estado";"Faixa de pedestre";"R-6a";"";"Dupla";"Faixa seccionada";"";""
"4397";2020-01-04;"15:11:00";"SEM VÍTIMA";"FINALIZADA";"SANTO AMARO";"AV GOVERNADOR AGAMENON MAGALHAES";"";"";"LADO OP. CENTRAL DE FLAGRANTES";"SANTO AMARO";49;"";"COLISÃO TRASEIRA";"COLISÃO SEM VÍTIMA";3;0;0;0;0;0;0;0;0;0;0;"Longo da via";"Bom";"Sem defeito";"Perfeito estado";"Seca";"";"";"Outras";"60 km/h";"Única";"Faixa seccionada";"Canteiro central";""
"4398";2020-01-04;"15:12:00";"COM VÍTIMA";"FINALIZADA";"IMBIRIBEIRA";"RUA ARQUITETO LUIZ NUNES";"822";"";"EM FRENTE AO RESIDENCIAL PINHEIROS";"IMBIRIBEIRA";NA;"";"ABALROAMENTO TRANSVERSAL";"COLISÃO COM VITIMA ENTRE AUTO E MOTO.";1;1;0;0;0;0;0;0;0;1;0;"Longo da via";"Bom";"Não existe";"Perfeito estado";"Seca";"Perfeito estado";"Não existe";"Não há placas";"40 km/h";"Dupla";"Faixa contínua";"";""
"4399";2020-01-04;"15:23:00";"SEM VÍTIMA";"CANCELADA";"BOA VISTA";"RUA DA SANTA CRUZ";"64";"";"EM FRENTE A PADARIA SANTA CRUZ";"BOA VISTA";NA;"";"COLISÃO";"COLISÃO SEM VÍTIMA";1;0;0;0;0;1;0;0;0;0;0;"";"";"";"";"";"";"";"";"";"";"";"";""
"4400";2020-01-04;"15:33:00";"SEM VÍTIMA";"FINALIZADA";"CAXANGÁ";"AV CAXANGA";"4515";"";"FIAT ITALIANA";"CAXANGÁ";NA;"CIDADE";"COLISÃO TRASEIRA";"COLISÃO SEM VÍTIMA";1;1;0;0;0;0;0;0;0;0;0;"Longo da via";"Bom";"";"Perfeito estado";"Seca";"Perfeito estado";"";"R-6a";"";"Dupla";"Faixa seccionada";"Canteiro central";""
"4401";2020-01-04;"15:50:00";"SEM VÍTIMA";"FINALIZADA";"MADALENA";"RUA BENFICA";"997";"AV JOSE GONCALVES DE MEDEIROS";"AO LADO BOSCH SERVIÇOS";"MADALENA";NA;"CIDADE";"ABALROAMENTO LONGITUDINAL";"COLISÃO SEM VÍTIMA";2;0;0;0;0;0;0;0;0;0;0;"";"Bom";"Não existe";"Perfeito estado";"Seca";"Perfeito estado";"Outros";"R-6a";"40 km/h";"Dupla";"Faixa contínua";"Faixa seccionada";""
"4402";2020-01-04;"15:51:00";"SEM VÍTIMA";"FINALIZADA";"";"AV JOAO DE BARROS";"";"AV VISCONDE DE SUASSUNA";"";"";356;"";"ABALROAMENTO LONGITUDINAL";"COLISAO ENTRE DOIS AUTOS S/V";2;0;0;0;0;0;0;0;0;0;0;"Longo da via";"Bom";"Sem defeito";"Perfeito estado";"Seca";"Perfeito estado";"Não existe";"Outras";"";"Única";"Faixa contínua";"";""
"4403";2020-01-04;"16:01:00";"SEM VÍTIMA";"FINALIZADA";"CASA AMARELA";"RUA CASA AMARELA";"";"";"POR TRÁS DO ANEXO DO MERCADO DE CASA AMARELA";"CASA AMARELA";NA;"SUBURBIO";"ABALROAMENTO LONGITUDINAL";"COLISAO ENTRE DOIS AUTOS S/V";2;0;0;0;0;0;0;0;0;0;0;"Longo da via";"Bom";"Não existe";"Perfeito estado";"Seca";"Perfeito estado";"Não existe";"Placas Pare";"";"Dupla";"Não existe";"";""
"4404";2020-01-04;"18:08:00";"COM VÍTIMA";"FINALIZADA";"BOA VIAGEM";"AV GENERAL MAC ARTHUR";"301";"RUA DUQUE ESTRADA";"E/F AO LE PARK --- VT 05 E 26 NO LOCAl";"BOA VIAGEM";NA;"SUBURBIO";"ABALROAMENTO LONGITUDINAL";"ENTRE AUTO E MOTO COM VÍTIMA";1;1;0;0;0;0;0;0;0;1;0;"Longo da via";"Bom";"Não existe";"Perfeito estado";"Seca";"Perfeito estado";"Outros";"Não há placas";"40 km/h";"Única";"Faixa seccionada";"";""
"4405";2020-01-04;"18:22:00";"SEM VÍTIMA";"FINALIZADA";"AREIAS";"AV RECIFE";"204";"";"EM CIMA DA PONTE";"AREIAS";NA;"CIDADE";"COLISÃO TRASEIRA";"COLISAO SEM VITIMAS";1;0;0;0;0;0;1;0;0;0;0;"Viaduto";"Bom";"Não existe";"Incompleta";"Seca";"";"Não existe";"";"";"Dupla";"Canteiro central";"";""
"4406";2020-01-04;"19:29:00";"SEM VÍTIMA";"FINALIZADA";"JARDIM SÃO PAULO";"RUA LORENA";"";"RUA LEANDRO BARRETO";"VIADUTO SOBRE A BR 101";"JARDIM SÃO PAULO";NA;"SUBURBIO";"CHOQUE OBJETO FIXO";"COLISAO SEM VITIMAS";2;0;0;0;0;0;0;0;0;0;0;"Cruzamento";"Bom";"Não existe";"Incompleta";"Seca";"Mal conservada";"Não existe";"Não há placas";"";"Dupla";"Não existe";"";""
"4407";2020-01-04;"21:24:00";"SEM VÍTIMA";"CANCELADA";"IBURA";"AV DOIS RIOS";"106";"";"PRÓX A POLICLINICA ARNALDO MARQUES / E/F A IGREJA MUNDIAL E AUTO ESCOLA PILOTO";"IBURA";NA;"";"COLISÃO";"ENTRE 2 AUTOS. S/V";2;0;0;0;0;0;0;0;0;0;0;"";"";"";"";"";"";"";"";"";"";"";"";""
"4408";2020-01-05;"10:26:00";"SEM VÍTIMA";"FINALIZADA";"BOA VIAGEM";"RUA MARQUES DE VALENCA";"350";"";"IGREJA  NOSSA SENHORA DE FATIMA";"BOA VIAGEM";NA;"SUBURBIO";"ABALROAMENTO LONGITUDINAL";"COLISÃO SEM VTIMAS";2;0;0;0;0;0;0;0;0;0;0;"Longo da via";"Bom";"Não existe";"Perfeito estado";"Seca";"Perfeito estado";"Não existe";"Não há placas";"";"Dupla";"Faixa seccionada";"";""
"4409";2020-01-05;"11:46:00";"SEM VÍTIMA";"CANCELADA";"SANTO AMARO";"PRC DO CAMPO SANTO";"S/N";"";"EM FRENTE A D.P DA MULHER";"SANTO AMARO";NA;"";"CHOQUE OBJETO FIXO";"COLISÃO SEM VITIMA";0;0;0;0;0;0;0;1;0;0;0;"";"";"";"";"";"";"";"";"";"";"";"";""
"4410";2020-01-05;"13:14:00";"SEM VÍTIMA";"FINALIZADA";"";"AV CAXANGA";"792";"RUA VISCONDE DO URUGUAI";"";"";274;"SUBURBIO";"ABALROAMENTO TRANSVERSAL";"COLISÃO SEM VITIMA";1;0;0;0;0;1;0;0;0;0;0;"Longo da via";"Bom";"Sem defeito";"Perfeito estado";"Seca";"Perfeito estado";"Outros";"Outras";"60 km/h";"Única";"Faixa seccionada";"";""
"4411";2020-01-05;"13:28:00";"SEM VÍTIMA";"FINALIZADA";"GRAÇAS";"RUA DO ESPINHEIRO";"151";"";"CLIN ( PLANO ODONTOLÓGICO DIGITAL)";"GRAÇAS";NA;"CIDADE";"ABALROAMENTO TRANSVERSAL";"SEM VITIMAS";2;0;0;0;0;0;0;0;0;0;0;"Longo da via";"Bom";"Não existe";"Perfeito estado";"Seca";"Perfeito estado";"Não existe";"Outras";"";"Única";"Faixa seccionada";"";""
"4412";2020-01-05;"14:29:00";"SEM VÍTIMA";"FINALIZADA";"PINA";"AV ANTONIO DE GOES";"";"RUA CACILDA IOLANDA PORCIUNCULA";"PONTE GOV. PAULO GUERRA";"PINA";NA;"";"COLISÃO TRASEIRA";"SEM VITIMAS";3;0;0;0;0;0;0;0;0;0;0;"Longo da via";"Bom";"Não existe";"Perfeito estado";"Seca";"Perfeito estado";"Não existe";"R-19";"40 km/h";"Única";"Faixa seccionada";"Canteiro central";""
"4413";2020-01-05;"16:05:00";"COM VÍTIMA";"FINALIZADA";"MADALENA";"RUA PROFESSOR BENEDITO MONTEIRO";"";"";"RUA AO LADO DO INTERNACIONAL- JUNTO A ESCOLA POLITECNICA DE PE";"MADALENA";NA;"";"COLISÃO TRASEIRA";"COLISÃO COM VITIMA";1;1;0;0;0;0;0;0;0;1;0;"Longo da via";"Bom";"Não existe";"Perfeito estado";"Seca";"Perfeito estado";"Não existe";"R-6a";"";"Única";"Faixa seccionada";"";""
"4414";2020-01-05;"17:07:00";"SEM VÍTIMA";"FINALIZADA";"PINA";"AV CONSELHEIRO AGUIAR";"960";"RUA TOME GIBSON";"PADARIA MIRAMAR";"PINA";2;"";"ABALROAMENTO TRANSVERSAL";"SEM VITIMAS";1;0;0;0;0;1;0;0;0;0;0;"Cruzamento";"Bom";"Sem defeito";"Perfeito estado";"Seca";"Perfeito estado";"Faixa de pedestre";"Não há placas";"";"Dupla";"Faixa seccionada";"";""
"4415";2020-01-05;"19:23:00";"COM VÍTIMA";"FINALIZADA";"MUSTARDINHA";"RUA VINTE E UM DE ABRIL";"711";"RUA JOAO LEITE";"E/F A CAPELA DE SÃO JOSÉ / PRÓX A MT-MOTOS";"MUSTARDINHA";NA;"SUBURBIO";"ATROPELAMENTO";"ENTRE MOTO E PEDESTRE. C/V";0;1;0;0;1;0;0;0;0;2;0;"Longo da via";"Bom";"Não existe";"Não existente";"Seca";"Perfeito estado";"Não existe";"Não há placas";"";"Dupla";"Não existe";"";""
"4416";2020-01-05;"19:31:00";"SEM VÍTIMA";"FINALIZADA";"ROSARINHO";"AV SANTOS DUMONT";"815";"";"";"ROSARINHO";NA;"";"COLISÃO TRASEIRA";"COLISAO SEM VITIMAS";2;0;0;0;0;0;0;0;0;0;0;"Longo da via";"Bom";"Sem defeito";"Perfeito estado";"Seca";"Perfeito estado";"Não existe";"R-6a";"";"Única";"Não existe";"";""
"4417";2020-01-05;"19:35:00";"COM VÍTIMA";"FINALIZADA";"LINHA DO TIRO";"RUA PROFESSOR JOSE AMARINO DOS REIS";"117";"";"E/F A ASSEMBLEIA DE DEUS";"LINHA DO TIRO";NA;"SUBURBIO";"ATROPELAMENTO";"ENTRE MOTO E PEDESTRE. C/V";0;1;0;0;1;0;0;0;0;1;0;"Longo da via";"Bom";"Não existe";"Não existente";"Seca";"Perfeito estado";"Não existe";"Não há placas";"";"Dupla";"Não existe";"";""
"4418";2020-01-05;"19:47:00";"SEM VÍTIMA";"CANCELADA";"CÓRREGO DO JENIPAPO";"RUA ERUNDINA NEGREIROS DE ARAUJO";"582";"";"PROX AO TERMINAL DO LARGO DO MARACANA";"CÓRREGO DO JENIPAPO";NA;"";"COLISÃO";"COLISAO SEM VITMAS";1;1;0;0;0;0;0;0;0;0;0;"";"";"";"";"";"";"";"";"";"";"";"";""
"4419";2020-01-05;"19:49:00";"COM VÍTIMA";"FINALIZADA";"IBURA";"AV DOIS RIOS";"";"LAD DA COHAB";"AO LADO DA POLICLINICA ARNALDO BARROS. LADO OPOSTO AO POSTE B041617.";"IBURA";NA;"SUBURBIO";"ABALROAMENTO TRANSVERSAL";"ENTRE AUTO E MOTO. C/V";1;1;0;0;0;0;0;0;0;2;0;"Esquina";"Bom";"Não existe";"Perfeito estado";"Seca";"Perfeito estado";"Não existe";"Não há placas";"";"Dupla";"Canteiro central";"";""
"4420";2020-01-05;"20:08:00";"SEM VÍTIMA";"FINALIZADA";"TORRÕES";"AV ENGENHEIRO ABDIAS DE CARVALHO";"51";"";"EM FRENTE AO PLATO TURBO";"TORRÕES";NA;"CIDADE";"ABALROAMENTO LONGITUDINAL";"COLISAO SEM VITIMAS";1;0;0;0;0;0;0;0;2;0;0;"Longo da via";"Bom";"Não existe";"Perfeito estado";"Seca";"Perfeito estado";"Não existe";"Não há placas";"";"Única";"Faixa seccionada";"";""
"4421";2020-01-05;"22:35:00";"COM VÍTIMA";"FINALIZADA";"CASA FORTE";"EST DO ENCANAMENTO";"";"EST DAS UBAIAS-";"NO CRUZAMENTO MESMO";"CASA FORTE";593;"SUBURBIO";"ABALROAMENTO TRANSVERSAL";"COLISAO COM VITIMAS";1;1;0;0;0;0;0;0;0;1;0;"Cruzamento";"Bom";"Sem defeito";"Perfeito estado";"Seca";"Perfeito estado";"Faixa de pedestre";"Outras";"";"Única";"Faixa contínua";"";""
"4422";2020-01-06;"06:47:00";"SEM VÍTIMA";"FINALIZADA";"ÁGUA FRIA";"AV BEBERIBE";"1799";"RUA ZEFERINO AGRA";"";"ÁGUA FRIA";NA;"CIDADE";"ABALROAMENTO LONGITUDINAL";"S/VITIMA";1;1;0;0;0;0;0;0;0;0;0;"Longo da via";"Bom";"Não existe";"Perfeito estado";"Seca";"Perfeito estado";"Faixa de pedestre";"R-6a";"";"Dupla";"Faixa contínua";"";""
"4423";2020-01-06;"07:00:00";"SEM VÍTIMA";"FINALIZADA";"ILHA DO LEITE";"AV GOVERNADOR AGAMENON MAGALHAES";"422";"RUA HENRIQUE DIAS";"SOB A LINHA DE RETENÇÃO DO SEMÁFORO Nº 068";"ILHA DO LEITE";68;"";"COLISÃO TRASEIRA";"COLISAO S/ VITIMA. ENTRE DOIS VEICULOS. GM: JOAO VITOR E MAURICIOS SANTOS NO LOCAL";2;0;0;0;0;0;0;0;0;0;0;"Longo da via";"Bom";"Sem defeito";"Perfeito estado";"Seca";"Perfeito estado";"Agente";"Não há placas";"60 km/h";"Dupla";"Faixa seccionada";"Canteiro central";""
"4424";2020-01-06;"07:31:00";"COM VÍTIMA";"FINALIZADA";"PRADO";"AV ENGENHEIRO ABDIAS DE CARVALHO";"";"RUA CARLOS GOMES";"PRÓXIMO A FARMÁCIA PAGUE MENOS";"PRADO";57;"CIDADE";"COLISÃO COM CICLISTA";"AUTO E BICICLETA.";1;0;0;1;0;0;0;0;0;1;0;"Esquina";"Bom";"Sem defeito";"Perfeito estado";"Seca";"Perfeito estado";"";"Outras";"";"Única";"";"";""
"4425";2020-01-06;"08:35:00";"SEM VÍTIMA";"FINALIZADA";"IMBIRIBEIRA";"RUA ENGENHEIRO JOSE BRANDAO CAVALCANTE";"95";"RUA GENERAL GOES MONTEIRO";"";"IMBIRIBEIRA";NA;"CIDADE";"ABALROAMENTO TRANSVERSAL";"SEM VITIMAS";2;0;0;0;0;0;0;0;0;0;0;"Cruzamento";"Bom";"Não existe";"Não existente";"Seca";"Perfeito estado";"Não existe";"Não há placas";"";"Dupla";"Não existe";"";""
"4426";2020-01-06;"08:54:00";"SEM VÍTIMA";"CANCELADA";"CASA AMARELA";"RUA PADRE LEMOS";"309";"";"EM FRENTE A CAIXA ECONOMICA";"CASA AMARELA";NA;"";"COLISÃO";"COLISAO S/ VITIMA ENTRE ONIBUS E CARRO PASSEIO";1;0;0;0;0;1;0;0;0;0;0;"";"";"";"";"";"";"";"";"";"";"";"";""
"4427";2020-01-06;"09:03:00";"COM VÍTIMA";"FINALIZADA";"MANGABEIRA";"AV NORTE";"4681";"RUA RODRIGUES SETE";"PROX. TOTAL CAR";"MANGABEIRA";NA;"CIDADE";"ABALROAMENTO TRANSVERSAL";"COLISAO COM VITIMA ENTRE VEICULO E MOTO";1;1;0;0;0;0;0;0;0;1;0;"Longo da via";"Bom";"Sem defeito";"Perfeito estado";"Seca";"Perfeito estado";"Outros";"Não há placas";"";"Dupla";"Canteiro central";"";""
"4428";2020-01-06;"09:30:00";"SEM VÍTIMA";"FINALIZADA";"AREIAS";"AV RECIFE";"657";"";"MAKRO";"AREIAS";NA;"SUBURBIO";"COLISÃO TRASEIRA";"SEM VITIMAS";1;0;0;0;0;0;1;0;0;0;0;"Longo da via";"Bom";"";"Perfeito estado";"Seca";"Perfeito estado";"Faixa de pedestre";"";"";"Dupla";"Canteiro central";"";""
"4429";2020-01-06;"10:21:00";"SEM VÍTIMA";"FINALIZADA";"ESPINHEIRO";"AV GOVERNADOR AGAMENON MAGALHAES";"3158";"";"EM FRENTE A MEDICAL";"ESPINHEIRO";NA;"";"CHOQUE VEÍCULO PARADO";"DOIS AUTOS";2;0;0;0;0;0;0;0;0;0;0;"Longo da via";"Bom";"Não existe";"Perfeito estado";"Seca";"Perfeito estado";"Não existe";"Não há placas";"60 km/h";"Dupla";"Faixa seccionada";"";""
"4430";2020-01-06;"10:21:00";"SEM VÍTIMA";"FINALIZADA";"BOA VISTA";"RUA DO HOSPICIO";"";"";"EM FRENTE A LOJAS AMERICANAS";"BOA VISTA";NA;"CIDADE";"ABALROAMENTO LONGITUDINAL";"COLISÃO S/VITIMAS ENTRE UM AUTO E UM ONIBUS";1;0;0;0;0;1;0;0;0;0;0;"Longo da via";"Bom";"Não existe";"Perfeito estado";"Seca";"Perfeito estado";"Não existe";"Outras";"";"Única";"Não existe";"";""
"4431";2020-01-06;"11:15:00";"SEM VÍTIMA";"FINALIZADA";"SAN MARTIN";"AV ENGENHEIRO ABDIAS DE CARVALHO";"";"RUA QUINZE DE MARCO";"SEMÁFORO 422";"SAN MARTIN";422;"CIDADE";"COLISÃO TRASEIRA";"DOIS AUTOS";2;0;0;0;0;0;0;0;0;0;0;"Cruzamento";"Bom";"Sem defeito";"Perfeito estado";"Seca";"Perfeito estado";"Faixa de pedestre";"Não há placas";"";"Dupla";"Canteiro central";"";""
"4432";2020-01-06;"11:49:00";"SEM VÍTIMA";"FINALIZADA";"SANTO AMARO";"TRV CRUZ CABUGA";"";"";"AO LADO DO SHOPPING TACARUNA";"SANTO AMARO";NA;"CIDADE";"ABALROAMENTO LONGITUDINAL";"COLISAO S/ VITIMA ENTRE VEICULO E MOTO";1;1;0;0;0;0;0;0;0;0;0;"Longo da via";"Bom";"Não existe";"Perfeito estado";"Seca";"Perfeito estado";"Não existe";"R-6a";"";"Única";"Não existe";"";""
"4433";2020-01-06;"11:53:00";"SEM VÍTIMA";"FINALIZADA";"PAISSANDU";"AV GOVERNADOR AGAMENON MAGALHAES";"";"";"LADO OPOSTO AO Nº 4575";"PAISSANDU";NA;"";"ABALROAMENTO LONGITUDINAL";"DOIS AUTOS";2;0;0;0;0;0;0;0;0;0;0;"Longo da via";"Bom";"Sem defeito";"Perfeito estado";"Seca";"Perfeito estado";"Faixa de pedestre";"Outras";"60 km/h";"Dupla";"Canteiro central";"";""
"4434";2020-01-06;"12:10:00";"SEM VÍTIMA";"FINALIZADA";"PINA";"AV ANTONIO DE GOES";"260";"";"EM FRENTE A LOJA FBA NAUTICA";"PINA";NA;"CIDADE";"COLISÃO TRASEIRA";"COLISAO ENTRE AUTO E MOTO S/V";1;1;0;0;0;0;0;0;0;0;0;"Longo da via";"Bom";"Sem defeito";"Perfeito estado";"Seca";"Perfeito estado";"Agente";"Não há placas";"60 km/h";"Única";"Faixa contínua";"";""
"4435";2020-01-06;"12:47:00";"SEM VÍTIMA";"FINALIZADA";"PINA";"AV HERCULANO BANDEIRA";"1001";"RUA ARQUITETO AUGUSTO REINALDO";"EM FRENTE AO ATACADO DA CONTRUÇAO";"PINA";660;"SUBURBIO";"ABALROAMENTO LONGITUDINAL";"COLISAO ENTRE";1;0;0;0;0;1;0;0;0;0;0;"Cruzamento";"Bom";"Sem defeito";"Perfeito estado";"Seca";"Perfeito estado";"Faixa de pedestre";"Não há placas";"";"Única";"";"";""
"4436";2020-01-06;"13:00:00";"SEM VÍTIMA";"FINALIZADA";"IMBIRIBEIRA";"AV MARECHAL MASCARENHAS DE MORAES";"";"";"";"IMBIRIBEIRA";631;"CIDADE";"COLISÃO TRASEIRA";"COLISAO ENTRE AUTO E MOTO S/V";1;1;0;0;0;0;0;0;0;0;0;"Cruzamento";"Bom";"Sem defeito";"Perfeito estado";"Seca";"Perfeito estado";"";"Outras";"60 km/h";"Dupla";"Canteiro central";"";""
"4437";2020-01-06;"13:04:00";"SEM VÍTIMA";"FINALIZADA";"IMBIRIBEIRA";"AV MARECHAL MASCARENHAS DE MORAES";"6333";"";"AEROPORTO";"IMBIRIBEIRA";625;"SUBURBIO";"ABALROAMENTO LONGITUDINAL";"COLISAO ENTRE DOIS AUTOS S/V";2;0;0;0;0;0;0;0;0;0;0;"Longo da via";"Bom";"Sem defeito";"Perfeito estado";"Seca";"Perfeito estado";"Faixa de pedestre";"Não há placas";"";"Dupla";"Canteiro central";"";""
"4438";2020-01-06;"13:14:00";"COM VÍTIMA";"FINALIZADA";"IMBIRIBEIRA";"RUA ARQUITETO LUIZ NUNES";"1650";"";"AO LADO DA DROGASIL";"IMBIRIBEIRA";NA;"SUBURBIO";"ABALROAMENTO LONGITUDINAL";"COLISAO COM VITIMA ENTRE VEICULO E MOTO";1;1;0;0;0;0;0;0;0;1;0;"Longo da via";"Bom";"Não existe";"Ilegível";"Seca";"Mal iluminada";"Não existe";"Outras";"";"Dupla";"Faixa seccionada";"";""
"4439";2020-01-06;"13:36:00";"SEM VÍTIMA";"FINALIZADA";"BOA VISTA";"RUA DOM BOSCO";"";"RUA JOAQUIM DE BRITO";"";"BOA VISTA";NA;"CIDADE";"ABALROAMENTO LONGITUDINAL";"COLISÃO SEM VITIMA";2;0;0;0;0;0;0;0;0;0;0;"Cruzamento";"Bom";"Não existe";"Incompleta";"Seca";"Perfeito estado";"";"Placas Pare";"";"";"Não existe";"";""
"4440";2020-01-06;"13:44:00";"COM VÍTIMA";"FINALIZADA";"PINA";"AV REPUBLICA DO LIBANO";"";"";"VIADUTO SHOPPING RIO MAR.";"PINA";NA;"SUBURBIO";"ABALROAMENTO LONGITUDINAL";"COLISAO COM VITIMA ENTRE VEICULO E MOTO";1;1;0;0;0;0;0;0;0;1;0;"Longo da via";"Bom";"Não existe";"Perfeito estado";"Seca";"Perfeito estado";"Agente";"Não há placas";"";"Única";"Faixa contínua";"";""
"4441";2020-01-06;"14:02:00";"COM VÍTIMA";"FINALIZADA";"AREIAS";"AV DR JOSE RUFINO";"1501";"";"E/F A IGREJA PRESBITERIANA";"AREIAS";44;"CIDADE";"COLISÃO TRASEIRA";"COLISAO ENTRE AUTO E MOTO";1;1;0;0;0;0;0;0;0;2;0;"Longo da via";"Bom";"Sem defeito";"Incompleta";"Seca";"Perfeito estado";"Faixa de pedestre";"R-6a";"";"Dupla";"Faixa contínua";"";""
"4442";2020-01-06;"14:25:00";"SEM VÍTIMA";"FINALIZADA";"SANTO AMARO";"AV NORTE";"141";"RUA VINTE E QUATRO DE AGOSTO";"EM FRENTE AO 21º CSM";"SANTO AMARO";463;"SUBURBIO";"ABALROAMENTO LONGITUDINAL";"";1;0;0;0;0;1;0;0;0;0;0;"Longo da via";"Bom";"Sem defeito";"Perfeito estado";"Seca";"Perfeito estado";"Faixa de retenção";"Outras";"60 km/h";"Dupla";"Faixa contínua";"Canteiro central";""
"4443";2020-01-06;"14:38:00";"SEM VÍTIMA";"FINALIZADA";"NOVA DESCOBERTA";"AV VEREADOR OTACILIO AZEVEDO";"";"";"E/F A ESCOLA ROTARY";"NOVA DESCOBERTA";NA;"SUBURBIO";"COLISÃO TRASEIRA";"COLISAO SEM VITIMAS";1;1;0;0;0;0;0;0;0;0;0;"Longo da via";"Bom";"Não existe";"Perfeito estado";"Seca";"Perfeito estado";"Faixa de pedestre";"Outras";"";"Dupla";"Faixa contínua";"";""
"4444";2020-01-06;"14:46:00";"SEM VÍTIMA";"FINALIZADA";"PINA";"RUA CONSUL JOSEPH NOUJAIM";"";"RUA NOGUEIRA DE SOUZA";"";"PINA";658;"CIDADE";"ABALROAMENTO LONGITUDINAL";"COLISAO DE DOIS AUTOS SEM VITIMAS";2;0;0;0;0;0;0;0;0;0;0;"Cruzamento";"Bom";"Sem defeito";"Perfeito estado";"Seca";"Perfeito estado";"Faixa de pedestre";"Não há placas";"";"Única";"Faixa seccionada";"";""
"4445";2020-01-06;"14:48:00";"SEM VÍTIMA";"FINALIZADA";"BOA VIAGEM";"AV ENGENHEIRO DOMINGOS FERREIRA";"2640";"";"POSTO BR";"BOA VIAGEM";NA;"SUBURBIO";"COLISÃO TRASEIRA";"COLISÃO SEM VITIMA";3;0;0;0;0;0;0;0;0;0;0;"Longo da via";"Bom";"Não existe";"Perfeito estado";"Seca";"Perfeito estado";"Não existe";"Não há placas";"";"Única";"Faixa seccionada";"";""