"";"data";"hora";"natureza_acidente";"situacao";"bairro";"endereco";"numero";"detalhe_endereco_acidente";"complemento";"bairro_cruzamento";"num_semaforo";"sentido_via";"tipo";"descricao";"auto";"moto";"ciclom";"ciclista";"pedestre";"onibus";"caminhao";"viatura";"outros";"vitimas";"vitimasfatais";"acidente_verificado";"tempo_clima";"situacao_semaforo";"sinalizacao";"condicao_via";"conservacao_via";"ponto_controle";"situacao_placa";"velocidade_max_via";"mao_direcao";"divisao_via1";"divisao_via2";"divisao_via3"
"4446";2020-01-06;"14:59:00";"SEM VÍTIMA";"DUPLICIDADE";"PINA";"RUA CONSUL JOSEPH NOUJAIM";"";"";"";"PINA";658;"";"COLISÃO";"COLISÃO SEM VITIMA";2;0;0;0;0;0;0;0;0;0;0;"";"";"";"";"";"";"";"";"";"";"";"";""
"4447";2020-01-06;"15:27:00";"SEM VÍTIMA";"FINALIZADA";"ILHA DO LEITE";"RUA GENERAL JOAQUIM INACIO";"4481";"";"AO LADO DO BANCO";"ILHA DO LEITE";69;"SUBURBIO";"COLISÃO TRASEIRA";"COLISAO SEM VITIMAS";2;0;0;0;0;0;0;0;0;0;0;"Longo da via";"Bom";"Sem defeito";"Perfeito estado";"Seca";"Perfeito estado";"Faixa de pedestre";"Não há placas";"40 km/h";"Única";"Faixa contínua";"";""
"4448";2020-01-06;"17:24:00";"SEM VÍTIMA";"FINALIZADA";"IMBIRIBEIRA";"AV MARECHAL MASCARENHAS DE MORAES";"2657";"";"E/F A IMBIRIBEIRA DIESEL";"IMBIRIBEIRA";7;"CIDADE";"COLISÃO TRASEIRA";"COLISAO ENTRE ONIBUS E AUTOS S/V";1;0;0;0;0;1;0;0;0;0;0;"Longo da via";"Bom";"Sem defeito";"Perfeito estado";"Seca";"Perfeito estado";"Faixa de pedestre";"";"60 km/h";"Única";"Canteiro central";"";""
"4449";2020-01-06;"17:46:00";"SEM VÍTIMA";"FINALIZADA";"BOA VIAGEM";"RUA ANTONIO FALCAO";"";"RUA MINISTRO NELSON HUNGRIA";"PARQUE TRIGO";"BOA VIAGEM";NA;"";"ABALROAMENTO TRANSVERSAL";"COLISÃO COM VITIMA/ AGUARDANDO SAMU NO LOCAL";2;1;0;0;0;0;0;0;0;0;0;"Cruzamento";"Bom";"Não existe";"Incompleta";"Seca";"Perfeito estado";"Não existe";"Não há placas";"60 km/h";"Única";"Não existe";"";""
"4450";2020-01-06;"18:38:00";"SEM VÍTIMA";"FINALIZADA";"ÁGUA FRIA";"AV BEBERIBE";"2238";"";"MERCADINHO DOIS IRMÃOS / SOBERANO";"ÁGUA FRIA";NA;"SUBURBIO";"ABALROAMENTO LONGITUDINAL";"COLISAO SEM VITIMAS";1;0;0;0;0;1;0;0;0;0;0;"Longo da via";"Bom";"Não existe";"Perfeito estado";"Seca";"Perfeito estado";"Não existe";"Não há placas";"";"Dupla";"Faixa contínua";"Faixa seccionada";""
"4451";2020-01-06;"18:49:00";"SEM VÍTIMA";"FINALIZADA";"BOA VIAGEM";"AV CONSELHEIRO AGUIAR";"3572";"";"LOJA CORTA JACA";"BOA VIAGEM";NA;"CIDADE";"ABALROAMENTO LONGITUDINAL";"ENTRE 2 AUTOS. S/V";2;0;0;0;0;0;0;0;0;0;0;"Longo da via";"Bom";"Não existe";"Perfeito estado";"Seca";"Perfeito estado";"Não existe";"R-6a";"60 km/h";"Única";"Faixa seccionada";"";""
"4452";2020-01-06;"18:58:00";"COM VÍTIMA";"FINALIZADA";"SANTO ANTÔNIO";"RUA DO SOL";"";"AV GUARARAPES";"CRUZAMENTO C/AV GUARARAPES";"SANTO ANTÔNIO";14;"SUBURBIO";"ATROPELAMENTO";"ATROPELAMENTO ENTRE CAMINHONETE E PEDESTRE.";1;0;0;0;2;0;0;0;0;2;0;"Cruzamento";"Bom";"Sem defeito";"Perfeito estado";"Seca";"Perfeito estado";"Agente";"R-6a";"";"Única";"";"";""
"4453";2020-01-06;"19:32:00";"SEM VÍTIMA";"FINALIZADA";"ROSARINHO";"AV CONS ROSA E SILVA";"1997";"";"FARMÁCIA PAGUE MENOS";"ROSARINHO";NA;"SUBURBIO";"ABALROAMENTO TRANSVERSAL";"ENTRE AUTO E CAMINHÃO. S/V";1;0;0;0;0;0;1;0;0;0;0;"Longo da via";"Bom";"Não existe";"Perfeito estado";"Seca";"Perfeito estado";"Não existe";"Não há placas";"";"Única";"Faixa contínua";"";""
"4454";2020-01-06;"19:52:00";"SEM VÍTIMA";"FINALIZADA";"IBURA";"AV DOIS RIOS";"1103";"";"EM FRENTE AO Nº 1103";"IBURA";NA;"";"COLISÃO TRASEIRA";"COLISAO SEM VITIMAS";2;0;0;0;0;0;0;0;0;0;0;"Longo da via";"Bom";"Sem defeito";"Perfeito estado";"Seca";"Mal iluminada";"Não existe";"Não há placas";"";"Dupla";"Faixa contínua";"";""
"4455";2020-01-06;"20:11:00";"SEM VÍTIMA";"FINALIZADA";"BOA VISTA";"RUA LUIZ BARBALHO";"89";"RUA MIGUEL COUTO";"EMLURB";"BOA VISTA";NA;"CIDADE";"ABALROAMENTO LONGITUDINAL";"ENTRE 2 AUTOS. S/V";2;0;0;0;0;0;0;0;0;0;0;"Cruzamento";"Bom";"Não existe";"";"Seca";"Perfeito estado";"Não existe";"Não há placas";"";"Dupla";"Não existe";"";""
"4456";2020-01-06;"20:28:00";"SEM VÍTIMA";"FINALIZADA";"SANTO ANTÔNIO";"C SANTA RITA";"";"";"PRÓXIMO A ENTRADA DO TERMINAL";"SANTO ANTÔNIO";76;"CIDADE";"ABALROAMENTO LONGITUDINAL";"ENTRE AUTO E ÔNIBUS. S/V";1;0;0;0;0;1;0;0;0;0;0;"Longo da via";"Bom";"Sem defeito";"Perfeito estado";"Seca";"Perfeito estado";"Não existe";"Não há placas";"";"Dupla";"Canteiro central";"Faixa contínua";""
"4457";2020-01-07;"07:32:00";"SEM VÍTIMA";"CANCELADA";"JARDIM SÃO PAULO";"AV SAO PAULO";"932";"RUA CAPETINGA";"200METROS APÓS O CONDOMINIO EL SALVADOR";"JARDIM SÃO PAULO";NA;"BR 101";"COLISÃO";"SEM VITIMAS";2;0;0;0;0;0;0;0;0;0;0;"";"";"";"";"";"";"";"";"";"";"";"";""
"4458";2020-01-07;"07:32:00";"SEM VÍTIMA";"FINALIZADA";"DOIS IRMÃOS";"RUA DOIS IRMAOS";"";"AV DA RECUPERACAO";"";"DOIS IRMÃOS";416;"CIDADE";"ABALROAMENTO LONGITUDINAL";"COLISÃO SEM VITIMAS  GM  ANDRE MANOEL QTH";0;2;0;0;0;0;0;0;0;0;0;"Cruzamento";"Chuvoso";"Sem defeito";"Perfeito estado";"Molhada";"Perfeito estado";"Não existe";"Não há placas";"";"Dupla";"Não existe";"";""
"4459";2020-01-07;"08:01:00";"SEM VÍTIMA";"FINALIZADA";"VÁRZEA";"AV CAXANGA";"";"";"LADO OPOSTO A UPA ESCRITOR PAULO CAVALCANTI CAXANGÁ";"VÁRZEA";281;"CIDADE";"COLISÃO TRASEIRA";"SEM VITIMA. ENTRE TRES VEICULOS. GM: FONTENELE. PONTO FIXO NO LOCAL";3;0;0;0;0;0;0;0;0;0;0;"Longo da via";"Chuvoso";"Sem defeito";"Perfeito estado";"Molhada";"Perfeito estado";"Agente";"Não há placas";"60 km/h";"Dupla";"Faixa seccionada";"Canteiro central";""
"4460";2020-01-07;"08:06:00";"SEM VÍTIMA";"FINALIZADA";"ESPINHEIRO";"AV CONS ROSA E SILVA";"";"";"EM FRENTE AO HOSPITAL DOS SERVIDORES DO ESTADO - HSE";"ESPINHEIRO";309;"SUBURBIO";"COLISÃO TRASEIRA";"SEM VITIMAS";2;0;0;0;0;0;0;0;0;0;0;"Longo da via";"Bom";"Sem defeito";"Perfeito estado";"Seca";"Perfeito estado";"Faixa de pedestre";"";"";"Única";"Faixa seccionada";"";""
"4461";2020-01-07;"08:11:00";"SEM VÍTIMA";"FINALIZADA";"GRAÇAS";"AV RUI BARBOSA";"870";"";"EM FRENTE AO Nº 870";"GRAÇAS";48;"CIDADE";"COLISÃO TRASEIRA";"DOIS AUTOS PONTO FIXO GM PARAISO E LUCAS";2;0;0;0;0;0;0;0;0;0;0;"Longo da via";"Bom";"Sem defeito";"Perfeito estado";"Seca";"Perfeito estado";"Agente";"Outras";"";"Única";"Faixa seccionada";"";""
"4462";2020-01-07;"09:23:00";"SEM VÍTIMA";"FINALIZADA";"AFOGADOS";"RUA SAO MIGUEL";"650";"";"LADO OP A PORTUGUÊS STO INÁCIO AUTO PEÇAS";"AFOGADOS";391;"CIDADE";"ABALROAMENTO LONGITUDINAL";"COLISÃO SEM VITIMAS";1;0;0;0;0;1;0;0;0;0;0;"Longo da via";"Bom";"Sem defeito";"Incompleta";"Seca";"";"";"Outras";"50 km/h";"Dupla";"";"";""
"4463";2020-01-07;"09:25:00";"SEM VÍTIMA";"CANCELADA";"IMBIRIBEIRA";"AV MARECHAL MASCARENHAS DE MORAES";"";"";"EM FRENTE AO JUIZADO DE PEQUENAS CAUSAS";"IMBIRIBEIRA";NA;"AFOGADOS";"COLISÃO";"COLISÃO SEM VITIMAS";1;0;0;0;0;1;0;0;0;0;0;"";"";"";"";"";"";"";"";"";"";"";"";""
"4464";2020-01-07;"09:58:00";"SEM VÍTIMA";"FINALIZADA";"IMBIRIBEIRA";"AV MARECHAL MASCARENHAS DE MORAES";"";"RUA JOAQUIM BANDEIRA";"CONCESSIONÁRIA MITSUBISH MOTORS";"IMBIRIBEIRA";534;"SUBURBIO";"ABALROAMENTO LONGITUDINAL";"COLISAO S/ VITIMA CAMINHAO E ONIBUS";0;0;0;0;0;1;1;0;0;0;0;"Cruzamento";"Bom";"Sem defeito";"Perfeito estado";"Seca";"Perfeito estado";"Faixa de pedestre";"Não há placas";"60 km/h";"Dupla";"Canteiro central";"";""
"4465";2020-01-07;"11:05:00";"SEM VÍTIMA";"FINALIZADA";"AFLITOS";"AV CONS ROSA E SILVA";"632";"";"GALERIA MOLDULAR";"AFLITOS";NA;"SUBURBIO";"COLISÃO TRASEIRA";"COLISÃO SEM VITIMAS";2;0;0;0;0;0;0;0;0;0;0;"Longo da via";"Bom";"Sem defeito";"Perfeito estado";"Seca";"Perfeito estado";"Não existe";"R-6a";"40 km/h";"Única";"Faixa contínua";"";""
"4466";2020-01-07;"11:20:00";"SEM VÍTIMA";"FINALIZADA";"CAMPO GRANDE";"RUA DR MACHADO";"353";"RUA VOLUNTARIOS DA PATRIA";"";"CAMPO GRANDE";NA;"";"COLISÃO TRASEIRA";"COLISÃO SEM VITIMAS";2;0;0;0;0;0;0;0;0;0;0;"Cruzamento";"Bom";"Sem defeito";"Perfeito estado";"Seca";"Perfeito estado";"Não existe";"Placas Pare";"";"Única";"Não existe";"";""
"4467";2020-01-07;"11:27:00";"COM VÍTIMA";"FINALIZADA";"IPUTINGA";"RUA EMILIANO BRAGA";"163";"RUA MANOEL JOAQUIM DE ALMEIDA";"ED NOVA ESPERANÇA";"IPUTINGA";NA;"";"ABALROAMENTO TRANSVERSAL";"COLISAO COM VITIMA. ENTRE CARRO E MOTO";1;1;0;0;0;0;0;0;0;1;0;"Cruzamento";"Bom";"Não existe";"Incompleta";"Seca";"Perfeito estado";"Não existe";"Não há placas";"";"Dupla";"Não existe";"";""
"4468";2020-01-07;"11:28:00";"SEM VÍTIMA";"FINALIZADA";"ESPINHEIRO";"RUA CONS PORTELA";"";"RUA BARAO DE ITAMARACA";"IGREJA MATRIZ DO ESPINHEIRO";"ESPINHEIRO";464;"CIDADE";"ABALROAMENTO LONGITUDINAL";"AUTO E CAMINHÃO";1;0;0;0;0;0;1;0;0;0;0;"Longo da via";"Bom";"Sem defeito";"Perfeito estado";"Seca";"Perfeito estado";"Faixa de pedestre";"R-6a";"";"Única";"Faixa seccionada";"";""
"4469";2020-01-07;"11:32:00";"SEM VÍTIMA";"FINALIZADA";"PRADO";"AV ENGENHEIRO ABDIAS DE CARVALHO";"";"";"ZERO GRAU / ESTÁCIO CLÍNICA DE PSICOLOGIA";"PRADO";327;"CIDADE";"COLISÃO TRASEIRA";"SEM VITIMAS";2;0;0;0;0;0;0;0;0;0;0;"Longo da via";"Bom";"Sem defeito";"Perfeito estado";"Seca";"Perfeito estado";"Faixa de pedestre";"R-6a";"60 km/h";"Única";"Faixa contínua";"";""
"4470";2020-01-07;"12:39:00";"SEM VÍTIMA";"FINALIZADA";"TORRE";"RUA REAL DA TORRE";"1507";"RUA VITORIANO PALHARES";"EDF. AMADEUS E MOZART";"TORRE";NA;"CIDADE";"CHOQUE VEÍCULO PARADO";"COLISAO ENTRE DOIS AUTOS S/V";2;0;0;0;0;0;0;0;0;0;0;"";"Bom";"Não existe";"Perfeito estado";"Seca";"Perfeito estado";"Não existe";"Não há placas";"30 km/h";"Única";"Não existe";"";""
"4471";2020-01-07;"12:53:00";"SEM VÍTIMA";"FINALIZADA";"ESPINHEIRO";"RUA DO ESPINHEIRO";"222";"";"EM FRENTE AO HOSPITAL DE ESPINHEIRO";"ESPINHEIRO";NA;"SUBURBIO";"ABALROAMENTO LONGITUDINAL";"COLISAO ENTRE DOIS AUTOS S/V";2;0;0;0;0;0;0;0;0;0;0;"Longo da via";"Bom";"Não existe";"Não existente";"Seca";"Perfeito estado";"Não existe";"Não há placas";"";"Única";"Faixa seccionada";"";""
"4472";2020-01-07;"13:21:00";"SEM VÍTIMA";"FINALIZADA";"CIDADE UNIVERSITÁRIA";"AV PROFESSOR ARTUR DE SA";"1953";"";"LADO OPOSTO AO CEMITÉRIO DA VÁRZEA";"CIDADE UNIVERSITÁRIA";NA;"SUBURBIO";"ABALROAMENTO TRANSVERSAL";"COLISÃO SEM VITIMAS";1;1;0;0;0;0;0;0;0;0;0;"Longo da via";"Bom";"Não existe";"Perfeito estado";"Seca";"Perfeito estado";"Outros";"Outras";"30 km/h";"Dupla";"Faixa seccionada";"";""
"4473";2020-01-07;"13:24:00";"SEM VÍTIMA";"FINALIZADA";"ESPINHEIRO";"RUA ANGUSTURA";"358";"";"CHINA 48";"ESPINHEIRO";NA;"CIDADE";"ABALROAMENTO TRANSVERSAL";"COLISAO ENTRE DOIS AUTOS S/V";2;0;0;0;0;0;0;0;0;0;0;"Longo da via";"Bom";"Não existe";"Perfeito estado";"Seca";"Perfeito estado";"Não existe";"Outras";"";"Única";"Não existe";"";""
"4474";2020-01-07;"13:28:00";"SEM VÍTIMA";"CANCELADA";"AREIAS";"RUA JOAO TEIXEIRA";"440";"";"EM FRENTE AO MC AÇAI LANCHES";"AREIAS";NA;"";"COLISÃO";"COLISÃO SEM VÍTIMA";1;0;0;0;0;0;1;0;0;0;0;"";"";"";"";"";"";"";"";"";"";"";"";""
"4475";2020-01-07;"13:37:00";"SEM VÍTIMA";"FINALIZADA";"PINA";"AV ANTONIO DE GOES";"820";"";"EMPRESARIAL JOPIN";"PINA";103;"CIDADE";"COLISÃO TRASEIRA";"COLISÃO S/VITIMAS ENTRE DUAS MOTOS";0;2;0;0;0;0;0;0;0;0;0;"Cruzamento";"Bom";"Sem defeito";"Perfeito estado";"Seca";"Perfeito estado";"Agente";"";"60 km/h";"Única";"Canteiro central";"";""
"4476";2020-01-07;"13:57:00";"SEM VÍTIMA";"FINALIZADA";"BAIRRO DO RECIFE";"CAIS DO APOLO";"";"";"TRIBUNAL REGIONAL DA 5º REGIÃO";"BAIRRO DO RECIFE";454;"CIDADE";"ABALROAMENTO LONGITUDINAL";"COLISÃO SEM VITIMA";1;0;0;0;0;0;1;0;0;0;0;"Longo da via";"Bom";"Sem defeito";"Perfeito estado";"Seca";"Perfeito estado";"Faixa de pedestre";"R-6a";"";"Única";"Faixa seccionada";"";""
"4477";2020-01-07;"14:21:00";"SEM VÍTIMA";"FINALIZADA";"SANTO AMARO";"AV NORTE";"787";"";"EVALDO DE ALBUQUERQUE BATERIAS HELIAR";"SANTO AMARO";NA;"CIDADE";"ABALROAMENTO LONGITUDINAL";"COLISÃO SEM VÍTIMA";1;0;0;0;0;1;0;0;0;0;0;"Longo da via";"Bom";"Não existe";"Perfeito estado";"Seca";"Perfeito estado";"Outros";"Outras";"60 km/h";"Dupla";"Faixa seccionada";"Canteiro central";""
"4478";2020-01-07;"14:40:00";"SEM VÍTIMA";"FINALIZADA";"DERBY";"AV RUI BARBOSA";"";"AV GOVERNADOR AGAMENON MAGALHAES";"";"DERBY";37;"CIDADE";"ABALROAMENTO LONGITUDINAL";"COLISÃO S/VITIMAS ENTRE DOIS AUTOS (GM VIEIRA NUNES E WILAMS OLIVEIRA NO QTH)";2;0;0;0;0;0;0;0;0;0;0;"Cruzamento";"Bom";"Sem defeito";"Perfeito estado";"Seca";"Perfeito estado";"";"Outras";"40 km/h";"Única";"Faixa contínua";"";""
"4479";2020-01-07;"14:52:00";"SEM VÍTIMA";"FINALIZADA";"IPSEP";"RUA POTENGY";"512";"";"";"IPSEP";NA;"CIDADE";"ABALROAMENTO LONGITUDINAL";"COLISÃO SEM VÍTIMA";2;0;0;0;0;0;0;0;0;0;0;"";"Bom";"Não existe";"Perfeito estado";"Seca";"Perfeito estado";"Não existe";"Placas Pare";"";"Única";"Não existe";"";""
"4480";2020-01-07;"15:16:00";"SEM VÍTIMA";"FINALIZADA";"AFOGADOS";"RUA IMPERIAL";"";"";"CORE";"AFOGADOS";87;"SUBURBIO";"COLISÃO TRASEIRA";"COLISAO ENTRE AUTO E CAMINHAO S/V";1;0;0;0;0;0;1;0;0;0;0;"Longo da via";"Bom";"Sem defeito";"Perfeito estado";"Seca";"Perfeito estado";"Faixa de pedestre";"Outras";"";"Única";"Faixa seccionada";"";""
"4481";2020-01-07;"15:15:00";"SEM VÍTIMA";"FINALIZADA";"IPSEP";"AV RECIFE";"2775";"";"EM FRENTE A IBEX";"IPSEP";NA;"SUBURBIO";"ABALROAMENTO LONGITUDINAL";"COLISÃO COM DOIS AUTOS E UM DOS AUTO SE CHOCOU COM O POSTE/ SEM VÍTIMA";2;0;0;0;0;0;0;0;0;0;0;"Longo da via";"Bom";"Não existe";"Perfeito estado";"Seca";"Perfeito estado";"Agente";"Não há placas";"60 km/h";"Dupla";"Canteiro central";"";""
"4482";2020-01-07;"15:34:00";"SEM VÍTIMA";"FINALIZADA";"";"RUA WALDEMAR NERY CARNEIRO MONTEIRO";"62";"RUA DA CONFRATERNIZACAO";"COLÉGIO GESTÃO RECIFE";"";NA;"SUBURBIO";"COLISÃO FRONTAL";"COLISÃO SEM VÍTIMA";2;0;0;0;0;0;0;0;0;0;0;"Cruzamento";"Bom";"Não existe";"Perfeito estado";"Seca";"Perfeito estado";"Não existe";"Não há placas";"";"Dupla";"Não existe";"";""
"4483";2020-01-07;"15:35:00";"SEM VÍTIMA";"FINALIZADA";"CORDEIRO";"AV ENGENHEIRO ABDIAS DE CARVALHO";"";"RUA TIJUCAS";"DROGARIA DROGA MARIA";"CORDEIRO";422;"";"COLISÃO TRASEIRA";"COLISÃO SEM VÍTIMA";2;0;0;0;0;0;0;0;0;0;0;"Longo da via";"Bom";"Sem defeito";"Perfeito estado";"Seca";"Perfeito estado";"Faixa de pedestre";"Não há placas";"";"Dupla";"Canteiro central";"";""
"4484";2020-01-07;"15:40:00";"SEM VÍTIMA";"FINALIZADA";"CASA AMARELA";"AV PEDRO ALLAIN";"81";"";"EM FRENTE AO EDF EDUARDO CARDOSO";"CASA AMARELA";NA;"";"ABALROAMENTO LONGITUDINAL";"COLISÃO S/VITIMAS ENTRE DOIS AUTOS";2;0;0;0;0;0;0;0;0;0;0;"Longo da via";"Bom";"Não existe";"Não existente";"Seca";"Perfeito estado";"Não existe";"Não há placas";"30 km/h";"Dupla";"Não existe";"";""
"4485";2020-01-07;"15:50:00";"SEM VÍTIMA";"FINALIZADA";"CAMPO GRANDE";"RUA ODORICO MENDES";"597";"";"EM FRENTE A ULTRAGÁS";"CAMPO GRANDE";NA;"SUBURBIO";"COLISÃO FRONTAL";"COLISÃO SEM VÍTIMA";3;0;0;0;0;0;0;0;0;0;0;"Longo da via";"Bom";"Não existe";"Perfeito estado";"Seca";"Perfeito estado";"Não existe";"R-6a";"";"Dupla";"Faixa seccionada";"";""
"4486";2020-01-07;"15:59:00";"SEM VÍTIMA";"FINALIZADA";"JARDIM SÃO PAULO";"RUA LORENA";"93";"RUA BRAGANCA";"AO LADO DO Nº 093";"JARDIM SÃO PAULO";NA;"";"ABALROAMENTO TRANSVERSAL";"COLISAO ENTRE DOIS AUTOS S/V";2;0;0;0;0;0;0;0;0;0;0;"Cruzamento";"Bom";"Não existe";"Incompleta";"Seca";"Perfeito estado";"Não existe";"Placas Pare";"";"Dupla";"Não existe";"";""
"4487";2020-01-07;"17:37:00";"COM VÍTIMA";"FINALIZADA";"BOA VIAGEM";"RUA VISCONDE DE JEQUITINHONHA";"652";"RUA ERNESTO DE PAULA SANTOS";"NO SEMAFORO 304";"BOA VIAGEM";304;"CIDADE";"COLISÃO COM CICLISTA";"COLISAO COM CICLISTA";1;0;0;1;0;0;0;0;0;1;0;"Cruzamento";"Bom";"Sem defeito";"Perfeito estado";"Seca";"Perfeito estado";"Faixa de pedestre";"R-6a";"30 km/h";"Única";"Não existe";"";""
"4488";2020-01-07;"18:55:00";"SEM VÍTIMA";"FINALIZADA";"BOA VIAGEM";"RUA JOSE DOMINGUES DA SILVA";"205";"RUA PADRE CABRAL";"EDF MONTE CATINE";"BOA VIAGEM";NA;"SUBURBIO";"ABALROAMENTO TRANSVERSAL";"ENTRE AUTO PASSEIO X MOTO COM VÍTIMA";1;1;0;0;0;0;0;0;0;0;0;"Cruzamento";"Bom";"Não existe";"Perfeito estado";"Seca";"Perfeito estado";"Faixa de retenção";"Placas Pare";"";"Dupla";"Faixa contínua";"Faixa seccionada";""
"4489";2020-01-08;"04:11:00";"SEM VÍTIMA";"FINALIZADA";"BOA VISTA";"AV CONDE DA BOA VISTA";"175";"RUA DA AURORA";"CINEMA SÃO LUIZ";"BOA VISTA";162;"CIDADE";"ABALROAMENTO TRANSVERSAL";"COLISÃO ENTRE DOIS ÔNIBUS S/V";0;0;0;0;0;2;0;0;0;0;0;"Cruzamento";"Bom";"Sem defeito";"Perfeito estado";"Seca";"Perfeito estado";"Faixa de pedestre";"Outras";"";"Dupla";"Canteiro central";"";""
"4490";2020-01-08;"07:14:00";"COM VÍTIMA";"FINALIZADA";"IPUTINGA";"RUA MAURICIO DE NASSAU";"43";"";"EM FRENTE A IGREJA CONGREGAÇÃO CRISTÃ";"IPUTINGA";NA;"CIDADE";"COLISÃO TRASEIRA";"COLISÃO COM VITIMA A ESPERA  DO SAMU";1;1;0;0;0;0;0;0;0;1;0;"Longo da via";"Bom";"";"";"Seca";"Perfeito estado";"";"";"";"Dupla";"";"";""
"4491";2020-01-08;"08:47:00";"SEM VÍTIMA";"FINALIZADA";"DERBY";"PRC DO DERBY";"";"";"LADO OPOSTO AO LABORATÓRIO MARCELO MAGALHÃES";"DERBY";NA;"CIDADE";"ABALROAMENTO TRANSVERSAL";"COLISAO S/ VITIMA. ENTRE DOIS VEICULOS";2;0;0;0;0;0;0;0;0;0;0;"Longo da via";"Bom";"Não existe";"Perfeito estado";"Seca";"Perfeito estado";"Não existe";"Outras";"";"Dupla";"Faixa seccionada";"";""
"4492";2020-01-08;"09:38:00";"SEM VÍTIMA";"FINALIZADA";"CASA AMARELA";"EST DO ARRAIAL";"3720";"RUA ANTONIO DE CASTRO";"E/F AO EDF. VALDIR PESSOA";"CASA AMARELA";NA;"SUBURBIO";"ABALROAMENTO LONGITUDINAL";"COLISÃO S/VITIMAS ENTRE DOIS AUTOS";2;0;0;0;0;0;0;0;0;0;0;"Longo da via";"Bom";"Não existe";"Perfeito estado";"Seca";"Perfeito estado";"";"";"60 km/h";"Única";"Não existe";"";""
"4493";2020-01-08;"10:28:00";"COM VÍTIMA";"FINALIZADA";"COELHOS";"RUA DOS COELHOS";"123";"PTE JOAQUIM CARDOSO";"AO LADO DO IMIP";"COELHOS";NA;"SUBURBIO";"ABALROAMENTO LONGITUDINAL";"COM DUAS VITIMAS /SAMU ACIONADO/VT 05 NO QTH";0;2;0;0;0;0;0;0;0;2;0;"Longo da via";"Bom";"Não existe";"Perfeito estado";"Seca";"Perfeito estado";"Não existe";"R-6a";"";"Dupla";"Faixa contínua";"";""
"4494";2020-01-08;"10:47:00";"SEM VÍTIMA";"FINALIZADA";"DERBY";"PRC DO DERBY";"";"RUA JENER DE SOUZA";"SOB O SEMÁFORO 418";"DERBY";NA;"CIDADE";"COLISÃO TRASEIRA";"SEM VITIMAS";2;0;0;0;0;0;0;0;0;0;0;"Cruzamento";"Bom";"Sem defeito";"Perfeito estado";"Seca";"Perfeito estado";"Faixa de pedestre";"Outras";"";"Dupla";"Blocos";"";""
"4495";2020-01-08;"11:07:00";"COM VÍTIMA";"FINALIZADA";"ARRUDA";"RUA SAO BENTO";"340";"EST VELHA DE AGUA FRIA";"APÓS O POSTO NORTE BRAZ";"ARRUDA";NA;"SUBURBIO";"ABALROAMENTO LONGITUDINAL";"COLISAO COM VITIMA. ENTRE DUAS MOTOS";0;2;0;0;0;0;0;0;0;1;0;"Longo da via";"Bom";"Não existe";"Perfeito estado";"Seca";"Perfeito estado";"Não existe";"Não há placas";"";"Única";"Faixa seccionada";"";""
"4496";2020-01-08;"11:22:00";"SEM VÍTIMA";"FINALIZADA";"TORRE";"RUA PADRE ANCHIETA";"";"RUA JOSE BONIFACIO";"AO LADO DO MINUTO PÃO DE AÇUCAR";"TORRE";193;"CIDADE";"ABALROAMENTO LONGITUDINAL";"SEM VITIMAS";2;0;0;0;0;0;0;0;0;0;0;"Cruzamento";"Bom";"Sem defeito";"Perfeito estado";"Seca";"Perfeito estado";"Faixa de pedestre";"R-6a";"";"Única";"Faixa seccionada";"";""
"4497";2020-01-08;"11:41:00";"SEM VÍTIMA";"FINALIZADA";"ARRUDA";"RUA DR RAIMUNDO CAVALCANTI UCHOA";"";"RUA DESPORTIST WALDIR SANTANA";"ESQUINA DAS RUAS";"ARRUDA";NA;"";"ABALROAMENTO TRANSVERSAL";"COLISAO S/ VITIMA. ENTRE DOIS VEICULOS";2;0;0;0;0;0;0;0;0;0;0;"";"Bom";"Não existe";"Não existente";"Seca";"Mal conservada";"Não existe";"Não há placas";"";"Dupla";"Não existe";"";""
"4498";2020-01-08;"11:46:00";"SEM VÍTIMA";"FINALIZADA";"BOA VISTA";"AV GOVERNADOR AGAMENON MAGALHAES";"";"";"EM FRENTE AO CÍRCULO MILITAR DO RECIFE";"BOA VISTA";NA;"";"COLISÃO TRASEIRA";"COLISAO S/ VITIMA. ENTRE DOIS VEICULOS. GM: JOBSON E RODRIGO NO LOCAL";2;0;0;0;0;0;0;0;0;0;0;"Longo da via";"Bom";"Não existe";"Perfeito estado";"Seca";"Perfeito estado";"Não existe";"Não há placas";"60 km/h";"Dupla";"Canteiro central";"";""
"4499";2020-01-08;"12:33:00";"SEM VÍTIMA";"FINALIZADA";"IBURA";"AV DOIS RIOS";"";"RUA PINTOR AGENOR DE ALBUQUERQUE CESAR";"";"IBURA";561;"SUBURBIO";"ABALROAMENTO TRANSVERSAL";"COLISÃO SEM VÍTIMA";1;0;0;0;0;1;0;0;0;0;0;"Cruzamento";"Bom";"Sem defeito";"Perfeito estado";"Seca";"Perfeito estado";"Faixa de pedestre";"Não há placas";"";"Dupla";"Faixa contínua";"";""