"";"data";"hora";"natureza_acidente";"situacao";"bairro";"endereco";"numero";"detalhe_endereco_acidente";"complemento";"bairro_cruzamento";"num_semaforo";"sentido_via";"tipo";"descricao";"auto";"moto";"ciclom";"ciclista";"pedestre";"onibus";"caminhao";"viatura";"outros";"vitimas";"vitimasfatais";"acidente_verificado";"tempo_clima";"situacao_semaforo";"sinalizacao";"condicao_via";"conservacao_via";"ponto_controle";"situacao_placa";"velocidade_max_via";"mao_direcao";"divisao_via1";"divisao_via2";"divisao_via3"
"4672";2020-01-13;"12:57:00";"COM VÍTIMA";"CANCELADA";"CASA FORTE";"AV DEZESSETE DE AGOSTO";"1740";"RUA DOS ARCOS";"CASA ...EM FRENTE AO REAL BOTIQUIM";"CASA FORTE";NA;"";"COLISÃO";"COLISÃO COM VITIMA";1;1;0;0;0;0;0;0;0;1;0;"";"";"";"";"";"";"";"";"";"";"";"";""
"4673";2020-01-13;"13:53:00";"SEM VÍTIMA";"FINALIZADA";"VÁRZEA";"RUA MARIO CAMPELO";"394";"AV INACIO DE BARROS BARRETO";"KITANDA RENASCER";"VÁRZEA";NA;"";"ABALROAMENTO LONGITUDINAL";"COLISÃO SEM VITIMA";1;1;0;0;0;0;0;0;0;0;0;"Cruzamento";"Bom";"Não existe";"Não existente";"Seca";"Perfeito estado";"Não existe";"Não há placas";"";"Dupla";"Não existe";"";""
"4674";2020-01-13;"14:28:00";"SEM VÍTIMA";"CANCELADA";"BOA VIAGEM";"RUA BARAO DE SOUZA LEAO";"1595";"";"E/F AO COLÉGIO MARIA TEREZA";"BOA VIAGEM";NA;"";"CHOQUE";"CAMINHÃO QUEBRADO NA VIA APÓS CHOQUE COM VIADUTO";0;0;0;0;0;0;1;0;0;0;0;"";"";"";"";"";"";"";"";"";"";"";"";""
"4675";2020-01-13;"14:42:00";"SEM VÍTIMA";"FINALIZADA";"MADALENA";"RUA JOAQUIM NABUCO";"";"";"PONTE DA CAPUNGA";"MADALENA";NA;"SUBURBIO";"COLISÃO TRASEIRA";"COLISÃO SEM VÍTIMA / LUIZ BARBOSA DE PO NO LOCAL-TELEFONE 999116655";1;0;0;0;0;0;1;0;0;0;0;"Longo da via";"Bom";"Não existe";"Perfeito estado";"Seca";"Perfeito estado";"Não existe";"Não há placas";"";"Dupla";"Faixa contínua";"";""
"4676";2020-01-13;"15:04:00";"SEM VÍTIMA";"FINALIZADA";"AFOGADOS";"RUA NICOLAU PEREIRA";"";"RUA DA PAZ";"FÁBRICA DA ASA";"AFOGADOS";73;"SUBURBIO";"ABALROAMENTO TRANSVERSAL";"COLISÃO S/VITIMAS ENTRE UMA AMBULÂNCIA E UMA AUTO";1;0;0;0;0;0;0;0;1;0;0;"Cruzamento";"Bom";"Sem defeito";"Perfeito estado";"Seca";"Perfeito estado";"Agente";"Outras";"40 km/h";"Única";"Faixa seccionada";"";""
"4677";2020-01-13;"15:32:00";"SEM VÍTIMA";"FINALIZADA";"ILHA DO RETIRO";"RUA BENFICA";"";"RUA SPORT CLUBE DO RECIFE";"SPORT CLUBE DO RECIFE";"ILHA DO RETIRO";NA;"SUBURBIO";"COLISÃO TRASEIRA";"COLISÃO S/VITIMAS ENTRE TRES AUTOS";3;0;0;0;0;0;0;0;0;0;0;"Longo da via";"Bom";"Não existe";"Perfeito estado";"Seca";"Perfeito estado";"Não existe";"Outras";"";"Única";"Não existe";"";""
"4678";2020-01-13;"15:36:00";"SEM VÍTIMA";"CANCELADA";"ARRUDA";"AV BEBERIBE";"1501";"";"EM FRENTE A ANTIGA SÃO PAULO- E AO CANAL DA CONSTRUÇÃO";"ARRUDA";NA;"";"COLISÃO";"COLISÃO SEM VITIMA";1;1;0;0;0;0;0;0;0;0;0;"";"";"";"";"";"";"";"";"";"";"";"";""
"4679";2020-01-13;"15:45:00";"SEM VÍTIMA";"FINALIZADA";"MACAXEIRA";"AV NORTE";"7969";"RUA DO MONTE";"ANTIGO TERMINAL DA MACAXEIRA";"MACAXEIRA";296;"CIDADE";"COLISÃO TRASEIRA";"COLISÃO S/VTIMAS ENTRE UMA MOTO E UM AUTO";1;1;0;0;0;0;0;0;0;0;0;"Longo da via";"Bom";"Sem defeito";"Perfeito estado";"Seca";"Perfeito estado";"Não existe";"R-6a";"60 km/h";"Dupla";"Canteiro central";"";""
"4680";2020-01-13;"16:29:00";"SEM VÍTIMA";"FINALIZADA";"JAQUEIRA";"AV RUI BARBOSA";"1601";"";"EM FRENTE AO CURSO DE INGLÊS RED BALLOON";"JAQUEIRA";NA;"CIDADE";"COLISÃO TRASEIRA";"COLISÃO SEM VITIMA";3;0;0;0;0;0;0;0;0;0;0;"Longo da via";"Bom";"Não existe";"Perfeito estado";"Seca";"Perfeito estado";"Não existe";"Não há placas";"60 km/h";"Única";"Faixa contínua";"";""
"4681";2020-01-13;"17:03:00";"SEM VÍTIMA";"FINALIZADA";"DERBY";"PRC DO DERBY";"";"RUA JENER DE SOUZA";"PRAÇA DO DERBY";"DERBY";40;"CIDADE";"ABALROAMENTO TRANSVERSAL";"COLISÃO SEM VITIMA";2;0;0;0;0;0;0;0;0;0;0;"Longo da via";"Bom";"Com defeito";"Perfeito estado";"Seca";"Perfeito estado";"Faixa de pedestre";"";"50 km/h";"Dupla";"Faixa contínua";"";""
"4682";2020-01-13;"17:12:00";"SEM VÍTIMA";"FINALIZADA";"";"AV MARTINS DE BARROS";"";"";"EM FRENTE AO DELTA EXPRESSO";"";NA;"SUBURBIO";"COLISÃO FRONTAL";"COLISAO ENTRE TRES AUTOS S/V";3;0;0;0;0;0;0;0;0;0;0;"Longo da via";"Bom";"Não existe";"Perfeito estado";"Seca";"Perfeito estado";"Não existe";"R-19";"40 km/h";"Única";"Faixa seccionada";"";""
"4683";2020-01-13;"17:32:00";"SEM VÍTIMA";"CANCELADA";"BOA VIAGEM";"RUA DES JOAO PAES";"640";"";"CASA";"BOA VIAGEM";NA;"";"COLISÃO";"COLISÃO SEM VITIMA";1;0;1;0;0;0;0;0;0;0;0;"";"";"";"";"";"";"";"";"";"";"";"";""
"4684";2020-01-13;"17:40:00";"SEM VÍTIMA";"FINALIZADA";"BOA VIAGEM";"AV BOA VIAGEM";"4040";"";"";"BOA VIAGEM";NA;"CIDADE";"COLISÃO TRASEIRA";"COLISÃO SEM VÍTIMA";2;0;0;0;0;0;0;0;0;0;0;"Longo da via";"Bom";"Sem defeito";"Perfeito estado";"Seca";"Perfeito estado";"Não existe";"Não há placas";"";"Única";"Faixa seccionada";"";""
"4685";2020-01-13;"17:55:00";"SEM VÍTIMA";"FINALIZADA";"SAN MARTIN";"RUA COMENDADOR FRANCO FERREIRA";"201";"RUA EDUARDO DE ANDRADE";"ACADEMIA DA CIDADE";"SAN MARTIN";NA;"";"ABALROAMENTO TRANSVERSAL";"ENTRE AUTO PASSEIO X MOTO";1;1;0;0;0;0;0;0;0;0;0;"Cruzamento";"Bom";"Não existe";"Perfeito estado";"Seca";"Perfeito estado";"Outros";"Placas Pare";"";"Dupla";"Outros";"";""
"4686";2020-01-13;"18:05:00";"COM VÍTIMA";"FINALIZADA";"IMBIRIBEIRA";"RUA ENGENHEIRO JOSE APOLINARIO";"103";"RUA ALVARO AMORIM";"POR TRÁS DA ANTIGA DHPP";"IMBIRIBEIRA";NA;"SUBURBIO";"ABALROAMENTO TRANSVERSAL";"MOTO X AUTO PASSEIO COM VÍTIMA";1;1;0;0;0;0;0;0;0;1;0;"Cruzamento";"Bom";"Não existe";"Perfeito estado";"Seca";"Perfeito estado";"Não existe";"Placas Pare";"";"Dupla";"Não existe";"";""
"4687";2020-01-13;"18:39:00";"SEM VÍTIMA";"FINALIZADA";"ESPINHEIRO";"RUA QUARENTA E OITO";"347";"";"";"ESPINHEIRO";NA;"CIDADE";"COLISÃO TRASEIRA";"ENTRE 3 AUTOS. S/V";3;0;0;0;0;0;0;0;0;0;0;"Longo da via";"Bom";"Não existe";"Perfeito estado";"Seca";"Perfeito estado";"Não existe";"Não há placas";"";"Única";"Faixa seccionada";"";""
"4688";2020-01-13;"18:43:00";"SEM VÍTIMA";"CANCELADA";"GRAÇAS";"RUA ALBERTO PAIVA";"";"";"E/F A FREESABOR";"GRAÇAS";NA;"";"COLISÃO";"ENTRE 2 AUTOS. S/V";2;0;0;0;0;0;0;0;0;0;0;"";"";"";"";"";"";"";"";"";"";"";"";""
"4689";2020-01-13;"18:52:00";"SEM VÍTIMA";"FINALIZADA";"BOA VIAGEM";"RUA WALDEMAR NERY CARNEIRO MONTEIRO";"445";"";"";"BOA VIAGEM";NA;"SUBURBIO";"CHOQUE VEÍCULO PARADO";"COLISÃO ENTRE DOIS AUTOS- POSTERIORMENTE UM CAPOTAMENTO";3;0;0;0;0;0;0;0;0;0;0;"Longo da via";"Bom";"Não existe";"Não existente";"Seca";"Perfeito estado";"Não existe";"Não há placas";"";"Dupla";"Não existe";"";""
"4690";2020-01-13;"18:58:00";"SEM VÍTIMA";"CANCELADA";"IMBIRIBEIRA";"AV MARECHAL MASCARENHAS DE MORAES";"417";"";"E/F A FLOR ARTE";"IMBIRIBEIRA";NA;"CIDADE";"COLISÃO";"ENTRE DOIS AUTOS S/V";2;0;0;0;0;0;0;0;0;0;0;"";"";"";"";"";"";"";"";"";"";"";"";""
"4691";2020-01-13;"19:03:00";"SEM VÍTIMA";"CANCELADA";"BOA VISTA";"RUA PRINCESA IZABEL";"";"RUA DA AURORA";"APÓS A FACULDADE DE DIREITO / E/F AO PRÉDIO DA POLÍCIA CIVIL";"BOA VISTA";NA;"";"COLISÃO";"ENTRE AUTO E ÕNIBUS DE TURISMO. S/V";1;0;0;0;0;1;0;0;0;0;0;"";"";"";"";"";"";"";"";"";"";"";"";""
"4692";2020-01-13;"19:06:00";"SEM VÍTIMA";"FINALIZADA";"CURADO";"AV PREFEITO ANTONIO PEREIRA";"";"RUA MINISTRO MARIO ANDREAZZA";"";"CURADO";NA;"";"ABALROAMENTO TRANSVERSAL";"ENTRE ÕNIBUS E AUTO PASSEIO. S/V";1;0;0;0;0;1;0;0;0;0;0;"Cruzamento";"Bom";"Não existe";"Não existente";"Seca";"Perfeito estado";"Não existe";"Não há placas";"";"Dupla";"Canteiro central";"";""
"4693";2020-01-13;"22:24:00";"SEM VÍTIMA";"FINALIZADA";"VÁRZEA";"AV AFONSO OLINDENSE";"188";"";"FRENTE RESIDÊNCIA DE Nº 188";"VÁRZEA";NA;"SUBURBIO";"ABALROAMENTO LONGITUDINAL";"ENTRE 2 AUTOS. S/V";2;0;0;0;0;0;0;0;0;0;0;"Longo da via";"Bom";"Não existe";"Perfeito estado";"Seca";"Perfeito estado";"Faixa de pedestre";"Outras";"";"Dupla";"Faixa contínua";"";""
"4694";2020-01-14;"06:52:00";"SEM VÍTIMA";"FINALIZADA";"BOA VIAGEM";"RUA VISCONDE DE JEQUITINHONHA";"";"";"EM FRENTE A GALERIA SETUBAL CENTER";"BOA VIAGEM";433;"";"COLISÃO TRASEIRA";"COLISAO S/ VITIMA. ENTRE DOIS VEICULOS";2;0;0;0;0;0;0;0;0;0;0;"Longo da via";"Bom";"Sem defeito";"Perfeito estado";"Seca";"Perfeito estado";"Faixa de retenção";"Não há placas";"";"Única";"Faixa contínua";"";""
"4695";2020-01-14;"07:23:00";"SEM VÍTIMA";"FINALIZADA";"PAISSANDU";"AV GOVERNADOR AGAMENON MAGALHAES";"";"RUA PAISSANDU";"SOB O SEMÁFORO Nº 069";"PAISSANDU";69;"";"ABALROAMENTO TRANSVERSAL";"COLISÃO S/VITIMAS ENTRE DOIS AUTOS (PONTO FIXO ERIVAN SILVA E LEILA NO QTH)";2;0;0;0;0;0;0;0;0;0;0;"Cruzamento";"Bom";"Sem defeito";"Perfeito estado";"Seca";"Perfeito estado";"Agente";"Outras";"60 km/h";"Dupla";"Canteiro central";"";""
"4696";2020-01-14;"08:02:00";"SEM VÍTIMA";"FINALIZADA";"ESPINHEIRO";"AV JOAO DE BARROS";"";"RUA CONS PORTELA";"";"ESPINHEIRO";NA;"CIDADE";"ABALROAMENTO LONGITUDINAL";"AUTO X ÔNIBUS";1;0;0;0;0;1;0;0;0;0;0;"Longo da via";"Bom";"Não existe";"Perfeito estado";"Seca";"Perfeito estado";"Faixa de pedestre";"Outras";"";"Única";"Faixa seccionada";"";""
"4697";2020-01-14;"09:27:00";"SEM VÍTIMA";"FINALIZADA";"ALTO JOSÉ DO PINHO";"AV NORTE";"4590";"";"APÓS A ENTRADA DO ALTO JOSÉ DO PINHO";"ALTO JOSÉ DO PINHO";NA;"SUBURBIO";"ABALROAMENTO LONGITUDINAL";"COLISÃO S/VITIMAS ENTRE TRES CAMINHÕES";1;0;0;0;0;0;2;0;0;0;0;"Longo da via";"Bom";"Não existe";"Perfeito estado";"Seca";"Perfeito estado";"Não existe";"R-6a";"";"Dupla";"Faixa seccionada";"";""
"4698";2020-01-14;"09:34:00";"COM VÍTIMA";"FINALIZADA";"TEJIPIÓ";"RUA FALCAO DE LACERDA";"447";"RUA PAPA JOAO VINTE E TRES";"EM FRENTE A ART MOVEIS";"TEJIPIÓ";285;"CIDADE";"ABALROAMENTO LONGITUDINAL";"MOTO E AUTO";1;1;0;0;0;0;0;0;0;1;0;"Esquina";"Bom";"Sem defeito";"Perfeito estado";"Seca";"Perfeito estado";"Faixa de pedestre";"Outras";"";"Dupla";"Faixa contínua";"";""
"4699";2020-01-14;"09:39:00";"SEM VÍTIMA";"CANCELADA";"BARRO";"AV DR JOSE RUFINO";"2642";"";"OFICINA DO MAGO// JB MOTOS";"BARRO";NA;"AFOGADOS";"COLISÃO";"COLISAO S/ VITIMA. AMBULANCIA E TAXI";1;0;0;0;0;0;0;0;1;0;0;"";"";"";"";"";"";"";"";"";"";"";"";""
"4700";2020-01-14;"10:18:00";"SEM VÍTIMA";"FINALIZADA";"IMBIRIBEIRA";"AV GENERAL MAC ARTHUR";"";"AV MARECHAL MASCARENHAS DE MORAES";"";"IMBIRIBEIRA";225;"SUBURBIO";"ABALROAMENTO LONGITUDINAL";"DOIS AUTOS  PONTO FIXO GM RAMBALDI";1;0;0;0;0;0;0;0;1;0;0;"Cruzamento";"Bom";"Sem defeito";"Perfeito estado";"Seca";"Perfeito estado";"Agente";"Não há placas";"40 km/h";"Única";"Faixa seccionada";"";""
"4701";2020-01-14;"10:21:00";"COM VÍTIMA";"FINALIZADA";"ARRUDA";"RUA DESENHISTA EULINO SANTOS";"1170";"RUA DA REGENERACAO";"CONJUNTO ELDORADO. PRÓXIMO A ANTIGA FÁBRICA DA COCACOLA";"ARRUDA";NA;"SUBURBIO";"ABALROAMENTO LONGITUDINAL";"COLISAO COM VITIMA. ENTRE MOTO E VEICULO. VT 08 NO LOCAL";1;1;0;0;0;0;0;0;0;1;0;"Longo da via";"Bom";"Não existe";"Não existente";"Seca";"Perfeito estado";"Não existe";"Não há placas";"";"Dupla";"Canteiro central";"";""
"4702";2020-01-14;"10:22:00";"SEM VÍTIMA";"FINALIZADA";"PRADO";"RUA PADRE TEOFILO TWORZ";"";"RUA CARLOS GOMES";"";"PRADO";NA;"CIDADE";"ABALROAMENTO TRANSVERSAL";"COLISÃO SEM VITIMAS";1;1;0;0;0;0;0;0;0;0;0;"Cruzamento";"Bom";"Não existe";"Não existente";"Seca";"Perfeito estado";"Não existe";"Não há placas";"";"Dupla";"Canteiro central";"";""
"4703";2020-01-14;"10:24:00";"SEM VÍTIMA";"CANCELADA";"MADALENA";"RUA REAL DA TORRE";"570";"";"AO LADO DO MERCADO DA MADALENA";"MADALENA";NA;"";"COLISÃO";"COLISÃO S/VITIMAS ENTRE DOIS AUTOS";2;0;0;0;0;0;0;0;0;0;0;"";"";"";"";"";"";"";"";"";"";"";"";""
"4704";2020-01-14;"10:26:00";"COM VÍTIMA";"FINALIZADA";"PRADO";"RUA GOMES TABORDA";"";"";"PXÓXIMO AO BAILE PERFUMADO";"PRADO";NA;"SUBURBIO";"ABALROAMENTO LONGITUDINAL";"COLISÃO COM VITIMA - CICLOMOTOR ENVOLVIDO NÃO POSSUI PLACA DE IDENTIFICAÇÃO.";1;0;1;0;0;0;0;0;0;1;0;"Longo da via";"Bom";"Não existe";"Perfeito estado";"Seca";"Perfeito estado";"";"Outras";"";"Dupla";"Faixa seccionada";"";""
"4705";2020-01-14;"11:12:00";"SEM VÍTIMA";"FINALIZADA";"BOA VIAGEM";"AV BOA VIAGEM";"634";"";"EDIFICIO JOSE ESTACIO VIEIRA";"BOA VIAGEM";NA;"CIDADE";"ABALROAMENTO LONGITUDINAL";"COLISÃO SEM VITIMAS";4;0;0;0;0;0;0;0;0;0;0;"Longo da via";"Bom";"Não existe";"Perfeito estado";"Seca";"Perfeito estado";"Não existe";"Não há placas";"60 km/h";"Única";"Faixa seccionada";"";""
"4706";2020-01-14;"11:15:00";"COM VÍTIMA";"FINALIZADA";"CAMPO GRANDE";"EST DE BELEM";"600";"";"E/F A ACADEMIA HI";"CAMPO GRANDE";NA;"";"ABALROAMENTO LONGITUDINAL";"COLISÃO C/VITIMA ENTRE UMA MOTO E UM AUTO";1;1;0;0;0;0;0;0;0;1;0;"Longo da via";"Bom";"Não existe";"Perfeito estado";"Seca";"Perfeito estado";"";"";"";"Dupla";"Faixa contínua";"";""
"4707";2020-01-14;"11:25:00";"SEM VÍTIMA";"FINALIZADA";"IMBIRIBEIRA";"AV MARECHAL MASCARENHAS DE MORAES";"";"";"EM FRENTE A CAIXA ECONOMICA FEDERAL";"IMBIRIBEIRA";NA;"CIDADE";"COLISÃO TRASEIRA";"COLISÃO S/VITIMAS ENTRE TRES AUTOS";3;0;0;0;0;0;0;0;0;0;0;"Longo da via";"Bom";"Não existe";"Perfeito estado";"Seca";"Perfeito estado";"Não existe";"";"60 km/h";"Dupla";"Faixa contínua";"Canteiro central";""
"4708";2020-01-14;"11:28:00";"SEM VÍTIMA";"FINALIZADA";"IMBIRIBEIRA";"AV DES JOSE NEVES";"159";"";"";"IMBIRIBEIRA";567;"SUBURBIO";"ABALROAMENTO LONGITUDINAL";"COLISAO S/ VITAMO. ENTRE MOTO E VEICULO";2;1;0;0;0;0;0;0;0;0;0;"Longo da via";"Bom";"Sem defeito";"Perfeito estado";"Seca";"Perfeito estado";"Faixa de pedestre";"Não há placas";"60 km/h";"Dupla";"Canal";"";""
"4709";2020-01-14;"13:32:00";"COM VÍTIMA";"FINALIZADA";"BOA VIAGEM";"RUA BRUNO VELOSO";"528";"RUA PROFESSOR JOAO MEDEIROS";"E/F A ACADEMIA R2";"BOA VIAGEM";335;"CIDADE";"ABALROAMENTO LONGITUDINAL";"ENTRE DOIS AUTOS C/V";2;0;0;0;0;0;0;0;0;1;0;"Cruzamento";"Bom";"Sem defeito";"Perfeito estado";"Seca";"Perfeito estado";"Faixa de pedestre";"Não há placas";"60 km/h";"Dupla";"Canteiro central";"";""
"4710";2020-01-14;"13:39:00";"SEM VÍTIMA";"FINALIZADA";"JOANA BEZERRA";"AV MARTIN LUTHER KING";"115";"";"BORRACHARIA DO GEL";"JOANA BEZERRA";NA;"";"ABALROAMENTO LONGITUDINAL";"COLISÃO SEM VÍTIMA";1;1;0;0;0;0;0;0;0;0;0;"Longo da via";"Bom";"Não existe";"";"Seca";"Perfeito estado";"Não existe";"Outras";"";"Dupla";"Canteiro central";"";""
"4711";2020-01-14;"13:52:00";"COM VÍTIMA";"FINALIZADA";"SÃO JOSÉ";"C SANTA RITA";"";"";"NO TERMINAL DO CAIS DE SANTA RITA";"SÃO JOSÉ";NA;"";"ATROPELAMENTO";"ONIBUS ATROPELOU UM PEDESTRE";0;0;0;0;1;1;0;0;0;1;0;"Longo da via";"Bom";"Não existe";"Incompleta";"Seca";"Mal conservada";"Faixa de pedestre";"Outras";"";"Dupla";"Não existe";"";""
"4712";2020-01-14;"14:06:00";"SEM VÍTIMA";"CANCELADA";"ENCRUZILHADA";"RUA ENGENHEIRO LUIZ VAUTHIER";"";"EST DE BELEM";"E/F AO BANCO ITAU";"ENCRUZILHADA";NA;"";"COLISÃO";"ONIBUS X AUTO PASSEIO S/V";1;0;0;0;0;1;0;0;0;0;0;"";"";"";"";"";"";"";"";"";"";"";"";""
"4713";2020-01-14;"14:28:00";"COM VÍTIMA";"FINALIZADA";"SANCHO";"AV LIBERDADE";"612";"EST DO CURADO";"PROXIMO A ANTIGA PIZZARIA MANA E EM FRENTE A MONTE CARLOS. POSTE H030325.";"SANCHO";NA;"SUBURBIO";"ABALROAMENTO TRANSVERSAL";"COLISÃO COM VÍTIMA";1;1;0;0;0;0;0;0;0;1;0;"Longo da via";"Bom";"Não existe";"Perfeito estado";"Seca";"Perfeito estado";"Não existe";"R-6a";"";"Dupla";"Faixa contínua";"";""
"4714";2020-01-14;"14:32:00";"SEM VÍTIMA";"CANCELADA";"GRAÇAS";"RUA DAS PERNAMBUCANAS";"";"";"E/F AO HOSPITAL JAYME DA FONTE";"GRAÇAS";NA;"";"COLISÃO";"ENTRE DOIS AUTOS S/V";2;0;0;0;0;0;0;0;0;0;0;"";"";"";"";"";"";"";"";"";"";"";"";""
"4715";2020-01-14;"14:34:00";"SEM VÍTIMA";"FINALIZADA";"IBURA";"AV RECIFE";"2528";"";"ATACAMAX ATACADO";"IBURA";NA;"CIDADE";"COLISÃO TRASEIRA";"COLISÃO SEM VÍTIMA";2;0;0;0;0;0;0;0;0;0;0;"Longo da via";"Bom";"Não existe";"Perfeito estado";"Seca";"Perfeito estado";"Não existe";"Não há placas";"";"Dupla";"Canteiro central";"";""
"4716";2020-01-14;"14:39:00";"SEM VÍTIMA";"CANCELADA";"NOVA DESCOBERTA";"RUA CORREGO DO JOAQUIM";"";"";"NO TERMINAL DO CORREGO DO JOAQUIM";"NOVA DESCOBERTA";NA;"";"COLISÃO";"COLISAO ENTRE ONIBUS E TAXI S/V";1;1;0;0;0;0;0;0;0;0;0;"";"";"";"";"";"";"";"";"";"";"";"";""
"4717";2020-01-14;"14:58:00";"SEM VÍTIMA";"FINALIZADA";"BOA VIAGEM";"AV BOA VIAGEM";"";"RUA ERNESTO DE PAULA SANTOS";"";"BOA VIAGEM";113;"CIDADE";"COLISÃO TRASEIRA";"COLISÃO SEM VÍTIMA";2;1;0;0;0;0;0;0;0;0;0;"";"Bom";"Sem defeito";"Perfeito estado";"Seca";"Perfeito estado";"Faixa de pedestre";"Outras";"";"Única";"Faixa seccionada";"";""
"4718";2020-01-14;"15:04:00";"SEM VÍTIMA";"FINALIZADA";"ILHA DO LEITE";"PRC MIGUEL DE CERVANTES";"961";"";"EM FRENTE AO POSTE Nº H 027310";"ILHA DO LEITE";NA;"CIDADE";"ABALROAMENTO LONGITUDINAL";"COLISAO ENTRE DOIS AUTOS S/V";2;0;0;0;0;0;0;0;0;0;0;"Longo da via";"Bom";"Não existe";"Perfeito estado";"Seca";"Perfeito estado";"Faixa de pedestre";"R-6a";"";"Única";"Não existe";"";""
"4719";2020-01-14;"15:21:00";"SEM VÍTIMA";"FINALIZADA";"VÁRZEA";"AV JOAQUIM RIBEIRO";"";"RUA GASTAO VIDIGAL";"PRÓXIMO A UPA DA CAXANGÁ";"VÁRZEA";281;"CIDADE";"ABALROAMENTO LONGITUDINAL";"COLISÃO SEM VÍTIMA";2;0;0;0;0;0;0;0;0;0;0;"Longo da via";"Bom";"Sem defeito";"Perfeito estado";"Seca";"Perfeito estado";"Agente";"Não há placas";"";"Única";"Faixa seccionada";"";""
"4720";2020-01-14;"17:12:00";"COM VÍTIMA";"FINALIZADA";"AFOGADOS";"EST DOS REMEDIOS";"1262";"EST DO BONGI";"PROX AO POSTO BR. EM FRENTE AO SOS MINGAU DA SOCORRO.";"AFOGADOS";394;"CIDADE";"COLISÃO TRASEIRA";"COLISAO ENTRE DOIS AUTOS";2;0;0;0;0;0;0;0;0;1;0;"Cruzamento";"Bom";"Sem defeito";"Perfeito estado";"Seca";"Perfeito estado";"Faixa de pedestre";"R-6a";"";"Única";"Faixa contínua";"";""
"4721";2020-01-14;"17:45:00";"SEM VÍTIMA";"FINALIZADA";"BOA VIAGEM";"RUA DEZ DE JULHO";"210";"RUA CAMBOIM";"";"BOA VIAGEM";NA;"CIDADE";"ABALROAMENTO LONGITUDINAL";"COLISÃO SEM VÍTIMA";1;1;0;0;0;0;0;0;0;0;0;"Cruzamento";"Bom";"Não existe";"Perfeito estado";"Seca";"Perfeito estado";"Não existe";"Placas Pare";"60 km/h";"Única";"Faixa seccionada";"";""
"4722";2020-01-14;"18:09:00";"COM VÍTIMA";"FINALIZADA";"BOA VIAGEM";"AV ARMINDO MOURA";"";"RUA VISCONDE DE JEQUITINHONHA";"NO CRUZAMENTO MESMO/ RUA VISCONDE DE JEQUITINHONHA";"BOA VIAGEM";258;"SUBURBIO";"ATROPELAMENTO";"ATROPELAMENTO COM VITIMA";1;0;0;0;1;0;0;0;0;1;0;"Cruzamento";"Bom";"Sem defeito";"Perfeito estado";"Seca";"Perfeito estado";"Faixa de pedestre";"Não há placas";"";"Única";"Faixa seccionada";"Canteiro central";""
"4723";2020-01-14;"19:02:00";"SEM VÍTIMA";"FINALIZADA";"IPSEP";"RUA PINTOR ANTONIO ALBUQUERQUE";"";"";"";"IPSEP";NA;"CIDADE";"ABALROAMENTO LONGITUDINAL";"CAMINHÃO X ONIBUS S/V";0;0;0;0;0;1;1;0;0;0;0;"";"Bom";"Sem defeito";"Perfeito estado";"Seca";"Perfeito estado";"Não existe";"Outras";"";"Única";"";"";""
"4724";2020-01-14;"19:11:00";"SEM VÍTIMA";"CANCELADA";"CASA FORTE";"AV DEZESSETE DE AGOSTO";"261";"";"PROX AO POSTO BR SENTIDO CIDADE";"CASA FORTE";NA;"";"COLISÃO";"COLISAO SEM VITIMAS";1;0;0;0;0;1;0;0;0;0;0;"";"";"";"";"";"";"";"";"";"";"";"";""
"4725";2020-01-14;"19:30:00";"SEM VÍTIMA";"FINALIZADA";"IBURA";"AV SERRA DA MANTIQUEIRA";"205";"";"";"IBURA";NA;"SUBURBIO";"ABALROAMENTO TRANSVERSAL";"COLISAO SEM VITIMAS";1;0;0;0;0;1;0;0;0;0;0;"Longo da via";"Bom";"Sem defeito";"Perfeito estado";"Seca";"Perfeito estado";"Não existe";"Não há placas";"";"Dupla";"Não existe";"";""
"4726";2020-01-14;"20:34:00";"SEM VÍTIMA";"FINALIZADA";"IPSEP";"RUA JEAN EMILE FAVRE";"1447";"RUA ANIZIO GALVAO";"AUTOCAR EXPRESS";"IPSEP";70;"SUBURBIO";"ABALROAMENTO TRANSVERSAL";"COLISAO SEM VITIMAS";1;1;0;0;0;0;0;0;0;0;0;"Cruzamento";"Bom";"Sem defeito";"Perfeito estado";"Seca";"Perfeito estado";"Faixa de pedestre";"Outras";"";"Dupla";"Faixa contínua";"";""
"4727";2020-01-15;"00:56:00";"SEM VÍTIMA";"FINALIZADA";"PRADO";"RUA PADRE TEOFILO TWORZ";"";"RUA SANTA EDWIRGES";"IGREJA PRESBITERIANA";"PRADO";NA;"CIDADE";"ABALROAMENTO TRANSVERSAL";"COLISÃO ENTRE DOIS AUTOS- S/V";2;0;0;0;0;0;0;0;0;0;0;"Cruzamento";"Bom";"Não existe";"Ilegível";"Seca";"Perfeito estado";"Não existe";"Não há placas";"";"Dupla";"Não existe";"";""
"4728";2020-01-15;"07:06:00";"SEM VÍTIMA";"CANCELADA";"AFOGADOS";"RUA VINTE E UM DE ABRIL";"541";"";"EM FRENTE A GARAGEM DA VITAL ENGENHARIA";"AFOGADOS";NA;"";"COLISÃO";"MOTO E AUTO";1;1;0;0;0;0;0;0;0;0;0;"";"";"";"";"";"";"";"";"";"";"";"";""