"";"data";"hora";"natureza_acidente";"situacao";"bairro";"endereco";"numero";"detalhe_endereco_acidente";"complemento";"bairro_cruzamento";"num_semaforo";"sentido_via";"tipo";"descricao";"auto";"moto";"ciclom";"ciclista";"pedestre";"onibus";"caminhao";"viatura";"outros";"vitimas";"vitimasfatais";"acidente_verificado";"tempo_clima";"situacao_semaforo";"sinalizacao";"condicao_via";"conservacao_via";"ponto_controle";"situacao_placa";"velocidade_max_via";"mao_direcao";"divisao_via1";"divisao_via2";"divisao_via3"
"4729";2020-01-15;"07:16:00";"SEM VÍTIMA";"FINALIZADA";"ZUMBI";"RUA TOMAZ GONZAGA";"";"RUA SOUZA BANDEIRA";"SEMÁFORO DE Nº 448";"ZUMBI";448;"SUBURBIO";"ABALROAMENTO LONGITUDINAL";"COLISÃO S/VITIMAS ENTRE UM AUTO E UMA MOTO";1;1;0;0;0;0;0;0;0;0;0;"Cruzamento";"Bom";"Sem defeito";"Perfeito estado";"Seca";"Perfeito estado";"Faixa de pedestre";"R-3";"";"Dupla";"Faixa seccionada";"";""
"4730";2020-01-15;"07:21:00";"COM VÍTIMA";"FINALIZADA";"TEJIPIÓ";"AV DR JOSE RUFINO";"2802";"";"SOBRE O VIADUTO QUE PASSA POR CIMA DA BR 101";"TEJIPIÓ";NA;"CIDADE";"ABALROAMENTO TRANSVERSAL";"COM UMA VITIMA AGUARDANDO SAMU";1;1;0;0;0;0;0;0;0;1;0;"Cruzamento";"Bom";"Não existe";"Incompleta";"Seca";"Perfeito estado";"";"Não há placas";"";"Dupla";"Faixa seccionada";"";""
"4731";2020-01-15;"08:07:00";"SEM VÍTIMA";"FINALIZADA";"CORDEIRO";"AV CAXANGA";"";"";"EM FRENTE AO LABORATÓRIO NABUCO LOPES- PRÓXIMO AO SEM Nº 268";"CORDEIRO";268;"CIDADE";"ABALROAMENTO LONGITUDINAL";"DOIS AUTOS E UMA MOTO";2;1;0;0;0;0;0;0;0;0;0;"Longo da via";"Bom";"Sem defeito";"Incompleta";"Seca";"Perfeito estado";"Faixa de pedestre";"Não há placas";"";"Dupla";"Canteiro central";"";""
"4732";2020-01-15;"08:22:00";"SEM VÍTIMA";"FINALIZADA";"ÁGUA FRIA";"RUA DA REGENERACAO";"";"AV BEBERIBE";"AO LADO DO POSTO DE COMBUSTÍVEL BR";"ÁGUA FRIA";187;"SUBURBIO";"ABALROAMENTO TRANSVERSAL";"COLISAO S/ VITIMA. ENTRE VEICULO PARTICULAR E CAMINHAO DA COCA COLA. VT. 011. GM. DOUGLAS E RAFAEL LUIZ NO LOCAL";1;0;0;0;0;0;1;0;0;0;0;"Cruzamento";"Bom";"Sem defeito";"Perfeito estado";"Seca";"Perfeito estado";"Não existe";"R-6a";"";"Única";"Não existe";"";""
"4733";2020-01-15;"08:25:00";"SEM VÍTIMA";"FINALIZADA";"ESTÂNCIA";"AV DR JOSE RUFINO";"46";"";"APÓS O COLÉGIO VISÃO";"ESTÂNCIA";NA;"CIDADE";"COLISÃO TRASEIRA";"DOIS AUTOS";2;0;0;0;0;0;0;0;0;0;0;"Longo da via";"Bom";"Sem defeito";"Incompleta";"Seca";"";"Não existe";"Outras";"60 km/h";"Dupla";"Faixa seccionada";"";""
"4734";2020-01-15;"09:37:00";"SEM VÍTIMA";"FINALIZADA";"SANTO AMARO";"AV JOAO DE BARROS";"919";"";"EM FRENTE AO SANTANDER";"SANTO AMARO";NA;"CIDADE";"COLISÃO TRASEIRA";"SEM VITIMA. ENTRE TRES VEICULOS.";3;0;0;0;0;0;0;0;0;0;0;"Longo da via";"Bom";"Não existe";"Perfeito estado";"Seca";"Perfeito estado";"Outros";"Outras";"";"Dupla";"Canteiro central";"";""
"4735";2020-01-15;"09:46:00";"SEM VÍTIMA";"FINALIZADA";"BOA VIAGEM";"RUA PROFESSOR JOSE BRANDAO";"";"AV ENGENHEIRO DOMINGOS FERREIRA";"";"BOA VIAGEM";550;"SUBURBIO";"ABALROAMENTO LONGITUDINAL";"COLISÃO S/VITIMAS ENTRE DOIS AUTOS";2;0;0;0;0;0;0;0;0;0;0;"Cruzamento";"Bom";"Sem defeito";"Perfeito estado";"Seca";"Perfeito estado";"Faixa de pedestre";"Não há placas";"";"Única";"Faixa contínua";"";""
"4736";2020-01-15;"10:12:00";"SEM VÍTIMA";"FINALIZADA";"IPSEP";"AV RECIFE";"2240";"";"MOTO ELETRICA";"IPSEP";NA;"SUBURBIO";"COLISÃO TRASEIRA";"DOIS AUTOS";2;0;0;0;0;0;0;0;0;0;0;"Longo da via";"Bom";"Sem defeito";"Perfeito estado";"Seca";"";"Outros";"Outras";"";"Única";"Faixa seccionada";"Canteiro central";""
"4737";2020-01-15;"10:33:00";"SEM VÍTIMA";"FINALIZADA";"IPUTINGA";"AV CAXANGA";"3595";"";"EM FRENTE A ESCOLA FERNANDES VIEIRA- Nº 3595";"IPUTINGA";229;"CIDADE";"COLISÃO TRASEIRA";"SEM VITIMAS";2;0;0;0;0;0;0;0;0;0;0;"Longo da via";"Bom";"Sem defeito";"Perfeito estado";"Seca";"Perfeito estado";"Não existe";"Não há placas";"";"Dupla";"Faixa seccionada";"Canteiro central";""
"4738";2020-01-15;"10:38:00";"SEM VÍTIMA";"FINALIZADA";"CORDEIRO";"RUA GOMES TABORDA";"951";"";"ARMAZEM SANTO ANDRE";"CORDEIRO";NA;"";"COLISÃO TRASEIRA";"SEM VITIMA. ENTRE TRES VEICULOS";3;0;0;0;0;0;0;0;0;0;0;"Longo da via";"Bom";"Não existe";"Ilegível";"Seca";"Perfeito estado";"Não existe";"Não há placas";"";"Dupla";"Faixa seccionada";"";""
"4739";2020-01-15;"10:47:00";"SEM VÍTIMA";"CANCELADA";"AREIAS";"RUA BARROS SOBRINHO";"112";"";"PROX A HONDA CENTRO DE TREINAMENTO";"AREIAS";NA;"";"COLISÃO";"COLISAO S/ VITIMA ENTRE VEICULO PARTICULAR E CAMINHAO";1;0;0;0;0;0;1;0;0;0;0;"";"";"";"";"";"";"";"";"";"";"";"";""
"4740";2020-01-15;"11:39:00";"SEM VÍTIMA";"FINALIZADA";"IMBIRIBEIRA";"AV MARECHAL MASCARENHAS DE MORAES";"4815";"";"PARVI LOCADORA";"IMBIRIBEIRA";NA;"CIDADE";"COLISÃO TRASEIRA";"COLISAO S/ VITIMA. ENTRE DOIS VEICULOS";2;0;0;0;0;0;0;0;0;0;0;"Longo da via";"Bom";"Não existe";"Perfeito estado";"Seca";"Perfeito estado";"Não existe";"Não há placas";"";"Dupla";"Canteiro central";"";""
"4741";2020-01-15;"11:44:00";"SEM VÍTIMA";"CANCELADA";"AFLITOS";"AV RUI BARBOSA";"1541";"";"EM FRENTE AO COLEGIO DAMAS";"AFLITOS";NA;"";"COLISÃO";"COLISAO S/ VITIMA.ENTRE DOIS VEICULOS";2;0;0;0;0;0;0;0;0;0;0;"";"";"";"";"";"";"";"";"";"";"";"";""
"4742";2020-01-15;"12:02:00";"SEM VÍTIMA";"FINALIZADA";"ESPINHEIRO";"AV GOVERNADOR AGAMENON MAGALHAES";"";"RUA JOSE LUIZ DA SILVEIRA BARROS";"";"ESPINHEIRO";NA;"SUBURBIO";"CHOQUE VEÍCULO PARADO";"COLISÃO SEM VITIMA";2;0;0;0;0;0;0;0;0;0;0;"";"Bom";"Não existe";"Perfeito estado";"Seca";"Perfeito estado";"Não existe";"Outras";"";"Dupla";"Faixa seccionada";"";""
"4743";2020-01-15;"12:23:00";"COM VÍTIMA";"FINALIZADA";"BOA VISTA";"RUA DOM BOSCO";"1183";"AV CONDE DA BOA VISTA";"ESQUINA DO POSTO DOM BOSCO";"BOA VISTA";27;"SUBURBIO";"ABALROAMENTO TRANSVERSAL";"COM VITIMA";1;1;0;0;0;0;0;0;0;1;0;"Cruzamento";"Bom";"Sem defeito";"Perfeito estado";"Seca";"Perfeito estado";"Faixa de pedestre";"";"40 km/h";"";"Faixa";"";""
"4744";2020-01-15;"12:26:00";"SEM VÍTIMA";"CANCELADA";"BOA VIAGEM";"AV BOA VIAGEM";"3722";"";"EM FRENTE AO ORLA BAR E RESTAURANTE";"BOA VIAGEM";NA;"";"COLISÃO";"COLISÃO SEM VÍTIMA";2;0;0;0;0;0;0;0;0;0;0;"";"";"";"";"";"";"";"";"";"";"";"";""
"4745";2020-01-15;"14:08:00";"SEM VÍTIMA";"FINALIZADA";"BOA VIAGEM";"RUA PROFESSOR JOAO MEDEIROS";"533";"";"ED RENATO MEDEIROS";"BOA VIAGEM";335;"CIDADE";"COLISÃO TRASEIRA";"COLISÃO SEM VITIMA";1;1;0;0;0;0;0;0;0;0;0;"Longo da via";"Bom";"Sem defeito";"Perfeito estado";"Seca";"Perfeito estado";"Faixa de pedestre";"Não há placas";"";"Única";"Faixa seccionada";"";""
"4746";2020-01-15;"14:19:00";"COM VÍTIMA";"FINALIZADA";"AFOGADOS";"RUA SAO MIGUEL";"945";"";"EM FRENTE DO QUARTEL";"AFOGADOS";NA;"CIDADE";"ABALROAMENTO TRANSVERSAL";"COM VITIMA";2;0;0;0;0;0;0;0;0;1;0;"Longo da via";"Bom";"Sem defeito";"Incompleta";"Seca";"";"Faixa de pedestre";"Outras";"";"Dupla";"Faixa";"";""
"4747";2020-01-15;"15:48:00";"SEM VÍTIMA";"FINALIZADA";"BRASÍLIA TEIMOSA";"RUA ARABAIANA";"";"RUA ARTUR BERNARDES";"";"BRASÍLIA TEIMOSA";NA;"";"ABALROAMENTO TRANSVERSAL";"COLISÃO SEM VÍTIMA";1;0;0;0;0;1;0;0;0;0;0;"";"Bom";"Não existe";"Não existente";"Seca";"Perfeito estado";"Não existe";"Não há placas";"";"Única";"Não existe";"";""
"4748";2020-01-15;"15:55:00";"COM VÍTIMA";"FINALIZADA";"MADALENA";"AV JOSE GONCALVES DE MEDEIROS";"118";"";"EM FRENTE A ENTRADA DO EXTRA";"MADALENA";NA;"SUBURBIO";"ABALROAMENTO LONGITUDINAL";"COLISÃO COM VÍTIMA";0;2;0;0;0;0;0;0;0;2;0;"Longo da via";"Bom";"Sem defeito";"Perfeito estado";"Seca";"Perfeito estado";"Agente";"Outras";"";"Dupla";"Faixa contínua";"Faixa seccionada";""
"4749";2020-01-15;"16:20:00";"SEM VÍTIMA";"FINALIZADA";"GRAÇAS";"AV RUI BARBOSA";"370";"";"";"GRAÇAS";NA;"CIDADE";"COLISÃO TRASEIRA";"COLISÃO SEM VÍTIMA";1;0;0;0;0;0;0;0;0;0;0;"Longo da via";"Bom";"Não existe";"Perfeito estado";"Seca";"Perfeito estado";"Não existe";"R-6a";"";"Única";"Faixa seccionada";"";""
"4750";2020-01-15;"17:03:00";"SEM VÍTIMA";"FINALIZADA";"IPSEP";"AV RECIFE";"";"";"EM FRENTE SÃO PAULO VEÍCULOS";"IPSEP";NA;"SUBURBIO";"COLISÃO TRASEIRA";"COLISÃO SEM VÍTIMA";2;0;0;0;0;0;0;0;0;0;0;"Longo da via";"Bom";"Sem defeito";"Perfeito estado";"Seca";"Perfeito estado";"";"Não há placas";"60 km/h";"Dupla";"Faixa seccionada";"Canteiro central";""
"4751";2020-01-15;"17:04:00";"SEM VÍTIMA";"FINALIZADA";"ILHA DO RETIRO";"RUA BENFICA";"";"";"SAÍDA DO TÚNEL CHICO SCIENCE";"ILHA DO RETIRO";NA;"";"ABALROAMENTO LONGITUDINAL";"COLISÃO SEM VÍTIMA";1;0;0;0;0;0;1;0;0;0;0;"Longo da via";"Bom";"Não existe";"Incompleta";"Seca";"Perfeito estado";"Não existe";"Outras";"40 km/h";"Única";"Faixa seccionada";"";""
"4752";2020-01-15;"17:33:00";"SEM VÍTIMA";"FINALIZADA";"SANTO ANTÔNIO";"RUA IMPERADOR PEDRO SEGUNDO";"307";"RUA MARQUES DO RECIFE";"EM FRENTE AO EDIFÍCIO ARMANDO MONTEIRO FILHO";"SANTO ANTÔNIO";NA;"";"ABALROAMENTO LONGITUDINAL";"COLISÃO SEM VÍTIMA";0;0;0;0;0;1;1;0;0;0;0;"Longo da via";"Bom";"Não existe";"Perfeito estado";"Seca";"Perfeito estado";"Não existe";"Outras";"";"Única";"Faixa seccionada";"";""
"4753";2020-01-15;"17:39:00";"SEM VÍTIMA";"FINALIZADA";"VÁRZEA";"RUA GASTAO VIDIGAL";"";"";"EM FRENTE AO CALDINHO DO MARROM E A PARADA DE Nº 090278";"VÁRZEA";281;"SUBURBIO";"ABALROAMENTO LONGITUDINAL";"COLISÃO SEM VÍTIMA";1;0;0;0;0;1;0;0;0;0;0;"Longo da via";"Bom";"Sem defeito";"Perfeito estado";"Seca";"Perfeito estado";"Não existe";"Não há placas";"";"Dupla";"Faixa seccionada";"";""
"4754";2020-01-15;"17:56:00";"SEM VÍTIMA";"FINALIZADA";"IMBIRIBEIRA";"AV MARECHAL MASCARENHAS DE MORAES";"2728";"";"TAMBAÍ";"IMBIRIBEIRA";161;"SUBURBIO";"COLISÃO TRASEIRA";"ENTRE ONIBUS X AUTO PASSEIO S/V";1;0;0;0;0;1;0;0;0;0;0;"Longo da via";"Bom";"Sem defeito";"Perfeito estado";"Seca";"Perfeito estado";"Faixa de pedestre";"Não há placas";"";"Dupla";"Canteiro central";"";""
"4755";2020-01-15;"18:18:00";"SEM VÍTIMA";"FINALIZADA";"BOA VIAGEM";"AVENIDA CELSO FURTADO (VIA MANGUE)";"";"";"";"BOA VIAGEM";NA;"SUBURBIO";"ABALROAMENTO LONGITUDINAL";"ENTRE DOIS AUTOS S/V";2;0;0;0;0;0;0;0;0;0;0;"Longo da via";"Bom";"Não existe";"Perfeito estado";"Seca";"Perfeito estado";"Não existe";"Não há placas";"60 km/h";"Dupla";"Canteiro central";"";""
"4756";2020-01-15;"18:34:00";"SEM VÍTIMA";"FINALIZADA";"DOIS IRMÃOS";"";"";"";"PRÓXIMO AO HOTEL SENZALA";"DOIS IRMÃOS";416;"";"ABALROAMENTO LONGITUDINAL";"DOIS ONIX";2;0;0;0;0;0;0;0;0;0;0;"Cruzamento";"Bom";"Sem defeito";"Incompleta";"";"";"Não existe";"R-6a";"";"Dupla";"Não existe";"";""
"4757";2020-01-15;"18:58:00";"SEM VÍTIMA";"FINALIZADA";"IMBIRIBEIRA";"RUA ARQUITETO LUIZ NUNES";"873";"";"";"IMBIRIBEIRA";NA;"SUBURBIO";"ABALROAMENTO LONGITUDINAL";"MOTO X COROLA";1;1;0;0;0;0;0;0;0;0;0;"Longo da via";"Bom";"Não existe";"Perfeito estado";"Seca";"Perfeito estado";"Não existe";"Não há placas";"40 km/h";"Dupla";"Faixa contínua";"";""
"4758";2020-01-15;"19:13:00";"SEM VÍTIMA";"FINALIZADA";"BOA VIAGEM";"RUA DOS NAVEGANTES";"74";"RUA HENRIQUE CAPITULINO";"EDF VIRGINIA WOOLF Nº 74";"BOA VIAGEM";NA;"SUBURBIO";"ABALROAMENTO TRANSVERSAL";"HONDA HRV X COROLA";2;0;0;0;0;0;0;0;0;0;0;"Cruzamento";"Bom";"Não existe";"Incompleta";"Seca";"Perfeito estado";"Não existe";"Placas Pare";"";"Única";"Faixa seccionada";"";""
"4759";2020-01-15;"19:31:00";"COM VÍTIMA";"FINALIZADA";"VÁRZEA";"RUA VALE DO SIRIJI";"130";"";"ENF A FABRICA ESTUDIO ZERO";"VÁRZEA";NA;"SUBURBIO";"ABALROAMENTO LONGITUDINAL";"SANDERO X MOTO";1;1;0;0;0;0;0;0;0;1;0;"Longo da via";"Bom";"Não existe";"Incompleta";"Seca";"Perfeito estado";"Não existe";"Não há placas";"";"Dupla";"Faixa seccionada";"";""
"4760";2020-01-15;"19:58:00";"COM VÍTIMA";"CANCELADA";"BOA VIAGEM";"RUA WALDEMAR NERY CARNEIRO MONTEIRO";"";"RUA CRUZEIRO DO FORTE";"E/F A ESCOLA VILA APRENDIZ";"BOA VIAGEM";NA;"";"COLISÃO";"ENTRE AUTO PASSEIO X MOTO COM VÍTIMA";1;1;0;0;0;0;0;0;0;1;0;"";"";"";"";"";"";"";"";"";"";"";"";""
"4761";2020-01-15;"20:09:00";"SEM VÍTIMA";"FINALIZADA";"IMBIRIBEIRA";"RUA JACI";"120";"AV GENERAL MAC ARTHUR";"ART LED MAT ELÉTRICOS";"IMBIRIBEIRA";NA;"CIDADE";"ABALROAMENTO LONGITUDINAL";"ENTRE AUTO PASSEIO X ONIBUS S/V";1;0;0;0;0;1;0;0;0;0;0;"Cruzamento";"Bom";"Não existe";"Perfeito estado";"Seca";"Perfeito estado";"Outros";"Placas Pare";"";"Única";"Não existe";"";""
"4762";2020-01-15;"22:43:00";"COM VÍTIMA";"FINALIZADA";"BOA VIAGEM";"RUA RIBEIRO DE BRITO";"";"RUA AMALIA BERNARDINO DE SOUZA";"AO LADO DA UNISSAU/ PROX AO RESTAURANTE CARCARÁ";"BOA VIAGEM";NA;"CIDADE";"ABALROAMENTO TRANSVERSAL";"ENTRE AUTO PASSEIO X MOTO COM VÍTIMA";1;1;0;0;0;0;0;0;0;2;0;"Cruzamento";"Bom";"Não existe";"Não existente";"Seca";"Perfeito estado";"Não existe";"Não há placas";"";"Única";"Faixa seccionada";"";""
"4763";2020-01-15;"22:45:00";"SEM VÍTIMA";"FINALIZADA";"ILHA DO RETIRO";"AV ENGENHEIRO ABDIAS DE CARVALHO";"";"RUA SENADOR FABIO DE BARROS";"ENTRE AO POSTO IPIRANGA";"ILHA DO RETIRO";355;"SUBURBIO";"ABALROAMENTO LONGITUDINAL";"CELTA X AUTO";2;0;0;0;0;0;0;0;0;0;0;"Longo da via";"Bom";"Sem defeito";"Perfeito estado";"Seca";"Perfeito estado";"";"Não há placas";"";"Única";"Faixa seccionada";"";""
"4764";2020-01-16;"05:33:00";"SEM VÍTIMA";"CANCELADA";"BOA VIAGEM";"RUA DR GILSON MACHADO GUIMARAES";"";"AV ENGENHEIRO DOMINGOS FERREIRA";"AO LADO DO EXTRA- FAIXA DA DIREITA";"BOA VIAGEM";NA;"380";"COLISÃO";"COLISÃO ENTRE DOIS CAMINHÕES S/V";0;0;0;0;0;0;2;0;0;0;0;"";"";"";"";"";"";"";"";"";"";"";"";""
"4765";2020-01-16;"06:45:00";"SEM VÍTIMA";"FINALIZADA";"IPUTINGA";"RUA PROFESSOR JULIO OLIVEIRA";"7770";"AV PROFESSOR JOAQUIM CAVALCANTI";"";"IPUTINGA";NA;"";"ABALROAMENTO LONGITUDINAL";"SEM VITIMAS";1;0;0;0;0;1;0;0;0;0;0;"";"Bom";"Não existe";"Perfeito estado";"Seca";"Perfeito estado";"Faixa de retenção";"Placas Pare";"";"Única";"Não existe";"";""
"4766";2020-01-16;"08:05:00";"COM VÍTIMA";"FINALIZADA";"BOA VIAGEM";"RUA CONEGO ROMEU";"637";"AV MARECHAL JUAREZ TAVORA";"ARMAZEM ECOSEL";"BOA VIAGEM";NA;"CIDADE";"ABALROAMENTO LONGITUDINAL";"COLISAO COM VITIMA. ENTRE VEICULO E MOTO";1;1;0;0;0;0;0;0;0;1;0;"Longo da via";"Bom";"Não existe";"Perfeito estado";"Seca";"Perfeito estado";"Não existe";"Não há placas";"60 km/h";"Dupla";"Canal";"";""
"4767";2020-01-16;"09:06:00";"SEM VÍTIMA";"FINALIZADA";"BOA VIAGEM";"RUA PETROLINA";"";"RUA CORONEL BENEDITO CHAVES";"ANTIGO RECIFE MONTE HOTEL";"BOA VIAGEM";NA;"CIDADE";"ABALROAMENTO LONGITUDINAL";"COLISÃO S/VITIMAS ENTRE UM AUTO E UM CAMINHÃO";1;0;0;0;0;0;1;0;0;0;0;"Cruzamento";"Bom";"Não existe";"Incompleta";"Seca";"Perfeito estado";"Não existe";"Não há placas";"30 km/h";"Única";"Não existe";"";""
"4768";2020-01-16;"09:06:00";"SEM VÍTIMA";"FINALIZADA";"PRADO";"RUA JOAO IVO DA SILVA";"";"";"";"PRADO";NA;"SUBURBIO";"ABALROAMENTO LONGITUDINAL";"COLISAO S/ VITIMA. ENTRE VEICULO E MOTO";1;1;0;0;0;0;0;0;0;0;0;"Longo da via";"Bom";"Não existe";"Perfeito estado";"Seca";"Perfeito estado";"Não existe";"Não há placas";"";"Única";"Não existe";"";""
"4769";2020-01-16;"09:09:00";"SEM VÍTIMA";"CANCELADA";"AFOGADOS";"RUA ERNESTO CAVALCANTI";"104";"";"EM FRENTE A EMPRESA COMPLACAS";"AFOGADOS";NA;"";"COLISÃO";"SEM VITIMAS";1;0;0;0;0;0;1;0;0;0;0;"";"";"";"";"";"";"";"";"";"";"";"";""
"4770";2020-01-16;"09:35:00";"COM VÍTIMA";"FINALIZADA";"CAMPO GRANDE";"RUA JERONIMO VILELA";"725";"";"EM FRENTE AO BAR DO ZE E RESTAURANTE ESTAÇÃO DA TERRA";"CAMPO GRANDE";341;"SUBURBIO";"COLISÃO COM CICLISTA";"AUTO E PEDESTRE";1;0;0;1;0;0;0;0;0;1;0;"Longo da via";"Bom";"Sem defeito";"Perfeito estado";"Seca";"Perfeito estado";"Faixa de pedestre";"Outras";"";"Dupla";"Faixa contínua";"";""
"4771";2020-01-16;"09:43:00";"COM VÍTIMA";"FINALIZADA";"JOANA BEZERRA";"RUA MIRANDOPOLIS";"";"";"TERMINAL DE JOANA BEZERRA. VIA DE ACESSO AO TI. EM FRENTE A LILI MODAS.";"JOANA BEZERRA";NA;"CIDADE";"ABALROAMENTO LONGITUDINAL";"COLISAO COM VITIMA. ONIBUS E CARROÇA DA PREFEITURA";0;0;0;0;0;1;0;0;1;1;0;"Longo da via";"Bom";"Não existe";"Perfeito estado";"Seca";"Perfeito estado";"Não existe";"R-6a";"";"Única";"Não existe";"";""
"4772";2020-01-16;"09:56:00";"SEM VÍTIMA";"FINALIZADA";"CORDEIRO";"AV ENGENHEIRO ABDIAS DE CARVALHO";"";"AV GENERAL SAN MARTIN";"SOB O SEMÁFORO 058";"CORDEIRO";58;"SUBURBIO";"COLISÃO FRONTAL";"COLISAO S/ VITIMA. CARRO E MOTO./GM: ANDRE LUCENA NO QTH";1;1;0;0;0;0;0;0;0;0;0;"Longo da via";"Bom";"Sem defeito";"Perfeito estado";"Seca";"Perfeito estado";"Faixa de pedestre";"Não há placas";"";"Dupla";"Canteiro central";"";""
"4773";2020-01-16;"10:10:00";"SEM VÍTIMA";"CANCELADA";"IPSEP";"AV RECIFE";"2829";"RUA ARISTIDES LOBO";"EM FRENTE A BATERIAS HELIAR";"IPSEP";616;"CEASA";"COLISÃO";"SEM VITIMAS";2;0;0;0;0;0;0;0;0;0;0;"";"";"";"";"";"";"";"";"";"";"";"";""
"4774";2020-01-16;"10:20:00";"SEM VÍTIMA";"FINALIZADA";"BONGI";"AV ENGENHEIRO ABDIAS DE CARVALHO";"";"AV GENERAL SAN MARTIN";"LADO OPOSTO FUNASE";"BONGI";58;"CIDADE";"COLISÃO TRASEIRA";"COLISÃO S/VITIMAS ENTRE DOIS AUTOS";2;0;0;0;0;0;0;0;0;0;0;"Cruzamento";"Bom";"Sem defeito";"Perfeito estado";"Seca";"Perfeito estado";"Agente";"Outras";"";"Única";"Faixa seccionada";"";""
"4775";2020-01-16;"10:52:00";"SEM VÍTIMA";"FINALIZADA";"TORRÕES";"AV BICENTENARIO DA REVOLUCAO FRANCESA";"35";"";"";"TORRÕES";NA;"SUBURBIO";"COLISÃO TRASEIRA";"COLISAO S/ VITIMA. ENTRE CARRO E MOTO";1;1;0;0;0;0;0;0;0;0;0;"Longo da via";"Bom";"Não existe";"Incompleta";"Seca";"Perfeito estado";"Não existe";"Não há placas";"";"Dupla";"Não existe";"";""
"4776";2020-01-16;"11:08:00";"SEM VÍTIMA";"FINALIZADA";"MADALENA";"RUA BENFICA";"997";"";"EM FRENTE A BOSCH SERVICE";"MADALENA";NA;"CIDADE";"ABALROAMENTO LONGITUDINAL";"COLISÃO S/VITIMAS ENTRE DOIS AUTOS";2;0;0;0;0;0;0;0;0;0;0;"Longo da via";"Bom";"Não existe";"Perfeito estado";"Seca";"Perfeito estado";"Não existe";"R-6a";"";"Única";"Não existe";"";""
"4777";2020-01-16;"11:39:00";"SEM VÍTIMA";"FINALIZADA";"MADALENA";"AV VISCONDE DE ALBUQUERQUE";"457";"RUA BARTOLOMEU DE GUSMAO";"PADARIA ENGENHO MADALENA";"MADALENA";NA;"SUBURBIO";"ABALROAMENTO TRANSVERSAL";"COLISAO S/ VITIMA. DOIS VEICULOS";2;0;0;0;0;0;0;0;0;0;0;"Cruzamento";"Bom";"Não existe";"Perfeito estado";"Seca";"Perfeito estado";"Não existe";"Placas Pare";"";"Única";"Faixa contínua";"Faixa seccionada";""
"4778";2020-01-16;"11:52:00";"SEM VÍTIMA";"FINALIZADA";"BOMBA DO HEMETÉRIO";"RUA PROFESSOR JOSE AMARINO DOS REIS";"427";"RUA CHA DE ALEGRIA";"";"BOMBA DO HEMETÉRIO";NA;"SUBURBIO";"CHOQUE VEÍCULO PARADO";"COLISÃO S/VITIMAS ENTRE UM ONIBUS- UM AUTO E UMA MOTO";1;1;0;0;0;1;0;0;0;0;0;"Cruzamento";"Bom";"Não existe";"Perfeito estado";"Seca";"Perfeito estado";"Outros";"R-6a";"";"Dupla";"Não existe";"";""
"4779";2020-01-16;"12:39:00";"COM VÍTIMA";"FINALIZADA";"TEJIPIÓ";"AV DR JOSE RUFINO";"248";"";"EM FRENTE AO CARTORIO DE TEJIPIO";"TEJIPIÓ";411;"SUBURBIO";"ABALROAMENTO TRANSVERSAL";"COLISÃO COM VITIMA";1;1;0;0;0;0;0;0;0;1;0;"Longo da via";"Bom";"Sem defeito";"Perfeito estado";"Seca";"Perfeito estado";"Faixa de pedestre";"";"";"Dupla";"";"";""
"4780";2020-01-16;"13:16:00";"SEM VÍTIMA";"FINALIZADA";"ILHA DO LEITE";"RUA FRANCISCO ALVES";"408";"";"HOSP. UNIMED - BEIRA RIO";"ILHA DO LEITE";NA;"SUBURBIO";"COLISÃO TRASEIRA";"COLISÃO SEM COLISÃO";2;0;0;0;0;0;0;0;0;0;0;"Longo da via";"Bom";"Não existe";"Perfeito estado";"Seca";"Perfeito estado";"";"";"";"Dupla";"Faixa contínua";"";""
"4781";2020-01-16;"13:36:00";"SEM VÍTIMA";"PENDENTE";"MADALENA";"RUA JOSE OSORIO";"";"";"EM FRENTE AO RM EXPRESS";"MADALENA";NA;"";"COLISÃO";"COLISÃO SEM VÍTIMA";2;1;0;0;0;0;0;0;0;0;0;"";"";"";"";"";"";"";"";"";"";"";"";""
"4782";2020-01-16;"13:36:00";"SEM VÍTIMA";"FINALIZADA";"BOA VIAGEM";"AV BOA VIAGEM";"3114";"";"EM FRENTE AO HOTEL JANGADEIRO";"BOA VIAGEM";555;"CIDADE";"COLISÃO TRASEIRA";"COLISAO SEM VITIMAS";2;0;0;0;0;0;0;0;0;0;0;"Longo da via";"Bom";"Sem defeito";"Perfeito estado";"Seca";"Perfeito estado";"Faixa de pedestre";"Outras";"";"Única";"Faixa contínua";"Faixa seccionada";""
"4783";2020-01-16;"13:52:00";"SEM VÍTIMA";"FINALIZADA";"ESTÂNCIA";"RUA JOSE GOMES DE MOURA";"816";"";"AO LADO DA CASA DO PORTA PALETES";"ESTÂNCIA";NA;"SUBURBIO";"ABALROAMENTO LONGITUDINAL";"COLISÃO SEM VITIMA";1;0;0;0;0;1;0;0;0;0;0;"Longo da via";"Bom";"Não existe";"Incompleta";"Seca";"Perfeito estado";"Não existe";"Não há placas";"";"Única";"Não existe";"";""
"4784";2020-01-16;"14:31:00";"SEM VÍTIMA";"FINALIZADA";"DERBY";"AV GOVERNADOR AGAMENON MAGALHAES";"";"AV GOVERNADOR CARLOS DE LIMA CAVALCANTI";"SEMÁFORO";"DERBY";75;"";"COLISÃO TRASEIRA";"COLISAO ENTRE TRES VEICULOS SEM VITIMAS";3;0;0;0;0;0;0;0;0;0;0;"Cruzamento";"Bom";"Sem defeito";"Perfeito estado";"Seca";"Perfeito estado";"";"";"60 km/h";"Dupla";"Canal";"";""