"";"data";"hora";"natureza_acidente";"situacao";"bairro";"endereco";"numero";"detalhe_endereco_acidente";"complemento";"bairro_cruzamento";"num_semaforo";"sentido_via";"tipo";"descricao";"auto";"moto";"ciclom";"ciclista";"pedestre";"onibus";"caminhao";"viatura";"outros";"vitimas";"vitimasfatais";"acidente_verificado";"tempo_clima";"situacao_semaforo";"sinalizacao";"condicao_via";"conservacao_via";"ponto_controle";"situacao_placa";"velocidade_max_via";"mao_direcao";"divisao_via1";"divisao_via2";"divisao_via3"
"4897";2020-01-20;"15:42:00";"SEM VÍTIMA";"FINALIZADA";"BOA VISTA";"RUA DR LEOPOLDO LINS";"237";"";"EM FRENTE AO Nº 237";"BOA VISTA";78;"SUBURBIO";"COLISÃO TRASEIRA";"AUTO PASSEIO X MOTO S/V";1;1;0;0;0;0;0;0;0;0;0;"Longo da via";"Bom";"Sem defeito";"Perfeito estado";"Seca";"Perfeito estado";"Faixa de pedestre";"R-6a";"";"Única";"Não existe";"";""
"4898";2020-01-20;"16:15:00";"COM VÍTIMA";"FINALIZADA";"DERBY";"AV GOVERNADOR AGAMENON MAGALHAES";"";"";"NA FAIXA DE PEDESTRE DA PRAÇA DO DERBY SENTIDO BOA VIAGEM";"DERBY";75;"BOA VIAGEM";"ATROPELAMENTO";"ATROPELAMENTO ENTRE AUTO E PEDESTRE";1;0;0;0;1;0;0;0;0;1;0;"Cruzamento";"Bom";"Sem defeito";"Perfeito estado";"Seca";"Perfeito estado";"Faixa de pedestre";"";"60 km/h";"Única";"Faixa seccionada";"";""
"4899";2020-01-20;"16:20:00";"SEM VÍTIMA";"FINALIZADA";"DERBY";"PRC DO DERBY";"";"";"APÓS O SEMÁFORO 040";"DERBY";NA;"CIDADE";"COLISÃO TRASEIRA";"COLISÃO SEM VÍTIMA";2;0;0;0;0;0;0;0;0;0;0;"Longo da via";"Bom";"Sem defeito";"Perfeito estado";"Seca";"Perfeito estado";"Não existe";"";"50 km/h";"Dupla";"Canteiro central";"";""
"4900";2020-01-20;"16:34:00";"SEM VÍTIMA";"FINALIZADA";"BOA VIAGEM";"RUA ANTONIO VICENTE";"258";"";"";"BOA VIAGEM";NA;"SUBURBIO";"ABALROAMENTO LONGITUDINAL";"COLISÃO SEM VÍTIMA";2;0;0;0;0;0;0;0;0;0;0;"Longo da via";"Bom";"Não existe";"Perfeito estado";"Seca";"Perfeito estado";"Não existe";"Placas Pare";"";"Dupla";"Faixa seccionada";"";""
"4901";2020-01-20;"16:56:00";"SEM VÍTIMA";"FINALIZADA";"CURADO";"RUA MINISTRO MARIO ANDREAZZA";"";"AV PREFEITO ANTONIO PEREIRA";"POSTE B 067125";"CURADO";NA;"";"ABALROAMENTO TRANSVERSAL";"ENTRE ONIBUS X AUTO PASSEIO";1;0;0;0;0;1;0;0;0;0;0;"Longo da via";"Bom";"Não existe";"Não existente";"Seca";"Mal conservada";"Não existe";"Não há placas";"";"Dupla";"Não existe";"";""
"4902";2020-01-20;"16:57:00";"SEM VÍTIMA";"FINALIZADA";"VÁRZEA";"AV AFONSO OLINDENSE";"";"";"PADARIA CAXANGÁ";"VÁRZEA";638;"SUBURBIO";"COLISÃO TRASEIRA";"COLISAO SEM VITIMAS";1;1;0;0;0;0;0;0;0;0;0;"Longo da via";"Bom";"Sem defeito";"Perfeito estado";"Seca";"Perfeito estado";"";"";"";"";"";"";""
"4903";2020-01-20;"17:05:00";"SEM VÍTIMA";"FINALIZADA";"MANGABEIRA";"AV NORTE";"";"";"EM FRENTE AO SEMÁFORO Nº 096";"MANGABEIRA";96;"SUBURBIO";"COLISÃO TRASEIRA";"COLISAO SEM VITIMAS";2;0;0;0;0;0;0;0;0;0;0;"Longo da via";"Bom";"Sem defeito";"Perfeito estado";"Seca";"Perfeito estado";"Faixa de pedestre";"Outras";"";"Dupla";"Canteiro central";"";""
"4904";2020-01-20;"17:34:00";"SEM VÍTIMA";"FINALIZADA";"BOA VIAGEM";"RUA MARQUES DE VALENCA";"";"";"";"BOA VIAGEM";NA;"";"ABALROAMENTO TRANSVERSAL";"ENTRE DOIS AUTOS S/V";2;0;0;0;0;0;0;0;0;0;0;"Cruzamento";"Bom";"Não existe";"Perfeito estado";"Seca";"Perfeito estado";"Faixa de retenção";"R-6a";"";"Dupla";"Faixa seccionada";"";""
"4905";2020-01-20;"17:49:00";"SEM VÍTIMA";"FINALIZADA";"SANTO ANTÔNIO";"PRC DA REPUBLICA";"";"RUA IMPERADOR PEDRO SEGUNDO";"AO LADO DA SECRETARIA DA FAZENDA";"SANTO ANTÔNIO";278;"CIDADE";"ABALROAMENTO LONGITUDINAL";"COLISAO SEM VITIMAS";1;0;0;0;0;1;0;0;0;0;0;"Longo da via";"Bom";"Sem defeito";"Perfeito estado";"Seca";"Perfeito estado";"Faixa de pedestre";"R-6a";"30 km/h";"Única";"Faixa contínua";"";""
"4906";2020-01-20;"18:34:00";"COM VÍTIMA";"FINALIZADA";"IMBIRIBEIRA";"AV PINHEIROS";"886";"";"PROX AO POSTO IPIRANGA/ PROX A GRILO FLORES";"IMBIRIBEIRA";NA;"SUBURBIO";"COLISÃO FRONTAL";"ENTRE AUTO PASSEIO X MOTO COM VITIMA";1;1;0;0;0;0;0;0;0;1;0;"Longo da via";"Bom";"Não existe";"Perfeito estado";"Seca";"Perfeito estado";"Não existe";"Não há placas";"";"Dupla";"Não existe";"";""
"4907";2020-01-20;"18:39:00";"SEM VÍTIMA";"FINALIZADA";"DOIS UNIDOS";"AV HILDEBRANDO DE VASCONCELOS";"4A";"";"EM FRENTE A ESCOLA DR FRANCISCO DE QUEIROZ";"DOIS UNIDOS";NA;"SUBURBIO";"ABALROAMENTO LONGITUDINAL";"SIENA X PALIO OBS: OS DOPIS VEICULOS ESTA COM EIXO QUEBRADOS";2;0;0;0;0;0;0;0;0;0;0;"Longo da via";"Bom";"Não existe";"Perfeito estado";"Seca";"Perfeito estado";"Não existe";"Não há placas";"";"Dupla";"Faixa seccionada";"";""
"4908";2020-01-20;"19:21:00";"SEM VÍTIMA";"CANCELADA";"TORRÕES";"AV INACIO MONTEIRO";"1601";"RUA DR MIGUEL VIEIRA FERREIRA";"ENF A ESCOLA PASTOR MUNGUBA SOBRINHO";"TORRÕES";NA;"";"COLISÃO";"FIAT TORO X ONIX";2;0;0;0;0;0;0;0;0;0;0;"";"";"";"";"";"";"";"";"";"";"";"";""
"4909";2020-01-20;"19:31:00";"SEM VÍTIMA";"FINALIZADA";"JOANA BEZERRA";"VIADUTO CAPITAO TEMUDO";"";"RUA DOM PAULO II";"ANTES ALÇA ACESSO AFOGADOS";"JOANA BEZERRA";NA;"SUBURBIO";"ABALROAMENTO LONGITUDINAL";"CAMINHAO X RENEGADE";1;0;0;0;0;0;1;0;0;0;0;"Viaduto";"Bom";"Não existe";"Perfeito estado";"Seca";"Perfeito estado";"Não existe";"Outras";"";"Dupla";"";"";""
"4910";2020-01-21;"06:57:00";"SEM VÍTIMA";"FINALIZADA";"JORDÃO";"RUA BOANERGES PEREIRA";"07B";"";"GRÁFICA EDX";"JORDÃO";NA;"CIDADE";"ABALROAMENTO LONGITUDINAL";"COLISÃO S/VITIMAS ENTRE UM CAMINHÃO E UM MICROONIBUS";0;0;0;0;0;1;0;0;0;0;0;"Longo da via";"Bom";"Não existe";"Perfeito estado";"Seca";"Perfeito estado";"Não existe";"Não há placas";"30 km/h";"Dupla";"Não existe";"";""
"4911";2020-01-21;"08:18:00";"SEM VÍTIMA";"FINALIZADA";"IPSEP";"RUA BLUMENAU";"374";"RUA IRAPUA";"";"IPSEP";NA;"SUBURBIO";"ABALROAMENTO LONGITUDINAL";"COLISÃO S/VITIMAS ENTEE DOIS AUTOS";2;0;0;0;0;0;0;0;0;0;0;"Cruzamento";"Bom";"Sem defeito";"Perfeito estado";"Seca";"Perfeito estado";"Não existe";"Não há placas";"";"Única";"Não existe";"";""
"4912";2020-01-21;"08:18:00";"SEM VÍTIMA";"FINALIZADA";"DERBY";"AV GOVERNADOR AGAMENON MAGALHAES";"";"";"LADO OPOSTO AO HOSPITAL DA RESTAURAÇÃO";"DERBY";174;"";"COLISÃO TRASEIRA";"COLISAO S/ VITIMA. ONIBUS E VEICULO. GM: EVERTON SILVA E EVANDRO RAMOS- PONTO FIXO NO LOCAL";1;0;0;0;0;1;0;0;0;0;0;"Longo da via";"Bom";"Sem defeito";"Perfeito estado";"Seca";"Perfeito estado";"Agente";"Outras";"60 km/h";"Única";"Faixa seccionada";"";""
"4913";2020-01-21;"08:29:00";"SEM VÍTIMA";"CANCELADA";"VÁRZEA";"RUA BERNARDIM RIBEIRO";"112";"";"PROX. AO POSTO DE SAUDE";"VÁRZEA";NA;"";"COLISÃO";"DOIS AUTOS";2;0;0;0;0;0;0;0;0;0;0;"";"";"";"";"";"";"";"";"";"";"";"";""
"4914";2020-01-21;"08:33:00";"SEM VÍTIMA";"FINALIZADA";"CABANGA";"RUA COMANDANTE ANTONIO MANHAES DE MATTOS";"472";"";"EM FRENTE A COMPESA UNIDADE CABANGA";"CABANGA";NA;"";"COLISÃO TRASEIRA";"COLISAO S/ VITIMA. DOIS VEICULOS";2;0;0;0;0;0;0;0;0;0;0;"Longo da via";"Bom";"Não existe";"Perfeito estado";"Seca";"Perfeito estado";"Não existe";"Não há placas";"";"Única";"Faixa seccionada";"";""
"4915";2020-01-21;"08:39:00";"COM VÍTIMA";"FINALIZADA";"CAMPO GRANDE";"AV GOVERNADOR AGAMENON MAGALHAES";"";"";"E/F A ANTIGA FÁBRICA TACARUNA (SENT. CIDADADE)";"CAMPO GRANDE";NA;"CIDADE";"ATROPELAMENTO";"ATROPELAMENTO ENVOLVENDO 3 VITIMAS";1;0;0;0;3;0;0;0;0;3;0;"Longo da via";"Bom";"Não existe";"Não existente";"Seca";"Mal conservada";"Não existe";"Não há placas";"60 km/h";"Única";"Não existe";"";""
"4916";2020-01-21;"08:55:00";"SEM VÍTIMA";"FINALIZADA";"CASA AMARELA";"AV NORTE";"4861";"RUA ARNOLDO MAGALHAES";"";"CASA AMARELA";NA;"CIDADE";"ABALROAMENTO LONGITUDINAL";"AUTO E CAMINHAO / VT 8 NO QTH";1;0;0;0;0;0;1;0;0;0;0;"";"Bom";"Não existe";"Perfeito estado";"Seca";"Perfeito estado";"Não existe";"Placas Pare";"";"Dupla";"Canteiro central";"";""
"4917";2020-01-21;"09:36:00";"SEM VÍTIMA";"FINALIZADA";"BAIRRO DO RECIFE";"RUA MADRE DEUS";"";"";"EM FRENTE AO SHOPPING PAÇO ALFÂNDEGA";"BAIRRO DO RECIFE";NA;"SUBURBIO";"COLISÃO TRASEIRA";"COLISÃO S/VITIMAS ENTRE UMA VAN E UM AUTO";1;0;0;0;0;1;0;0;0;0;0;"Longo da via";"Bom";"Não existe";"Perfeito estado";"Seca";"Perfeito estado";"Faixa de pedestre";"Placas Dê a preferência";"30 km/h";"Única";"Não existe";"";""
"4918";2020-01-21;"09:45:00";"COM VÍTIMA";"FINALIZADA";"IPSEP";"RUA ITACARI";"369";"RUA CACHOEIRA";"VAGNER JOSE GAS NATURAL";"IPSEP";NA;"SUBURBIO";"ABALROAMENTO TRANSVERSAL";"COLISAO COM VITIMA. ENTRE VEICULO E MOTO";1;1;0;0;0;0;0;0;0;1;0;"Cruzamento";"Bom";"Não existe";"Incompleta";"Seca";"Perfeito estado";"Não existe";"Não há placas";"30 km/h";"Única";"Faixa seccionada";"";""
"4919";2020-01-21;"10:04:00";"SEM VÍTIMA";"FINALIZADA";"GRAÇAS";"RUA AMELIA";"372";"";"GRAÇAS CENTER";"GRAÇAS";177;"CIDADE";"COLISÃO TRASEIRA";"COLISÃO S/VITIMAS ENTRE DOIS AUTOS";2;0;0;0;0;0;0;0;0;0;0;"Longo da via";"Bom";"Sem defeito";"Perfeito estado";"Seca";"Perfeito estado";"Faixa de pedestre";"R-6a";"40 km/h";"Única";"Faixa contínua";"";""
"4920";2020-01-21;"10:24:00";"SEM VÍTIMA";"FINALIZADA";"BOA VIAGEM";"AV CONSELHEIRO AGUIAR";"1748";"";"EM FRENTE AO EMPRESARIAL ITALO BRASIL RENDA";"BOA VIAGEM";NA;"CIDADE";"ABALROAMENTO LONGITUDINAL";"AUTO E CAMINHÃO";1;0;0;0;0;0;1;0;0;0;0;"Longo da via";"Bom";"Não existe";"Perfeito estado";"Seca";"Perfeito estado";"Não existe";"Não há placas";"60 km/h";"Única";"Faixa seccionada";"";""
"4921";2020-01-21;"12:20:00";"SEM VÍTIMA";"FINALIZADA";"BOA VIAGEM";"AV HERCULANO BANDEIRA";"949";"";"EM FRENTE A JBS";"BOA VIAGEM";NA;"SUBURBIO";"COLISÃO TRASEIRA";"ENTRE TRÊS AUTOS S/V";3;0;0;0;0;0;0;0;0;0;0;"Longo da via";"Bom";"Sem defeito";"Perfeito estado";"Seca";"Perfeito estado";"Agente";"Não há placas";"60 km/h";"Única";"Faixa seccionada";"";""
"4922";2020-01-21;"12:36:00";"SEM VÍTIMA";"FINALIZADA";"ÁGUA FRIA";"AV BEBERIBE";"";"";"EM FRENTE A LOJA MI";"ÁGUA FRIA";405;"";"ABALROAMENTO LONGITUDINAL";"COLISÃO SEM VÍTIMA";1;0;0;0;0;0;1;0;0;0;0;"Longo da via";"Bom";"Sem defeito";"Perfeito estado";"Seca";"Perfeito estado";"Não existe";"";"";"Única";"Não existe";"";""
"4923";2020-01-21;"12:56:00";"SEM VÍTIMA";"FINALIZADA";"ARRUDA";"RUA DAS MOCAS";"859";"RUA ZEFERINO AGRA";"CACULE COMEDORIA";"ARRUDA";NA;"SUBURBIO";"ABALROAMENTO TRANSVERSAL";"ENTRE DOIS AUTOS S/V";2;0;0;0;0;0;0;0;0;0;0;"Cruzamento";"Bom";"Não existe";"Perfeito estado";"Seca";"Perfeito estado";"Faixa de pedestre";"Placas Pare";"30 km/h";"Dupla";"Faixa seccionada";"";""
"4924";2020-01-21;"13:33:00";"SEM VÍTIMA";"FINALIZADA";"MADALENA";"RUA RODOLFO RANGEL MOREIRA";"48";"";"PRÓX. PONTO TÁXI";"MADALENA";NA;"";"COLISÃO TRASEIRA";"COLISÃO SEM VITIMA";3;0;0;0;0;0;0;0;0;0;0;"Longo da via";"Bom";"Não existe";"Não existente";"Seca";"";"Não existe";"Outras";"";"Única";"Não existe";"";""
"4925";2020-01-21;"13:40:00";"SEM VÍTIMA";"FINALIZADA";"BOA VIAGEM";"RUA PROFESSOR ARNALDO CARNEIRO LEAO";"";"RUA PADRE CARAPUCEIRO";"";"BOA VIAGEM";321;"SUBURBIO";"ABALROAMENTO LONGITUDINAL";"COLISÃO SEM VITIMA";1;1;0;0;0;0;0;0;0;0;0;"Cruzamento";"Bom";"Sem defeito";"Perfeito estado";"Seca";"Perfeito estado";"Faixa de pedestre";"R-6a";"60 km/h";"Única";"Faixa contínua";"Faixa seccionada";""
"4926";2020-01-21;"14:11:00";"SEM VÍTIMA";"CANCELADA";"IMBIRIBEIRA";"AV MARECHAL MASCARENHAS DE MORAES";"2671";"";"EM FRENTE AO CENTER AÇO/ SENTIDO CIDADE";"IMBIRIBEIRA";NA;"";"COLISÃO";"COLISÃO SEM VÍTIMA";2;0;0;0;0;0;0;0;0;0;0;"";"";"";"";"";"";"";"";"";"";"";"";""
"4927";2020-01-21;"15:49:00";"COM VÍTIMA";"FINALIZADA";"IPUTINGA";"AV MAURICIO DE NASSAU";"";"RUA PEREIRA COUTINHO FILHO";"APOS O GOE/ PROX A LOMBADA ELETRONICO";"IPUTINGA";NA;"SUBURBIO";"ABALROAMENTO TRANSVERSAL";"ENTRE AUTO PASSEIO X MOTO COM VÍTIMA";1;1;0;0;0;0;0;0;0;1;0;"Cruzamento";"Bom";"Não existe";"Incompleta";"Seca";"Perfeito estado";"Não existe";"Não há placas";"";"Dupla";"Faixa contínua";"";""
"4928";2020-01-21;"15:59:00";"SEM VÍTIMA";"FINALIZADA";"BOA VISTA";"RUA DOM BOSCO";"";"AV GOVERNADOR CARLOS DE LIMA CAVALCANTI";"POSTO BR";"BOA VISTA";27;"SUBURBIO";"ABALROAMENTO LONGITUDINAL";"ENTRE DUAS MOTOS COM VITIMA";0;2;0;0;0;0;0;0;0;0;0;"Longo da via";"Bom";"Sem defeito";"Perfeito estado";"Seca";"Perfeito estado";"Faixa de pedestre";"Não há placas";"";"Única";"";"";""
"4929";2020-01-21;"16:02:00";"COM VÍTIMA";"FINALIZADA";"ILHA JOANA BEZERRA";"VDO PAPA JOAO PAULO II";"";"";"EM FRENTE AO FORUM JOANA BEZERRA";"ILHA JOANA BEZERRA";NA;"CIDADE";"ABALROAMENTO LONGITUDINAL";"COLISAO ENTRE AUTO E MOTO COM VITIMA";1;1;0;0;0;0;0;0;0;1;0;"Viaduto";"Bom";"Não existe";"Perfeito estado";"Seca";"Perfeito estado";"Não existe";"Não há placas";"";"Dupla";"Faixa seccionada";"Canteiro central";"Blocos"
"4930";2020-01-21;"16:12:00";"SEM VÍTIMA";"FINALIZADA";"BOA VISTA";"RUA AURORA";"";"PTE PRINCESA IZABEL";"NA DESCIDA DA PONTE";"BOA VISTA";NA;"";"COLISÃO";"COLISÃO SEM VITIMA";2;0;0;0;0;0;0;0;0;0;0;"";"";"";"";"";"";"";"";"";"";"";"";""
"4931";2020-01-21;"16:16:00";"SEM VÍTIMA";"FINALIZADA";"IMBIRIBEIRA";"AV ANTONIO TORRES GALVAO";"284";"";"";"IMBIRIBEIRA";543;"";"COLISÃO TRASEIRA";"TRES AUTOS S/V";3;0;0;0;0;0;0;0;0;0;0;"Longo da via";"Bom";"Sem defeito";"Perfeito estado";"Seca";"Perfeito estado";"Faixa de pedestre";"Não há placas";"60 km/h";"Única";"Faixa contínua";"";""
"4932";2020-01-21;"16:23:00";"SEM VÍTIMA";"FINALIZADA";"IPUTINGA";"EST DO BARBALHO";"";"";"BIG BOMPREÇO";"IPUTINGA";533;"";"ABALROAMENTO LONGITUDINAL";"COLISÃO SEM VITIMA";2;0;0;0;0;0;0;0;0;0;0;"Longo da via";"Bom";"Sem defeito";"Perfeito estado";"Seca";"Perfeito estado";"Faixa de pedestre";"Não há placas";"";"Única";"Não existe";"";""
"4933";2020-01-21;"18:07:00";"SEM VÍTIMA";"FINALIZADA";"BOA VIAGEM";"AV BOA VIAGEM";"5802";"";"";"BOA VIAGEM";445;"CIDADE";"ABALROAMENTO LONGITUDINAL";"COLISAO SEM VITIMAS";2;0;0;0;0;0;0;0;0;0;0;"Longo da via";"Bom";"Sem defeito";"Perfeito estado";"Seca";"Perfeito estado";"Não existe";"Não há placas";"60 km/h";"Única";"Faixa seccionada";"";""
"4934";2020-01-21;"18:10:00";"VÍTIMA FATAL";"FINALIZADA";"CAMPO GRANDE";"AV CORREIA DE BRITO";"";"AV PROFESSOR JOSE DOS ANJOS";"PROX AO POSTO DE GASOLINA DISLUB";"CAMPO GRANDE";563;"";"ABALROAMENTO TRANSVERSAL";"COLISAO COM VITIMAS";0;1;0;0;0;0;1;0;0;1;1;"Esquina";"Bom";"Sem defeito";"Perfeito estado";"Seca";"Perfeito estado";"";"Outras";"";"Dupla";"Não existe";"";""
"4935";2020-01-21;"18:59:00";"SEM VÍTIMA";"FINALIZADA";"VÁRZEA";"AV CAXANGA";"";"";"BRT CAPIBARIBE DE FRONTE AO POSTO SHELL";"VÁRZEA";NA;"SUBURBIO";"ABALROAMENTO LONGITUDINAL";"COLISAO SEM VITMAS";1;0;0;0;0;0;1;0;0;0;0;"Longo da via";"Bom";"Não existe";"Perfeito estado";"Seca";"Perfeito estado";"Não existe";"Outras";"";"Única";"Canteiro central";"";""
"4936";2020-01-21;"19:00:00";"SEM VÍTIMA";"FINALIZADA";"AFOGADOS";"RUA NICOLAU PEREIRA";"";"RUA IMPERIAL";"";"AFOGADOS";73;"SUBURBIO";"ABALROAMENTO LONGITUDINAL";"HYUNDAI CRETA X VOYAGE";2;0;0;0;0;0;0;0;0;0;0;"Cruzamento";"Bom";"Sem defeito";"Perfeito estado";"Seca";"Perfeito estado";"Não existe";"Não há placas";"";"Única";"Faixa seccionada";"";""
"4937";2020-01-21;"19:19:00";"SEM VÍTIMA";"FINALIZADA";"ENGENHO DO MEIO";"RUA GOVERNADOR LOPO GARRO";"";"RUA MANOEL CORTE REAL";"";"ENGENHO DO MEIO";NA;"CIDADE";"ABALROAMENTO TRANSVERSAL";"COLISAO SEM VITMAS";2;0;0;0;0;0;0;0;0;0;0;"Cruzamento";"Bom";"Não existe";"Incompleta";"Seca";"Perfeito estado";"Não existe";"Não há placas";"";"Dupla";"Não existe";"";""
"4938";2020-01-21;"20:13:00";"COM VÍTIMA";"FINALIZADA";"ENCRUZILHADA";"AV NORTE";"";"AV JOAO DE BARROS";"ENF AO SANTANDER";"ENCRUZILHADA";43;"SUBURBIO";"ABALROAMENTO TRANSVERSAL";"VOYAGE X PCX MOTO";1;1;0;0;0;0;0;0;0;1;0;"Cruzamento";"Bom";"Sem defeito";"Perfeito estado";"Seca";"Perfeito estado";"Agente";"";"40 km/h";"Única";"Não existe";"";""
"4939";2020-01-21;"20:18:00";"SEM VÍTIMA";"FINALIZADA";"TAMARINEIRA";"RUA CONEGO BARATA";"420";"";"";"TAMARINEIRA";NA;"SUBURBIO";"COLISÃO TRASEIRA";"PRISMA X ONIX";2;0;0;0;0;0;0;0;0;0;0;"Longo da via";"Chuvoso";"Não existe";"Perfeito estado";"Molhada";"Perfeito estado";"Não existe";"Não há placas";"";"Dupla";"Canteiro central";"";""
"4940";2020-01-21;"20:53:00";"SEM VÍTIMA";"FINALIZADA";"BOA VIAGEM";"RUA RIBEIRO DE BRITO";"";"";"EM FRENTE AO SEMÁFORO 496";"BOA VIAGEM";496;"CIDADE";"ABALROAMENTO LONGITUDINAL";"COLISAO SEM VITIMAS";1;1;0;0;0;0;0;0;0;0;0;"Longo da via";"Bom";"Sem defeito";"Perfeito estado";"Seca";"Perfeito estado";"Não existe";"Não há placas";"";"Única";"Faixa seccionada";"";""
"4941";2020-01-21;"21:52:00";"SEM VÍTIMA";"FINALIZADA";"SANTO AMARO";"AV GOVERNADOR AGAMENON MAGALHAES";"";"";"FRENTE AO COLÉGIO AMERICANO BATISTA";"SANTO AMARO";37;"SUBURBIO";"ABALROAMENTO LONGITUDINAL";"COLISAO SEM VITIMAS";1;0;0;0;0;0;1;0;0;0;0;"Longo da via";"Bom";"Sem defeito";"Perfeito estado";"Seca";"Perfeito estado";"Faixa de pedestre";"Outras";"60 km/h";"Dupla";"Canteiro central";"";""
"4942";2020-01-21;"22:25:00";"SEM VÍTIMA";"FINALIZADA";"IPSEP";"AV RECIFE";"";"";"EM FRENTE AO SEMÁFORO 016";"IPSEP";16;"CIDADE";"COLISÃO TRASEIRA";"COLISAO SEM VITIMAS";3;0;0;0;0;0;0;0;0;0;0;"Longo da via";"Bom";"Sem defeito";"Perfeito estado";"Seca";"Perfeito estado";"Não existe";"Não há placas";"";"Dupla";"Faixa contínua";"";""
"4943";2020-01-22;"07:39:00";"SEM VÍTIMA";"FINALIZADA";"SANTO AMARO";"AV GOVERNADOR AGAMENON MAGALHAES";"";"";"EM FRENTE A ECOESTAÇÃO AGAMENON";"SANTO AMARO";NA;"";"COLISÃO TRASEIRA";"SEM VITIMAS";3;0;0;0;0;0;0;0;0;0;0;"Longo da via";"Bom";"Não existe";"Perfeito estado";"Molhada";"Perfeito estado";"Não existe";"Não há placas";"60 km/h";"Dupla";"Faixa seccionada";"";""
"4944";2020-01-22;"07:58:00";"SEM VÍTIMA";"FINALIZADA";"IMBIRIBEIRA";"AV MARECHAL MASCARENHAS DE MORAES";"";"";"CHEVROLET TAMBAI";"IMBIRIBEIRA";439;"CIDADE";"COLISÃO TRASEIRA";"ENGAVETAMENTO ENTRE QUATRO VEICULOS. SEM VITIMA";4;0;0;0;0;0;0;0;0;0;0;"Longo da via";"Chuvoso";"Sem defeito";"Perfeito estado";"Molhada";"Perfeito estado";"Faixa de pedestre";"Não há placas";"60 km/h";"Única";"Faixa seccionada";"";""
"4945";2020-01-22;"08:02:00";"SEM VÍTIMA";"FINALIZADA";"SANTO AMARO";"AV NORTE";"";"";"SOBRE A PONTE DO LIMOEIRO";"SANTO AMARO";NA;"CIDADE";"COLISÃO TRASEIRA";"COLISÃO S/VITIMAS ENTRE DOIS AUTOS";2;0;0;0;0;0;0;0;0;0;0;"Ponte";"Chuvoso";"Não existe";"Perfeito estado";"Molhada";"Perfeito estado";"Não existe";"Não há placas";"";"Dupla";"Faixa contínua";"";""
"4946";2020-01-22;"08:20:00";"SEM VÍTIMA";"FINALIZADA";"SANTO AMARO";"RUA DOS PALMARES";"";"";"EM FRENTE AO RM EXPRESS";"SANTO AMARO";NA;"CIDADE";"ABALROAMENTO LONGITUDINAL";"COLISÃO S/VITIMAS ENTRE VEICULO E CAMINHAO";1;0;0;0;0;0;1;0;0;0;0;"Longo da via";"Chuvoso";"Não existe";"Perfeito estado";"Molhada";"Perfeito estado";"Não existe";"Outras";"";"Dupla";"Faixa seccionada";"Canteiro central";""
"4947";2020-01-22;"08:31:00";"SEM VÍTIMA";"FINALIZADA";"SAN MARTIN";"AV GENERAL SAN MARTIN";"2066";"";"";"SAN MARTIN";NA;"SUBURBIO";"COLISÃO TRASEIRA";"COLISAO S/ VITIMA. ENTRE DOIS VEICULOS";2;0;0;0;0;0;0;0;0;0;0;"Longo da via";"Bom";"Não existe";"Perfeito estado";"Seca";"Perfeito estado";"Não existe";"Outras";"";"Dupla";"Faixa contínua";"";""
"4948";2020-01-22;"08:56:00";"SEM VÍTIMA";"FINALIZADA";"AFOGADOS";"RUA VINTE E UM DE ABRIL";"";"";"PRÓXIMO AO RESTAURANTE ARRETADO DE BOM";"AFOGADOS";NA;"SUBURBIO";"ABALROAMENTO LONGITUDINAL";"COLISAO S/ VITIMA. ENTRE DOIS VEICULOS";2;0;0;0;0;0;0;0;0;0;0;"Longo da via";"Bom";"Não existe";"Perfeito estado";"Seca";"Perfeito estado";"";"Outras";"";"Dupla";"Faixa seccionada";"";""
"4949";2020-01-22;"09:19:00";"COM VÍTIMA";"CANCELADA";"ILHA DO RETIRO";"RUA SPORT CLUBE DO RECIFE";"";"";"EM FRENTE A LOJA DO SPORT";"ILHA DO RETIRO";NA;"SUBURBIO";"COLISÃO";"COM UMA VITIMA AGUARDANDO SAMU";1;1;0;0;0;0;0;0;0;1;0;"";"";"";"";"";"";"";"";"";"";"";"";""
"4950";2020-01-22;"09:20:00";"SEM VÍTIMA";"FINALIZADA";"SANTO ANTÔNIO";"RUA DO SOL";"283";"AV GUARARAPES";"";"SANTO ANTÔNIO";14;"";"ABALROAMENTO LONGITUDINAL";"COLISÃO S/VITIMAS ENTRE DOIS AUTOS (IDEMILSON E DIOLAI NO QTH)";2;0;0;0;0;0;0;0;0;0;0;"Cruzamento";"Bom";"Sem defeito";"Perfeito estado";"Seca";"Perfeito estado";"Faixa de pedestre";"Não há placas";"";"Única";"Faixa seccionada";"";""
"4951";2020-01-22;"09:25:00";"SEM VÍTIMA";"CANCELADA";"CORDEIRO";"RUA ELIZEU CAVALCANTE";"58";"";"RUA DO RETORNO /DA AV CAXANGA P/AV GENERAL SAM MARTIN";"CORDEIRO";NA;"";"COLISÃO";"SEM VITIMAS";1;0;0;0;0;0;1;0;0;0;0;"";"";"";"";"";"";"";"";"";"";"";"";""