"";"data";"hora";"natureza_acidente";"situacao";"bairro";"endereco";"numero";"detalhe_endereco_acidente";"complemento";"bairro_cruzamento";"num_semaforo";"sentido_via";"tipo";"descricao";"auto";"moto";"ciclom";"ciclista";"pedestre";"onibus";"caminhao";"viatura";"outros";"vitimas";"vitimasfatais";"acidente_verificado";"tempo_clima";"situacao_semaforo";"sinalizacao";"condicao_via";"conservacao_via";"ponto_controle";"situacao_placa";"velocidade_max_via";"mao_direcao";"divisao_via1";"divisao_via2";"divisao_via3"
"4952";2020-01-22;"09:41:00";"SEM VÍTIMA";"FINALIZADA";"IMBIRIBEIRA";"RUA ANTONIO CARDOSO DA FONTE";"483";"RUA BARAO HOMEM DE MELO";"";"IMBIRIBEIRA";NA;"";"ABALROAMENTO LONGITUDINAL";"SEM VITIMAS";1;0;0;0;0;0;1;0;0;0;0;"Longo da via";"Bom";"Não existe";"Não existente";"Molhada";"Mal conservada";"Não existe";"Não há placas";"";"Dupla";"Não existe";"";""
"4953";2020-01-22;"09:52:00";"COM VÍTIMA";"FINALIZADA";"AFOGADOS";"RUA VINTE E UM DE ABRIL";"851";"";"E/F AO RECANTO 21 SELF SERVICE";"AFOGADOS";NA;"SUBURBIO";"ABALROAMENTO LONGITUDINAL";"COLISÃO C/VITIMAS ENTRE UMA MOT E UM AUTO (V.T 17 NO QTH)";1;1;0;0;0;0;0;0;0;2;0;"Longo da via";"Bom";"Não existe";"Não existente";"Seca";"Perfeito estado";"Não existe";"Não há placas";"";"Dupla";"Não existe";"";""
"4954";2020-01-22;"09:59:00";"SEM VÍTIMA";"CANCELADA";"MADALENA";"RUA BENFICA";"";"";"CLUBE INTERNACIONAL";"MADALENA";NA;"";"COLISÃO";"COLISAO S/ VITIMA. ENTRE DOIS VEICULOS. GM: BRANDEIRA E VALDILENE. PONTO FIXO NO LOCAL";2;0;0;0;0;0;0;0;0;0;0;"";"";"";"";"";"";"";"";"";"";"";"";""
"4955";2020-01-22;"10:06:00";"SEM VÍTIMA";"FINALIZADA";"MACAXEIRA";"AV NORTE";"7536";"";"";"MACAXEIRA";424;"SUBURBIO";"COLISÃO TRASEIRA";"SEM VITIMAS";2;0;0;0;0;0;0;0;0;0;0;"Longo da via";"Bom";"Sem defeito";"Perfeito estado";"Seca";"Perfeito estado";"Faixa de pedestre";"";"";"Única";"Faixa seccionada";"";""
"4956";2020-01-22;"11:33:00";"SEM VÍTIMA";"FINALIZADA";"IPUTINGA";"AV CAXANGA";"";"";"E/F A SOPRANOR";"IPUTINGA";NA;"CIDADE";"COLISÃO";"COLISÃO S/VITIMAS ENTRE DOIS AUTOS (ADRIANO ALMEIDA E JOSENILDO BELO NO QTH)";2;0;0;0;0;0;0;0;0;0;0;"";"";"";"";"";"";"";"";"";"";"";"";""
"4957";2020-01-22;"11:33:00";"SEM VÍTIMA";"FINALIZADA";"BOA VISTA";"AV GOVERNADOR AGAMENON MAGALHAES";"2291";"RUA HENRIQUE DIAS";"HOSPITAL MEMORIAL SÃO JOSÉ";"BOA VISTA";68;"";"COLISÃO TRASEIRA";"ONIBUS E AUTO PONTO FIXO GM´S JOAO VITOR E MAURICIO SANTOS";1;0;0;0;0;1;0;0;0;0;0;"Longo da via";"Bom";"Sem defeito";"Perfeito estado";"Seca";"Perfeito estado";"Agente";"";"60 km/h";"Dupla";"Canal";"";""
"4958";2020-01-22;"11:37:00";"SEM VÍTIMA";"FINALIZADA";"GRAÇAS";"RUA DOM BOSCO";"";"AV GOVERNADOR AGAMENON MAGALHAES";"SOB O SEMÁFORO 174";"GRAÇAS";174;"SUBURBIO";"ABALROAMENTO LONGITUDINAL";"COLISÃO S/VITIMAS ENTRE DOIS AUTOS (GOLF MIKE E SUP INS PAULINO NO QTH)";2;0;0;0;0;0;0;0;0;0;0;"Cruzamento";"Bom";"Sem defeito";"Perfeito estado";"Seca";"Perfeito estado";"Agente";"Outras";"60 km/h";"Única";"Não existe";"";""
"4959";2020-01-22;"11:40:00";"SEM VÍTIMA";"FINALIZADA";"BOA VIAGEM";"RUA CORONEL SERGIO HENRIQUE CARDIM";"";"";"AO LADO DO RESTAURANTE CHICA PITANGA";"BOA VIAGEM";NA;"SUBURBIO";"CHOQUE VEÍCULO PARADO";"AUTO E CAMINHÃO";1;0;0;0;0;0;1;0;0;0;0;"Longo da via";"Bom";"Não existe";"Não existente";"Seca";"Perfeito estado";"Não existe";"Não há placas";"";"Única";"Não existe";"";""
"4960";2020-01-22;"12:17:00";"SEM VÍTIMA";"FINALIZADA";"CASA FORTE";"AV DEZESSETE DE AGOSTO";"";"RUA SAMUEL FARIAS";"ESQUINA DAS RUAS";"CASA FORTE";NA;"";"ABALROAMENTO LONGITUDINAL";"COLISÃO SEM VÍTIMA";2;0;0;0;0;0;0;0;0;0;0;"";"Bom";"Não existe";"Perfeito estado";"Seca";"Perfeito estado";"Não existe";"";"";"Dupla";"";"";""
"4961";2020-01-22;"12:47:00";"SEM VÍTIMA";"CANCELADA";"CORDEIRO";"AV CAXANGA";"";"";"E/F A SEMINOVOS LOCALIZA";"CORDEIRO";NA;"";"COLISÃO";"COLISAO SEM VITIMAS";2;0;0;0;0;0;0;0;0;0;0;"";"";"";"";"";"";"";"";"";"";"";"";""
"4962";2020-01-22;"13:13:00";"SEM VÍTIMA";"FINALIZADA";"BOMBA DO HEMETÉRIO";"RUA BOMBA DO HEMETERIO";"163";"";"";"BOMBA DO HEMETÉRIO";NA;"SUBURBIO";"ABALROAMENTO LONGITUDINAL";"COLISÃO SEM VITIMA";1;0;0;0;0;1;0;0;0;0;0;"Longo da via";"Bom";"Não existe";"Perfeito estado";"Seca";"Perfeito estado";"Outros";"Outras";"";"Dupla";"Faixa seccionada";"";""
"4963";2020-01-22;"14:04:00";"COM VÍTIMA";"FINALIZADA";"BOA VIAGEM";"AV ENGENHEIRO DOMINGOS FERREIRA";"3340";"RUA FAUSTINO PORTO";"APOS A PARADA DO CARREFOUR. EXTRAFARMA";"BOA VIAGEM";NA;"SUBURBIO";"ABALROAMENTO TRANSVERSAL";"COM VITIMA";1;0;0;0;0;1;0;0;0;2;0;"Longo da via";"Bom";"Não existe";"Perfeito estado";"Seca";"Perfeito estado";"Não existe";"R-6a";"";"Única";"Faixa seccionada";"";""
"4964";2020-01-22;"14:11:00";"SEM VÍTIMA";"FINALIZADA";"BOA VISTA";"RUA DAS NINFAS";"";"";"EM FRENTE AO SEMÁFORO 083";"BOA VISTA";83;"SUBURBIO";"ABALROAMENTO LONGITUDINAL";"COLISÃO SEM VITIMA";2;0;0;0;0;0;0;0;0;0;0;"Longo da via";"Bom";"Sem defeito";"Perfeito estado";"Seca";"Perfeito estado";"Faixa de pedestre";"Outras";"";"Dupla";"Faixa contínua";"Faixa seccionada";""
"4965";2020-01-22;"14:24:00";"SEM VÍTIMA";"FINALIZADA";"BOA VISTA";"RUA DO RIACHUELO";"425";"";"EM FRENTE AO Nº 425";"BOA VISTA";92;"CIDADE";"COLISÃO TRASEIRA";"COLISAO SEM VITIMAS";4;0;0;0;0;0;0;0;0;0;0;"Longo da via";"Bom";"Sem defeito";"Perfeito estado";"Seca";"Perfeito estado";"Faixa de pedestre";"R-6a";"";"Única";"Não existe";"";""
"4966";2020-01-22;"14:26:00";"COM VÍTIMA";"FINALIZADA";"MADALENA";"RUA MONSENHOR JULIO MARIA";"127";"";"PROX. O TUNEL DA ABOLIÇÃO E A GALERIA CAMPOLINA CENTER";"MADALENA";NA;"ABDIAS DE CARVALHO";"ABALROAMENTO LONGITUDINAL";"COLISÃO COM VITIMA";1;1;0;0;0;0;0;0;0;1;0;"Longo da via";"Bom";"Não existe";"Perfeito estado";"Seca";"Perfeito estado";"";"";"";"Única";"Não existe";"";""
"4967";2020-01-22;"15:41:00";"SEM VÍTIMA";"CANCELADA";"ÁGUA FRIA";"AV BEBERIBE";"";"RUA CORONEL URBANO RIBEIRO DE SENA";"ESTAR NO CRUZAMENTO MESMO";"ÁGUA FRIA";307;"";"COLISÃO";"COLISAO SEM VITIMAS";1;0;0;0;0;1;0;0;0;0;0;"";"";"";"";"";"";"";"";"";"";"";"";""
"4968";2020-01-22;"16:08:00";"COM VÍTIMA";"FINALIZADA";"CABANGA";"AV SATURNINO DE BRITO";"";"";"AO LADO DA COMPESA. NA SUBIDA DO VIADUTO DO PINA.";"CABANGA";NA;"SUBURBIO";"COLISÃO TRASEIRA";"AUTO E MOTO COM VÍTIMA";1;1;0;0;0;0;0;0;0;1;0;"Longo da via";"Bom";"Não existe";"Perfeito estado";"Seca";"Perfeito estado";"";"Não há placas";"30 km/h";"Única";"Faixa contínua";"";""
"4969";2020-01-22;"16:22:00";"SEM VÍTIMA";"FINALIZADA";"TEJIPIÓ";"AV DR JOSE RUFINO";"3694";"";"POSTE DE ILUMINAÇÃO Nº H 033924";"TEJIPIÓ";NA;"CIDADE";"COLISÃO TRASEIRA";"COLISAO SEM VITMAS";2;0;0;0;0;0;0;0;0;0;0;"Longo da via";"Bom";"Não existe";"Perfeito estado";"Seca";"Perfeito estado";"Não existe";"Outras";"";"Dupla";"Faixa contínua";"Faixa seccionada";""
"4970";2020-01-22;"16:36:00";"SEM VÍTIMA";"FINALIZADA";"VÁRZEA";"PRC PINTO DAMASO";"";"";"LADO OPOSTO AO Nº 2005";"VÁRZEA";NA;"SUBURBIO";"ABALROAMENTO TRANSVERSAL";"COLISÃO SEM VÍTIMA";2;0;0;0;0;0;0;0;0;0;0;"Longo da via";"Bom";"Não existe";"Não existente";"Seca";"Mal conservada";"Não existe";"Não há placas";"";"Única";"Não existe";"";""
"4971";2020-01-22;"16:44:00";"COM VÍTIMA";"FINALIZADA";"SÃO JOSÉ";"PRC DAS CINCO PONTAS";"";"";"SUBIDA DO VIADUTO CINCO PONTAS";"SÃO JOSÉ";NA;"SUBURBIO";"CHOQUE OBJETO FIXO";"";0;1;0;0;0;0;0;0;0;1;0;"Longo da via";"Bom";"Não existe";"Perfeito estado";"Seca";"Perfeito estado";"Não existe";"R-4b";"";"Dupla";"Canteiro central";"";""
"4972";2020-01-22;"18:02:00";"SEM VÍTIMA";"FINALIZADA";"BOA VIAGEM";"RUA BARAO DE SOUZA LEAO";"1544";"";"IMPERIO DOS PAES";"BOA VIAGEM";NA;"SUBURBIO";"ABALROAMENTO LONGITUDINAL";"GOL X MOTO";1;1;0;0;0;0;0;0;0;0;0;"Longo da via";"Bom";"Não existe";"Perfeito estado";"Seca";"Perfeito estado";"Não existe";"Não há placas";"30 km/h";"Única";"Faixa seccionada";"";""
"4973";2020-01-22;"18:20:00";"SEM VÍTIMA";"FINALIZADA";"IMBIRIBEIRA";"RUA ITAJAI";"501";"RUA ITACARE";"PRÓX A FERREIRA COSTA E ESPAÇO ABERTO";"IMBIRIBEIRA";NA;"";"CHOQUE OBJETO FIXO";"CAMINHÃO SE CHOCOU CONTRA O POSTE- CAUSANDO A QUEDA DO MESMO. O POSTE ESTA OCUPANDO A VIA INTEIRA E O VEÍCULO SE EVADIU DO LOCAL.";0;0;0;0;0;0;1;0;0;0;0;"";"";"";"";"";"";"";"";"";"";"";"";""
"4974";2020-01-22;"19:12:00";"SEM VÍTIMA";"FINALIZADA";"BOA VISTA";"RUA GERVASIO PIRES";"585";"";"AO LADO DO HOSPITAL DO EXÉRCITO - HGE";"BOA VISTA";41;"";"ABALROAMENTO LONGITUDINAL";"HB 20 X COBALT";2;0;0;0;0;0;0;0;0;0;0;"Longo da via";"Bom";"Sem defeito";"Perfeito estado";"Seca";"Perfeito estado";"Faixa de pedestre";"Não há placas";"";"Única";"Não existe";"";""
"4975";2020-01-22;"19:52:00";"SEM VÍTIMA";"FINALIZADA";"BOA VISTA";"RUA JOSE DE ALENCAR";"";"RUA BARAO DE SAO BORJA";"";"BOA VISTA";NA;"";"ABALROAMENTO TRANSVERSAL";"ENTRE 2 AUTOS. S/V";2;0;0;0;0;0;0;0;0;0;0;"Cruzamento";"Bom";"Não existe";"Perfeito estado";"Seca";"Perfeito estado";"Não existe";"Placas Pare";"30 km/h";"Única";"Não existe";"";""
"4976";2020-01-22;"20:22:00";"SEM VÍTIMA";"FINALIZADA";"CAÇOTE";"RUA GUARACI";"8";"RUA AURORA CACOTE";"";"CAÇOTE";NA;"SUBURBIO";"CHOQUE VEÍCULO PARADO";"CAMINHÃO ACABOU SE CHOCANDO CONTRA O VEÍCULO ESTACIONAD. S/V";1;0;0;0;0;0;1;0;0;0;0;"Longo da via";"Bom";"Não existe";"Não existente";"Seca";"Perfeito estado";"Não existe";"Não há placas";"";"Dupla";"Não existe";"";""
"4977";2020-01-23;"00:43:00";"SEM VÍTIMA";"FINALIZADA";"SÃO JOSÉ";"RUA IMPERIAL";"1032";"";"E/F AO HOTEL CRISTAL";"SÃO JOSÉ";NA;"SUBURBIO";"CHOQUE OBJETO FIXO";"VEÍCULO CHOCOU-SE CONTRA O POSTE- DEIXANDO O MESMO FRÁGIL- COM RISCO DE QUEDA.";1;0;0;0;0;0;0;0;0;0;0;"Longo da via";"Bom";"Não existe";"Perfeito estado";"Seca";"Perfeito estado";"Não existe";"Não há placas";"";"Única";"Faixa seccionada";"";""
"4978";2020-01-23;"01:00:00";"SEM VÍTIMA";"FINALIZADA";"BOA VIAGEM";"RUA DEZ DE JULHO";"";"RUA CAMBOIM";"";"BOA VIAGEM";NA;"";"ABALROAMENTO TRANSVERSAL";"COLISÃO ENTRE AUTO E VAN- S/V";1;0;0;0;0;1;0;0;0;0;0;"Cruzamento";"Bom";"Não existe";"Perfeito estado";"Seca";"Perfeito estado";"Não existe";"Placas Pare";"60 km/h";"Única";"Faixa seccionada";"";""
"4979";2020-01-23;"07:32:00";"SEM VÍTIMA";"CANCELADA";"MACAXEIRA";"RUA ESTER";"25";"";"APOS A AGUA MINERAL BURITI A PRIMEIRA RUA A DIREITA";"MACAXEIRA";NA;"";"COLISÃO";"DOIS AUTOS";2;0;0;0;0;0;0;0;0;0;0;"";"";"";"";"";"";"";"";"";"";"";"";""
"4980";2020-01-23;"07:34:00";"COM VÍTIMA";"FINALIZADA";"BOA VISTA";"RUA AURORA";"";"RUA PRINCESA IZABEL";"";"BOA VISTA";22;"CIDADE";"TOMBAMENTO";"MOTO PCF2822 - ÓLEO NA VIA E O CONDUTOR CAIU DEVIDO AO ÓLEO";0;1;0;0;0;0;0;0;0;1;0;"Cruzamento";"Bom";"Sem defeito";"Perfeito estado";"Oleosa";"Perfeito estado";"";"Não há placas";"40 km/h";"Única";"Faixa contínua";"";""
"4981";2020-01-23;"09:35:00";"SEM VÍTIMA";"FINALIZADA";"ILHA JOANA BEZERRA";"";"";"";"AO LADO DO FORUM DA JOANA BEZERRA";"ILHA JOANA BEZERRA";38;"SUBURBIO";"COLISÃO TRASEIRA";"DOIS AUTOS";2;0;0;0;0;0;0;0;0;0;0;"Longo da via";"Bom";"Sem defeito";"Perfeito estado";"Seca";"Perfeito estado";"Faixa de pedestre";"R-6c";"";"Dupla";"Canteiro central";"";""
"4982";2020-01-23;"10:19:00";"SEM VÍTIMA";"FINALIZADA";"PRADO";"EST DOS REMEDIOS";"2034";"";"AO LADO DO BOB'S";"PRADO";NA;"";"COLISÃO TRASEIRA";"";2;0;0;0;0;0;0;0;0;0;0;"Longo da via";"Bom";"Não existe";"Perfeito estado";"Seca";"Perfeito estado";"Não existe";"R-6a";"";"Única";"Faixa contínua";"";""
"4983";2020-01-23;"10:35:00";"SEM VÍTIMA";"FINALIZADA";"BAIRRO DO RECIFE";"CAIS DO APOLO";"";"";"EM FRENTE A PREFEITURA DO RECIFE";"BAIRRO DO RECIFE";340;"CIDADE";"COLISÃO TRASEIRA";"DOIS AUTOS";2;0;0;0;0;0;0;0;0;0;0;"Longo da via";"Bom";"Sem defeito";"Perfeito estado";"Seca";"Perfeito estado";"Agente";"Outras";"";"Dupla";"Faixa contínua";"Canteiro central";""
"4984";2020-01-23;"11:03:00";"SEM VÍTIMA";"FINALIZADA";"SANTO AMARO";"AV GOVERNADOR AGAMENON MAGALHAES";"130";"";"PRÓXIMO AO POSTO DE COMBUSTÍVEL DISLUB";"SANTO AMARO";378;"";"ABALROAMENTO LONGITUDINAL";"SEM VITIMAS";1;0;0;0;0;1;0;0;0;0;0;"Cruzamento";"Bom";"Sem defeito";"Perfeito estado";"Seca";"Perfeito estado";"Não existe";"";"60 km/h";"Dupla";"Canteiro central";"";""
"4985";2020-01-23;"11:15:00";"SEM VÍTIMA";"CANCELADA";"ILHA DO RETIRO";"AV ENGENHEIRO ABDIAS DE CARVALHO";"98";"";"PROX. AO SPORT- SENT. BR";"ILHA DO RETIRO";NA;"";"COLISÃO";"DOIS AUTOS";2;0;0;0;0;0;0;0;0;0;0;"";"";"";"";"";"";"";"";"";"";"";"";""
"4986";2020-01-23;"11:25:00";"COM VÍTIMA";"FINALIZADA";"CAXANGÁ";"AV CAXANGA";"1381";"";"EM FRENTE AO SUPERMERCADO STYLLO- SENT. CIDADE. IGREJA DE SÃO SEBASTIÃO";"CAXANGÁ";NA;"CIDADE";"COLISÃO";"DUAS MOTOS E AUTO GM JOSENILSON FARIAS PONTO FIXO";1;2;0;0;0;0;0;0;0;2;0;"Longo da via";"Bom";"";"Perfeito estado";"Seca";"Perfeito estado";"";"";"";"";"";"";""
"4987";2020-01-23;"11:33:00";"SEM VÍTIMA";"FINALIZADA";"";"RUA GASTAO VIDIGAL";"679";"";"EM FRENTE AO Nº 679";"";NA;"SUBURBIO";"COLISÃO TRASEIRA";"DOIS AUTOS";2;0;0;0;0;0;0;0;0;0;0;"Longo da via";"Bom";"Não existe";"Perfeito estado";"Seca";"Perfeito estado";"Não existe";"Não há placas";"";"Dupla";"Faixa contínua";"";""
"4988";2020-01-23;"12:31:00";"COM VÍTIMA";"FINALIZADA";"PINA";"AVENIDA CELSO FURTADO (VIA MANGUE)";"";"";"PRAÇA MARCANTONIO VILLAÇA";"PINA";NA;"CIDADE";"COLISÃO TRASEIRA";"COLISAO COM VITIMAS";0;1;0;0;0;0;0;0;0;1;0;"Longo da via";"Bom";"Não existe";"Perfeito estado";"Seca";"Perfeito estado";"Não existe";"R-19";"60 km/h";"Dupla";"Canteiro central";"";""
"4989";2020-01-23;"12:59:00";"SEM VÍTIMA";"CANCELADA";"ENCRUZILHADA";"AV JOAO DE BARROS";"";"AV NORTE";"NO SEMÁFORO 043";"ENCRUZILHADA";NA;"";"COLISÃO";"COLISÃO SEM VÍTIMA";2;0;0;0;0;0;0;0;0;0;0;"";"";"";"";"";"";"";"";"";"";"";"";""
"4990";2020-01-23;"13:21:00";"SEM VÍTIMA";"FINALIZADA";"TORRE";"RUA ANTONIO DE PADUA M FERNANDES";"666";"";"";"TORRE";NA;"";"CHOQUE VEÍCULO PARADO";"COLISAO SEM VITIMAS";1;0;0;0;0;0;1;0;0;0;0;"Longo da via";"Bom";"Não existe";"Não existente";"Seca";"Perfeito estado";"Não existe";"Não há placas";"";"Dupla";"Não existe";"";""
"4991";2020-01-23;"14:11:00";"SEM VÍTIMA";"CANCELADA";"MACAXEIRA";"AV NORTE";"";"";"EM FRENTE AO PARQUE DA MACAXEIRA";"MACAXEIRA";NA;"SUBURBIO";"COLISÃO";"COLISÃO SEM VÍTIMA";1;0;0;0;0;0;1;0;0;0;0;"";"";"";"";"";"";"";"";"";"";"";"";""
"4992";2020-01-23;"14:11:00";"COM VÍTIMA";"FINALIZADA";"JORDÃO";"AV DONA CARENTINA";"2";"RUA BOANERGES PEREIRA";"NA PRAÇA DO JORDÃO";"JORDÃO";581;"SUBURBIO";"COLISÃO TRASEIRA";"COLISÃO COM VITIMA";0;2;0;0;0;0;0;0;0;2;0;"Longo da via";"Bom";"Sem defeito";"Perfeito estado";"Seca";"Perfeito estado";"Faixa de pedestre";"Não há placas";"";"Dupla";"Não existe";"";""
"4993";2020-01-23;"14:49:00";"SEM VÍTIMA";"FINALIZADA";"ILHA DO RETIRO";"RUA SPORT CLUBE DO RECIFE";"";"";"EM FRENTE AO SPORT CLUB DO RECIFE";"ILHA DO RETIRO";355;"SUBURBIO";"ABALROAMENTO LONGITUDINAL";"COLISÃO SEM VITIMA";2;0;0;0;0;0;0;0;0;0;0;"";"Bom";"Sem defeito";"Ilegível";"Seca";"Perfeito estado";"Agente";"Não há placas";"40 km/h";"Única";"Faixa seccionada";"";""
"4994";2020-01-23;"15:54:00";"COM VÍTIMA";"FINALIZADA";"ENCRUZILHADA";"AV BEBERIBE";"497";"";"EM FRENTE A GLAUBEMAR MECÂNICA DE AUTOS";"ENCRUZILHADA";NA;"CIDADE";"COLISÃO";"AUTO E MOTOCICLETA";1;1;0;0;0;0;0;0;0;1;0;"Longo da via";"Bom";"Não existe";"Perfeito estado";"Seca";"Perfeito estado";"Não existe";"Não há placas";"";"Dupla";"Faixa contínua";"";""
"4995";2020-01-23;"16:16:00";"SEM VÍTIMA";"FINALIZADA";"JARDIM SÃO PAULO";"AV CENTRAL";"";"";"ESTAÇÃO WERNECK";"JARDIM SÃO PAULO";NA;"SUBURBIO";"ABALROAMENTO LONGITUDINAL";"COLISÃO SEM VITIMA";1;0;0;0;0;1;0;0;0;0;0;"Longo da via";"Bom";"Não existe";"Perfeito estado";"Seca";"Perfeito estado";"Não existe";"Não há placas";"30 km/h";"Única";"Não existe";"";""
"4996";2020-01-23;"16:38:00";"SEM VÍTIMA";"FINALIZADA";"BOA VIAGEM";"RUA VISCONDE DE JEQUITINHONHA";"1656";"RUA JOSE MOREIRA LEAL";"";"BOA VIAGEM";NA;"SUBURBIO";"ABALROAMENTO TRANSVERSAL";"COLISÃO SEM VITIMA";2;0;0;0;0;0;0;0;0;0;0;"";"Bom";"Não existe";"Perfeito estado";"Seca";"Perfeito estado";"Faixa de pedestre";"Placas Pare";"30 km/h";"Única";"Faixa seccionada";"";""
"4997";2020-01-23;"17:02:00";"SEM VÍTIMA";"FINALIZADA";"PINA";"AV HERCULANO BANDEIRA";"716";"";"ADVOCACIA GERAL DA UNIÃO";"PINA";NA;"SUBURBIO";"COLISÃO TRASEIRA";"COLISÃO SEM VITIMA";2;0;0;0;0;0;0;0;0;0;0;"Longo da via";"Bom";"Não existe";"Perfeito estado";"Seca";"Perfeito estado";"Não existe";"Não há placas";"";"Única";"Faixa seccionada";"";""
"4998";2020-01-23;"17:42:00";"SEM VÍTIMA";"FINALIZADA";"SANTO ANTÔNIO";"RUA IMPERADOR PEDRO SEGUNDO";"221";"";"AO LADO DO BANCO SANTANDER";"SANTO ANTÔNIO";NA;"CIDADE";"ABALROAMENTO LONGITUDINAL";"COLISÃO SEM VÍTIMA";1;0;0;0;0;0;1;0;0;0;0;"Longo da via";"Bom";"Não existe";"Perfeito estado";"Seca";"Perfeito estado";"Não existe";"Não há placas";"";"Única";"Faixa seccionada";"";""
"4999";2020-01-23;"18:47:00";"SEM VÍTIMA";"FINALIZADA";"BOA VIAGEM";"RUA FRANCISCO DA CUNHA";"530";"RUA DONA BENVINDA DE FARIAS";"AO LADO DO EDF. BESSY";"BOA VIAGEM";NA;"SUBURBIO";"ABALROAMENTO LONGITUDINAL";"HRV X TAXI";2;0;0;0;0;0;0;0;0;0;0;"Cruzamento";"Bom";"Não existe";"Perfeito estado";"Seca";"Perfeito estado";"Não existe";"Placas Pare";"";"Única";"Não existe";"";""
"5000";2020-01-23;"19:21:00";"SEM VÍTIMA";"FINALIZADA";"IPUTINGA";"AV CAXANGA";"";"";"ESTAÇÃO DO BRT ENGENHO POETA";"IPUTINGA";228;"CIDADE";"COLISÃO TRASEIRA";"COLISAO SEM VITIMAS";2;0;0;0;0;0;0;0;0;0;0;"Longo da via";"Bom";"Sem defeito";"Perfeito estado";"Seca";"Mal iluminada";"Faixa de pedestre";"Outras";"";"Dupla";"Canteiro central";"";""
"5001";2020-01-23;"19:25:00";"SEM VÍTIMA";"DUPLICIDADE";"BOA VIAGEM";"RUA DONA BENVINDA DE FARIAS";"";"RUA FRANCISCO DA CUNHA";"NO CRUZAMENTO MESMO";"BOA VIAGEM";NA;"";"COLISÃO";"COLISAO SEM VITIMAS";2;0;0;0;0;0;0;0;0;0;0;"";"";"";"";"";"";"";"";"";"";"";"";""
"5002";2020-01-23;"21:17:00";"SEM VÍTIMA";"FINALIZADA";"DERBY";"RUA JENER DE SOUZA";"";"";"SEMÁFORO Nº 418";"DERBY";418;"CIDADE";"ABALROAMENTO LONGITUDINAL";"COLISAO SEM VITIMAS";1;0;0;0;0;0;1;0;0;0;0;"Longo da via";"Bom";"Sem defeito";"Perfeito estado";"Seca";"Perfeito estado";"Faixa de pedestre";"Outras";"";"Única";"Faixa contínua";"Faixa seccionada";"Canteiro central"
"5003";2020-01-23;"22:11:00";"SEM VÍTIMA";"FINALIZADA";"BOA VIAGEM";"AV MARECHAL JUAREZ TAVORA";"440";"";"";"BOA VIAGEM";NA;"SUBURBIO";"COLISÃO TRASEIRA";"COLISAO SEM VITIMAS";2;0;0;0;0;0;0;0;0;0;0;"Longo da via";"Bom";"Não existe";"Perfeito estado";"Seca";"Perfeito estado";"Não existe";"Não há placas";"";"Única";"Faixa seccionada";"";""
"5004";2020-01-23;"22:23:00";"COM VÍTIMA";"FINALIZADA";"ESPINHEIRO";"RUA DO ESPINHEIRO";"200";"RUA SANTO ELIAS";"";"ESPINHEIRO";NA;"CIDADE";"ABALROAMENTO TRANSVERSAL";"COLISAO COM VITIMAS";1;1;0;0;0;0;0;0;0;1;0;"Cruzamento";"Bom";"Não existe";"Incompleta";"Seca";"Perfeito estado";"Faixa de pedestre";"R-6a";"";"Única";"Faixa contínua";"";""
"5005";2020-01-24;"07:55:00";"SEM VÍTIMA";"FINALIZADA";"TAMARINEIRA";"AV CONS ROSA E SILVA";"";"RUA CONEGO BARATA";"SOB O SEMÁFORO 061 SENTIDO ÚNICO";"TAMARINEIRA";61;"";"COLISÃO TRASEIRA";"COLISAO S/ VITIMA. MOTO E VEICULO. GM: ALISON SANTOS PONTO FIXO NO LOCAL";1;1;0;0;0;0;0;0;0;0;0;"Cruzamento";"Bom";"Sem defeito";"Perfeito estado";"Seca";"Perfeito estado";"Agente";"Não há placas";"60 km/h";"Única";"Não existe";"";""
"5006";2020-01-24;"08:39:00";"COM VÍTIMA";"FINALIZADA";"IPUTINGA";"AV CAXANGA";"3217";"";"E/F A DISNOVE";"IPUTINGA";NA;"CIDADE";"COLISÃO TRASEIRA";"COLISÃO C/VITIMAS ENTRE DUAS MOTOS (V.T 15 NO QTH)";0;2;0;0;0;0;0;0;0;1;0;"Longo da via";"Bom";"Não existe";"Perfeito estado";"Seca";"Perfeito estado";"Não existe";"Outras";"";"Dupla";"Faixa contínua";"Faixa seccionada";"Canteiro central"
"5007";2020-01-24;"09:25:00";"SEM VÍTIMA";"CANCELADA";"CORDEIRO";"RUA DELMIRO GOUVEIA";"";"1SB BARAO DE CAMAQUA";"RESTAURANTE ESPETINHO LEGAL// FARMACIA DROGAMARIA";"CORDEIRO";422;"CEASA";"COLISÃO";"COLISAO S/ VITIMA. ONIBUS E VEICULO";1;0;0;0;0;1;0;0;0;0;0;"";"";"";"";"";"";"";"";"";"";"";"";""
"5008";2020-01-24;"10:02:00";"SEM VÍTIMA";"CANCELADA";"DERBY";"RUA HENRIQUE DIAS";"";"RUA BARAO DE GOIANA";"COLEGIO MILITAR";"DERBY";NA;"";"COLISÃO";"COLISAO S/ VITIMA. ENTRE MOTO E VEICULO";1;1;0;0;0;0;0;0;0;0;0;"";"";"";"";"";"";"";"";"";"";"";"";""