"";"data";"hora";"natureza_acidente";"situacao";"bairro";"endereco";"numero";"detalhe_endereco_acidente";"complemento";"bairro_cruzamento";"num_semaforo";"sentido_via";"tipo";"descricao";"auto";"moto";"ciclom";"ciclista";"pedestre";"onibus";"caminhao";"viatura";"outros";"vitimas";"vitimasfatais";"acidente_verificado";"tempo_clima";"situacao_semaforo";"sinalizacao";"condicao_via";"conservacao_via";"ponto_controle";"situacao_placa";"velocidade_max_via";"mao_direcao";"divisao_via1";"divisao_via2";"divisao_via3"
"5009";2020-01-24;"10:45:00";"SEM VÍTIMA";"FINALIZADA";"TORRÕES";"RUA ANTONIO CARLOS";"74";"";"ESQUINA DO COLEGIO FANTAINHA DE ABREU";"TORRÕES";NA;"SUBURBIO";"ABALROAMENTO LONGITUDINAL";"CAMINHAO DE LIXO E AUTO PASSEIO";1;0;0;0;0;0;1;0;0;0;0;"Longo da via";"Bom";"Não existe";"Incompleta";"Seca";"Perfeito estado";"Não existe";"Não há placas";"";"Única";"Não existe";"";""
"5010";2020-01-24;"11:14:00";"SEM VÍTIMA";"FINALIZADA";"PINA";"AV HERCULANO BANDEIRA";"840";"RUA MANOEL DE BRITO";"AO LADO DA PASSARELA DA AV. HERCULANO BANDEIRA";"PINA";NA;"SUBURBIO";"COLISÃO FRONTAL";"ONIBUS E AUTO";1;0;0;0;0;1;0;0;0;0;0;"Longo da via";"Bom";"Não existe";"Perfeito estado";"Seca";"Perfeito estado";"Agente";"Não há placas";"60 km/h";"Única";"Faixa seccionada";"";""
"5011";2020-01-24;"11:18:00";"SEM VÍTIMA";"CANCELADA";"CORDEIRO";"RUA CAMBUCI";"163";"RUA ELIZEU CAVALCANTE";"NA RUA DA LANCHONETE BARNEY BURGUER";"CORDEIRO";NA;"";"COLISÃO";"COLISÃO S/VITIMAS ENTRE DOIS AUTOS";2;0;0;0;0;0;0;0;0;0;0;"";"";"";"";"";"";"";"";"";"";"";"";""
"5012";2020-01-24;"11:19:00";"SEM VÍTIMA";"FINALIZADA";"DERBY";"RUA HENRIQUE DIAS";"";"";"EM FRENTE AO COLÉGIO DA POLÍCIA MILITAR";"DERBY";NA;"CIDADE";"ABALROAMENTO LONGITUDINAL";"AUTO E MOTO";1;1;0;0;0;0;0;0;0;0;0;"Longo da via";"Bom";"Não existe";"Perfeito estado";"Seca";"Perfeito estado";"Outros";"Não há placas";"";"Única";"Faixa seccionada";"";""
"5013";2020-01-24;"11:31:00";"SEM VÍTIMA";"FINALIZADA";"SANTO AMARO";"AV GOVERNADOR AGAMENON MAGALHAES";"3158";"";"";"SANTO AMARO";NA;"";"ABALROAMENTO LONGITUDINAL";"COLISÃO S/VITIMAS ENTRE UM AUTO E CAMINHÃO";1;0;0;0;0;0;1;0;0;0;0;"Longo da via";"Bom";"Não existe";"Perfeito estado";"Seca";"Perfeito estado";"Não existe";"R-6a";"";"Dupla";"Canteiro central";"";""
"5014";2020-01-24;"11:56:00";"SEM VÍTIMA";"FINALIZADA";"GRAÇAS";"AV GOVERNADOR AGAMENON MAGALHAES";"1114";"RUA DR BANDEIRA FILHO";"";"GRAÇAS";173;"";"COLISÃO TRASEIRA";"COLISÃO SEM VITIMA";2;0;0;0;0;0;0;0;0;0;0;"Cruzamento";"Bom";"Sem defeito";"Perfeito estado";"Seca";"Perfeito estado";"Faixa de pedestre";"Outras";"60 km/h";"Dupla";"Faixa contínua";"Faixa seccionada";"Canteiro central"
"5015";2020-01-24;"12:47:00";"SEM VÍTIMA";"FINALIZADA";"CASA AMARELA";"AV PROFESSOR JOSE DOS ANJOS";"";"AV NORTE";"";"CASA AMARELA";364;"SUBURBIO";"ABALROAMENTO LONGITUDINAL";"COLISAO S/ VITIMA. CARRETA E VEICULO. VT: 21 NO LOCAL GM: JULIO SANTOS";1;0;0;0;0;0;1;0;0;0;0;"Cruzamento";"Bom";"Sem defeito";"Perfeito estado";"Seca";"Perfeito estado";"Faixa de pedestre";"Outras";"";"Única";"Faixa seccionada";"";""
"5016";2020-01-24;"13:21:00";"COM VÍTIMA";"FINALIZADA";"AFOGADOS";"RUA SAO MIGUEL";"1541";"RUA JOVELINO SELVA";"E/F A ARMAZEM CORAL";"AFOGADOS";NA;"SUBURBIO";"COLISÃO TRASEIRA";"CAMINHÃO X MOTO COM VITIMA";0;1;0;0;0;0;1;0;0;1;0;"Longo da via";"Bom";"Não existe";"Perfeito estado";"Seca";"Perfeito estado";"Não existe";"R-6a";"";"Dupla";"Faixa contínua";"";""
"5017";2020-01-24;"13:44:00";"SEM VÍTIMA";"FINALIZADA";"BAIRRO DO RECIFE";"RUA MADRE DEUS";"27";"RUA PROFESSOR ALOISIO MAGALHAES";"PONTE GIRATÓRIA";"BAIRRO DO RECIFE";477;"SUBURBIO";"COLISÃO TRASEIRA";"TRÊS AUTOS S/V";1;0;0;0;0;0;0;0;1;0;0;"Longo da via";"Bom";"Sem defeito";"Perfeito estado";"Seca";"Perfeito estado";"Faixa de retenção";"";"";"Única";"Blocos";"";""
"5018";2020-01-24;"13:52:00";"COM VÍTIMA";"FINALIZADA";"ROSARINHO";"AV NORTE";"3476";"";"PRÓX A PADARIA ROSARINHO";"ROSARINHO";456;"SUBURBIO";"COLISÃO COM CICLISTA";"COLISAO COM CICLISTA COM VITIMA";1;0;0;1;0;0;0;0;0;1;0;"Longo da via";"Bom";"Sem defeito";"Perfeito estado";"Seca";"Perfeito estado";"Faixa de pedestre";"Outras";"";"Dupla";"Canteiro central";"";""
"5019";2020-01-24;"14:13:00";"SEM VÍTIMA";"FINALIZADA";"IBURA";"AV RECIFE";"3672";"";"MAXI RATIFICA";"IBURA";NA;"CIDADE";"COLISÃO TRASEIRA";"COLISÃO SEM VITIMA";2;0;0;0;0;0;0;0;0;0;0;"Longo da via";"Bom";"Não existe";"Perfeito estado";"Seca";"Perfeito estado";"Não existe";"R-6a";"";"Dupla";"Canteiro central";"";""
"5020";2020-01-24;"14:32:00";"SEM VÍTIMA";"FINALIZADA";"IPSEP";"RUA ADERBAL DE MELO";"301";"RUA PROFESSOR JOSE VICENTE";"";"IPSEP";NA;"CIDADE";"ABALROAMENTO LONGITUDINAL";"COLISÃO SEM VITIMA";2;0;0;0;0;0;0;0;0;0;0;"Cruzamento";"Bom";"Não existe";"Não existente";"Seca";"Perfeito estado";"Não existe";"Não há placas";"";"Dupla";"Não existe";"";""
"5021";2020-01-24;"14:45:00";"SEM VÍTIMA";"FINALIZADA";"DERBY";"RUA DR SEVERINO PINHEIRO";"";"AV GOVERNADOR AGAMENON MAGALHAES";"EM FRENTE AO SEMÁFORO 075";"DERBY";NA;"CIDADE";"ABALROAMENTO LONGITUDINAL";"COLISAO S/ VITIMA. ENTRE ONIBUS E VEICULO. GM: CELIO LUIZ PONTO FIXO NO LOCAL";1;0;0;0;0;1;0;0;0;0;0;"Longo da via";"Bom";"Sem defeito";"Perfeito estado";"Seca";"Perfeito estado";"Faixa de pedestre";"Não há placas";"60 km/h";"Dupla";"Canteiro central";"";""
"5022";2020-01-24;"15:21:00";"SEM VÍTIMA";"FINALIZADA";"BOA VIAGEM";"RUA VISCONDE DE JEQUITINHONHA";"1418";"";"E/F AO EDF CARA VELAS";"BOA VIAGEM";NA;"";"COLISÃO";"COLISAO SEM VITIMAS";2;0;0;0;0;0;0;0;0;0;0;"";"";"";"";"";"";"";"";"";"";"";"";""
"5023";2020-01-24;"15:31:00";"SEM VÍTIMA";"FINALIZADA";"PARNAMIRIM";"AV PARNAMIRIM";"95";"";"EM FRENTE AO HOSPITAL MARIA LUCINDA";"PARNAMIRIM";460;"CIDADE";"ABALROAMENTO LONGITUDINAL";"COLISAO SEM VITIMAS";0;1;0;0;0;1;0;0;0;0;0;"Longo da via";"Chuvoso";"Sem defeito";"Perfeito estado";"Molhada";"Perfeito estado";"Faixa de pedestre";"Não há placas";"";"Única";"Faixa contínua";"";""
"5024";2020-01-24;"15:32:00";"COM VÍTIMA";"FINALIZADA";"CORDEIRO";"AV CAXANGA";"";"RUA ANTERO MOTA";"PROX AO PARQUE DE EXPOSIÇÃO DE ANIMAIS. EM FRENTE AO BANCO DO BRASIL";"CORDEIRO";NA;"SUBURBIO";"TOMBAMENTO";"VT-17 (INSP ANTONIO) PRESENCIOU QUEDA DO MOTOCICLISTA";0;1;0;0;0;0;0;0;0;1;0;"Longo da via";"Chuvoso";"Sem defeito";"Perfeito estado";"Seca";"Perfeito estado";"Faixa de pedestre";"R-6a";"";"Dupla";"Canteiro central";"";""
"5025";2020-01-24;"15:49:00";"SEM VÍTIMA";"FINALIZADA";"BAIRRO DO RECIFE";"CAIS DO APOLO";"";"";"EM FRENTE AO SEMÁFORO Nº 019";"BAIRRO DO RECIFE";19;"SUBURBIO";"COLISÃO TRASEIRA";"ENTRE ONIBUS X AUTO PASSEIO S/V";1;0;0;0;0;1;0;0;0;0;0;"Longo da via";"Bom";"Sem defeito";"Perfeito estado";"Seca";"Perfeito estado";"Faixa de pedestre";"Outras";"";"Dupla";"Canteiro central";"";""
"5026";2020-01-24;"15:52:00";"SEM VÍTIMA";"FINALIZADA";"AFLITOS";"RUA DAS CREOULAS";"";"AV RUI BARBOSA";"";"AFLITOS";102;"CIDADE";"ABALROAMENTO LONGITUDINAL";"ENTRE DOIS AUTOS S/V";2;0;0;0;0;0;0;0;0;0;0;"Cruzamento";"Bom";"Sem defeito";"Perfeito estado";"Seca";"Perfeito estado";"Faixa de pedestre";"";"";"Única";"";"";""
"5027";2020-01-24;"16:09:00";"SEM VÍTIMA";"CANCELADA";"CORDEIRO";"RUA ODETE MONTEIRO";"";"";"PROX. DO COLEGIO JACI RIBEIRO";"CORDEIRO";NA;"";"COLISÃO";"COLISÃO SEM VITIMA";2;0;0;0;0;0;0;0;0;0;0;"";"";"";"";"";"";"";"";"";"";"";"";""
"5028";2020-01-24;"16:10:00";"SEM VÍTIMA";"FINALIZADA";"TAMARINEIRA";"AV NORTE";"";"RUA CONEGO BARATA";"";"TAMARINEIRA";62;"CIDADE";"COLISÃO TRASEIRA";"ENTRE DOIS AUTOS S/V";2;0;0;0;0;0;0;0;0;0;0;"";"Chuvoso";"Sem defeito";"Perfeito estado";"Seca";"Perfeito estado";"Faixa de pedestre";"R-6a";"";"Dupla";"Faixa contínua";"Faixa seccionada";"Canteiro central"
"5029";2020-01-24;"16:32:00";"COM VÍTIMA";"FINALIZADA";"TAMARINEIRA";"RUA PADRE ROMA";"";"EST DO ARRAIAL";"LADO OPOSTO A HI ACADEMIA";"TAMARINEIRA";61;"";"COLISÃO COM CICLISTA";"AUTO PASSEIO X CICLISTA";1;0;0;1;0;0;0;0;0;1;0;"Cruzamento";"Bom";"Sem defeito";"Perfeito estado";"Seca";"Perfeito estado";"Faixa de pedestre";"Outras";"";"Única";"Faixa seccionada";"";""
"5030";2020-01-24;"16:48:00";"SEM VÍTIMA";"FINALIZADA";"MADALENA";"RUA BENFICA";"1015";"";"EM FRENTE A AUTO PNEUS";"MADALENA";NA;"CIDADE";"ABALROAMENTO LONGITUDINAL";"COLISÃO SEM VITIMA";2;0;0;0;0;0;0;0;0;0;0;"Longo da via";"Bom";"Não existe";"Perfeito estado";"Seca";"Perfeito estado";"Não existe";"Outras";"";"Única";"Faixa seccionada";"";""
"5031";2020-01-24;"16:49:00";"SEM VÍTIMA";"FINALIZADA";"IBURA";"AV DOIS RIOS";"";"LAD DA COHAB";"";"IBURA";NA;"CIDADE";"ABALROAMENTO LONGITUDINAL";"COLISAO S/ VITIMA. ONIBUS E MOTO";0;1;0;0;0;1;0;0;0;0;0;"Cruzamento";"Bom";"Não existe";"Perfeito estado";"Seca";"Perfeito estado";"Não existe";"Placas Pare";"";"";"";"";""
"5032";2020-01-24;"18:09:00";"COM VÍTIMA";"FINALIZADA";"BOA VIAGEM";"RUA BALTAZAR PASSOS";"53";"RUA SETUBAL";"E/F AO EDF COSTA DOS NAVEGANTES";"BOA VIAGEM";NA;"";"ABALROAMENTO LONGITUDINAL";"ENTRE AUTO E MOTO. C/V";1;1;0;0;0;0;0;0;0;1;0;"Longo da via";"Bom";"Não existe";"Perfeito estado";"Seca";"Perfeito estado";"Não existe";"Outras";"";"Única";"Faixa seccionada";"";""
"5033";2020-01-24;"18:05:00";"SEM VÍTIMA";"FINALIZADA";"IBURA";"RUA MARECHAL TAUMATURGO";"23";"";"ESCOLA FUTURO CIDADÃO";"IBURA";NA;"SUBURBIO";"CHOQUE VEÍCULO PARADO";"COLISAO COM VITIMAS";2;0;0;0;0;0;0;0;0;0;0;"Longo da via";"Bom";"Não existe";"Perfeito estado";"Seca";"Perfeito estado";"Não existe";"Não há placas";"";"Dupla";"Não existe";"";""
"5034";2020-01-24;"19:01:00";"SEM VÍTIMA";"CANCELADA";"CORDEIRO";"RUA GOMES TABORDA";"1742";"RUA FRANCISCO VITA";"E/F A GALERIA NORONHA CENTER";"CORDEIRO";NA;"";"COLISÃO";"COLISAO SEM VITIMAS";3;0;0;0;0;0;0;0;0;0;0;"";"";"";"";"";"";"";"";"";"";"";"";""
"5035";2020-01-24;"19:20:00";"SEM VÍTIMA";"FINALIZADA";"BOA VISTA";"AV CONDE DA BOA VISTA";"1274";"";"";"BOA VISTA";NA;"";"ABALROAMENTO LONGITUDINAL";"COLISAO SEM VITIMAS";1;0;0;0;0;1;0;0;0;0;0;"Longo da via";"Bom";"Não existe";"Perfeito estado";"Seca";"Perfeito estado";"Outros";"Outras";"";"Dupla";"Canteiro central";"";""
"5036";2020-01-24;"19:44:00";"SEM VÍTIMA";"FINALIZADA";"BOA VIAGEM";"RUA VISCONDE DE JEQUITINHONHA";"350";"";"SHOPPING RECIFE";"BOA VIAGEM";NA;"CIDADE";"ABALROAMENTO LONGITUDINAL";"ENTRE 2 AUTOS. S/V";2;0;0;0;0;0;0;0;0;0;0;"Longo da via";"Bom";"Não existe";"Perfeito estado";"Seca";"Perfeito estado";"Faixa de pedestre";"Não há placas";"40 km/h";"Única";"Não existe";"";""
"5037";2020-01-24;"19:55:00";"COM VÍTIMA";"FINALIZADA";"SÃO JOSÉ";"CAIS DA DETENCAO";"";"";"POR TRÁS DA CASA DA CULTURA";"SÃO JOSÉ";NA;"CIDADE";"ATROPELAMENTO";"ATROPELAMENTO ENTRE AUTO E PEDESTRE. O CONDUTOR SE EVADIU DO LOCAL. VÍTIMA SE ENCONTRA NA VIA- AGUARDANDO A PRESENÇA DO SAMU";1;0;0;0;1;0;0;0;0;1;0;"Longo da via";"Bom";"Não existe";"Perfeito estado";"Seca";"Perfeito estado";"";"R-6a";"40 km/h";"Única";"";"";""
"5038";2020-01-24;"21:14:00";"COM VÍTIMA";"FINALIZADA";"CASA FORTE";"AV DEZESSETE DE AGOSTO";"251";"RUA PIAUI";"SEMÁFORO 251/ PRÓX AO MUSEU DO HOMEM DO NORDESTE E COLÉGIO MONTEIRO";"CASA FORTE";251;"CIDADE";"ABALROAMENTO TRANSVERSAL";"ENTRE MOTO E AUTO. C/V";1;1;0;0;0;0;0;0;0;1;0;"Outros";"Bom";"Sem defeito";"Incompleta";"Seca";"Perfeito estado";"Faixa de pedestre";"Não há placas";"";"Dupla";"Faixa contínua";"";""
"5039";2020-01-24;"21:15:00";"SEM VÍTIMA";"FINALIZADA";"AFOGADOS";"RUA PADRE TEOFILO TWORZ";"";"RUA COSME VIANA";"";"AFOGADOS";503;"SUBURBIO";"ABALROAMENTO LONGITUDINAL";"COLISAO SEM VITIMAS";2;0;0;0;0;0;0;0;0;0;0;"Cruzamento";"Bom";"Sem defeito";"Perfeito estado";"Seca";"Perfeito estado";"Faixa de pedestre";"Outras";"";"Única";"Faixa seccionada";"";""
"5040";2020-01-24;"22:04:00";"SEM VÍTIMA";"FINALIZADA";"SÃO JOSÉ";"RUA N S DO CARMO";"660";"";"EM FRENTE AO EDIFÍCIO INCONFIDÊNCIA";"SÃO JOSÉ";203;"CIDADE";"ABALROAMENTO LONGITUDINAL";"COLISAO SEM VITIMAS";2;0;0;0;0;0;0;0;0;0;0;"Longo da via";"Bom";"Sem defeito";"Perfeito estado";"Seca";"Perfeito estado";"Faixa de retenção";"Não há placas";"";"Dupla";"Faixa contínua";"";""
"5041";2020-01-25;"03:47:00";"COM VÍTIMA";"FINALIZADA";"IMBIRIBEIRA";"AV PRESIDENTE DUTRA";"";"";"ANTES DA BIFURCAÇÃO- SENTIDO AEROPORTO E APÓS O RESTAURANTE SAL E BRASA";"IMBIRIBEIRA";NA;"SUBURBIO";"COLISÃO COM CICLISTA";"COLISÃO ENTRE AUTO E BICICLETA- C/V";1;0;0;1;0;0;0;0;0;1;0;"Longo da via";"Bom";"Não existe";"Perfeito estado";"Seca";"Perfeito estado";"Outros";"Outras";"";"Dupla";"Faixa seccionada";"Faixa contínua";""
"5042";2020-01-25;"07:26:00";"COM VÍTIMA";"FINALIZADA";"ÁGUA FRIA";"AV BEBERIBE";"1919";"";"EM FRENTE AO MERCADO DE AGUA FRIA. MAGAZINE LUIZA.";"ÁGUA FRIA";NA;"SUBURBIO";"COLISÃO COM CICLISTA";"ONIBUS E CICLISTA";0;0;0;1;0;1;0;0;0;1;0;"Longo da via";"Bom";"Não existe";"Perfeito estado";"Seca";"Perfeito estado";"Não existe";"Outras";"";"Dupla";"Faixa contínua";"";""
"5043";2020-01-25;"08:11:00";"SEM VÍTIMA";"FINALIZADA";"BOA VIAGEM";"RUA JOAO CARDOSO AIRES";"705";"";"EM FRENTE AO COLÉGIO MADRE DE DEUS";"BOA VIAGEM";478;"SUBURBIO";"COLISÃO TRASEIRA";"COLISÃO S/VITIMAS ENTRE DOIS AUTOS (V.T 18 NO QTH)";2;0;0;0;0;0;0;0;0;0;0;"Longo da via";"Bom";"Sem defeito";"Perfeito estado";"Seca";"Perfeito estado";"Faixa de pedestre";"R-6a";"";"Única";"Faixa seccionada";"";""
"5044";2020-01-25;"08:46:00";"SEM VÍTIMA";"FINALIZADA";"PINA";"PTE GOVERNADOR PAULO GUERRA";"";"";"SOBRE A PONTE PISTA DE ACESSO AO SHOPPING RIO MAR";"PINA";NA;"SUBURBIO";"COLISÃO COM CICLISTA";"";1;0;0;1;0;0;0;0;0;0;0;"Longo da via";"Bom";"Não existe";"Perfeito estado";"Seca";"Perfeito estado";"Outros";"Outras";"60 km/h";"Única";"Faixa seccionada";"";""
"5045";2020-01-25;"09:16:00";"COM VÍTIMA";"FINALIZADA";"AFOGADOS";"RUA SAO MIGUEL";"110";"RUA PEDRO CABRAL DE OLIVEIRA";"CARTORIO DE AFOGADOS. FACULDADE FAREC / IPESU.";"AFOGADOS";300;"CIDADE";"ABALROAMENTO LONGITUDINAL";"COLISAO COM VITIMA. ENTRE ONIBUS E MOTO. GM: GERLANE VT: 20 ISP: SILVAN GCM: FELIPE BARRETO NO LOCAL";0;1;0;0;0;1;0;0;0;1;0;"Longo da via";"Bom";"Sem defeito";"Perfeito estado";"Seca";"Perfeito estado";"Agente";"R-6a";"";"Única";"";"";""
"5046";2020-01-25;"10:42:00";"SEM VÍTIMA";"FINALIZADA";"BOA VISTA";"RUA PRINCESA IZABEL";"";"RUA DO HOSPICIO";"";"BOA VISTA";31;"CIDADE";"ABALROAMENTO LONGITUDINAL";"COLISÃO S/VITIMAS ENTRE UMA MOTO E UM AUTO (V.T 24 NO QTH)";1;1;0;0;0;0;0;0;0;0;0;"Cruzamento";"Nublado";"Sem defeito";"Perfeito estado";"Seca";"Perfeito estado";"Não existe";"R-6a";"";"Única";"Faixa seccionada";"";""
"5047";2020-01-25;"10:46:00";"SEM VÍTIMA";"FINALIZADA";"ENCRUZILHADA";"AV JOAO DE BARROS";"1800";"";"EM FRENTE AO ETEPAM";"ENCRUZILHADA";NA;"CIDADE";"ABALROAMENTO LONGITUDINAL";"ONIBUS E AUTO";1;0;0;0;0;1;0;0;0;0;0;"Longo da via";"Bom";"Não existe";"Perfeito estado";"Seca";"Perfeito estado";"Não existe";"R-6a";"";"Única";"Faixa seccionada";"";""
"5048";2020-01-25;"10:54:00";"SEM VÍTIMA";"FINALIZADA";"PINA";"RUA COMENDADOR MORAES";"10A";"AV ANTONIO DE GOES";"AO LADO DO EMPRESARIAL JCPM";"PINA";NA;"SUBURBIO";"ABALROAMENTO LONGITUDINAL";"CAMINHÃO E AUTO PASSEIO";1;0;0;0;0;0;1;0;0;0;0;"Longo da via";"Bom";"Não existe";"Perfeito estado";"Seca";"Perfeito estado";"Faixa de pedestre";"Não há placas";"";"Dupla";"";"";""
"5049";2020-01-25;"11:51:00";"SEM VÍTIMA";"FINALIZADA";"BOA VIAGEM";"RUA SETUBAL";"596";"";"EM FRENTE AO Nº 596";"BOA VIAGEM";NA;"";"ABALROAMENTO LONGITUDINAL";"COLISÃO S/VITIMAS ENTRE UMA MOTO E AUTO";1;1;0;0;0;0;0;0;0;0;0;"Longo da via";"Bom";"Não existe";"Perfeito estado";"Seca";"Perfeito estado";"Não existe";"R-6a";"";"Única";"Faixa seccionada";"";""
"5050";2020-01-25;"12:31:00";"SEM VÍTIMA";"FINALIZADA";"CAMPO GRANDE";"RUA MARECHAL DEODORO";"700";"";"UNIDADE DE SAÚDE DA FAMÍLIA ILHA DE JANEIRO";"CAMPO GRANDE";NA;"";"CHOQUE VEÍCULO PARADO";"TRIO ELETRICO DERRUBOU UM POSTE E CAIU EM CIMA DE UM AUTO PASSEIO";1;0;0;0;0;0;0;0;0;0;0;"Longo da via";"Bom";"Não existe";"Perfeito estado";"Seca";"Perfeito estado";"Não existe";"R-6a";"30 km/h";"Dupla";"Faixa seccionada";"";""
"5051";2020-01-25;"13:21:00";"SEM VÍTIMA";"FINALIZADA";"PARNAMIRIM";"RUA JOAO TUDE DE MELO";"";"RUA VIRGINIA LORETO";"POSTO DE COMBUSTÍVEL PETRO MEGA";"PARNAMIRIM";649;"";"ABALROAMENTO TRANSVERSAL";"COLISÃO SEM VÍTIMA";1;1;0;0;0;0;0;0;0;0;0;"Cruzamento";"Bom";"Sem defeito";"Perfeito estado";"Seca";"Perfeito estado";"Faixa de pedestre";"R-6a";"40 km/h";"Única";"Faixa seccionada";"";""
"5052";2020-01-25;"13:27:00";"SEM VÍTIMA";"FINALIZADA";"CASA AMARELA";"EST DO ARRAIAL";"4526";"";"";"CASA AMARELA";NA;"SUBURBIO";"ABALROAMENTO LONGITUDINAL";"COLISAO SEM VITIMAS";3;0;0;0;0;0;0;0;0;0;0;"Longo da via";"Bom";"Não existe";"Perfeito estado";"Seca";"Perfeito estado";"Outros";"Outras";"";"Única";"Faixa seccionada";"";""
"5053";2020-01-25;"13:31:00";"SEM VÍTIMA";"FINALIZADA";"PINA";"AV REPUBLICA ARABE UNIDA";"78";"";"EDF. QUARTIER SAINT HONOÚ";"PINA";NA;"SUBURBIO";"ABALROAMENTO LONGITUDINAL";"COLISÃO SEM VÍTIMA";2;0;0;0;0;0;0;0;0;0;0;"Longo da via";"Bom";"Não existe";"Não existente";"Seca";"Perfeito estado";"Não existe";"Não há placas";"";"Única";"Faixa seccionada";"";""
"5054";2020-01-25;"13:59:00";"SEM VÍTIMA";"FINALIZADA";"MUSTARDINHA";"RUA JOSE MOREIRA REIS";"";"";"AO LADO DO SESI DA MUSTARDINHA";"MUSTARDINHA";NA;"";"ABALROAMENTO LONGITUDINAL";"COLISÃO SEM VÍTIMA";1;0;0;0;0;0;1;0;0;0;0;"Longo da via";"Bom";"Não existe";"Não existente";"Seca";"Perfeito estado";"Não existe";"Não há placas";"30 km/h";"Dupla";"Não existe";"";""
"5055";2020-01-25;"14:14:00";"SEM VÍTIMA";"FINALIZADA";"BOA VIAGEM";"RUA FELIX DE BRITO E MELO";"";"RUA PROFESSOR ARNALDO CARNEIRO LEAO";"ESTACIONAMENTO DO BIG BOMPREÇO";"BOA VIAGEM";544;"CIDADE";"ABALROAMENTO TRANSVERSAL";"COLISÃO SEM VÍTIMA";1;1;0;0;0;0;0;0;0;0;0;"Cruzamento";"Bom";"Sem defeito";"Perfeito estado";"Seca";"Perfeito estado";"Faixa de pedestre";"R-6a";"";"Única";"Faixa contínua";"";""
"5056";2020-01-25;"14:41:00";"COM VÍTIMA";"FINALIZADA";"MACAXEIRA";"RUA JOSE CARLOS NOVAES DA MATA MACHADO";"140";"";"E/F AO BAR DO VINHO";"MACAXEIRA";NA;"SUBURBIO";"COLISÃO FRONTAL";"COLISAO COM VITIMAS";0;1;0;0;0;1;0;0;0;1;0;"Longo da via";"Chuvoso";"Não existe";"Não existente";"Seca";"Outros";"Não existe";"Não há placas";"30 km/h";"Dupla";"Não existe";"";""
"5057";2020-01-25;"14:47:00";"SEM VÍTIMA";"FINALIZADA";"AREIAS";"AV DR JOSE RUFINO";"1352";"";"EM FRENTE AO Nº 1352";"AREIAS";NA;"";"ABALROAMENTO LONGITUDINAL";"COLISÃO SEM VÍTIMA";2;0;0;0;0;0;0;0;0;0;0;"Longo da via";"Bom";"Não existe";"Perfeito estado";"Seca";"Perfeito estado";"Não existe";"R-6a";"";"Dupla";"Faixa contínua";"";""
"5058";2020-01-25;"15:30:00";"SEM VÍTIMA";"FINALIZADA";"BOA VIAGEM";"RUA ANTONIO FALCAO";"190";"RUA FRANCISCO DA CUNHA";"";"BOA VIAGEM";227;"SUBURBIO";"ABALROAMENTO LONGITUDINAL";"COLISÃO SEM VÍTIMA";1;1;0;0;0;0;0;0;0;0;0;"Cruzamento";"Bom";"Sem defeito";"Perfeito estado";"Seca";"Perfeito estado";"Faixa de pedestre";"";"40 km/h";"Única";"Não existe";"";""
"5059";2020-01-25;"15:35:00";"COM VÍTIMA";"FINALIZADA";"BOA VIAGEM";"AV BOA VIAGEM";"5366";"";"AO LADO DO HOTEL ATLANTE PLAZA";"BOA VIAGEM";NA;"CIDADE";"ABALROAMENTO LONGITUDINAL";"COLISAO COM VITIMAS";1;1;0;0;0;0;0;0;0;1;0;"Longo da via";"Bom";"Não existe";"Perfeito estado";"Seca";"Perfeito estado";"Não existe";"Não há placas";"";"Única";"Faixa seccionada";"";""
"5060";2020-01-25;"15:40:00";"SEM VÍTIMA";"FINALIZADA";"SANTO AMARO";"AV GOVERNADOR AGAMENON MAGALHAES";"";"";"CIRCULO MILITAR DO RECIFE";"SANTO AMARO";NA;"SUBURBIO";"COLISÃO TRASEIRA";"COLISÃO SEM VÍTIMA";3;0;0;0;0;0;0;0;0;0;0;"Longo da via";"Nublado";"Não existe";"Perfeito estado";"Seca";"Perfeito estado";"Não existe";"R-19";"60 km/h";"Única";"Faixa contínua";"Faixa seccionada";""
"5061";2020-01-25;"16:04:00";"SEM VÍTIMA";"FINALIZADA";"SÃO JOSÉ";"AV SUL";"";"RUA CARLOS COELHO LEAL VALENTE";"";"SÃO JOSÉ";260;"SUBURBIO";"ABALROAMENTO TRANSVERSAL";"COLISAO SEM VITIMAS";1;0;0;0;0;1;0;0;0;0;0;"Cruzamento";"Bom";"Sem defeito";"Perfeito estado";"Seca";"Perfeito estado";"Faixa de pedestre";"Outras";"";"Dupla";"Canteiro central";"";""
"5062";2020-01-25;"17:37:00";"SEM VÍTIMA";"FINALIZADA";"ROSARINHO";"AV NORTE";"";"";"";"ROSARINHO";456;"SUBURBIO";"CHOQUE OBJETO FIXO";"COLISAO SEM VITIMAS";1;0;0;0;0;0;0;0;0;0;0;"Longo da via";"Bom";"Sem defeito";"Perfeito estado";"Seca";"Perfeito estado";"Faixa de pedestre";"Não há placas";"60 km/h";"Dupla";"Canteiro central";"";""