"";"data";"hora";"natureza_acidente";"situacao";"bairro";"endereco";"numero";"detalhe_endereco_acidente";"complemento";"bairro_cruzamento";"num_semaforo";"sentido_via";"tipo";"descricao";"auto";"moto";"ciclom";"ciclista";"pedestre";"onibus";"caminhao";"viatura";"outros";"vitimas";"vitimasfatais";"acidente_verificado";"tempo_clima";"situacao_semaforo";"sinalizacao";"condicao_via";"conservacao_via";"ponto_controle";"situacao_placa";"velocidade_max_via";"mao_direcao";"divisao_via1";"divisao_via2";"divisao_via3"
"5173";2020-01-29;"16:08:00";"SEM VÍTIMA";"FINALIZADA";"PARNAMIRIM";"RUA TITO ROSAS";"152";"";"E/F AO EDF QUARTZ VILAGE";"PARNAMIRIM";NA;"SUBURBIO";"COLISÃO TRASEIRA";"COLISAO SEM VITIMAS";2;0;0;0;0;0;0;0;0;0;0;"Longo da via";"Bom";"Não existe";"Perfeito estado";"Seca";"Perfeito estado";"Não existe";"R-6a";"";"Única";"Faixa seccionada";"";""
"5174";2020-01-29;"17:22:00";"SEM VÍTIMA";"FINALIZADA";"IBURA";"LAD DA COHAB";"70";"";"PRÓXIMO AO MOTEL";"IBURA";NA;"CIDADE";"COLISÃO TRASEIRA";"COLISÃO SEM VITIMA";1;0;0;0;0;1;0;0;0;0;0;"Longo da via";"Bom";"Não existe";"Não existente";"Seca";"Perfeito estado";"Não existe";"Não há placas";"";"Dupla";"Faixa contínua";"";""
"5175";2020-01-29;"17:25:00";"SEM VÍTIMA";"CANCELADA";"ROSARINHO";"RUA TELES JUNIOR";"132";"RUA DES MARTINS PEREIRA";"RESTAURANTE FERNANDOS";"ROSARINHO";NA;"";"COLISÃO";"COLISÃO SEM VITIMA";1;1;0;0;0;0;0;0;0;0;0;"";"";"";"";"";"";"";"";"";"";"";"";""
"5176";2020-01-29;"17:40:00";"SEM VÍTIMA";"CANCELADA";"ILHA DO LEITE";"AV GOVERNADOR AGAMENON MAGALHAES";"";"";"E/F AO BANCO ITAU E AO LADO DO BANCO SAFRA";"ILHA DO LEITE";NA;"";"COLISÃO";"COLISÃO SEM VITIMA";1;1;0;0;0;0;0;0;0;0;0;"";"";"";"";"";"";"";"";"";"";"";"";""
"5177";2020-01-29;"17:41:00";"SEM VÍTIMA";"FINALIZADA";"MADALENA";"RUA LOPES DE CARVALHO";"400";"AV VISCONDE DE ALBUQUERQUE";"LADO OP. AO MADALENA CENTER";"MADALENA";NA;"SUBURBIO";"ABALROAMENTO TRANSVERSAL";"COLISÃO SEM VITIMA";1;1;0;0;0;0;0;0;0;0;0;"Longo da via";"Bom";"Não existe";"Perfeito estado";"Seca";"Perfeito estado";"";"Outras";"";"Única";"Faixa seccionada";"";""
"5178";2020-01-29;"17:55:00";"SEM VÍTIMA";"FINALIZADA";"ILHA DO LEITE";"RUA ESTADO DE ISRAEL";"228";"";"HOTEL OTHON";"ILHA DO LEITE";NA;"SUBURBIO";"ABALROAMENTO LONGITUDINAL";"COLISAO SEM VITIMAS";2;0;0;0;0;0;0;0;0;0;0;"Longo da via";"Bom";"Não existe";"Perfeito estado";"Seca";"Perfeito estado";"";"";"";"Única";"Faixa seccionada";"";""
"5179";2020-01-29;"18:02:00";"SEM VÍTIMA";"FINALIZADA";"AFOGADOS";"RUA SANTO CRISTO";"342";"";"PROX A PETRO ISA";"AFOGADOS";NA;"";"COLISÃO";"COLISAO SEM VITIMAS";2;0;0;0;0;0;0;0;0;0;0;"";"";"";"";"";"";"";"";"";"";"";"";""
"5180";2020-01-29;"18:26:00";"COM VÍTIMA";"FINALIZADA";"CASA AMARELA";"EST DO ARRAIAL";"430";"RUA DA HARMONIA";"";"CASA AMARELA";74;"";"ABALROAMENTO TRANSVERSAL";"CAMINHÃO E MOTO";0;1;0;0;0;0;1;0;0;1;0;"Cruzamento";"Bom";"Sem defeito";"Perfeito estado";"Seca";"Perfeito estado";"Faixa de pedestre";"Outras";"40 km/h";"Dupla";"Faixa contínua";"Faixa seccionada";""
"5181";2020-01-29;"18:40:00";"SEM VÍTIMA";"FINALIZADA";"BOA VIAGEM";"AV ENGENHEIRO DOMINGOS FERREIRA";"";"";"EM FRENTE A FARMÁCIA DROGASIL";"BOA VIAGEM";338;"SUBURBIO";"COLISÃO TRASEIRA";"ENTRE 2 AUTOS. S/V";2;0;0;0;0;0;0;0;0;0;0;"Longo da via";"Bom";"Sem defeito";"Perfeito estado";"Seca";"Perfeito estado";"Faixa de pedestre";"Não há placas";"60 km/h";"Dupla";"Faixa contínua";"";""
"5182";2020-01-29;"18:44:00";"SEM VÍTIMA";"FINALIZADA";"SANTO AMARO";"RUA ENGENHO TAQUARA";"88";"";"EM FRENTE AO Nº 88";"SANTO AMARO";NA;"SUBURBIO";"CHOQUE VEÍCULO PARADO";"AUTO ESTACIONADO FOI COLIDIDO POR VEÍCULO NO LOCAL. S.V";2;0;0;0;0;0;0;0;0;0;0;"Longo da via";"Bom";"Não existe";"Não existente";"Seca";"Perfeito estado";"Não existe";"Não há placas";"";"Dupla";"Não existe";"";""
"5183";2020-01-29;"19:07:00";"SEM VÍTIMA";"FINALIZADA";"AREIAS";"RUA BARROS SOBRINHO";"";"RUA MANOEL RODRIGUES PORTO";"";"AREIAS";NA;"";"ABALROAMENTO TRANSVERSAL";"ENTRE 2 AUTOS. S/V";2;0;0;0;0;0;0;0;0;0;0;"Cruzamento";"Bom";"Não existe";"Não existente";"Seca";"Mal conservada";"Não existe";"Não há placas";"";"Única";"Não existe";"";""
"5184";2020-01-29;"20:34:00";"SEM VÍTIMA";"CANCELADA";"BOA VIAGEM";"RUA AGENOR LOPES";"";"";"NA ENTRADA DO SHOPPING RECIFE / ESUINA DO POSTO BR";"BOA VIAGEM";NA;"";"COLISÃO";"ENTRE 2 AUTOS. S/V";2;0;0;0;0;0;0;0;0;0;0;"";"";"";"";"";"";"";"";"";"";"";"";""
"5185";2020-01-29;"21:54:00";"SEM VÍTIMA";"CANCELADA";"BOA VIAGEM";"RUA BALTAZAR PASSOS";"";"RUA SA E SOUZA";"E/F A GALERIA NATIVA";"BOA VIAGEM";NA;"";"COLISÃO";"ENTRE 2 AUTOS. S/V";2;0;0;0;0;0;0;0;0;0;0;"";"";"";"";"";"";"";"";"";"";"";"";""
"5186";2020-01-30;"00:49:00";"SEM VÍTIMA";"FINALIZADA";"IMBIRIBEIRA";"RUA PINTOR LULA CARDOSO AYRES";"4689";"RUA ARCELINA DE OLIVEIRA";"";"IMBIRIBEIRA";NA;"CIDADE";"CHOQUE VEÍCULO PARADO";"COLISÃO ENTRE DOIS AUTOS S/V";2;0;0;0;0;0;0;0;0;0;0;"";"Bom";"Não existe";"Não existente";"Seca";"Perfeito estado";"Não existe";"Não há placas";"";"Dupla";"Não existe";"";""
"5187";2020-01-30;"02:52:00";"SEM VÍTIMA";"FINALIZADA";"AFOGADOS";"AV SUL";"";"";"EM FRENTE AO TRT 6º REGIÃO DO CANTEIRO CENTRAL";"AFOGADOS";NA;"CIDADE";"CHOQUE OBJETO FIXO";"VEÍCULO CHOCOU-SE CONTRA UM POSTE";1;0;0;0;0;0;0;0;0;0;0;"Longo da via";"Bom";"Não existe";"Não existente";"Seca";"Perfeito estado";"Não existe";"Não há placas";"";"Única";"Faixa seccionada";"";""
"5188";2020-01-30;"07:06:00";"SEM VÍTIMA";"CANCELADA";"TORRÕES";"RUA EPAMINONDAS CRISTOVAO DE OLIVEIRA";"";"AV ENGENHEIRO ABDIAS DE CARVALHO";"AO LADO DO RESTAURANTE YOKI";"TORRÕES";NA;"SUBURBIO";"COLISÃO";"SEM VITIMAS";2;0;0;0;0;0;0;0;0;0;0;"";"";"";"";"";"";"";"";"";"";"";"";""
"5189";2020-01-30;"07:38:00";"SEM VÍTIMA";"FINALIZADA";"IMBIRIBEIRA";"AV MARECHAL MASCARENHAS DE MORAES";"3214";"RUA MURITIBA";"CASAS BAHIA";"IMBIRIBEIRA";385;"SUBURBIO";"COLISÃO TRASEIRA";"SEM VITIMAS";2;0;0;0;0;0;0;0;0;0;0;"Cruzamento";"Bom";"Sem defeito";"Perfeito estado";"Seca";"Perfeito estado";"Faixa de retenção";"Não há placas";"60 km/h";"";"Faixa contínua";"";""
"5190";2020-01-30;"07:39:00";"COM VÍTIMA";"FINALIZADA";"AFOGADOS";"AV SUL";"1950";"RUA DOUTOR LEONIDAS CRAVO GAMA";"EM FRENTE AO ATACAREJO MILANO- SENT. CIDADE";"AFOGADOS";320;"CIDADE";"ABALROAMENTO LONGITUDINAL";"MOTO E AUTO";1;1;0;0;0;0;0;0;0;2;0;"Longo da via";"Bom";"Sem defeito";"Perfeito estado";"Seca";"Perfeito estado";"Faixa de retenção";"R-6a";"60 km/h";"Única";"Faixa";"";""
"5191";2020-01-30;"07:55:00";"SEM VÍTIMA";"FINALIZADA";"IMBIRIBEIRA";"AV MARECHAL MASCARENHAS DE MORAES";"";"";"EM FRENTE A GRAN VIA FORD";"IMBIRIBEIRA";NA;"CIDADE";"COLISÃO TRASEIRA";"SEM VITIMAS";2;0;0;0;0;0;0;0;0;0;0;"Longo da via";"Bom";"Não existe";"Perfeito estado";"Seca";"Perfeito estado";"Não existe";"";"60 km/h";"Dupla";"Faixa contínua";"Faixa seccionada";"Canteiro central"
"5192";2020-01-30;"08:16:00";"SEM VÍTIMA";"FINALIZADA";"CORDEIRO";"AV CAXANGA";"";"";"TERMINAL INTEGRADO CAXANGÁ III GETULIO VARGAS ( EM FRENTE)";"CORDEIRO";NA;"CIDADE";"COLISÃO TRASEIRA";"SEM VITIMAS/CTTU NO LOCAL GM JOSENILSON PONTO FIXO VAI FAZER O B.O";2;0;0;0;0;0;0;0;0;0;0;"Longo da via";"Bom";"Sem defeito";"Perfeito estado";"Seca";"Perfeito estado";"";"";"";"Dupla";"Canteiro central";"";""
"5193";2020-01-30;"08:31:00";"SEM VÍTIMA";"FINALIZADA";"CASA FORTE";"AV DEZESSETE DE AGOSTO";"1780";"";"";"CASA FORTE";NA;"SUBURBIO";"ABALROAMENTO LONGITUDINAL";"SEM VITIMAS/CTTU NO LOCAL VT 09 GM JOSENILDO GOMES/GM BRITO";2;0;0;0;0;0;0;0;0;0;0;"Longo da via";"Bom";"Não existe";"Perfeito estado";"Seca";"Perfeito estado";"Não existe";"R-6a";"";"Dupla";"Faixa seccionada";"";""
"5194";2020-01-30;"08:35:00";"SEM VÍTIMA";"FINALIZADA";"IMBIRIBEIRA";"AV GENERAL MAC ARTHUR";"";"";"AO LADO DA GRAFICA LAFITTE";"IMBIRIBEIRA";NA;"";"ABALROAMENTO LONGITUDINAL";"DOIS AUTOS";2;0;0;0;0;0;0;0;0;0;0;"Longo da via";"Bom";"Não existe";"Perfeito estado";"Seca";"Perfeito estado";"Não existe";"Placas Dê a preferência";"40 km/h";"Única";"Faixa seccionada";"";""
"5195";2020-01-30;"08:42:00";"COM VÍTIMA";"FINALIZADA";"GUABIRABA";"EST DOS MACACOS";"10 B";"";"APOS O POSTO DE SAUDE DE VILA ARITANA";"GUABIRABA";NA;"SUBURBIO";"ABALROAMENTO LONGITUDINAL";"MOTO E AUTO";1;1;0;0;0;0;0;0;0;1;0;"Longo da via";"Bom";"Não existe";"Não existente";"Seca";"Mal conservada";"Não existe";"Não há placas";"30 km/h";"Dupla";"Não existe";"";""
"5196";2020-01-30;"09:08:00";"SEM VÍTIMA";"FINALIZADA";"GRAÇAS";"RUA AMELIA";"";"AV CONS ROSA E SILVA";"LADO OPOSTO ED. COSTA AZEVEDO";"GRAÇAS";46;"CIDADE";"COLISÃO TRASEIRA";"SEM VITIMAS";2;0;0;0;0;0;0;0;0;0;0;"Cruzamento";"Chuvoso";"Sem defeito";"Perfeito estado";"Seca";"Perfeito estado";"Faixa de pedestre";"R-6a";"40 km/h";"Única";"Faixa contínua";"";""
"5197";2020-01-30;"09:36:00";"SEM VÍTIMA";"FINALIZADA";"SANTO ANTÔNIO";"RUA DA PRAIA";"";"TRV DO ARSENAL DE GUERRA";"";"SANTO ANTÔNIO";NA;"";"ABALROAMENTO LONGITUDINAL";"SEM VITIMAS";1;0;0;0;0;1;0;0;0;0;0;"Cruzamento";"Bom";"Não existe";"Perfeito estado";"Seca";"Perfeito estado";"Faixa de pedestre";"Outras";"";"Única";"Não existe";"";""
"5198";2020-01-30;"10:46:00";"SEM VÍTIMA";"FINALIZADA";"AFOGADOS";"AV SUL";"";"";"E/F A POLICLINA DE AFOGADOS";"AFOGADOS";NA;"CIDADE";"ABALROAMENTO LONGITUDINAL";"COLISÃO S/VITIMAS ENTRE UM AUTO E UM CAMINHÃO";1;0;0;0;0;0;1;0;0;0;0;"Longo da via";"Bom";"Não existe";"";"Seca";"";"Não existe";"";"";"Única";"Faixa seccionada";"";""
"5199";2020-01-30;"11:48:00";"SEM VÍTIMA";"FINALIZADA";"BOA VIAGEM";"RUA ERNESTO DE PAULA SANTOS";"";"AV FERNANDO SIMOES BARBOSA";"POSTO SHELL";"BOA VIAGEM";329;"";"ABALROAMENTO LONGITUDINAL";"DOIS AUTOS";2;0;0;0;0;0;0;0;0;0;0;"Longo da via";"Bom";"Sem defeito";"Perfeito estado";"Seca";"Perfeito estado";"Faixa de pedestre";"Não há placas";"60 km/h";"Única";"Faixa contínua";"";""
"5200";2020-01-30;"12:37:00";"COM VÍTIMA";"CANCELADA";"ENGENHO DO MEIO";"RUA ANTONIO CURADO";"";"AV MUCIO UCHOA CAVALCANTE";"PROX A CASA LOTERICA DO ENGENHO DO MEIO";"ENGENHO DO MEIO";NA;"";"COLISÃO";"PRISMA X MOTO";1;1;0;0;0;0;0;0;0;1;0;"";"";"";"";"";"";"";"";"";"";"";"";""
"5201";2020-01-30;"14:08:00";"SEM VÍTIMA";"FINALIZADA";"";"RUA SAO SALVADOR";"24";"AV GOVERNADOR AGAMENON MAGALHAES";"EM FRENTE A UNIMED RECIFE";"";NA;"";"ABALROAMENTO LONGITUDINAL";"ENTRE ONIBUS X AUTO PASSEIO S/V";1;0;0;0;0;1;0;0;0;0;0;"Cruzamento";"Bom";"Não existe";"Perfeito estado";"Seca";"Perfeito estado";"Não existe";"";"40 km/h";"Única";"Não existe";"";""
"5202";2020-01-30;"14:10:00";"SEM VÍTIMA";"FINALIZADA";"SANTO AMARO";"AV GOVERNADOR AGAMENON MAGALHAES";"";"";"AO LADO DO POSTO PETROBRAS / PRÓXIMO AO SHOPPING TACARUNA";"SANTO AMARO";NA;"";"ABALROAMENTO LONGITUDINAL";"VAN-COMPLIMENTAR X FIAT DOBLO";1;0;0;0;0;1;0;0;0;0;0;"Longo da via";"Bom";"Não existe";"Perfeito estado";"Seca";"Perfeito estado";"Não existe";"Outras";"60 km/h";"Dupla";"Faixa seccionada";"Canteiro central";""
"5203";2020-01-30;"14:13:00";"SEM VÍTIMA";"FINALIZADA";"ENCRUZILHADA";"AV NORTE";"2087";"";"AO LADO CAXANGÁ ACESSÓRIOS";"ENCRUZILHADA";NA;"CIDADE";"ABALROAMENTO LONGITUDINAL";"SEM VITIMA";1;1;0;0;0;0;0;0;0;0;0;"Longo da via";"Bom";"Não existe";"Perfeito estado";"Seca";"Perfeito estado";"Outros";"R-6a";"";"Dupla";"Faixa seccionada";"Canteiro central";""
"5204";2020-01-30;"14:14:00";"SEM VÍTIMA";"FINALIZADA";"MADALENA";"AV BEIRA RIO";"";"RUA JOSE OSORIO";"PONTE DA CAPUNGA";"MADALENA";387;"SUBURBIO";"COLISÃO TRASEIRA";"SANDERO X ECOSPORT";2;0;0;0;0;0;0;0;0;0;0;"Cruzamento";"Bom";"Sem defeito";"Perfeito estado";"Seca";"Perfeito estado";"Agente";"R-6c";"";"Única";"Faixa seccionada";"";""
"5205";2020-01-30;"15:45:00";"SEM VÍTIMA";"FINALIZADA";"BOA VISTA";"RUA DR JOSE MARIANO";"";"";"MADEPORT";"BOA VISTA";209;"CIDADE";"ABALROAMENTO LONGITUDINAL";"ENTRE DOIS AUTOS S/V";2;0;0;0;0;0;0;0;0;0;0;"Longo da via";"Bom";"Sem defeito";"Não existente";"Seca";"Perfeito estado";"Não existe";"Não há placas";"";"Única";"Não existe";"";""
"5206";2020-01-30;"15:52:00";"SEM VÍTIMA";"FINALIZADA";"SANTO ANTÔNIO";"RUA FLORIANO PEIXOTO";"155";"";"CASA DA CULTURA";"SANTO ANTÔNIO";NA;"SUBURBIO";"ABALROAMENTO LONGITUDINAL";"ENTRE AUTO PASSEIO X ONIBUS S/V";1;0;0;0;0;1;0;0;0;0;0;"Longo da via";"Bom";"Sem defeito";"Perfeito estado";"Seca";"Perfeito estado";"Faixa de pedestre";"Outras";"";"Única";"Faixa seccionada";"";""
"5207";2020-01-30;"17:22:00";"SEM VÍTIMA";"CANCELADA";"PARNAMIRIM";"AV PARNAMIRIM";"";"";"EM FRENTE AO SANTANDER/ LADO OPOSTO DO 375";"PARNAMIRIM";NA;"";"COLISÃO";"COLISÃO SEM VITIMA";2;0;0;0;0;0;0;0;0;0;0;"";"";"";"";"";"";"";"";"";"";"";"";""
"5208";2020-01-30;"18:13:00";"SEM VÍTIMA";"FINALIZADA";"PAISSANDU";"AV GOVERNADOR AGAMENON MAGALHAES";"";"RUA PAISSANDU";"EM FRENTE AO BANCO ITAÚ";"PAISSANDU";69;"SUBURBIO";"ABALROAMENTO LONGITUDINAL";"CAMINHAO X COROLLA";1;0;0;0;0;0;1;0;0;0;0;"Longo da via";"Bom";"Sem defeito";"Perfeito estado";"Seca";"Perfeito estado";"Faixa de pedestre";"Não há placas";"60 km/h";"Dupla";"Faixa seccionada";"";""
"5209";2020-01-30;"18:20:00";"SEM VÍTIMA";"FINALIZADA";"BOA VISTA";"RUA HENRIQUE DIAS";"";"RUA DOM BOSCO";"";"BOA VISTA";294;"CIDADE";"ABALROAMENTO LONGITUDINAL";"ONIX X ONIBUS";1;0;0;0;0;1;0;0;0;0;0;"Longo da via";"Bom";"Sem defeito";"Perfeito estado";"Seca";"Perfeito estado";"Agente";"";"";"Única";"Faixa contínua";"";""
"5210";2020-01-30;"19:10:00";"SEM VÍTIMA";"FINALIZADA";"ILHA DO LEITE";"AV FREI MATIAS TEVES";"";"RUA FRANCISCO ALVES";"HOPE";"ILHA DO LEITE";NA;"";"ABALROAMENTO LONGITUDINAL";"ENTRE 2 AUTOS. S/V";2;0;0;0;0;0;0;0;0;0;0;"Longo da via";"Bom";"Não existe";"Perfeito estado";"Seca";"Perfeito estado";"Faixa de pedestre";"Não há placas";"";"Dupla";"Faixa seccionada";"";""
"5211";2020-01-30;"19:23:00";"SEM VÍTIMA";"FINALIZADA";"GRAÇAS";"RUA JOAQUIM NABUCO";"";"";"HOSPITAL DA RESTAURAÇAO";"GRAÇAS";NA;"SUBURBIO";"ABALROAMENTO LONGITUDINAL";"HB 20 X PALIO";2;0;0;0;0;0;0;0;1;0;0;"Longo da via";"Bom";"Não existe";"Perfeito estado";"Seca";"Perfeito estado";"Não existe";"R-6a";"";"Única";"Faixa seccionada";"";""
"5212";2020-01-30;"20:08:00";"COM VÍTIMA";"CANCELADA";"GRAÇAS";"RUA DO FUTURO";"800";"AV CONS ROSA E SILVA";"PROX A EXTRA FARMA";"GRAÇAS";NA;"";"COLISÃO";"PRISMA X MOTO OBS: MOTORISTA SE EVADIU E DEIXOU O VEICULO OBS: SUSPEITA DE EMBRIAGUEZ";1;1;0;0;0;0;0;0;0;1;0;"";"";"";"";"";"";"";"";"";"";"";"";""
"5213";2020-01-30;"20:21:00";"SEM VÍTIMA";"FINALIZADA";"APIPUCOS";"RUA DOIS IRMAOS";"470";"";"";"APIPUCOS";NA;"";"CHOQUE OBJETO FIXO";"CONDUTOR PERDEU O CONTROLE DO SEU VEÍCULO E ACABOU SE CHOCANDO CONTRA O POSTE. S/V";1;0;0;0;0;0;0;0;0;0;0;"Longo da via";"Bom";"Não existe";"Perfeito estado";"Seca";"Perfeito estado";"Não existe";"Outras";"40 km/h";"Dupla";"Faixa contínua";"";""
"5214";2020-01-30;"23:17:00";"VÍTIMA FATAL";"FINALIZADA";"CIDADE UNIVERSITÁRIA";"RUA EMILIANO BRAGA";"96";"RUA MANOEL JOAQUIM DE ALMEIDA";"PROX AO PARAIBANO BAR";"CIDADE UNIVERSITÁRIA";NA;"";"ABALROAMENTO TRANSVERSAL";"MICRO-ÔNIBUS E MOTOCICLETA.";0;1;0;0;0;1;0;0;0;0;1;"Cruzamento";"Bom";"Não existe";"Ilegível";"Seca";"Mal iluminada";"Não existe";"Não há placas";"";"Única";"Não existe";"";""
"5215";2020-01-30;"23:29:00";"SEM VÍTIMA";"CANCELADA";"";"AV SERRA DA MANTIQUEIRA";"23";"";"NA LADEIRA DE MONTE VERDE";"";NA;"";"ENGAVETAMENTO";"ENTRE 2 AUTOS E 2 ÕNIBUS. S/V";2;0;0;0;0;2;0;0;0;0;0;"";"";"";"";"";"";"";"";"";"";"";"";""
"5216";2020-01-31;"00:43:00";"SEM VÍTIMA";"FINALIZADA";"PINA";"AV BOA VIAGEM";"";"RUA ALCIDES CARNEIRO LEAL";"";"PINA";NA;"CIDADE";"ABALROAMENTO LONGITUDINAL";"COLISÃO ENTRE DOIS AUTOS S/V";2;0;0;0;0;0;0;0;0;0;0;"Longo da via";"Bom";"Sem defeito";"Perfeito estado";"Seca";"Perfeito estado";"Não existe";"";"";"Única";"Faixa seccionada";"";""
"5217";2020-01-31;"07:13:00";"SEM VÍTIMA";"FINALIZADA";"IMBIRIBEIRA";"AV MARECHAL MASCARENHAS DE MORAES";"";"RUA DEZ DE JULHO";"AO LADO DA CAIXA ECONOMICA";"IMBIRIBEIRA";NA;"SUBURBIO";"ABALROAMENTO LONGITUDINAL";"SEM VITIMAS";1;0;0;0;0;1;0;0;0;0;0;"Cruzamento";"Bom";"Não existe";"Perfeito estado";"Seca";"Perfeito estado";"Não existe";"Não há placas";"60 km/h";"Dupla";"";"";""
"5218";2020-01-31;"08:02:00";"SEM VÍTIMA";"CANCELADA";"JORDÃO";"AV MARIA IRENE";"";"AV MARECHAL MASCARENHAS DE MORAES";"DEBAIXO DO VIAUTO /SENTIDO AEROPORTO";"JORDÃO";NA;"AEROPORTO";"CHOQUE OBJETO FIXO";"VEICULO COLIDIU COM MEIO DEVIDO A OLEO NA VIA";1;0;0;0;0;0;0;0;0;0;0;"";"";"";"";"";"";"";"";"";"";"";"";""
"5219";2020-01-31;"08:09:00";"SEM VÍTIMA";"CANCELADA";"JORDÃO";"AV MARIA IRENE";"";"";"EM FRENTE A UPINHA";"JORDÃO";NA;"";"COLISÃO";"";0;1;0;0;0;1;0;0;0;0;0;"";"";"";"";"";"";"";"";"";"";"";"";""
"5220";2020-01-31;"08:14:00";"SEM VÍTIMA";"FINALIZADA";"BOA VISTA";"AV GOVERNADOR AGAMENON MAGALHAES";"";"";"EM FRENTE AO AMERICANO BATISTA";"BOA VISTA";174;"";"COLISÃO TRASEIRA";"COLISAO S/ VITIMA. DOIS VEICULOS PASSEIO. GM: Douglas CALADO E THIAGO SOUZA NO LOCAL";2;0;0;0;0;0;0;0;0;0;0;"Longo da via";"Chuvoso";"Sem defeito";"Perfeito estado";"Molhada";"Perfeito estado";"Agente";"Outras";"60 km/h";"Dupla";"Faixa seccionada";"";""
"5221";2020-01-31;"09:04:00";"COM VÍTIMA";"FINALIZADA";"DERBY";"PRC DO DERBY";"";"RUA JENER DE SOUZA";"AO LADO DO QUARTEL DO DERBY";"DERBY";40;"CIDADE";"COLISÃO TRASEIRA";"AUTO E MOTO";1;1;0;0;0;0;0;0;0;1;0;"Longo da via";"Bom";"Sem defeito";"Perfeito estado";"Seca";"Perfeito estado";"Faixa de retenção";"Outras";"";"Dupla";"Faixa contínua";"";""
"5222";2020-01-31;"09:26:00";"SEM VÍTIMA";"FINALIZADA";"SANTO AMARO";"AV CRUZ CABUGA";"";"";"AO LADO DO SHOPPING TACARUNA";"SANTO AMARO";470;"CIDADE";"CHOQUE OBJETO FIXO";"MOTO CHOCOU-SE COM PRISMA GM´S RONILDO E HENRIQUE PEREIRA PONTO FIXO";0;1;0;0;0;0;0;0;0;0;0;"Longo da via";"Bom";"Sem defeito";"Perfeito estado";"Seca";"Perfeito estado";"Agente";"";"";"Dupla";"Faixa seccionada";"";""
"5223";2020-01-31;"10:45:00";"SEM VÍTIMA";"FINALIZADA";"VASCO DA GAMA";"RUA ALTO DO EUCALIPTO";"828";"";"GRÁFICA VASCO DA GAMA";"VASCO DA GAMA";NA;"SUBURBIO";"COLISÃO FRONTAL";"DOIS AUTOS";2;0;0;0;0;0;0;0;0;0;0;"Longo da via";"Bom";"Não existe";"Perfeito estado";"Seca";"Perfeito estado";"Outros";"Outras";"";"Dupla";"Não existe";"";""
"5224";2020-01-31;"10:56:00";"SEM VÍTIMA";"FINALIZADA";"BOA VIAGEM";"RUA COSMORAMA";"380";"RUA GENERAL SALGADO";"SHARK ARENA";"BOA VIAGEM";NA;"CIDADE";"ABALROAMENTO LONGITUDINAL";"COLISAO S/ VITIMA. ENTRE DOIS VEICULOS";2;0;0;0;0;0;0;0;0;0;0;"Cruzamento";"Bom";"Não existe";"Perfeito estado";"Seca";"Perfeito estado";"Não existe";"Placas Pare";"40 km/h";"Única";"Faixa seccionada";"";""
"5225";2020-01-31;"11:13:00";"SEM VÍTIMA";"CANCELADA";"BOA VIAGEM";"RUA ERNESTO DE PAULA SANTOS";"1302";"RUA CORONEL ANIZIO RODRIGUES COELHO";"EM FRENTE A PALADARIA DELICATESSEN";"BOA VIAGEM";NA;"";"COLISÃO";"SEM VITIMAS";2;0;0;0;0;0;0;0;0;0;0;"";"";"";"";"";"";"";"";"";"";"";"";""
"5226";2020-01-31;"11:30:00";"SEM VÍTIMA";"FINALIZADA";"BOA VISTA";"RUA JOAO FERNANDES VIEIRA";"1308";"AV GOVERNADOR AGAMENON MAGALHAES";"COLEGIO AMERICANO BATISTA";"BOA VISTA";37;"CIDADE";"ABALROAMENTO LONGITUDINAL";"SEM VITIMAS/ CTTU NO LOCAL /GM VILA NOVA/ARNOSO/JOÃO VITOR";1;1;0;0;0;0;0;0;0;0;0;"Longo da via";"Bom";"Sem defeito";"Perfeito estado";"Seca";"Perfeito estado";"Agente";"";"60 km/h";"Dupla";"Canteiro central";"";""
"5227";2020-01-31;"11:47:00";"SEM VÍTIMA";"FINALIZADA";"BOA VISTA";"RUA DOM BOSCO";"908";"";"EM FRENTE AO MERCADO EXTRA Nº 913";"BOA VISTA";294;"";"ABALROAMENTO LONGITUDINAL";"DOIS AUTOS / GM JOSY CARLA / JEFERSON JOSE NO QTH P.O";2;0;0;0;0;0;0;0;0;0;0;"Longo da via";"Bom";"Sem defeito";"Perfeito estado";"Seca";"Perfeito estado";"Agente";"Outras";"";"Dupla";"Canteiro central";"";""
"5228";2020-01-31;"11:48:00";"SEM VÍTIMA";"DUPLICIDADE";"BOA VISTA";"AV MANOEL BORBA";"";"";"DE ESQUINA COM O SUPERMERCADO EXTRA";"BOA VISTA";294;"";"COLISÃO";"DOIS AUTOS  GM´S JOSE JOSI KARLA E JEFERSON";2;0;0;0;0;0;0;0;0;0;0;"";"";"";"";"";"";"";"";"";"";"";"";""
"5229";2020-01-31;"12:21:00";"SEM VÍTIMA";"FINALIZADA";"BOA VIAGEM";"AV DES JOSE NEVES";"211";"";"E/F AO POSTO SHELL";"BOA VIAGEM";NA;"SUBURBIO";"COLISÃO TRASEIRA";"ENTRE DOIS AUTOS S/V";2;0;0;0;0;0;0;0;0;0;0;"Longo da via";"Bom";"Não existe";"Perfeito estado";"Seca";"Perfeito estado";"Não existe";"R-6a";"";"Dupla";"Faixa seccionada";"Canal";""