"";"data";"hora";"natureza_acidente";"situacao";"bairro";"endereco";"numero";"detalhe_endereco_acidente";"complemento";"bairro_cruzamento";"num_semaforo";"sentido_via";"tipo";"descricao";"auto";"moto";"ciclom";"ciclista";"pedestre";"onibus";"caminhao";"viatura";"outros";"vitimas";"vitimasfatais";"acidente_verificado";"tempo_clima";"situacao_semaforo";"sinalizacao";"condicao_via";"conservacao_via";"ponto_controle";"situacao_placa";"velocidade_max_via";"mao_direcao";"divisao_via1";"divisao_via2";"divisao_via3"
"5287";2020-02-03;"13:19:00";"SEM VÍTIMA";"CANCELADA";"AFOGADOS";"RUA VISCONDE DE PELOTAS";"25";"";"PROXIMO A NANDO MOTOS";"AFOGADOS";NA;"";"COLISÃO";"COLISÃO SEM VITIMA";2;0;0;0;0;0;0;0;0;0;0;"";"";"";"";"";"";"";"";"";"";"";"";""
"5288";2020-02-03;"13:21:00";"SEM VÍTIMA";"FINALIZADA";"CORDEIRO";"AV CAXANGA";"1417";"";"";"CORDEIRO";NA;"SUB/CID";"COLISÃO TRASEIRA";"ENGAVETAMENTO";4;0;0;0;0;0;0;0;0;0;0;"Longo da via";"Bom";"";"Perfeito estado";"Seca";"Perfeito estado";"Não existe";"Não há placas";"";"Dupla";"Canteiro central";"";""
"5289";2020-02-03;"15:12:00";"SEM VÍTIMA";"FINALIZADA";"ILHA DO RETIRO";"RUA SPORT CLUBE DO RECIFE";"";"RUA PROFESSOR BENEDITO MONTEIRO";"EM FRENTE AO SPORT CLUB DO RECIFE";"ILHA DO RETIRO";481;"";"ABALROAMENTO LONGITUDINAL";"COLISÃI SEM VITIMA";2;0;0;0;0;0;0;0;0;0;0;"Cruzamento";"Bom";"Sem defeito";"Perfeito estado";"Seca";"Perfeito estado";"Não existe";"R-6a";"";"Dupla";"Canteiro central";"";""
"5290";2020-02-03;"16:52:00";"COM VÍTIMA";"FINALIZADA";"SANTO ANTÔNIO";"RUA FLORIANO PEIXOTO";"155";"";"EM FRENTE A CASA DA CULTURA. HONDA MOTOPARTS";"SANTO ANTÔNIO";668;"SUBURBIO";"COLISÃO TRASEIRA";"AUTO E ÔNIBUS";1;0;0;0;0;1;0;0;0;1;0;"Longo da via";"Bom";"Sem defeito";"Perfeito estado";"Seca";"Perfeito estado";"Faixa de pedestre";"R-6a";"";"Única";"Faixa contínua";"Faixa seccionada";""
"5291";2020-02-03;"17:24:00";"COM VÍTIMA";"FINALIZADA";"JOANA BEZERRA";"AV DES GUERRA BARRETO";"";"";"FORUM DESEMBARGADOR RODOLFO AURELIANO.";"JOANA BEZERRA";NA;"CIDADE";"ABALROAMENTO LONGITUDINAL";"COM VÍTIMA";1;1;0;0;0;0;0;0;0;1;0;"Longo da via";"Bom";"Não existe";"Perfeito estado";"Seca";"Perfeito estado";"Faixa de pedestre";"Outras";"";"Dupla";"Faixa contínua";"";""
"5292";2020-02-03;"17:28:00";"SEM VÍTIMA";"FINALIZADA";"BOA VISTA";"RUA DO HOSPICIO";"";"AV CONDE DA BOA VISTA";"SOB O SEMÁFORO 023";"BOA VISTA";23;"CIDADE";"ABALROAMENTO LONGITUDINAL";"COLISÃO SEM VITIMA";1;0;0;0;0;0;1;0;0;0;0;"Longo da via";"Bom";"Sem defeito";"Perfeito estado";"Seca";"Perfeito estado";"";"Outras";"";"Única";"Não existe";"";""
"5293";2020-02-03;"17:49:00";"SEM VÍTIMA";"FINALIZADA";"BOA VISTA";"RUA PRINCESA IZABEL";"";"RUA DO HOSPICIO";"";"BOA VISTA";31;"CIDADE";"ABALROAMENTO LONGITUDINAL";"COLISÃO SEM VITIMA";0;0;0;0;0;2;0;0;0;0;0;"Cruzamento";"Bom";"Sem defeito";"Perfeito estado";"Seca";"Perfeito estado";"Agente";"Outras";"";"Única";"Faixa seccionada";"";""
"5294";2020-02-03;"18:50:00";"SEM VÍTIMA";"FINALIZADA";"BOA VISTA";"AV MONTEVIDEU";"644";"";"EM FRENTE AO ESTACIONAMENTO DO HOSPITAL DE FRATURAS";"BOA VISTA";NA;"";"COLISÃO TRASEIRA";"QUATRO AUTOS S/VITIMA";4;0;0;0;0;0;0;0;0;0;0;"Longo da via";"Bom";"Não existe";"Perfeito estado";"Seca";"Perfeito estado";"Não existe";"Não há placas";"";"Única";"Faixa contínua";"";""
"5295";2020-02-03;"19:36:00";"SEM VÍTIMA";"FINALIZADA";"COHAB";"AV SAO PAULO";"";"";"NO TERMINAL DE ONIBUS TRES CARNEIRO";"COHAB";NA;"SUBURBIO";"ABALROAMENTO LONGITUDINAL";"CITROEN X ONIBUS";1;0;0;0;0;1;0;0;0;0;0;"Longo da via";"Bom";"Não existe";"Perfeito estado";"Seca";"Perfeito estado";"Não existe";"Outras";"20 km/h";"Dupla";"Não existe";"";""
"5296";2020-02-03;"19:33:00";"COM VÍTIMA";"FINALIZADA";"SANTO AMARO";"RUA DOS PALMARES";"";"RUA TREZE DE MAIO";"";"SANTO AMARO";30;"CIDADE";"ABALROAMENTO TRANSVERSAL";"AUTO X MOTO";1;1;0;0;0;0;0;0;0;1;0;"Cruzamento";"Bom";"Sem defeito";"Perfeito estado";"Seca";"Perfeito estado";"Não existe";"R-4a";"";"Dupla";"Faixa seccionada";"";""
"5297";2020-02-03;"20:09:00";"COM VÍTIMA";"FINALIZADA";"MADALENA";"RUA RICARDO SALAZAR";"";"RUA CARLOS GOMES";"CRUZAMENTO COM A RUA CARLOS GOMES";"MADALENA";623;"SUBURBIO";"ABALROAMENTO TRANSVERSAL";"JIPE X PEUJEOT";2;0;0;0;0;0;0;0;0;1;0;"Cruzamento";"Bom";"Sem defeito";"Ilegível";"Seca";"Mal iluminada";"Faixa de pedestre";"Não há placas";"";"Dupla";"Canteiro central";"";""
"5298";2020-02-03;"20:37:00";"SEM VÍTIMA";"FINALIZADA";"PINA";"AVENIDA CELSO FURTADO (VIA MANGUE)";"";"";"EM FRENTE AO 19° BPM";"PINA";NA;"CIDADE";"ABALROAMENTO LONGITUDINAL";"AUTO X MOTO (ENVOLVE VIATURA DA CASA MILITAR)";1;1;0;0;0;0;0;0;0;0;0;"Longo da via";"Bom";"Não existe";"Perfeito estado";"Seca";"Perfeito estado";"Não existe";"Não há placas";"60 km/h";"Dupla";"Blocos";"";""
"5299";2020-02-03;"21:14:00";"SEM VÍTIMA";"CANCELADA";"VÁRZEA";"AV GENERAL JOSE MARIA LATINO";"";"";"NA ENTRADA DA INTEGRAÇAO DE ONIBUS";"VÁRZEA";NA;"";"COLISÃO";"MICRO-ONIBUS X TOYOTA";1;0;0;0;0;1;0;0;0;0;0;"";"";"";"";"";"";"";"";"";"";"";"";""
"5300";2020-02-04;"07:11:00";"COM VÍTIMA";"FINALIZADA";"SANTO AMARO";"AV CRUZ CABUGA";"449";"RUA ARARIPINA";"ARMAZÉM CORAL";"SANTO AMARO";NA;"CIDADE";"COLISÃO TRASEIRA";"COM VÍTIMA";1;1;0;0;0;0;0;0;0;2;0;"Longo da via";"Bom";"Sem defeito";"Perfeito estado";"Seca";"Perfeito estado";"";"Outras";"";"Dupla";"Faixa contínua";"";""
"5301";2020-02-04;"07:23:00";"SEM VÍTIMA";"FINALIZADA";"ILHA JOANA BEZERRA";"VIADUTO CAPITAO TEMUDO";"928";"";"LADO OPOSTO A ACADEMIA DA CIDADE";"ILHA JOANA BEZERRA";NA;"CIDADE";"COLISÃO FRONTAL";"VEÍCULO CHOCOU-SE COM O GUARD RAIL (DEMANDA REPASSADA PELO OR-2 LEANDRO)";1;0;0;0;0;0;0;0;0;0;0;"Viaduto";"Chuvoso";"Não existe";"Perfeito estado";"Molhada";"Perfeito estado";"Não existe";"Não há placas";"60 km/h";"Única";"Faixa seccionada";"";""
"5302";2020-02-04;"08:07:00";"COM VÍTIMA";"FINALIZADA";"BOA VIAGEM";"RUA ERNESTO DE PAULA SANTOS";"315";"AV ENGENHEIRO DOMINGOS FERREIRA";"EDF ÁVILA";"BOA VIAGEM";217;"SUBURBIO";"ABALROAMENTO LONGITUDINAL";"DUAS MOTOS";0;2;0;0;0;0;0;0;0;1;0;"Longo da via";"Bom";"Sem defeito";"Perfeito estado";"Seca";"Perfeito estado";"Faixa de pedestre";"R-6a";"60 km/h";"Única";"Faixa contínua";"Faixa seccionada";"Canteiro central"
"5303";2020-02-04;"08:25:00";"SEM VÍTIMA";"FINALIZADA";"ZUMBI";"AV CAXANGA";"833";"RUA CARATINGA";"AO LADO DA ESTAÇÃO DO BRT ZUMBI";"ZUMBI";274;"CIDADE";"COLISÃO TRASEIRA";"DOIS AUTOMÓVEIS - NÃO TEM VÍTIMA";2;0;0;0;0;0;0;0;0;0;0;"Longo da via";"Bom";"Sem defeito";"Perfeito estado";"Seca";"Perfeito estado";"Faixa de pedestre";"Não há placas";"";"Dupla";"Faixa seccionada";"Canteiro central";""
"5304";2020-02-04;"08:42:00";"SEM VÍTIMA";"FINALIZADA";"AFOGADOS";"RUA SAO MIGUEL";"1428";"RUA DRA ITAMAR DE MORAIS E SILVA";"JR MOTOS";"AFOGADOS";NA;"SUBURBIO";"ABALROAMENTO TRANSVERSAL";"MOTO E AUTO";1;1;0;0;0;0;0;0;0;0;0;"Cruzamento";"Bom";"Não existe";"Incompleta";"Seca";"Perfeito estado";"Não existe";"Não há placas";"";"";"Faixa contínua";"Faixa seccionada";""
"5305";2020-02-04;"08:43:00";"SEM VÍTIMA";"FINALIZADA";"VÁRZEA";"RUA EMILIANO BRAGA";"470";"RUA PROFESSOR ANTONIO COELHO";"MARIA BONITA REFEIÇÕES";"VÁRZEA";NA;"SUBURBIO";"ABALROAMENTO TRANSVERSAL";"SEM VITIMAS/GESTANTE DE OITO MESES- ENVOLVIDA NA COLISÃO";2;0;0;0;0;0;0;0;0;0;0;"Cruzamento";"Bom";"Não existe";"Perfeito estado";"Seca";"Perfeito estado";"Faixa de pedestre";"Placas Pare";"30 km/h";"Única";"Faixa seccionada";"";""
"5306";2020-02-04;"08:50:00";"COM VÍTIMA";"FINALIZADA";"ALTO JOSÉ BONIFÁCIO";"RUA ALTO JOSE BONIFACIO";"783";"";"IGREJA BATISTA DO ALTO JOSE BONIFACIO";"ALTO JOSÉ BONIFÁCIO";NA;"CIDADE";"COLISÃO FRONTAL";"COLISAO COM VITIMA. ENTRE VEICULO E MOTO";1;1;0;0;0;0;0;0;0;1;0;"Longo da via";"Bom";"Não existe";"Perfeito estado";"Seca";"Perfeito estado";"Não existe";"Não há placas";"";"Dupla";"Faixa seccionada";"";""
"5307";2020-02-04;"09:30:00";"SEM VÍTIMA";"FINALIZADA";"MADALENA";"RUA REAL DA TORRE";"";"RUA LOPES DE CARVALHO";"";"MADALENA";NA;"";"ABALROAMENTO LONGITUDINAL";"";1;1;0;0;0;0;0;0;0;0;0;"Cruzamento";"Bom";"Não existe";"Perfeito estado";"Seca";"Perfeito estado";"Não existe";"R-6a";"";"Única";"Faixa seccionada";"";""
"5308";2020-02-04;"09:35:00";"SEM VÍTIMA";"FINALIZADA";"SANTO AMARO";"RUA FREI CASSIMIRO";"3032";"RUA ISRAEL FONSECA";"EM FRENTE AO SUPERMERCADO SUPREMO";"SANTO AMARO";NA;"SUBURBIO";"ABALROAMENTO TRANSVERSAL";"COLISAO SEM VITIMA. ENTRE TAXI E CAMINHAO";1;0;0;0;0;0;1;0;0;0;0;"Longo da via";"Bom";"Não existe";"Perfeito estado";"Seca";"Perfeito estado";"Faixa de pedestre";"Placas Pare";"";"Única";"Canteiro central";"";""
"5309";2020-02-04;"09:35:00";"SEM VÍTIMA";"FINALIZADA";"SAN MARTIN";"AV GENERAL SAN MARTIN";"";"AV ENGENHEIRO ABDIAS DE CARVALHO";"COMPAZ";"SAN MARTIN";58;"SUBURBIO";"ABALROAMENTO LONGITUDINAL";"CARRETA E AUTO PASSEIO";1;0;0;0;0;0;0;0;1;0;0;"Cruzamento";"Bom";"Sem defeito";"Perfeito estado";"Seca";"Perfeito estado";"Agente";"Outras";"40 km/h";"Dupla";"Faixa contínua";"";""
"5310";2020-02-04;"09:40:00";"SEM VÍTIMA";"FINALIZADA";"GRAÇAS";"RUA JOAQUIM NABUCO";"";"";"EM FRENTE AO SEMÁFORO 071";"GRAÇAS";NA;"SUBURBIO";"ABALROAMENTO LONGITUDINAL";"DOIS AUTOS /  GM SUB PAULINO / GUSTAVO / P.O";2;0;0;0;0;0;0;0;0;0;0;"Cruzamento";"Bom";"Sem defeito";"Perfeito estado";"Seca";"Perfeito estado";"Faixa de pedestre";"Não há placas";"";"Única";"Não existe";"";""
"5311";2020-02-04;"09:51:00";"SEM VÍTIMA";"FINALIZADA";"ESPINHEIRO";"RUA BARAO DE ITAMARACA";"";"RUA RUI CALACA";"";"ESPINHEIRO";NA;"SUBURBIO";"ABALROAMENTO LONGITUDINAL";"DOIS AUTOS";2;0;0;0;0;0;0;0;0;0;0;"Cruzamento";"Bom";"Não existe";"Perfeito estado";"Seca";"Perfeito estado";"Não existe";"R-6a";"";"Dupla";"Faixa seccionada";"";""
"5312";2020-02-04;"10:02:00";"SEM VÍTIMA";"FINALIZADA";"AFOGADOS";"AV SUL";"";"";"CLIMAR PEÇAS E SERVIÇOS PARA AR CONDICIONADO AUTOMOTIVO";"AFOGADOS";NA;"";"ABALROAMENTO LONGITUDINAL";"CAMINHAO E AUTO PASSEIO";1;0;0;0;0;0;1;0;0;0;0;"Longo da via";"Bom";"Sem defeito";"Perfeito estado";"Seca";"Perfeito estado";"Não existe";"Não há placas";"";"Única";"Não existe";"";""
"5313";2020-02-04;"10:03:00";"SEM VÍTIMA";"CANCELADA";"ENCRUZILHADA";"AV JOAO DE BARROS";"";"AV NORTE";"EM FRENTE AO BANCO BRADESCO";"ENCRUZILHADA";NA;"";"COLISÃO COM CICLISTA";"SEM VITIMAS";0;0;0;1;0;0;1;0;0;0;0;"";"";"";"";"";"";"";"";"";"";"";"";""
"5314";2020-02-04;"10:17:00";"SEM VÍTIMA";"FINALIZADA";"SÃO JOSÉ";"RUA IMPERIAL";"";"TRV DO GUSMAO";"EM FRENTE A LOJA 05";"SÃO JOSÉ";NA;"SUBURBIO";"ABALROAMENTO LONGITUDINAL";"SEM VITIMAS";1;0;0;0;0;1;0;0;0;0;0;"";"Bom";"Não existe";"Perfeito estado";"Seca";"Perfeito estado";"Não existe";"Não há placas";"";"Única";"Faixa seccionada";"";""
"5315";2020-02-04;"10:43:00";"SEM VÍTIMA";"DUPLICIDADE";"SÃO JOSÉ";"RUA IMPERIAL";"502";"";"APOS O POSTO DE GASOLINA BR- SENT. AFOGADOS";"SÃO JOSÉ";NA;"";"COLISÃO";"ONIBUS E AUTO";1;0;0;0;0;1;0;0;0;0;0;"";"";"";"";"";"";"";"";"";"";"";"";""
"5316";2020-02-04;"11:33:00";"SEM VÍTIMA";"FINALIZADA";"GRAÇAS";"AV RUI BARBOSA";"1599";"";"MEMORIAL DA UPE";"GRAÇAS";37;"CIDADE";"COLISÃO TRASEIRA";"TRES AUTOS / GM SILVIO E ERLY P.O NO QTH";3;0;0;0;0;0;0;0;0;0;0;"Longo da via";"Bom";"Sem defeito";"Perfeito estado";"Seca";"Perfeito estado";"Faixa de pedestre";"R-6a";"";"Única";"Faixa seccionada";"";""
"5317";2020-02-04;"12:12:00";"SEM VÍTIMA";"FINALIZADA";"BOA VIAGEM";"AV BOA VIAGEM";"4988";"RUA BARAO DE SOUZA LEAO";"";"BOA VIAGEM";NA;"CIDADE";"ABALROAMENTO LONGITUDINAL";"COLISÃO SEM VÍTIMA";2;0;0;0;0;0;0;0;0;0;0;"";"Bom";"Sem defeito";"Perfeito estado";"Seca";"Perfeito estado";"Faixa de pedestre";"Outras";"40 km/h";"Única";"Faixa seccionada";"";""
"5318";2020-02-04;"12:53:00";"SEM VÍTIMA";"FINALIZADA";"IPUTINGA";"RUA PADRE DEHON";"166";"";"CRUZAMENTO";"IPUTINGA";NA;"SUBURBIO";"ABALROAMENTO TRANSVERSAL";"COLISÃO SEM VÍTIMA";2;0;0;0;0;0;0;0;0;0;0;"Cruzamento";"Bom";"Não existe";"Perfeito estado";"Seca";"Perfeito estado";"Outros";"Outras";"";"Dupla";"Não existe";"";""
"5319";2020-02-04;"12:59:00";"SEM VÍTIMA";"FINALIZADA";"BOA VIAGEM";"AV CONSELHEIRO AGUIAR";"3105";"RUA ANTONIO FALCAO";"";"BOA VIAGEM";NA;"CIDADE";"COLISÃO TRASEIRA";"COLISÃO SEM VÍTIMA";2;0;0;0;0;0;0;0;0;0;0;"Longo da via";"Bom";"Sem defeito";"Perfeito estado";"Seca";"Perfeito estado";"Não existe";"Não há placas";"";"Única";"Faixa seccionada";"";""
"5320";2020-02-04;"13:52:00";"SEM VÍTIMA";"FINALIZADA";"PINA";"AV REPUBLICA DO LIBANO";"";"";"EM FRENTE AO Nº 40";"PINA";NA;"SUBURBIO";"ABALROAMENTO LONGITUDINAL";"COLISÃO SEM VÍTIMA";1;0;0;0;0;1;0;0;0;0;0;"Longo da via";"Bom";"Não existe";"Perfeito estado";"Seca";"Perfeito estado";"Não existe";"Não há placas";"";"Única";"Não existe";"";""
"5321";2020-02-04;"13:58:00";"SEM VÍTIMA";"FINALIZADA";"TAMARINEIRA";"AV NORTE";"3698";"";"LADO OPOSTO AO EDIFÍCIO MANOEL FERREIRA";"TAMARINEIRA";NA;"CIDADE";"COLISÃO TRASEIRA";"COLISÃO SEM VÍTIMA";4;0;0;0;0;0;0;0;0;0;0;"Longo da via";"Bom";"Não existe";"Perfeito estado";"Seca";"Perfeito estado";"Faixa de pedestre";"Não há placas";"60 km/h";"Dupla";"Canteiro central";"";""
"5322";2020-02-04;"14:21:00";"SEM VÍTIMA";"FINALIZADA";"BOA VISTA";"RUA DO HOSPICIO";"";"RUA PRINCESA IZABEL";"EM FRENTE A CÂMARA DOS VEREADORES";"BOA VISTA";31;"SUBURBIO";"ABALROAMENTO TRANSVERSAL";"SEM VITIMA";2;0;0;0;0;0;0;0;0;0;0;"Cruzamento";"Bom";"Sem defeito";"Perfeito estado";"Seca";"Perfeito estado";"Agente";"Não há placas";"";"Única";"Faixa seccionada";"";""
"5323";2020-02-04;"14:25:00";"SEM VÍTIMA";"FINALIZADA";"BOA VIAGEM";"AV CONSELHEIRO AGUIAR";"";"";"EM FRENTE AO BANCO BRADESCO";"BOA VIAGEM";546;"CIDADE";"COLISÃO TRASEIRA";"COLISAO SEM VITIMAS";2;0;0;0;0;0;0;0;0;0;0;"Cruzamento";"Bom";"Sem defeito";"Perfeito estado";"Seca";"Perfeito estado";"Faixa de pedestre";"Não há placas";"60 km/h";"Única";"Faixa seccionada";"";""
"5324";2020-02-04;"14:26:00";"SEM VÍTIMA";"CANCELADA";"VÁRZEA";"RUA CAMINHO DA AREINHA";"1";"";"PROX. DO DEPOSITO DE BEBIDAS DO ALEMÃO";"VÁRZEA";NA;"";"COLISÃO";"COLISÃO SEM VITIMA";2;0;0;0;0;0;0;0;0;0;0;"";"";"";"";"";"";"";"";"";"";"";"";""
"5325";2020-02-04;"14:30:00";"SEM VÍTIMA";"FINALIZADA";"BOA VIAGEM";"AV DES JOSE NEVES";"";"";"ANTES DO POSTE Nº B 007529";"BOA VIAGEM";NA;"CIDADE";"COLISÃO TRASEIRA";"COLISÃO SEM VITIMA";2;0;0;0;0;0;0;0;0;0;0;"Longo da via";"Bom";"Não existe";"Perfeito estado";"Seca";"Perfeito estado";"Não existe";"Não há placas";"";"Dupla";"Faixa seccionada";"";""
"5326";2020-02-04;"15:03:00";"SEM VÍTIMA";"FINALIZADA";"BOA VISTA";"AV MANOEL BORBA";"";"RUA DA CONCEICAO";"EM FRENTE A PRAÇA MACIEL PINHEIRO";"BOA VISTA";NA;"CIDADE";"ABALROAMENTO LONGITUDINAL";"COLISÃO SEM VÍTIMA";2;0;0;0;0;0;0;0;0;0;0;"";"Bom";"Não existe";"Incompleta";"Seca";"Mal conservada";"";"Placas Pare";"";"";"Não existe";"";""
"5327";2020-02-04;"15:34:00";"SEM VÍTIMA";"FINALIZADA";"CASA AMARELA";"AV NORTE";"4681";"RUA RODRIGUES SETE";"";"CASA AMARELA";NA;"CIDADE";"COLISÃO TRASEIRA";"ART 181";3;0;0;0;0;0;0;0;0;0;0;"Cruzamento";"Bom";"Não existe";"Perfeito estado";"Seca";"Perfeito estado";"Não existe";"Não há placas";"60 km/h";"Única";"Faixa seccionada";"";""
"5328";2020-02-04;"15:36:00";"SEM VÍTIMA";"FINALIZADA";"BOA VIAGEM";"RUA BARAO DE SOUZA LEAO";"";"";"EM FRENTE AO BR";"BOA VIAGEM";NA;"SUBURBIO";"COLISÃO TRASEIRA";"COLISÃO SEM VÍTIMA";1;0;0;0;0;1;0;0;0;0;0;"Longo da via";"Bom";"Não existe";"Perfeito estado";"Seca";"Perfeito estado";"Agente";"Não há placas";"40 km/h";"Única";"Faixa seccionada";"";""
"5329";2020-02-04;"15:59:00";"SEM VÍTIMA";"EQUIPE EM DESLOCAMENTO";"MANGABEIRA";"AV NORTE";"";"RUA RODRIGUES SETE";"PROX AO SESC";"MANGABEIRA";NA;"";"COLISÃO";"COLISAO SEM VITIMAS";3;0;0;0;0;0;0;0;0;0;0;"";"";"";"";"";"";"";"";"";"";"";"";""
"5330";2020-02-04;"16:13:00";"SEM VÍTIMA";"FINALIZADA";"IPSEP";"RUA JEAN EMILE FAVRE";"";"RUA ALEMANHA";"OFICINA DO ERON";"IPSEP";NA;"";"ABALROAMENTO LONGITUDINAL";"COLISÃO SEM VÍTIMA";1;0;0;0;0;0;0;0;1;0;0;"Cruzamento";"Bom";"Não existe";"Perfeito estado";"Seca";"Perfeito estado";"Não existe";"Outras";"";"";"Faixa seccionada";"";""
"5331";2020-02-04;"16:19:00";"SEM VÍTIMA";"FINALIZADA";"CASA FORTE";"AV DEZESSETE DE AGOSTO";"675";"RUA LAURINDO COELHO";"CAOA CHERY";"CASA FORTE";NA;"SUBURBIO";"ABALROAMENTO LONGITUDINAL";"SEM VITIMA";1;0;0;0;0;1;0;0;0;0;0;"Longo da via";"Bom";"Não existe";"Perfeito estado";"Seca";"Perfeito estado";"Não existe";"Outras";"";"Dupla";"Faixa contínua";"";""
"5332";2020-02-04;"17:03:00";"SEM VÍTIMA";"FINALIZADA";"AFOGADOS";"RUA SAO MIGUEL";"1648";"";"LADO OPOSTO AO Nº 1648";"AFOGADOS";NA;"CIDADE";"COLISÃO TRASEIRA";"COLISAO SEM VITIMAS";1;0;0;0;0;0;1;0;0;0;0;"Longo da via";"Bom";"Não existe";"Perfeito estado";"Seca";"Perfeito estado";"Não existe";"Não há placas";"";"Dupla";"Faixa seccionada";"";""
"5333";2020-02-04;"17:04:00";"SEM VÍTIMA";"FINALIZADA";"BOA VIAGEM";"AV ENGENHEIRO DOMINGOS FERREIRA";"1818";"";"EXTRA HIPERMERCADO BOA VIAGEM";"BOA VIAGEM";380;"SUBURBIO";"COLISÃO TRASEIRA";"COLISÃO SEM VÍTIMA";3;0;0;0;0;0;0;0;0;0;0;"Longo da via";"Bom";"Sem defeito";"Perfeito estado";"Seca";"Perfeito estado";"Não existe";"R-32";"60 km/h";"Única";"Faixa seccionada";"Canteiro central";""
"5334";2020-02-04;"17:13:00";"SEM VÍTIMA";"FINALIZADA";"JARDIM SÃO PAULO";"RUA LEANDRO BARRETO";"";"";"SOBRE O VIADUTO";"JARDIM SÃO PAULO";NA;"SUBURBIO";"COLISÃO FRONTAL";"COLISÃO SEM VÍTIMA";1;0;0;0;0;0;1;0;0;0;0;"Viaduto";"Bom";"Não existe";"Perfeito estado";"Seca";"Perfeito estado";"Outros";"Outras";"";"Dupla";"Faixa contínua";"";""
"5335";2020-02-04;"17:46:00";"SEM VÍTIMA";"FINALIZADA";"TEJIPIÓ";"AV DR JOSE RUFINO";"3030";"";"ESCOLA ESTADUAL ALBERTO TORRES";"TEJIPIÓ";NA;"SUBURBIO";"COLISÃO TRASEIRA";"COLISÃO SEM VÍTIMA";2;0;0;0;0;0;0;0;0;0;0;"Longo da via";"Bom";"Sem defeito";"Perfeito estado";"Seca";"Perfeito estado";"Não existe";"Não há placas";"60 km/h";"Dupla";"Faixa contínua";"";""
"5336";2020-02-04;"18:24:00";"COM VÍTIMA";"FINALIZADA";"AFOGADOS";"AV SUL";"";"RUA NICOLAU PEREIRA";"PRÓX A EMERGÊNCIA DA AGAMENON MAG E TERMINAL INTEGRAL DO LARGO DA PAZ";"AFOGADOS";NA;"CIDADE";"ABALROAMENTO TRANSVERSAL";"ENTRE AUTO E MOTO. C/V";1;1;0;0;0;0;0;0;0;1;0;"Não informado";"Bom";"Não existe";"Perfeito estado";"Seca";"Perfeito estado";"Não existe";"Não há placas";"";"Única";"Faixa seccionada";"";""
"5337";2020-02-04;"18:30:00";"SEM VÍTIMA";"CANCELADA";"CORDEIRO";"AV CAXANGA";"";"";"PROX AO VIADUTO DO BRT // SENTIDO CAMARAGIBE // ENF A FARMACIA PERMANENTE";"CORDEIRO";NA;"";"COLISÃO";"ONIBUS 1002 X PRISMA";1;0;0;0;0;1;0;0;0;0;0;"";"";"";"";"";"";"";"";"";"";"";"";""
"5338";2020-02-04;"18:58:00";"SEM VÍTIMA";"FINALIZADA";"TAMARINEIRA";"EST VELHA DE AGUA FRIA";"571";"";"";"TAMARINEIRA";NA;"CIDADE";"ABALROAMENTO LONGITUDINAL";"ENTRE AUTO E MOTO.S/V";1;1;0;0;0;0;0;0;0;0;0;"Longo da via";"Bom";"Não existe";"Perfeito estado";"Seca";"Perfeito estado";"Não existe";"R-6a";"";"Dupla";"Blocos";"";""
"5339";2020-02-04;"19:03:00";"SEM VÍTIMA";"CANCELADA";"ARRUDA";"RUA EXP JAMIL DAGLI";"";"RUA DAS MOCAS";"PROX A PIZZARIA ATLANTICO E BEIRA CANAL";"ARRUDA";NA;"";"COLISÃO";"MOTO X FIAT DOBLO";0;0;0;0;0;0;0;0;0;0;0;"";"";"";"";"";"";"";"";"";"";"";"";""
"5340";2020-02-04;"19:20:00";"SEM VÍTIMA";"FINALIZADA";"BOA VIAGEM";"AV CONSELHEIRO AGUIAR";"980";"";"AO LADO DO GREEN MIX";"BOA VIAGEM";2;"CIDADE";"COLISÃO TRASEIRA";"ENTRE 2 AUTOS. S/V";2;0;0;0;0;0;0;0;0;0;0;"Longo da via";"Bom";"Sem defeito";"Perfeito estado";"Seca";"Perfeito estado";"Agente";"Não há placas";"40 km/h";"Única";"Faixa contínua";"";""
"5341";2020-02-04;"19:36:00";"SEM VÍTIMA";"FINALIZADA";"BOA VISTA";"AV CONDE DA BOA VISTA";"767";"";"LOJA LEADER";"BOA VISTA";NA;"SUBURBIO";"ABALROAMENTO TRANSVERSAL";"ENTRE MOTO E ÔNIBUS. S.V";0;1;0;0;0;1;0;0;0;0;0;"Longo da via";"Bom";"Não existe";"Perfeito estado";"Seca";"Perfeito estado";"Não existe";"Outras";"";"Dupla";"Faixa contínua";"";""
"5342";2020-02-04;"19:52:00";"COM VÍTIMA";"FINALIZADA";"BOA VIAGEM";"RUA GENERAL SALGADO";"99";"RUA COSMORAMA";"E/F A AO RESTAURANTE ARENA SHARK E PRÓX AO COLÉGIO MADRE DE DEUS";"BOA VIAGEM";NA;"SUBURBIO";"ABALROAMENTO TRANSVERSAL";"ENTRE AUTO E MTO. C/V";1;1;0;0;0;0;0;0;0;1;0;"Cruzamento";"Bom";"Não existe";"Perfeito estado";"Seca";"Perfeito estado";"Não existe";"Placas Pare";"";"Dupla";"Faixa seccionada";"Outros";""