"";"data";"hora";"natureza_acidente";"situacao";"bairro";"endereco";"numero";"detalhe_endereco_acidente";"complemento";"bairro_cruzamento";"num_semaforo";"sentido_via";"tipo";"descricao";"auto";"moto";"ciclom";"ciclista";"pedestre";"onibus";"caminhao";"viatura";"outros";"vitimas";"vitimasfatais";"acidente_verificado";"tempo_clima";"situacao_semaforo";"sinalizacao";"condicao_via";"conservacao_via";"ponto_controle";"situacao_placa";"velocidade_max_via";"mao_direcao";"divisao_via1";"divisao_via2";"divisao_via3"
"5343";2020-02-04;"20:13:00";"SEM VÍTIMA";"FINALIZADA";"IPSEP";"RUA CACHOEIRA";"";"RUA ITACARI";"";"IPSEP";NA;"SUBURBIO";"COLISÃO TRASEIRA";"C3 X FIESTA";2;0;0;0;0;0;0;0;0;0;0;"Cruzamento";"Bom";"Não existe";"Incompleta";"Seca";"Mal iluminada";"Não existe";"Não há placas";"";"Única";"Faixa seccionada";"";""
"5344";2020-02-04;"20:15:00";"SEM VÍTIMA";"FINALIZADA";"SÃO JOSÉ";"RUA IMPERIAL";"217";"RUA BOM SUCESSO";"";"SÃO JOSÉ";NA;"CIDADE";"ABALROAMENTO TRANSVERSAL";"ENTRE 2 AUTOS. S/V";2;0;0;0;0;0;0;0;0;0;0;"Cruzamento";"Bom";"Não existe";"";"Seca";"Perfeito estado";"Não existe";"Não há placas";"";"Única";"Faixa seccionada";"";""
"5345";2020-02-04;"21:08:00";"SEM VÍTIMA";"FINALIZADA";"CORDEIRO";"RUA EURICO DE SOUZA LEAO";"906";"";"";"CORDEIRO";NA;"SUBURBIO";"CHOQUE OBJETO FIXO";"VT DO 13 BATALHÃO ACABOU CAINDO NO BURACO. S/V";1;0;0;0;0;0;0;0;0;0;0;"Longo da via";"Bom";"Não existe";"Incompleta";"Seca";"Mal conservada";"Não existe";"Não há placas";"";"Dupla";"Não existe";"";""
"5346";2020-02-04;"22:07:00";"COM VÍTIMA";"FINALIZADA";"PARNAMIRIM";"AV PARNAMIRIM";"375";"RUA ANDRE CAVALCANTE";"E/F AO BANCO SANTANDER";"PARNAMIRIM";NA;"CIDADE";"ABALROAMENTO LONGITUDINAL";"MOTO X AUTO. C/V";1;1;0;0;0;0;0;0;0;1;0;"Cruzamento";"Bom";"Não existe";"Incompleta";"Seca";"Perfeito estado";"Não existe";"R-6a";"";"Única";"Faixa seccionada";"";""
"5347";2020-02-04;"22:39:00";"SEM VÍTIMA";"FINALIZADA";"ILHA DO RETIRO";"RUA SPORT CLUBE DO RECIFE";"";"";"FRENTE AO SPORT CLUBE DO RECIFE";"ILHA DO RETIRO";355;"SUBURBIO";"COLISÃO TRASEIRA";"ENTRE 2 AUTOS. UM DOS CONDUTOTES APRESENTA SINAIS DE EMBRIAGUEZ";2;0;0;0;0;0;0;0;0;0;0;"Longo da via";"Bom";"Sem defeito";"Perfeito estado";"Seca";"Perfeito estado";"Não existe";"Não há placas";"";"Dupla";"Faixa contínua";"Faixa seccionada";"Canteiro central"
"5348";2020-02-05;"06:05:00";"SEM VÍTIMA";"FINALIZADA";"PAISSANDU";"AV GOVERNADOR AGAMENON MAGALHAES";"";"";"LADO OPOSTO AO HOSP. PORTUGUÊS";"PAISSANDU";672;"SUBURBIO";"ABALROAMENTO LONGITUDINAL";"SEM VITIMAS";1;0;0;0;0;1;0;0;0;0;0;"Longo da via";"Bom";"Sem defeito";"Perfeito estado";"Seca";"Perfeito estado";"Faixa de pedestre";"";"";"Dupla";"Canteiro central";"";""
"5349";2020-02-05;"06:55:00";"SEM VÍTIMA";"FINALIZADA";"MACAXEIRA";"AV NORTE";"";"";"AO LADO DO PONTO DE ÔNIBUS Nº 110052";"MACAXEIRA";NA;"SUBURBIO";"COLISÃO TRASEIRA";"DOIS AUTOS";2;0;0;0;0;0;0;0;0;0;0;"Longo da via";"Bom";"Não existe";"Incompleta";"Seca";"Perfeito estado";"Não existe";"";"";"Dupla";"Canteiro central";"";""
"5350";2020-02-05;"07:49:00";"SEM VÍTIMA";"FINALIZADA";"BOA VISTA";"RUA DO HOSPICIO";"";"";"EM FRENTE A CÂMARA MUNICIPAL DO RECIFE";"BOA VISTA";31;"CIDADE";"ABALROAMENTO LONGITUDINAL";"";1;0;0;0;0;0;0;0;1;0;0;"Cruzamento";"Bom";"Sem defeito";"Perfeito estado";"Seca";"Perfeito estado";"Agente";"Outras";"";"Única";"Não existe";"";""
"5351";2020-02-05;"08:03:00";"SEM VÍTIMA";"FINALIZADA";"PINA";"PTE AGAMENON MAGALHAES";"";"";"LADO OPOSTO AO RESTAURANTE BARGAÇO";"PINA";NA;"CIDADE";"COLISÃO TRASEIRA";"DOIS AUTOS";2;0;0;0;0;0;0;0;0;0;0;"Ponte";"Bom";"Sem defeito";"Perfeito estado";"Seca";"Perfeito estado";"Não existe";"Placas Pare";"60 km/h";"";"Faixa seccionada";"";""
"5352";2020-02-05;"08:27:00";"SEM VÍTIMA";"FINALIZADA";"DERBY";"PRC DO DERBY";"";"RUA JENER DE SOUZA";"SOB O SEMÁFORO Nº 418";"DERBY";418;"CIDADE";"ABALROAMENTO TRANSVERSAL";"SEM VITIMAS/LOCAL DESCARACTERIZADO";2;0;0;0;0;0;0;0;0;0;0;"Cruzamento";"Bom";"Sem defeito";"Perfeito estado";"Seca";"Perfeito estado";"Faixa de pedestre";"Outras";"";"Dupla";"Blocos";"";""
"5353";2020-02-05;"08:54:00";"SEM VÍTIMA";"FINALIZADA";"ESPINHEIRO";"RUA CONS PORTELA";"";"RUA SANTO ELIAS";"ESQUINA COM POSTO URBAN";"ESPINHEIRO";NA;"CIDADE";"ABALROAMENTO TRANSVERSAL";"COLISÃO S/VITIMAS ENTRE DOIS AUTOS";2;0;0;0;0;0;0;0;0;0;0;"Cruzamento";"Bom";"Não existe";"Perfeito estado";"Seca";"Perfeito estado";"Não existe";"Não há placas";"";"Única";"Faixa seccionada";"";""
"5354";2020-02-05;"10:05:00";"COM VÍTIMA";"FINALIZADA";"CASA AMARELA";"RUA PAULA BATISTA";"173";"RUA XAVANTES";"AO LADO DO CENTRO ESPIRITA MOACIR";"CASA AMARELA";NA;"SUBURBIO";"ABALROAMENTO TRANSVERSAL";"COM DUAS VITIMAS SENDO ATENDIDAS PELO SAMU";1;1;0;0;0;0;0;0;0;2;0;"Cruzamento";"Bom";"Não existe";"Ilegível";"Seca";"Perfeito estado";"Não existe";"Não há placas";"30 km/h";"Dupla";"Não existe";"";""
"5355";2020-02-05;"10:07:00";"COM VÍTIMA";"FINALIZADA";"MUSTARDINHA";"RUA VINTE E UM DE ABRIL";"1343";"RUA CORACAO DE JESUS";"AO LADO DA ROCK PIZZA";"MUSTARDINHA";NA;"SUBURBIO";"COLISÃO";"COLISÃO C/VITIMAS ENTRE UMA MOTO E UM AUTO";1;1;0;0;0;0;0;0;0;1;0;"Esquina";"Bom";"Não existe";"Perfeito estado";"Seca";"Perfeito estado";"Não existe";"Outras";"";"Dupla";"Não existe";"";""
"5356";2020-02-05;"11:28:00";"SEM VÍTIMA";"FINALIZADA";"MADALENA";"RUA REAL DA TORRE";"682";"";"";"MADALENA";NA;"";"COLISÃO TRASEIRA";"SEM VITIMAS";2;0;0;0;0;0;0;0;0;0;0;"Longo da via";"Bom";"Não existe";"Perfeito estado";"Seca";"Perfeito estado";"Não existe";"Não há placas";"";"Única";"Faixa seccionada";"";""
"5357";2020-02-05;"12:07:00";"SEM VÍTIMA";"CANCELADA";"BOA VIAGEM";"RUA RIBEIRO DE BRITO";"";"";"EM FRENTE AO SINDICATO MUNICIPAL DOS EMPREGADOS EM CONDOMINIO";"BOA VIAGEM";597;"";"COLISÃO";"COLISÃO SEM VITIMA";1;1;0;0;0;0;0;0;0;0;0;"";"";"";"";"";"";"";"";"";"";"";"";""
"5358";2020-02-05;"12:15:00";"SEM VÍTIMA";"FINALIZADA";"NOVA DESCOBERTA";"AV NORTE";"6720";"";"ESCOLA MUNDO MÁGICO";"NOVA DESCOBERTA";NA;"SUBURBIO";"COLISÃO TRASEIRA";"COLISÃO ENTRE A VT CTTU 09 DE PLACA";2;0;0;0;0;0;0;0;0;0;0;"Longo da via";"Bom";"Não existe";"Perfeito estado";"Seca";"Perfeito estado";"Não existe";"Não há placas";"60 km/h";"Dupla";"Canteiro central";"";""
"5359";2020-02-05;"12:35:00";"SEM VÍTIMA";"FINALIZADA";"PRADO";"AV ENGENHEIRO ABDIAS DE CARVALHO";"";"RUA JOAO IVO DA SILVA";"CONCESSIONÁRIA GRANVIA";"PRADO";132;"CIDADE";"ABALROAMENTO LONGITUDINAL";"SEM VITIMA";2;0;0;0;0;0;0;0;0;0;0;"Cruzamento";"Bom";"Sem defeito";"Perfeito estado";"Seca";"Perfeito estado";"Agente";"";"";"Única";"Canteiro central";"";""
"5360";2020-02-05;"13:08:00";"COM VÍTIMA";"FINALIZADA";"SÃO JOSÉ";"RUA IMPERIAL";"1171";"";"E/F AO COLEGIO JOAQUIM NABUCO";"SÃO JOSÉ";NA;"SUBURBIO";"ABALROAMENTO LONGITUDINAL";"COLISAO COM VITIMAS";1;1;0;0;0;0;0;0;0;2;0;"Longo da via";"Bom";"Não existe";"Perfeito estado";"Seca";"Perfeito estado";"Não existe";"Não há placas";"";"Única";"Faixa seccionada";"";""
"5361";2020-02-05;"13:26:00";"COM VÍTIMA";"FINALIZADA";"POÇO DA PANELA";"AV DEZESSETE DE AGOSTO";"2108";"AV DR SEIXAS";"E/F A PAGUE MENOS/ PROX AO CRUZAMENTO COM A RUA DOUTOR SEIXAS";"POÇO DA PANELA";646;"CIDADE";"ABALROAMENTO LONGITUDINAL";"COLISAO COM VITIMAS";1;1;0;0;0;0;0;0;0;1;0;"Cruzamento";"Bom";"Sem defeito";"Perfeito estado";"Seca";"Perfeito estado";"Faixa de retenção";"";"";"Dupla";"";"";""
"5362";2020-02-05;"13:31:00";"SEM VÍTIMA";"FINALIZADA";"GRAÇAS";"RUA ANTONIO NOVAIS";"241";"RUA SOUZA DE ANDRADE";"";"GRAÇAS";NA;"";"ABALROAMENTO TRANSVERSAL";"ENTRE AUTO PASSEIO X MOTO S/V";1;1;0;0;0;0;0;0;0;0;0;"Cruzamento";"Bom";"Não existe";"Não existente";"Seca";"Perfeito estado";"Não existe";"Não há placas";"30 km/h";"Única";"Não existe";"";""
"5363";2020-02-05;"13:38:00";"COM VÍTIMA";"FINALIZADA";"SÃO JOSÉ";"RUA IMPERIAL";"1898";"";"APOS A JUCEPE";"SÃO JOSÉ";NA;"SUBURBIO";"TOMBAMENTO";"MOTOCICLISTA CAIU EM UM BURACO";0;1;0;0;0;0;0;0;0;2;0;"Longo da via";"Bom";"Não existe";"Incompleta";"";"Mal conservada";"Não existe";"Outras";"";"Única";"Não existe";"";""
"5364";2020-02-05;"13:42:00";"SEM VÍTIMA";"FINALIZADA";"BOA VIAGEM";"RUA AVIADOR SEVERIANO LINS";"";"RUA DONA BENVINDA DE FARIAS";"";"BOA VIAGEM";NA;"SUBURBIO";"ABALROAMENTO TRANSVERSAL";"ENTRE DOIS AUTOS S/V";2;0;0;0;0;0;0;0;0;0;0;"Cruzamento";"Bom";"Não existe";"Perfeito estado";"Seca";"Perfeito estado";"Não existe";"Placas Pare";"20 km/h";"Dupla";"Não existe";"";""
"5365";2020-02-05;"14:17:00";"SEM VÍTIMA";"CANCELADA";"PAISSANDU";"RUA PAISSANDU";"";"";"HOSP. CAPIBARIBE HAPVIDA";"PAISSANDU";NA;"";"COLISÃO";"COLISÃO SEM VITIMA";2;0;0;0;0;0;0;0;0;0;0;"";"";"";"";"";"";"";"";"";"";"";"";""
"5366";2020-02-05;"14:18:00";"COM VÍTIMA";"FINALIZADA";"CORDEIRO";"RUA PAES CABRAL";"414";"RUA SANTOS MOREIRA";"PROX A SORVETERIA MUG";"CORDEIRO";NA;"SUBURBIO";"ABALROAMENTO TRANSVERSAL";"ENTRE MOTO X AUTO PASSEIO COM VÍTIMA";1;1;0;0;0;0;0;0;0;1;0;"Longo da via";"Bom";"Não existe";"Não existente";"Seca";"Perfeito estado";"Não existe";"Outras";"";"Dupla";"Não existe";"";""
"5367";2020-02-05;"15:24:00";"COM VÍTIMA";"FINALIZADA";"MUSTARDINHA";"AV MANOEL GONCALVES DA LUZ";"548";"";"E/F A ULTRAGÁS E CASA LOTÉRICA DA CAIXA ECONOMICA.";"MUSTARDINHA";NA;"CIDADE";"COLISÃO FRONTAL";"ENTRE AUTO X PEDESTRE X MOTO";1;1;0;0;1;0;0;0;0;3;0;"Longo da via";"Bom";"Não existe";"Perfeito estado";"Seca";"Perfeito estado";"Não existe";"Não há placas";"";"";"Não existe";"";""
"5368";2020-02-05;"15:28:00";"SEM VÍTIMA";"CANCELADA";"SÃO JOSÉ";"RUA IMPERIAL";"";"";"NA DESCIDA DO VIADULTO NO INICIO DA VIA";"SÃO JOSÉ";NA;"";"COLISÃO";"COLISÃO SEM VITIMA";2;0;0;0;0;0;0;0;0;0;0;"";"";"";"";"";"";"";"";"";"";"";"";""
"5369";2020-02-05;"15:51:00";"SEM VÍTIMA";"FINALIZADA";"IMBIRIBEIRA";"AV MARECHAL MASCARENHAS DE MORAES";"5653";"";"CAIXA ECONOMICA FEDERAL";"IMBIRIBEIRA";NA;"CIDADE";"ABALROAMENTO LONGITUDINAL";"COLISAO SEM VITIMAS";1;1;0;0;0;0;0;0;0;0;0;"Longo da via";"Bom";"Não existe";"Perfeito estado";"Seca";"Perfeito estado";"Não existe";"Não há placas";"";"Dupla";"Canteiro central";"";""
"5370";2020-02-05;"16:14:00";"SEM VÍTIMA";"FINALIZADA";"PINA";"RUA CONSUL JOSEPH NOUJAIM";"";"AV REPUBLICA DO LIBANO";"";"PINA";NA;"";"ABALROAMENTO LONGITUDINAL";"ENTRE DOIS AUTOS S/V";2;0;0;0;0;0;0;0;0;0;0;"Longo da via";"Bom";"Não existe";"Perfeito estado";"Seca";"Perfeito estado";"Não existe";"Outras";"";"Única";"Faixa seccionada";"";""
"5371";2020-02-05;"16:34:00";"SEM VÍTIMA";"FINALIZADA";"IMBIRIBEIRA";"RUA ITACARI";"162";"RUA ITAJAI";"";"IMBIRIBEIRA";NA;"";"ABALROAMENTO TRANSVERSAL";"COLISAO SEM VITIMAS";2;0;0;0;0;0;0;0;0;0;0;"Cruzamento";"Bom";"Não existe";"Incompleta";"Seca";"Perfeito estado";"Faixa de retenção";"Placas Pare";"";"Única";"Não existe";"";""
"5372";2020-02-05;"16:38:00";"SEM VÍTIMA";"FINALIZADA";"SANTO AMARO";"AV GOVERNADOR AGAMENON MAGALHAES";"";"RUA ALUISIO DE AZEVEDO";"";"SANTO AMARO";NA;"";"ABALROAMENTO LONGITUDINAL";"COLISAO SEM VITIMAS";2;0;0;0;0;0;0;0;0;0;0;"";"Bom";"Não existe";"Perfeito estado";"Seca";"Perfeito estado";"Não existe";"Placas Pare";"";"Dupla";"Não existe";"";""
"5373";2020-02-05;"18:51:00";"SEM VÍTIMA";"FINALIZADA";"BOA VIAGEM";"AV FERNANDO SIMOES BARBOSA";"1222";"";"CANAL DA CONSTRUÇÃO E CONDOMÍNIOS";"BOA VIAGEM";NA;"SUBURBIO";"ABALROAMENTO LONGITUDINAL";"CAMINHAO X PEUGEOT X CARRTA";2;0;0;0;0;0;1;0;0;0;0;"Longo da via";"Bom";"Não existe";"Perfeito estado";"Seca";"Perfeito estado";"Não existe";"R-6a";"";"Única";"Faixa seccionada";"";""
"5374";2020-02-05;"19:10:00";"SEM VÍTIMA";"FINALIZADA";"NOVA DESCOBERTA";"RUA CORREGO DO JOAQUIM";"207";"";"CORREGO DE INACIO";"NOVA DESCOBERTA";NA;"SUBURBIO";"ABALROAMENTO LONGITUDINAL";"ENTRE ÕNIBUS E MOTO. S/V";0;1;0;0;0;1;0;0;0;0;0;"Longo da via";"Bom";"Não existe";"Não existente";"Seca";"Mal iluminada";"Não existe";"Não há placas";"";"Dupla";"Não existe";"";""
"5375";2020-02-05;"19:12:00";"SEM VÍTIMA";"FINALIZADA";"IMBIRIBEIRA";"AV MARECHAL MASCARENHAS DE MORAES";"";"";"LADO OPOSTO DA LOJA FERROT";"IMBIRIBEIRA";NA;"SUBURBIO";"COLISÃO TRASEIRA";"FIAT UNO X ONIX X PRISMA X SIENA";4;0;0;0;0;0;0;0;0;0;0;"Longo da via";"Bom";"Não existe";"Perfeito estado";"Seca";"Perfeito estado";"Não existe";"Não há placas";"60 km/h";"Dupla";"Faixa seccionada";"Canteiro central";""
"5376";2020-02-05;"21:37:00";"SEM VÍTIMA";"FINALIZADA";"ESPINHEIRO";"AV GOVERNADOR AGAMENON MAGALHAES";"";"";"";"ESPINHEIRO";108;"CIDADE";"ABALROAMENTO LONGITUDINAL";"ENTRE 2 AUTOS. S/V";2;0;0;0;0;0;0;0;0;0;0;"Longo da via";"Bom";"Sem defeito";"Perfeito estado";"Seca";"Perfeito estado";"";"";"";"Dupla";"Faixa seccionada";"";""
"5377";2020-02-05;"21:46:00";"SEM VÍTIMA";"FINALIZADA";"IMBIRIBEIRA";"AV MARECHAL MASCARENHAS DE MORAES";"945A";"RUA DR VALDIR PESSOA";"FORD GRANVIA";"IMBIRIBEIRA";532;"";"ABALROAMENTO LONGITUDINAL";"MOTO X ONIX";1;1;0;0;0;0;0;0;0;0;0;"Longo da via";"Bom";"Sem defeito";"Perfeito estado";"Seca";"Perfeito estado";"Faixa de pedestre";"Outras";"";"Única";"Faixa contínua";"";""
"5378";2020-02-06;"00:53:00";"SEM VÍTIMA";"FINALIZADA";"BOA VIAGEM";"AV CONSELHEIRO AGUIAR";"1726";"";"ESPAÇO COSTA";"BOA VIAGEM";NA;"CIDADE";"CHOQUE OBJETO FIXO";"AUTO CHOCOU-SE EM UM POSTE S/V";1;0;0;0;0;0;0;0;0;0;0;"Longo da via";"Bom";"";"";"Seca";"";"Não existe";"Não há placas";"";"Única";"Faixa seccionada";"";""
"5379";2020-02-06;"03:51:00";"SEM VÍTIMA";"FINALIZADA";"GUABIRABA";"AV DA RECUPERACAO";"";"";"UPINHA DA GUABIRABA / EM FRENTE DAL MOTOS";"GUABIRABA";NA;"";"COLISÃO FRONTAL";"COLISÃO ENTRE DOIS AUTOS- S/V";2;0;0;0;0;0;0;0;0;0;0;"Longo da via";"Bom";"Não existe";"Incompleta";"Seca";"Mal iluminada";"Não existe";"Não há placas";"";"Dupla";"Faixa seccionada";"";""
"5380";2020-02-06;"07:08:00";"SEM VÍTIMA";"FINALIZADA";"MUSTARDINHA";"AV MANOEL GONCALVES DA LUZ";"469";"RUA JOSE MOREIRA REIS";"REDE TEM SUPERMERCADOS";"MUSTARDINHA";NA;"";"ABALROAMENTO TRANSVERSAL";"SEM VITIMAS";1;0;0;0;0;1;0;0;0;0;0;"Cruzamento";"Bom";"Não existe";"";"Seca";"";"Faixa de pedestre";"Outras";"";"Dupla";"Faixa seccionada";"";""
"5381";2020-02-06;"07:29:00";"SEM VÍTIMA";"FINALIZADA";"VÁRZEA";"AV PREFEITO ANTONIO PEREIRA";"";"";"TERMINAL RODOVIÁRIO DO RECIFE";"VÁRZEA";NA;"";"ABALROAMENTO LONGITUDINAL";"GM ANTONIO E JONATHAN P.O  DOIS AUTOS";2;0;0;0;0;0;0;0;0;0;0;"Longo da via";"Bom";"Não existe";"Perfeito estado";"Seca";"Perfeito estado";"Agente";"R-6a";"";"Única";"Não existe";"";""
"5382";2020-02-06;"07:59:00";"SEM VÍTIMA";"FINALIZADA";"ILHA DO LEITE";"RUA ANTONIO GOMES DE FREITAS";"147";"1 TRV JUSTICA E PAZ";"APÓS O SEOPE";"ILHA DO LEITE";NA;"CIDADE";"CHOQUE OBJETO FIXO";"";0;0;0;0;0;0;1;0;0;0;0;"Longo da via";"Bom";"Não existe";"Perfeito estado";"Seca";"Perfeito estado";"Não existe";"Outras";"40 km/h";"Única";"Faixa seccionada";"";""
"5383";2020-02-06;"08:19:00";"SEM VÍTIMA";"FINALIZADA";"AFOGADOS";"RUA DA PAZ";"304";"";"EM FRENTE AO BANCO BRADESCO";"AFOGADOS";528;"";"ABALROAMENTO LONGITUDINAL";"SEM VITIMAS";2;0;0;0;0;0;0;0;0;0;0;"Longo da via";"Bom";"Sem defeito";"Perfeito estado";"Seca";"Perfeito estado";"Faixa de retenção";"";"";"Única";"Não existe";"";""
"5384";2020-02-06;"08:31:00";"SEM VÍTIMA";"FINALIZADA";"IMBIRIBEIRA";"RUA ARQUITETO LUIZ NUNES";"245";"AV ENGENHEIRO ALVES DE SOUZA";"FARMÁCIA DROGASIL";"IMBIRIBEIRA";634;"SUBURBIO";"COLISÃO FRONTAL";"MOTO E AUTO";1;1;0;0;0;0;0;0;0;0;0;"Longo da via";"Bom";"Sem defeito";"Perfeito estado";"Seca";"Perfeito estado";"Agente";"Não há placas";"40 km/h";"Dupla";"Faixa contínua";"";""
"5385";2020-02-06;"08:32:00";"SEM VÍTIMA";"FINALIZADA";"IBURA";"RUA RIO BRIGIDA";"861";"RUA RIBEIRAO DAS NEVES";"ASSEMBLEIA DE DEUS";"IBURA";NA;"SUBURBIO";"ABALROAMENTO TRANSVERSAL";"COLISAO S/ VITIMA. ENTRE ONIBUS E VEICULO";1;0;0;0;0;1;0;0;0;0;0;"Longo da via";"Bom";"Não existe";"Incompleta";"Seca";"Perfeito estado";"Não existe";"Não há placas";"";"Dupla";"Faixa seccionada";"";""
"5386";2020-02-06;"08:47:00";"SEM VÍTIMA";"FINALIZADA";"BOA VIAGEM";"RUA DR VICENTE GOMES";"";"RUA SETUBAL";"SOB O SEMÁFORO DE Nº 060";"BOA VIAGEM";60;"CIDADE";"COLISÃO TRASEIRA";"AUTO E MOTO / GM RODRIDO PAULINO NO QTH P.O";1;1;0;0;0;0;0;0;0;0;0;"Cruzamento";"Bom";"Sem defeito";"";"Seca";"Perfeito estado";"Agente";"Não há placas";"";"Única";"Não existe";"";""
"5387";2020-02-06;"08:52:00";"SEM VÍTIMA";"FINALIZADA";"DERBY";"RUA JOAQUIM NABUCO";"";"AV GOVERNADOR AGAMENON MAGALHAES";"AO LADO DO HOSPITAL DA RESTAURAÇÃO";"DERBY";174;"";"COLISÃO TRASEIRA";"DOIS AUTOS  PONTO FIXO GM´S EVERTON SILVA E EVANDRO RAMOS";2;0;0;0;0;0;0;0;0;0;0;"Cruzamento";"Bom";"Sem defeito";"Perfeito estado";"Seca";"Perfeito estado";"Agente";"Outras";"60 km/h";"Única";"Faixa seccionada";"";""
"5388";2020-02-06;"09:01:00";"SEM VÍTIMA";"FINALIZADA";"BAIRRO DO RECIFE";"CAIS DO APOLO";"";"RUA MADRE DEUS";"EM FRENTE AO BANCO DO BRASIL";"BAIRRO DO RECIFE";19;"CIDADE";"ABALROAMENTO LONGITUDINAL";"SEM VITIMAS/ GM ANA LUISA-GM JAMERSOM ZONA AZUL FAZENDO B.O";2;0;0;0;0;0;0;0;0;0;0;"Cruzamento";"Bom";"Sem defeito";"Perfeito estado";"Seca";"Perfeito estado";"Faixa de pedestre";"Não há placas";"30 km/h";"Única";"Não existe";"";""
"5389";2020-02-06;"09:09:00";"COM VÍTIMA";"FINALIZADA";"SANCHO";"RUA APRIGIO GUIMARAES";"184";"RUA DO SANCHO";"NA RUA DO HOSPITAL OTAVIO DE FREITAS";"SANCHO";NA;"";"ABALROAMENTO LONGITUDINAL";"MOTO E AUTO";1;1;0;0;0;0;0;0;0;1;0;"Cruzamento";"Bom";"Não existe";"Incompleta";"Seca";"Perfeito estado";"Não existe";"Não há placas";"";"Dupla";"Faixa seccionada";"";""
"5390";2020-02-06;"09:21:00";"COM VÍTIMA";"FINALIZADA";"JIQUIÁ";"AV DR JOSE RUFINO";"548";"RUA MORAIS E SILVA";"EM FRENTE A GALERIA MARGARIDA";"JIQUIÁ";NA;"SUBURBIO";"COLISÃO TRASEIRA";"AUTO E MOTO / VT 17 LINDENBERG NO QTH";1;1;0;0;0;0;0;0;0;1;0;"Cruzamento";"Bom";"Não existe";"Perfeito estado";"Seca";"Perfeito estado";"Não existe";"Não há placas";"";"Dupla";"Faixa seccionada";"";""
"5391";2020-02-06;"09:22:00";"SEM VÍTIMA";"FINALIZADA";"TORRE";"RUA CONDE DE IRAJA";"629";"";"1º IGREJA EVANGÉLICA BATISTA DA TORRE";"TORRE";106;"";"COLISÃO TRASEIRA";"SEM VITIMAS";4;0;0;0;0;0;0;0;0;0;0;"Longo da via";"Bom";"Sem defeito";"Perfeito estado";"Seca";"Perfeito estado";"Faixa de pedestre";"Outras";"40 km/h";"Única";"Faixa seccionada";"";""
"5392";2020-02-06;"09:48:00";"SEM VÍTIMA";"CANCELADA";"TORRE";"RUA REAL DA TORRE";"";"RUA CONDE DE IRAJA";"EM FRENTE AO EXTRABOM";"TORRE";106;"";"COLISÃO";"SEM VITIMAS";0;1;0;0;0;0;1;0;0;0;0;"";"";"";"";"";"";"";"";"";"";"";"";""
"5393";2020-02-06;"09:55:00";"COM VÍTIMA";"CANCELADA";"IMBIRIBEIRA";"RUA ANTONIO FALCAO";"544";"";"EM FRENTE A ESTAÇÃO ANTONIO FALCÃO";"IMBIRIBEIRA";NA;"";"COLISÃO";"COM UMA VITIMA /SAMU NO LOCAL";0;0;0;0;0;0;0;0;0;1;0;"";"";"";"";"";"";"";"";"";"";"";"";""
"5394";2020-02-06;"10:08:00";"SEM VÍTIMA";"FINALIZADA";"IPSEP";"AV PRESIDENTE DUTRA";"";"";"EMPRESARIAL MV - VIADUTO TANCREDO NEVES";"IPSEP";NA;"";"COLISÃO TRASEIRA";"DOIS AUTOS";2;0;0;0;0;0;0;0;0;0;0;"Longo da via";"Bom";"Não existe";"Perfeito estado";"Seca";"Perfeito estado";"Faixa de pedestre";"Não há placas";"60 km/h";"Dupla";"Canteiro central";"";""
"5395";2020-02-06;"10:14:00";"COM VÍTIMA";"FINALIZADA";"ROSARINHO";"RUA CAPITAO SAMPAIO XAVIER";"349";"RUA RICARDO HARDMAN";"EM FRENTE A TMED TECNOLOGIA MEDICA";"ROSARINHO";NA;"CIDADE";"ABALROAMENTO LONGITUDINAL";"AUTO E MOTO";1;1;0;0;0;0;0;0;0;2;0;"Cruzamento";"Bom";"Não existe";"Perfeito estado";"Seca";"Perfeito estado";"Faixa de pedestre";"Placas Pare";"";"";"Faixa contínua";"";""
"5396";2020-02-06;"10:25:00";"COM VÍTIMA";"FINALIZADA";"IMBIRIBEIRA";"AV GENERAL MAC ARTHUR";"1846";"AV SUL";"EMBAIXO DA ESTAÇÃO ANTONIO FALCÃO";"IMBIRIBEIRA";NA;"CIDADE";"ABALROAMENTO TRANSVERSAL";"COM UMA VITIMA /SOCORRIDA PELO SAMU";0;1;0;0;0;0;1;0;0;1;0;"Cruzamento";"Bom";"Não existe";"Perfeito estado";"Seca";"Perfeito estado";"Faixa de pedestre";"Placas Pare";"60 km/h";"Única";"Faixa";"";""
"5397";2020-02-06;"10:33:00";"SEM VÍTIMA";"FINALIZADA";"TORRE";"RUA REAL DA TORRE";"200";"";"EM FRENTE AO POSTO SHELL";"TORRE";NA;"CIDADE";"ABALROAMENTO LONGITUDINAL";"CAMINHÃO E AUTO VT- 01 GM´S RICARDO E KELLY NO LOCAL";1;0;0;0;0;0;1;0;0;0;0;"Longo da via";"Bom";"Não existe";"Perfeito estado";"Seca";"Perfeito estado";"";"Outras";"";"Única";"Faixa seccionada";"";""
"5398";2020-02-06;"11:17:00";"SEM VÍTIMA";"FINALIZADA";"BOA VIAGEM";"RUA JOAO CARDOSO AIRES";"705";"RUA ALMIRANTE BATISTA LEAO";"";"BOA VIAGEM";NA;"";"ABALROAMENTO TRANSVERSAL";"DOIS AUTOS";2;0;0;0;0;0;0;0;0;0;0;"Cruzamento";"Bom";"Não existe";"Perfeito estado";"Seca";"Perfeito estado";"Faixa de pedestre";"Outras";"40 km/h";"Única";"Faixa seccionada";"";""