"";"data";"hora";"natureza_acidente";"situacao";"bairro";"endereco";"numero";"detalhe_endereco_acidente";"complemento";"bairro_cruzamento";"num_semaforo";"sentido_via";"tipo";"descricao";"auto";"moto";"ciclom";"ciclista";"pedestre";"onibus";"caminhao";"viatura";"outros";"vitimas";"vitimasfatais";"acidente_verificado";"tempo_clima";"situacao_semaforo";"sinalizacao";"condicao_via";"conservacao_via";"ponto_controle";"situacao_placa";"velocidade_max_via";"mao_direcao";"divisao_via1";"divisao_via2";"divisao_via3"
"5399";2020-02-06;"11:24:00";"SEM VÍTIMA";"FINALIZADA";"ROSARINHO";"RUA REGUEIRA COSTA";"352";"";"EM FRENTE AO SEU REGUEIRA";"ROSARINHO";NA;"CIDADE";"CHOQUE VEÍCULO PARADO";"COLISAO S/ VITIMA. ENTRE DOIS VEICULOS";1;0;0;0;0;0;0;0;1;0;0;"Longo da via";"Bom";"Não existe";"Não existente";"Seca";"Perfeito estado";"Não existe";"Não há placas";"";"Única";"Canteiro central";"";""
"5400";2020-02-06;"11:29:00";"SEM VÍTIMA";"CANCELADA";"TORRE";"AV BEIRA RIO";"";"";"PONTE DA TORRE";"TORRE";630;"";"ENGAVETAMENTO";"SEM VITIMAS";3;0;0;0;0;0;0;0;0;0;0;"";"";"";"";"";"";"";"";"";"";"";"";""
"5401";2020-02-06;"12:16:00";"SEM VÍTIMA";"FINALIZADA";"IMBIRIBEIRA";"AV MARECHAL MASCARENHAS DE MORAES";"";"";"EM FRENTE A UPA IMBIRIBEIRA";"IMBIRIBEIRA";310;"CIDADE";"COLISÃO TRASEIRA";"COLISÃO S/VITIMAS ENTRE TRES AUTOS";3;0;0;0;0;0;0;0;0;0;0;"Longo da via";"Bom";"Sem defeito";"Perfeito estado";"Seca";"Perfeito estado";"Faixa de pedestre";"Outras";"";"Dupla";"Faixa contínua";"Canteiro central";""
"5402";2020-02-06;"12:18:00";"COM VÍTIMA";"FINALIZADA";"BOA VIAGEM";"RUA MARIO SOUTO MAIOR";"2554";"";"EDF SENZADA DO SUASSUNA";"BOA VIAGEM";NA;"SUBURBIO";"ABALROAMENTO TRANSVERSAL";"COLISÃO COM VÍTIMA";1;1;0;0;0;0;0;0;0;1;0;"Longo da via";"Bom";"Não existe";"Perfeito estado";"Seca";"Perfeito estado";"Não existe";"Placas Pare";"";"Dupla";"Faixa seccionada";"";""
"5403";2020-02-06;"12:26:00";"SEM VÍTIMA";"CANCELADA";"ILHA DO RETIRO";"RUA BENFICA";"";"";"SAIDA DO TUNEL CHICO SCIENCE";"ILHA DO RETIRO";NA;"";"COLISÃO";"COLISÃO SEM VITIMA";1;0;0;0;0;0;1;0;0;0;0;"";"";"";"";"";"";"";"";"";"";"";"";""
"5404";2020-02-06;"12:31:00";"SEM VÍTIMA";"FINALIZADA";"SANTO AMARO";"AV CRUZ CABUGA";"";"BEC DOS CASADOS";"AO LADO DA PRAÇA GENERAL CARLOS PINTO";"SANTO AMARO";202;"CIDADE";"COLISÃO TRASEIRA";"COLISÃO S/VITIMAS ENTRE UM ONIBUS E UM AUTO (GM RONILDO E HENRIQUE PEREIRA NO QTH)";1;0;0;0;0;1;0;0;0;0;0;"Longo da via";"Bom";"Sem defeito";"Perfeito estado";"Seca";"Perfeito estado";"Agente";"";"";"Dupla";"Blocos";"";""
"5405";2020-02-06;"13:27:00";"SEM VÍTIMA";"FINALIZADA";"IMBIRIBEIRA";"VIADUTO TANCREDO NEVES";"";"";"";"IMBIRIBEIRA";NA;"SUBURBIO";"COLISÃO TRASEIRA";"COLISÃO S/VITIMAS ENTRE DOIS AUTOS";2;0;0;0;0;0;0;0;0;0;0;"Viaduto";"Bom";"Não existe";"Perfeito estado";"Seca";"Perfeito estado";"Não existe";"Não há placas";"60 km/h";"Dupla";"Faixa seccionada";"Canteiro central";""
"5406";2020-02-06;"13:48:00";"SEM VÍTIMA";"CANCELADA";"ÁGUA FRIA";"RUA SAO SEBASTIAO";"76";"";"PROX AO MERCADO DE ÁGUA FRIA";"ÁGUA FRIA";NA;"";"COLISÃO";"COLISÃO S/VITIMAS ENTRE DOIS AUTOS";2;0;0;0;0;0;0;0;0;0;0;"";"";"";"";"";"";"";"";"";"";"";"";""
"5407";2020-02-06;"14:21:00";"SEM VÍTIMA";"FINALIZADA";"BOA VIAGEM";"AV ENGENHEIRO DOMINGOS FERREIRA";"";"RUA ARTUR MUNIZ";"SPETTUS STEAK HOUSE";"BOA VIAGEM";380;"SUBURBIO";"COLISÃO TRASEIRA";"COLISAO SEM VITIMAS";2;0;0;0;0;0;0;0;0;0;0;"Longo da via";"Bom";"Sem defeito";"Perfeito estado";"Seca";"Perfeito estado";"Faixa de pedestre";"Não há placas";"60 km/h";"Única";"Faixa seccionada";"";""
"5408";2020-02-06;"14:21:00";"SEM VÍTIMA";"FINALIZADA";"ESPINHEIRO";"AV GOVERNADOR AGAMENON MAGALHAES";"";"";"EM FRENTE AO CIRCULO MILITAR";"ESPINHEIRO";NA;"";"COLISÃO TRASEIRA";"SEM VITIMAS";4;0;0;0;0;0;0;0;0;0;0;"Longo da via";"Bom";"Não existe";"Perfeito estado";"Seca";"Perfeito estado";"Outros";"Outras";"60 km/h";"Dupla";"Faixa contínua";"Faixa seccionada";"Canteiro central"
"5409";2020-02-06;"14:22:00";"COM VÍTIMA";"FINALIZADA";"IPSEP";"AV RECIFE";"2802";"";"AO LADO DA MARAVILHA MOTOS/ SENTIDO CEASA";"IPSEP";16;"CIDADE";"ABALROAMENTO LONGITUDINAL";"COLISÃO COM VÍTIMA/ COELHO DE PO ESTA NO LOCAL";1;1;0;0;0;0;0;0;0;2;0;"Longo da via";"Bom";"Sem defeito";"Perfeito estado";"Seca";"Perfeito estado";"Agente";"R-6a";"60 km/h";"Dupla";"Canteiro central";"";""
"5410";2020-02-06;"15:03:00";"COM VÍTIMA";"FINALIZADA";"BAIRRO DO RECIFE";"CAIS DO APOLO";"";"";"E/F AO TRIBUNAL REGIONAL FEDERAL";"BAIRRO DO RECIFE";NA;"SUBURBIO";"ABALROAMENTO LONGITUDINAL";"COLISAO COM VITIMAS";1;1;0;0;0;0;0;0;0;1;0;"Longo da via";"Bom";"Não existe";"Incompleta";"Seca";"Perfeito estado";"Não existe";"Não há placas";"";"Dupla";"Canteiro central";"";""
"5411";2020-02-06;"15:10:00";"SEM VÍTIMA";"FINALIZADA";"BARRO";"AV DR JOSE RUFINO";"2241";"";"AO LADO DO COLÉGIO";"BARRO";NA;"SUBURBIO";"ABALROAMENTO TRANSVERSAL";"COLISÃO SEM VÍTIMA";1;0;0;0;0;1;0;0;0;0;0;"Longo da via";"Bom";"Sem defeito";"Perfeito estado";"Seca";"Perfeito estado";"Faixa de pedestre";"Outras";"60 km/h";"Dupla";"Faixa contínua";"";""
"5412";2020-02-06;"15:37:00";"SEM VÍTIMA";"FINALIZADA";"TAMARINEIRA";"EST DO ARRAIAL";"";"";"EM FRENTE AO EXTRA BOM";"TAMARINEIRA";NA;"SUBURBIO";"ABALROAMENTO LONGITUDINAL";"COLISÃO SEM VÍTIMA";2;0;0;0;0;0;0;0;0;0;0;"Longo da via";"Bom";"Não existe";"Perfeito estado";"Seca";"Perfeito estado";"Não existe";"Não há placas";"";"Única";"Faixa seccionada";"";""
"5413";2020-02-06;"15:58:00";"SEM VÍTIMA";"FINALIZADA";"SÃO JOSÉ";"AV SUL";"25";"RUA PADRE JOSE DE SA LEITAO";"";"SÃO JOSÉ";509;"CIDADE";"COLISÃO TRASEIRA";"COLISÃO S/VITIMAS ENTRE UMA MOTO E UM AUTO";1;1;0;0;0;0;0;0;0;0;0;"Longo da via";"Bom";"Sem defeito";"Perfeito estado";"Seca";"Perfeito estado";"Faixa de pedestre";"Não há placas";"60 km/h";"Dupla";"Faixa seccionada";"Canteiro central";""
"5414";2020-02-06;"16:00:00";"SEM VÍTIMA";"FINALIZADA";"BOA VISTA";"RUA DOM BOSCO";"";"";"AO LADO DO COLÉGIO SALESIANO";"BOA VISTA";NA;"SUBURBIO";"COLISÃO TRASEIRA";"COLISÃO SEM VÍTIMA";1;0;0;0;0;1;0;0;0;0;0;"Longo da via";"Bom";"Sem defeito";"Perfeito estado";"Seca";"Perfeito estado";"Faixa de pedestre";"";"";"Única";"Faixa seccionada";"";""
"5415";2020-02-06;"16:05:00";"COM VÍTIMA";"FINALIZADA";"PRADO";"RUA GOMES TABORDA";"620";"";"EM FRENTE A DILUB LUBRIFICANTES";"PRADO";NA;"CIDADE";"CHOQUE VEÍCULO PARADO";"COLISÃO COM VÍTIMA";2;0;0;0;0;0;0;0;0;2;0;"Longo da via";"Bom";"Não existe";"Perfeito estado";"Seca";"Perfeito estado";"Não existe";"Outras";"40 km/h";"Dupla";"Faixa seccionada";"";""
"5416";2020-02-06;"16:16:00";"SEM VÍTIMA";"FINALIZADA";"IBURA";"AV DOIS RIOS";"1201";"RUA RIO XINGU";"POSTO DE COMBUSTÍVEL BR";"IBURA";351;"SUBURBIO";"COLISÃO FRONTAL";"COLISÃO S/VITIMAS ENTRE DUAS MOTOS";0;2;0;0;0;0;0;0;0;0;0;"Longo da via";"Bom";"Sem defeito";"Perfeito estado";"Seca";"Perfeito estado";"Faixa de pedestre";"Outras";"";"Dupla";"Faixa contínua";"";""
"5417";2020-02-06;"16:20:00";"COM VÍTIMA";"FINALIZADA";"IMBIRIBEIRA";"AV MARECHAL MASCARENHAS DE MORAES";"";"";"NO TRECHO ENTRE O AEROPORTO ATÉ A HOTEL IBIS E O EDF. GARAGEM DO AEROPORTO- EMBAIXO DA ALÇA DE RETORNO DO AEROPORTO";"IMBIRIBEIRA";NA;"SUBURBIO";"ABALROAMENTO TRANSVERSAL";"COLISÃO COM VÍTIMA ENTRE TRÊS VEICULOS";1;1;0;0;0;0;1;0;0;1;0;"Longo da via";"Bom";"Não existe";"Perfeito estado";"Seca";"Perfeito estado";"";"Não há placas";"60 km/h";"Única";"";"";""
"5418";2020-02-06;"16:24:00";"SEM VÍTIMA";"FINALIZADA";"JORDÃO";"AV MARIA IRENE";"255";"";"FRENTE AO ATACAREJO JORDÃO";"JORDÃO";NA;"CIDADE";"COLISÃO TRASEIRA";"COLISAO SEM VITIMAS";2;0;0;0;0;0;0;0;0;0;0;"Longo da via";"Bom";"Não existe";"Perfeito estado";"Seca";"Perfeito estado";"Faixa de pedestre";"R-6a";"";"Dupla";"Faixa contínua";"";""
"5419";2020-02-06;"16:26:00";"COM VÍTIMA";"FINALIZADA";"ÁGUA FRIA";"RUA MANOEL SILVA";"22";"";"";"ÁGUA FRIA";NA;"CIDADE";"ATROPELAMENTO";"MOTO E PEDESTRE.";0;1;0;0;1;0;0;0;0;2;0;"Longo da via";"Bom";"Não existe";"Não existente";"Seca";"Mal conservada";"Não existe";"Não há placas";"";"Dupla";"Não existe";"";""
"5420";2020-02-06;"16:35:00";"SEM VÍTIMA";"CANCELADA";"AFLITOS";"AV CONS ROSA E SILVA";"1305";"";"LADO OPOSTO DO THE BRITISH COUNTRY CLUB/ NO ESTACIONAMENTO DA PARLA DELI";"AFLITOS";NA;"";"COLISÃO";"SEM VITIMA";1;1;0;0;0;0;0;0;0;0;0;"";"";"";"";"";"";"";"";"";"";"";"";""
"5421";2020-02-06;"16:56:00";"COM VÍTIMA";"DUPLICIDADE";"IMBIRIBEIRA";"AV MARECHAL MASCARENHAS DE MORAES";"";"";"E/F AO AEROPORTO DO RECIFE (SENT. PRAZERES)";"IMBIRIBEIRA";NA;"";"COLISÃO";"COLISÃO C/VITIMAS ENTRE UMA MOTO-UM AUTO E UM CAMINHÃO (V.T23 E V.T 20 NO QTH)";1;1;0;0;0;0;1;0;0;1;0;"";"";"";"";"";"";"";"";"";"";"";"";""
"5422";2020-02-06;"17:25:00";"SEM VÍTIMA";"FINALIZADA";"";"RUA DO HOSPICIO";"";"RUA PRINCESA IZABEL";"EM FRENTE A CAMARA DE VEREADORES";"";NA;"CIDADE";"COLISÃO TRASEIRA";"COLISÃO SEM VÍTIMA";1;1;0;0;0;0;0;0;0;0;0;"Longo da via";"Bom";"Sem defeito";"Perfeito estado";"Seca";"";"Não existe";"";"";"Dupla";"Não existe";"";""
"5423";2020-02-06;"17:29:00";"SEM VÍTIMA";"CANCELADA";"IMBIRIBEIRA";"AV MARECHAL MASCARENHAS DE MORAES";"";"";"E/F A HONDA/ AEROPORTO";"IMBIRIBEIRA";NA;"";"COLISÃO";"COLISAO SEM VITIMAS";2;0;0;0;0;0;0;0;0;0;0;"";"";"";"";"";"";"";"";"";"";"";"";""
"5424";2020-02-06;"18:06:00";"COM VÍTIMA";"FINALIZADA";"DOIS IRMÃOS";"RUA DOIS IRMAOS";"";"";"AO LADO DO CAMPO DA UNIVERSIDADE DA RURAL";"DOIS IRMÃOS";NA;"SUBURBIO";"COLISÃO COM CICLISTA";"ENTRE BICICLETA E CAMINHÃO. C/V";0;0;0;1;0;0;1;0;0;1;0;"Longo da via";"Bom";"Não existe";"Incompleta";"Seca";"Mal conservada";"Não existe";"Não há placas";"";"Dupla";"Não existe";"";""
"5425";2020-02-06;"18:11:00";"SEM VÍTIMA";"CANCELADA";"BOA VIAGEM";"AVENIDA CELSO FURTADO (VIA MANGUE)";"";"";"PROXIMO UMA LOMBADA ELETRONICA/ STD BOA VIAGEM";"BOA VIAGEM";NA;"";"ENGAVETAMENTO";"TRÊS AUTOS S/V";3;0;0;0;0;0;0;0;0;0;0;"";"";"";"";"";"";"";"";"";"";"";"";""
"5426";2020-02-06;"18:21:00";"SEM VÍTIMA";"FINALIZADA";"JAQUEIRA";"AV CONS ROSA E SILVA";"";"RUA NETO DE MENDONCA";"PADARIA JAQUEIRA";"JAQUEIRA";NA;"SUBURBIO";"ABALROAMENTO LONGITUDINAL";"ENTRE ÕNIBUS E AUTO. S/V";1;0;0;0;0;1;0;0;0;0;0;"Longo da via";"Bom";"Não existe";"";"Seca";"Perfeito estado";"Não existe";"Outras";"";"Única";"Faixa contínua";"";""
"5427";2020-02-06;"18:31:00";"SEM VÍTIMA";"FINALIZADA";"PINA";"AV REPUBLICA ARABE UNIDA";"";"";"16º BATALHÃO DA POLÍCIA MILITAR";"PINA";NA;"CIDADE";"ABALROAMENTO LONGITUDINAL";"ENTRE 2 AUTOS. S/V";2;0;0;0;0;0;0;0;0;0;0;"Longo da via";"Bom";"Não existe";"Perfeito estado";"Seca";"Perfeito estado";"Faixa de pedestre";"";"";"Única";"Não existe";"";""
"5428";2020-02-06;"18:33:00";"SEM VÍTIMA";"FINALIZADA";"MACAXEIRA";"AV NORTE";"";"";"EM FRENTE AO SEMÁFORO 596";"MACAXEIRA";596;"CIDADE";"COLISÃO TRASEIRA";"ENTRE DOIS AUTOS S/V";2;0;0;0;0;0;0;0;0;0;0;"Longo da via";"Bom";"Sem defeito";"Perfeito estado";"Seca";"Perfeito estado";"Não existe";"Não há placas";"";"Dupla";"Faixa seccionada";"";""
"5429";2020-02-06;"19:30:00";"COM VÍTIMA";"FINALIZADA";"SANTO AMARO";"AV MARIO MELO";"";"RUA SAO GERALDO";"E/F AO COLEGIO SYLVIO RABELLO";"SANTO AMARO";NA;"SUBURBIO";"ABALROAMENTO LONGITUDINAL";"ENTRE MT-41 X MOTO COM VÍTIMA";0;2;0;0;0;0;0;0;0;2;0;"Esquina";"Bom";"Não existe";"Perfeito estado";"Seca";"Perfeito estado";"Faixa de pedestre";"Placas Pare";"";"Dupla";"Faixa seccionada";"Canteiro central";"Outros"
"5430";2020-02-06;"20:04:00";"SEM VÍTIMA";"FINALIZADA";"SANTO AMARO";"AV JOAO DE BARROS";"";"RUA DR CARLOS CHAGAS";"";"SANTO AMARO";NA;"";"ABALROAMENTO TRANSVERSAL";"ENTRE AUTO PASSEIO X MOTO COM VÍTIMA";1;1;0;0;0;0;0;0;0;0;0;"Longo da via";"Bom";"Não existe";"Perfeito estado";"Seca";"Perfeito estado";"Outros";"Outras";"";"Única";"Faixa seccionada";"Blocos";""
"5431";2020-02-06;"20:12:00";"SEM VÍTIMA";"CANCELADA";"IMBIRIBEIRA";"AV MARECHAL MASCARENHAS DE MORAES";"";"";"PRÓX A UPA- SNT PRAZERES / E/F AO DR";"IMBIRIBEIRA";NA;"";"COLISÃO";"ÕNIBUS X AUTO PASSEIO. S/V";1;0;0;0;0;1;0;0;0;0;0;"";"";"";"";"";"";"";"";"";"";"";"";""
"5432";2020-02-07;"08:01:00";"COM VÍTIMA";"FINALIZADA";"SANTO AMARO";"AV PREFEITO ARTUR LIMA CAVALCANTI";"";"RUA AURORA";"APOS A PONTE";"SANTO AMARO";243;"OLINDA";"COLISÃO";"COLISAO COM VITIMA// VEICULO E MOTO. VT: 21 E 08 GM: MAXUEL E PETERSON NO LOCAL";1;1;0;0;0;0;0;0;0;1;0;"Longo da via";"Bom";"Não existe";"Perfeito estado";"Seca";"Perfeito estado";"Não existe";"Outras";"";"Dupla";"Canteiro central";"";""
"5433";2020-02-07;"08:03:00";"SEM VÍTIMA";"FINALIZADA";"PINA";"RUA MANOEL CORIOLANO";"378";"";"EM FRENTE AO ESTACIONAMENTO SANPARK";"PINA";NA;"";"COLISÃO FRONTAL";"MOTO E AUTO";1;1;0;0;0;0;0;0;0;0;0;"Longo da via";"Bom";"Não existe";"Perfeito estado";"Seca";"Perfeito estado";"Não existe";"";"30 km/h";"Dupla";"Faixa contínua";"";""
"5434";2020-02-07;"07:55:00";"SEM VÍTIMA";"FINALIZADA";"JARDIM SÃO PAULO";"RUA ITALACY";"188";"";"IGREJA ASSEMBLEIA DE DEUS";"JARDIM SÃO PAULO";NA;"";"CHOQUE VEÍCULO PARADO";"SEM VITIMAS";1;0;0;0;0;0;1;0;0;0;0;"Longo da via";"Bom";"Não existe";"";"Seca";"Perfeito estado";"";"";"";"Dupla";"Não existe";"";""
"5435";2020-02-07;"08:04:00";"COM VÍTIMA";"FINALIZADA";"MANGUEIRA";"RUA MANOEL DE ALBUQUERQUE FERNANDES";"1364";"RUA VICENTE RIBEIRO DE BARROS";"E/F DROGARIA BONGI";"MANGUEIRA";NA;"CIDADE";"ATROPELAMENTO";"AUTO";1;0;0;0;1;0;0;0;0;1;0;"Longo da via";"Bom";"Não existe";"Não existente";"Seca";"Perfeito estado";"Não existe";"Não há placas";"";"Dupla";"Não existe";"";""
"5436";2020-02-07;"08:55:00";"SEM VÍTIMA";"FINALIZADA";"SANTO AMARO";"AV NORTE";"627";"";"";"SANTO AMARO";NA;"CIDADE";"COLISÃO TRASEIRA";"COLISÃO S/VITIMAS ENTRE UM ONIBUS E UM AUTO (BATEDOR FELISBERTO NO QTH)";1;0;0;0;0;1;0;0;0;0;0;"Longo da via";"Bom";"Não existe";"Perfeito estado";"Seca";"Perfeito estado";"Não existe";"Não há placas";"60 km/h";"Dupla";"Canteiro central";"";""
"5437";2020-02-07;"09:08:00";"SEM VÍTIMA";"FINALIZADA";"MADALENA";"RUA REAL DA TORRE";"955";"RUA COSTA GOMES";"EDF MARIA CAROLINA MONTENEGRO";"MADALENA";NA;"CIDADE";"ABALROAMENTO LONGITUDINAL";"SEM VITIMAS";2;0;0;0;0;0;0;0;0;0;0;"Longo da via";"Bom";"Não existe";"Perfeito estado";"Seca";"Perfeito estado";"Não existe";"Placas Pare";"";"Única";"Faixa seccionada";"";""
"5438";2020-02-07;"09:11:00";"SEM VÍTIMA";"FINALIZADA";"SÃO JOSÉ";"AV SUL";"";"";"PRÓX. A SECRETARIA DA FAZENDA";"SÃO JOSÉ";NA;"CIDADE";"COLISÃO TRASEIRA";"COLISAO S/ VITIMA. ENTRE DOIS VEICULOS";2;0;0;0;0;0;0;0;0;0;0;"Longo da via";"Bom";"Não existe";"Perfeito estado";"Seca";"Perfeito estado";"Não existe";"Não há placas";"";"Dupla";"Faixa seccionada";"Canteiro central";""
"5439";2020-02-07;"09:39:00";"SEM VÍTIMA";"FINALIZADA";"AFOGADOS";"RUA SAO MIGUEL";"432";"";"";"AFOGADOS";NA;"CIDADE";"ABALROAMENTO LONGITUDINAL";"COLISÃO S/VITIMAS ENTRE UM CAMINHÃO E UM AUTO (V.T 17 NO QTH)";1;0;0;0;0;1;0;0;0;0;0;"Longo da via";"Bom";"Não existe";"Perfeito estado";"Seca";"Perfeito estado";"Não existe";"Não há placas";"";"Dupla";"Faixa contínua";"";""
"5440";2020-02-07;"11:18:00";"SEM VÍTIMA";"FINALIZADA";"BOA VIAGEM";"AV DOM JOAO VI";"968";"";"BIG BOMPREÇO";"BOA VIAGEM";670;"CIDADE";"ABALROAMENTO LONGITUDINAL";"COLISÃO S/VITIMAS ENTRE UM CAMINHÃO E UM AUTO";1;0;0;0;0;0;1;0;0;0;0;"Longo da via";"Bom";"Sem defeito";"Perfeito estado";"Seca";"Perfeito estado";"Não existe";"Não há placas";"";"Dupla";"Canal";"";""
"5441";2020-02-07;"11:53:00";"SEM VÍTIMA";"FINALIZADA";"IMBIRIBEIRA";"AV MARECHAL MASCARENHAS DE MORAES";"5001";"";"MOTO HOUSE";"IMBIRIBEIRA";NA;"CIDADE";"ABALROAMENTO LONGITUDINAL";"COLISÃO S/VITIMAS ENTRE UM ONIBUS E UM AUTO";1;0;0;0;0;1;0;0;0;0;0;"Longo da via";"Bom";"Não existe";"Perfeito estado";"Seca";"Perfeito estado";"Não existe";"Outras";"60 km/h";"Dupla";"Faixa contínua";"Faixa seccionada";"Canteiro central"
"5442";2020-02-07;"11:57:00";"COM VÍTIMA";"FINALIZADA";"MADALENA";"AV BEIRA RIO";"1041";"";"EM FRENTE AO EDF ENGENHO MADALENA";"MADALENA";NA;"TORRE";"ABALROAMENTO LONGITUDINAL";"COM UMA VITIMA AGUARDANDO SAMU";1;1;0;0;0;0;0;0;0;1;0;"Longo da via";"Bom";"Não existe";"Perfeito estado";"Seca";"";"Não existe";"Não há placas";"30 km/h";"Dupla";"Faixa seccionada";"";""
"5443";2020-02-07;"11:57:00";"SEM VÍTIMA";"FINALIZADA";"ARRUDA";"RUA DO MACHADO";"";"RUA MANOEL SILVA";"";"ARRUDA";NA;"";"ABALROAMENTO TRANSVERSAL";"COLISAO S/ VITIMA ENTRE DOIS VEICULOS";2;0;0;0;0;0;0;0;0;0;0;"Cruzamento";"Bom";"Não existe";"Perfeito estado";"Seca";"Perfeito estado";"Faixa de retenção";"Placas Pare";"";"Dupla";"Faixa seccionada";"";""
"5444";2020-02-07;"12:19:00";"SEM VÍTIMA";"FINALIZADA";"IMBIRIBEIRA";"AV MARECHAL MASCARENHAS DE MORAES";"2156";"RUA NAPOLIS";"";"IMBIRIBEIRA";NA;"SUBURBIO";"ABALROAMENTO LONGITUDINAL";"COLISAO SEM VITIMAS";1;0;0;0;0;0;1;0;0;0;0;"Cruzamento";"Bom";"Não existe";"Perfeito estado";"Seca";"Perfeito estado";"Não existe";"Não há placas";"60 km/h";"Dupla";"Canteiro central";"";""
"5445";2020-02-07;"12:29:00";"SEM VÍTIMA";"FINALIZADA";"DERBY";"AV GOVERNADOR AGAMENON MAGALHAES";"";"RUA HENRIQUE DIAS";"SOB O SEMÁFORO 068";"DERBY";68;"SUBURBIO";"COLISÃO TRASEIRA";"QUATROS AUTOS S/V";4;0;0;0;0;0;0;0;0;0;0;"Cruzamento";"Bom";"Sem defeito";"Perfeito estado";"Seca";"Perfeito estado";"";"Outras";"60 km/h";"Única";"Faixa seccionada";"";""
"5446";2020-02-07;"12:35:00";"SEM VÍTIMA";"FINALIZADA";"DERBY";"AV GOVERNADOR AGAMENON MAGALHAES";"";"";"E/F A PRAÇA DO DERBY";"DERBY";75;"CIDADE";"ABALROAMENTO LONGITUDINAL";"COLISAO SEM VITIMAS";1;0;0;0;0;1;0;0;0;0;0;"Longo da via";"Bom";"Sem defeito";"Perfeito estado";"Seca";"Perfeito estado";"Não existe";"Não há placas";"60 km/h";"Dupla";"Canteiro central";"";""
"5447";2020-02-07;"13:05:00";"SEM VÍTIMA";"FINALIZADA";"PARNAMIRIM";"RUA JOAO TUDE DE MELO";"";"";"E/F AO SHOPPING PARNAMIRIM";"PARNAMIRIM";NA;"SUBURBIO";"COLISÃO TRASEIRA";"COLISAO SEM VITIMAS";3;0;0;0;0;0;0;0;0;0;0;"Longo da via";"Bom";"Não existe";"Perfeito estado";"Seca";"Perfeito estado";"Não existe";"Não há placas";"40 km/h";"Dupla";"Canteiro central";"";""
"5448";2020-02-07;"13:14:00";"SEM VÍTIMA";"FINALIZADA";"IMBIRIBEIRA";"RUA SARGENTO SILVINO DE MACEDO";"481";"";"EM FRENTE AO CAMPO";"IMBIRIBEIRA";NA;"SUBURBIO";"COLISÃO TRASEIRA";"COLISAO SEM VITIMAS";2;0;0;0;0;0;0;0;0;0;0;"Longo da via";"Bom";"Não existe";"Não existente";"Seca";"Perfeito estado";"Não existe";"Não há placas";"";"Dupla";"Não existe";"";""
"5449";2020-02-07;"13:17:00";"COM VÍTIMA";"FINALIZADA";"ILHA DO LEITE";"AV GOVERNADOR AGAMENON MAGALHAES";"4581";"RUA GENERAL JOAQUIM INACIO";"";"ILHA DO LEITE";69;"CIDADE";"COLISÃO TRASEIRA";"COLISÃO COM VITIMA";1;1;0;0;0;0;0;0;0;1;0;"Longo da via";"Bom";"Sem defeito";"Perfeito estado";"Seca";"Perfeito estado";"Agente";"Outras";"60 km/h";"Dupla";"Canal";"";""
"5450";2020-02-07;"13:50:00";"SEM VÍTIMA";"CANCELADA";"CASA AMARELA";"RUA FERNANDO DE SOUZA CAETE";"301";"";"E/F A PRAÇA DO TRABALHO";"CASA AMARELA";NA;"";"CHOQUE OBJETO FIXO";"VEICULO COLIDIU COM A PAREDE/ VEICULO DA DICON E SEMOC";1;0;0;0;0;0;0;0;0;0;0;"";"";"";"";"";"";"";"";"";"";"";"";""
"5451";2020-02-07;"14:23:00";"SEM VÍTIMA";"FINALIZADA";"AREIAS";"AV RECIFE";"";"AV CAPITAO GREGORIO DE CALDAS";"BIG BROMPREÇO";"AREIAS";494;"SUBURBIO";"ABALROAMENTO TRANSVERSAL";"COLISAO SEM VITIMAS";1;0;0;0;0;1;0;0;0;0;0;"Longo da via";"Bom";"Sem defeito";"Perfeito estado";"Seca";"Perfeito estado";"Faixa de pedestre";"Outras";"";"Única";"Faixa seccionada";"";""
"5452";2020-02-07;"14:51:00";"SEM VÍTIMA";"FINALIZADA";"BOA VISTA";"RUA DA SOLEDADE";"";"";"SOB O SEMÁFORO Nº 220";"BOA VISTA";220;"SUBURBIO";"ABALROAMENTO LONGITUDINAL";"ENTRE DOIS AUTOS S/V";2;0;0;0;0;0;0;0;0;0;0;"Longo da via";"Bom";"Sem defeito";"Perfeito estado";"Seca";"Perfeito estado";"Faixa de pedestre";"R-6a";"";"Única";"Não existe";"";""
"5453";2020-02-07;"14:57:00";"COM VÍTIMA";"FINALIZADA";"IMBIRIBEIRA";"RUA ITAJAI";"";"RUA ITACARI";"PPR TRÁS DA MOVIDA/ AO LADO DO ITAU";"IMBIRIBEIRA";NA;"SUBURBIO";"ABALROAMENTO LONGITUDINAL";"ENTRE AUTO PASSEIO X MOTO COM VÍTIMA";1;1;0;0;0;0;0;0;0;1;0;"Cruzamento";"Bom";"Não existe";"Perfeito estado";"Seca";"Perfeito estado";"Não existe";"Não há placas";"";"Única";"Faixa contínua";"";""