"";"data";"hora";"natureza_acidente";"situacao";"bairro";"endereco";"numero";"detalhe_endereco_acidente";"complemento";"bairro_cruzamento";"num_semaforo";"sentido_via";"tipo";"descricao";"auto";"moto";"ciclom";"ciclista";"pedestre";"onibus";"caminhao";"viatura";"outros";"vitimas";"vitimasfatais";"acidente_verificado";"tempo_clima";"situacao_semaforo";"sinalizacao";"condicao_via";"conservacao_via";"ponto_controle";"situacao_placa";"velocidade_max_via";"mao_direcao";"divisao_via1";"divisao_via2";"divisao_via3"
"5454";2020-02-07;"15:11:00";"SEM VÍTIMA";"FINALIZADA";"AFOGADOS";"RUA SANTOS ARAUJO";"";"";"POSTO BRAZ PETRO";"AFOGADOS";333;"";"COLISÃO TRASEIRA";"ENTRE AUTO PASSEIO X MOTO S/V";1;1;0;0;0;0;0;0;0;0;0;"Longo da via";"Bom";"Sem defeito";"Perfeito estado";"Seca";"Perfeito estado";"Faixa de pedestre";"Outras";"";"Única";"Faixa seccionada";"";""
"5455";2020-02-07;"15:14:00";"COM VÍTIMA";"FINALIZADA";"BOA VISTA";"RUA DO PROGRESSO";"465";"RUA GONCALVES MAIA";"E/F AO CONSULADO AMERICANO. VILLA EMPRESARIAL BOA VISTA.";"BOA VISTA";NA;"AV. MANOEL BORBA";"ABALROAMENTO LONGITUDINAL";"COLISAO COM VITIMAS";1;1;0;0;0;0;0;0;0;1;0;"Cruzamento";"Bom";"Não existe";"Incompleta";"Seca";"Perfeito estado";"Não existe";"Outras";"40 km/h";"Única";"Não existe";"";""
"5456";2020-02-07;"15:44:00";"SEM VÍTIMA";"FINALIZADA";"BOA VIAGEM";"AV CONSELHEIRO AGUIAR";"";"RUA CORONEL BENEDITO CHAVES";"";"BOA VIAGEM";114;"";"ABALROAMENTO TRANSVERSAL";"COLISAO SEM VITIMAS";2;0;0;0;0;0;0;0;0;0;0;"Cruzamento";"Bom";"Sem defeito";"Perfeito estado";"Seca";"Perfeito estado";"Faixa de pedestre";"Outras";"60 km/h";"Única";"Faixa contínua";"";""
"5457";2020-02-07;"15:52:00";"SEM VÍTIMA";"CANCELADA";"CORDEIRO";"AV ENGENHEIRO ABDIAS DE CARVALHO";"";"";"E/F AO CAMARAO DO LEO";"CORDEIRO";NA;"CIDADE";"COLISÃO";"COLISAO SEM VITIMAS";2;0;0;0;0;0;0;0;0;0;0;"";"";"";"";"";"";"";"";"";"";"";"";""
"5458";2020-02-07;"16:13:00";"SEM VÍTIMA";"CANCELADA";"BOA VIAGEM";"RUA ATLANTICO";"";"";"E/F AO BODE PRAIA";"BOA VIAGEM";NA;"";"COLISÃO";"COLISAO SEM VITIMAS";2;0;0;0;0;0;0;0;0;0;0;"";"";"";"";"";"";"";"";"";"";"";"";""
"5459";2020-02-07;"16:45:00";"COM VÍTIMA";"FINALIZADA";"CAMPO GRANDE";"RUA OLIVEIRA FONSECA";"";"RUA MARQUES DE ABRANTES";"PROX A IGREJA NOSSA SENHORA DO BOM PARTO";"CAMPO GRANDE";NA;"SUBURBIO";"ABALROAMENTO TRANSVERSAL";"COLISAO COM VITIMAS";0;1;0;0;0;1;0;0;0;2;0;"Cruzamento";"Bom";"Não existe";"Incompleta";"Seca";"Perfeito estado";"Não existe";"Não há placas";"";"Dupla";"Não existe";"";""
"5460";2020-02-07;"16:46:00";"SEM VÍTIMA";"PENDENTE";"CASA AMARELA";"AV DR EURICO CHAVES";"712";"";"E/F A IGREJA CATOLICA DE CASA AMARELA";"CASA AMARELA";NA;"";"COLISÃO";"ENTRE MOTO X AUTO PASSEIO S/V";1;1;0;0;0;0;0;0;0;0;0;"";"";"";"";"";"";"";"";"";"";"";"";""
"5461";2020-02-07;"17:21:00";"SEM VÍTIMA";"CANCELADA";"ÁGUA FRIA";"AV BEBERIBE";"2306";"";"E/F AO SUPERMERCADO DOIS IRMÃOS";"ÁGUA FRIA";NA;"";"COLISÃO";"ENTRE DOIS AUTOS S/V";2;0;0;0;0;0;0;0;0;0;0;"";"";"";"";"";"";"";"";"";"";"";"";""
"5462";2020-02-07;"17:39:00";"COM VÍTIMA";"FINALIZADA";"ILHA JOANA BEZERRA";"VIADUTO CAPITAO TEMUDO";"";"";"PROXIMO A PASSARELA E AO FÓRUM JOANA BEZERRA";"ILHA JOANA BEZERRA";NA;"SUBURBIO";"ATROPELAMENTO";"COLISÃO COM VÍTIMA";0;1;0;0;1;0;0;0;0;2;0;"Longo da via";"Bom";"Não existe";"Perfeito estado";"Seca";"Perfeito estado";"Não existe";"Não há placas";"";"Dupla";"Faixa seccionada";"Canteiro central";""
"5463";2020-02-07;"17:46:00";"COM VÍTIMA";"FINALIZADA";"CORDEIRO";"EST DO FORTE DO ARRAIAL N. DO B. JESUS";"";"RUA PROFESSORA LAURA FERREIRA DA COSTA";"E/F A PRC DO QUINZE. andreza ótica";"CORDEIRO";NA;"SUBURBIO";"ABALROAMENTO TRANSVERSAL";"ENTRE AUTO PASSEIO X MOTO COM VÍTIMA";1;1;0;0;0;0;0;0;0;1;0;"Cruzamento";"Bom";"Não existe";"Incompleta";"Seca";"Perfeito estado";"Não existe";"Não há placas";"";"Dupla";"Faixa contínua";"";""
"5464";2020-02-07;"18:20:00";"SEM VÍTIMA";"FINALIZADA";"IMBIRIBEIRA";"AV MARECHAL MASCARENHAS DE MORAES";"";"";"SEMINOVOS MOVIDA";"IMBIRIBEIRA";255;"SUBURBIO";"ABALROAMENTO LONGITUDINAL";"DOIS AUTOS";2;0;0;0;0;0;0;0;0;0;0;"Longo da via";"Bom";"Sem defeito";"Perfeito estado";"Seca";"Perfeito estado";"Faixa de pedestre";"Outras";"60 km/h";"Dupla";"Faixa seccionada";"Canteiro central";""
"5465";2020-02-07;"18:25:00";"SEM VÍTIMA";"FINALIZADA";"AFOGADOS";"AV SUL";"";"RUA NICOLAU PEREIRA";"AO LADO DA CLÍNICA AGAMENON MAGALHÃES";"AFOGADOS";NA;"";"ABALROAMENTO LONGITUDINAL";"AUTO PASSEIO X CAMINHÃO S/V";1;0;0;0;0;0;1;0;0;0;0;"Longo da via";"Bom";"Não existe";"Perfeito estado";"Seca";"Mal conservada";"Não existe";"Não há placas";"";"Única";"Faixa seccionada";"";""
"5466";2020-02-07;"19:01:00";"COM VÍTIMA";"CANCELADA";"IPSEP";"RUA JEAN EMILE FAVRE";"840";"";"E/F AO ARCOMIX";"IPSEP";NA;"";"COLISÃO";"ENTRE AUTO PASSEIO X MOTO COM VÍTIMA";1;1;0;0;0;0;0;0;0;1;0;"";"";"";"";"";"";"";"";"";"";"";"";""
"5467";2020-02-07;"19:02:00";"SEM VÍTIMA";"FINALIZADA";"VÁRZEA";"AV AFONSO OLINDENSE";"";"AV CAXANGA";"";"VÁRZEA";NA;"SUBURBIO";"ABALROAMENTO LONGITUDINAL";"ONIBUS METROPOLITANA X HYUNDAI SANTAFE";1;0;0;0;0;1;0;0;0;0;0;"Cruzamento";"Bom";"Sem defeito";"Perfeito estado";"Seca";"Perfeito estado";"Faixa de pedestre";"Outras";"30 km/h";"Dupla";"Faixa contínua";"";""
"5468";2020-02-07;"20:39:00";"SEM VÍTIMA";"FINALIZADA";"TORRE";"RUA MARQUES DE MARICA";"187";"";"";"TORRE";NA;"SUBURBIO";"ABALROAMENTO LONGITUDINAL";"FIAT TORO X PRISMA";2;0;0;0;0;0;0;0;0;0;0;"Longo da via";"Bom";"Sem defeito";"Perfeito estado";"Seca";"Perfeito estado";"";"";"";"Dupla";"Faixa seccionada";"";""
"5469";2020-02-07;"20:44:00";"SEM VÍTIMA";"FINALIZADA";"TEJIPIÓ";"AV DR JOSE RUFINO";"";"RUA DO SANCHO";"ESTAÇÃO DE METRO TEJIPIO";"TEJIPIÓ";434;"SUBURBIO";"ABALROAMENTO LONGITUDINAL";"ENTRE ONIBUS X AUTO PASSEIO S/V";1;0;0;0;0;1;0;0;0;0;0;"Longo da via";"Bom";"Sem defeito";"Perfeito estado";"Seca";"Perfeito estado";"Faixa de pedestre";"Outras";"";"Dupla";"Faixa contínua";"";""
"5470";2020-02-07;"21:28:00";"SEM VÍTIMA";"FINALIZADA";"DERBY";"AV GOVERNADOR AGAMENON MAGALHAES";"";"RUA AMAURI DE MEDEIROS";"";"DERBY";NA;"";"COLISÃO TRASEIRA";"ENTRE AUTO PASSEIO X ONIBUS S/V";1;0;0;0;0;1;0;0;0;0;0;"Longo da via";"Bom";"Não existe";"Perfeito estado";"Seca";"Perfeito estado";"Não existe";"Não há placas";"60 km/h";"Dupla";"Canal";"";""
"5471";2020-02-07;"22:22:00";"SEM VÍTIMA";"FINALIZADA";"CASA FORTE";"AV FLOR DE SANTANA";"357";"AV DEZESSETE DE AGOSTO";"BURGUER KING";"CASA FORTE";614;"";"ABALROAMENTO LONGITUDINAL";"ENTRE DOIS AUTOS S/V";2;0;0;0;0;0;0;0;0;0;0;"Longo da via";"Bom";"Sem defeito";"Perfeito estado";"Seca";"Perfeito estado";"Faixa de pedestre";"Outras";"";"Dupla";"Faixa seccionada";"";""
"5472";2020-02-07;"23:42:00";"SEM VÍTIMA";"FINALIZADA";"ÁGUA FRIA";"RUA GUARUJA";"";"";"E/F AO ESPETINHO DO BEU";"ÁGUA FRIA";NA;"CIDADE";"CHOQUE VEÍCULO PARADO";"VOYAGE X ONIX";2;0;0;0;0;0;0;0;0;0;0;"Longo da via";"Bom";"Não existe";"Não existente";"Seca";"Perfeito estado";"Não existe";"Não há placas";"";"Dupla";"Não existe";"";""
"5473";2020-02-08;"06:34:00";"COM VÍTIMA";"FINALIZADA";"BOA VIAGEM";"RUA CAPITAO ZUZINHA";"400";"RUA RIO AZUL";"GALERIA RIO AZUL// RESTAURANTE MARINHOS BAR";"BOA VIAGEM";NA;"CIDADE";"ABALROAMENTO LONGITUDINAL";"COLISAO COM VITIMA. ENTRE VEICULO E MOTO";1;1;0;0;0;0;0;0;0;1;0;"Cruzamento";"Bom";"Sem defeito";"Perfeito estado";"Seca";"Perfeito estado";"Não existe";"";"";"Única";"Não existe";"";""
"5474";2020-02-08;"08:22:00";"COM VÍTIMA";"FINALIZADA";"IPSEP";"AV RECIFE";"1470";"";"EM FRENTE AO POSTO BR";"IPSEP";NA;"AEROPORTO";"COLISÃO TRASEIRA";"MOTO E AUTO";1;1;0;0;0;0;0;0;0;1;0;"Longo da via";"Bom";"Não existe";"Perfeito estado";"Seca";"Perfeito estado";"Não existe";"Outras";"60 km/h";"Dupla";"Canteiro central";"";""
"5475";2020-02-08;"09:08:00";"SEM VÍTIMA";"FINALIZADA";"BOA VIAGEM";"RUA DOS NAVEGANTES";"3672";"";"";"BOA VIAGEM";NA;"SUBURBIO";"ABALROAMENTO LONGITUDINAL";"COLISÃO S/VITIMAS ENTRE UM CAMINHÃO E UM AUTO (V.T 18 QTH)";1;0;0;0;0;0;1;0;0;0;0;"Longo da via";"Bom";"Não existe";"Perfeito estado";"Seca";"Perfeito estado";"Não existe";"Não há placas";"";"Única";"Não existe";"";""
"5476";2020-02-08;"09:09:00";"SEM VÍTIMA";"FINALIZADA";"BOA VIAGEM";"AV FERNANDO SIMOES BARBOSA";"22";"";"GALERIA SANTO ANTONIO";"BOA VIAGEM";321;"SUBURBIO";"ABALROAMENTO LONGITUDINAL";"CAMINHÃO E AUTO";1;0;0;0;0;0;1;0;0;0;0;"Longo da via";"Bom";"Sem defeito";"Perfeito estado";"Seca";"Perfeito estado";"Outros";"R-6a";"";"Dupla";"Faixa seccionada";"Canal";""
"5477";2020-02-08;"09:49:00";"SEM VÍTIMA";"FINALIZADA";"AFOGADOS";"EST DOS REMEDIOS";"1988";"RUA PADRE GABRIEL MOUSINHO";"AO LADO HC PNEUS";"AFOGADOS";NA;"CIDADE";"ABALROAMENTO TRANSVERSAL";"DOIS AUTOS / EXISTE CRIANÇA DE COLO NO LOCAL";2;0;0;0;0;0;0;0;0;0;0;"Cruzamento";"Bom";"Não existe";"Perfeito estado";"Seca";"Perfeito estado";"Outros";"Placas Pare";"60 km/h";"Única";"Faixa contínua";"";""
"5478";2020-02-08;"10:36:00";"SEM VÍTIMA";"FINALIZADA";"SANTO AMARO";"AV PREFEITO ARTUR LIMA CAVALCANTI";"";"RUA DONA LEONOR PORTO";"EM FRENTE A PRAÇA OMZE DE JUNHO";"SANTO AMARO";NA;"SUBURBIO";"ABALROAMENTO LONGITUDINAL";"COLISAO S/ VITIMA. ENTRE DOIS VEICULOS";2;0;0;0;0;0;0;0;0;0;0;"Longo da via";"Bom";"Sem defeito";"Perfeito estado";"Seca";"Perfeito estado";"Não existe";"Não há placas";"";"Única";"Faixa seccionada";"";""
"5479";2020-02-08;"10:57:00";"COM VÍTIMA";"FINALIZADA";"ALTO JOSÉ BONIFÁCIO";"RUA ALTO JOSE BONIFACIO";"152";"";"PRÓX. A RODINHA";"ALTO JOSÉ BONIFÁCIO";NA;"SUBURBIO";"ABALROAMENTO LONGITUDINAL";"COLISÃO C/VITIMA ENTRE UMA MOTO E UM CAMINHÃO (EVADIU-SE DO LOCAL) // GM LINDENBERG NO QTH";0;1;0;0;0;0;1;0;0;1;0;"Longo da via";"Bom";"Não existe";"Incompleta";"Seca";"";"Não existe";"Não há placas";"";"Dupla";"Não existe";"";""
"5480";2020-02-08;"11:25:00";"COM VÍTIMA";"FINALIZADA";"PARNAMIRIM";"RUA TITO ROSAS";"";"AV PARNAMIRIM";"";"PARNAMIRIM";10;"";"ATROPELAMENTO";"ÔNIBUS E PEDESTRE";0;0;0;0;2;1;0;0;0;2;0;"Cruzamento";"Bom";"Sem defeito";"Perfeito estado";"Seca";"Perfeito estado";"Faixa de pedestre";"Não há placas";"40 km/h";"Única";"Faixa seccionada";"";""
"5481";2020-02-08;"11:27:00";"SEM VÍTIMA";"FINALIZADA";"CASA FORTE";"PRC RADIO JORNAL DO COMERCIO";"";"";"AO LADO DO SHOPPING PLAZA";"CASA FORTE";345;"SUBURBIO";"COLISÃO TRASEIRA";"DOIS AUTOS";1;0;0;0;0;1;0;0;0;0;0;"Longo da via";"Bom";"Sem defeito";"Perfeito estado";"Seca";"Perfeito estado";"Faixa de pedestre";"Outras";"";"Única";"Faixa contínua";"Faixa seccionada";""
"5482";2020-02-08;"11:33:00";"SEM VÍTIMA";"FINALIZADA";"AREIAS";"AV RECIFE";"";"AV RECIFE";"EM FRENTE AO SEMÁFORO 620";"AREIAS";620;"SUBURBIO";"COLISÃO TRASEIRA";"TRES AUTOS";3;0;0;0;0;0;0;0;0;0;0;"Longo da via";"Bom";"Sem defeito";"Perfeito estado";"Seca";"Perfeito estado";"Faixa de pedestre";"Não há placas";"";"Dupla";"Canteiro central";"";""
"5483";2020-02-08;"11:37:00";"SEM VÍTIMA";"FINALIZADA";"CIDADE UNIVERSITÁRIA";"AV CAXANGA";"4435";"";"CHURRASCARIA BOI E BRASA";"CIDADE UNIVERSITÁRIA";230;"CIDADE";"ABALROAMENTO TRANSVERSAL";"DOIS AUTOS";2;0;0;0;0;0;0;0;0;0;0;"Longo da via";"Bom";"Sem defeito";"Perfeito estado";"Seca";"Perfeito estado";"Faixa de pedestre";"R-26";"";"Dupla";"Canteiro central";"";""
"5484";2020-02-08;"11:47:00";"SEM VÍTIMA";"CANCELADA";"COHAB";"AV SANTA FE";"523";"AV ANGRA DOS REIS";"EM FRENTE A FARMACIA RECIFARMA";"COHAB";NA;"";"COLISÃO";"ONIBUS E AUTO";1;0;0;0;0;1;0;0;0;0;0;"";"";"";"";"";"";"";"";"";"";"";"";""
"5485";2020-02-08;"12:10:00";"SEM VÍTIMA";"CANCELADA";"IBURA";"AV DOIS RIOS";"84";"";"EM FRENTE AO LABORATORIO GILSON CIDRIM";"IBURA";NA;"";"COLISÃO";"MOTO E AUTO";1;1;0;0;0;0;0;0;0;0;0;"";"";"";"";"";"";"";"";"";"";"";"";""
"5486";2020-02-08;"12:30:00";"SEM VÍTIMA";"FINALIZADA";"BOA VIAGEM";"AV BOA VIAGEM";"2234";"RUA HENRIQUE CAPITULINO";"EDF. VILA AZUL";"BOA VIAGEM";663;"CIDADE";"COLISÃO TRASEIRA";"TRES AUTOS";3;0;0;0;0;0;0;0;0;0;0;"";"Bom";"Sem defeito";"Perfeito estado";"Seca";"Perfeito estado";"Faixa de pedestre";"Não há placas";"";"Única";"Faixa contínua";"";""
"5487";2020-02-08;"12:38:00";"SEM VÍTIMA";"CANCELADA";"PINA";"RUA FRANCISCO DA CUNHA";"";"";"AO LADO DO CARREFUR";"PINA";NA;"";"COLISÃO";"COLISAO SEM VITIMAS";1;1;0;0;0;0;0;0;0;0;0;"";"";"";"";"";"";"";"";"";"";"";"";""
"5488";2020-02-08;"13:38:00";"SEM VÍTIMA";"FINALIZADA";"ESPINHEIRO";"RUA QUARENTA E OITO";"";"RUA CONS PORTELA";"";"ESPINHEIRO";11;"CIDADE";"ABALROAMENTO LONGITUDINAL";"AUTO E ONIBUS";1;0;0;0;0;1;0;0;0;0;0;"Cruzamento";"Bom";"Sem defeito";"Perfeito estado";"Seca";"Perfeito estado";"Faixa de pedestre";"Não há placas";"";"Única";"Faixa seccionada";"";""
"5489";2020-02-08;"13:43:00";"SEM VÍTIMA";"FINALIZADA";"CASA AMARELA";"AV NORTE";"";"";"EM FRENTE A ESCOLA DE REFERÊNCIA DE ENSINO MÉDIO CLOTILDE";"CASA AMARELA";NA;"";"ABALROAMENTO LONGITUDINAL";"DOIS AUTOS";2;0;0;0;0;0;0;0;0;0;0;"Longo da via";"Bom";"Não existe";"Perfeito estado";"Seca";"Perfeito estado";"Não existe";"Não há placas";"60 km/h";"Dupla";"";"";""
"5490";2020-02-08;"14:54:00";"SEM VÍTIMA";"FINALIZADA";"ESTÂNCIA";"AV RECIFE";"";"";"EM FRENTE AO SEMÁFORO Nº 261";"ESTÂNCIA";261;"SUBURBIO";"COLISÃO TRASEIRA";"COLISAO SEM VITIMAS";2;0;0;0;0;0;0;0;0;0;0;"Longo da via";"Bom";"Sem defeito";"Perfeito estado";"Seca";"Perfeito estado";"Faixa de pedestre";"Não há placas";"";"Dupla";"Canteiro central";"";""
"5491";2020-02-08;"14:56:00";"SEM VÍTIMA";"FINALIZADA";"IBURA";"AV DOIS RIOS";"";"RUA RIO XINGU";"POSTO DE COMBUSTÍVEL BR";"IBURA";351;"CIDADE";"COLISÃO TRASEIRA";"COLISAO SEM VITIMAS";2;0;0;0;0;0;0;0;0;0;0;"Cruzamento";"Bom";"Sem defeito";"Perfeito estado";"Seca";"Perfeito estado";"Faixa de pedestre";"Não há placas";"";"Dupla";"Faixa contínua";"";""
"5492";2020-02-08;"16:12:00";"SEM VÍTIMA";"FINALIZADA";"DOIS IRMÃOS";"RUA DOIS IRMAOS";"1082";"";"EM FRENTE A COMPESA- PROX. A PRAÇA FARIA NEVES";"DOIS IRMÃOS";NA;"SUBURBIO";"COLISÃO";"DOIS AUTOS";2;0;0;0;0;0;0;0;0;0;0;"Longo da via";"Bom";"Não existe";"Perfeito estado";"Seca";"Perfeito estado";"Outros";"Outras";"";"Dupla";"Faixa contínua";"";""
"5493";2020-02-08;"16:28:00";"SEM VÍTIMA";"FINALIZADA";"SANTANA";"RUA SANTANA";"470";"RUA LEOPOLDINO SILVA";"AO LADO DO Nº 459";"SANTANA";NA;"SUBURBIO";"COLISÃO TRASEIRA";"COLISAO SEM VITIMAS";2;0;0;0;0;0;0;0;0;0;0;"Cruzamento";"Bom";"Não existe";"Incompleta";"Seca";"Perfeito estado";"Não existe";"Não há placas";"30 km/h";"Dupla";"";"";""
"5494";2020-02-08;"21:37:00";"SEM VÍTIMA";"CANCELADA";"ROSARINHO";"AV NORTE";"1987";"";"SENTIDO OPOSTO DA NISSAN";"ROSARINHO";NA;"";"COLISÃO";"ONIBUS PEDROSA X";1;0;0;0;0;1;0;0;0;0;0;"";"";"";"";"";"";"";"";"";"";"";"";""
"5495";2020-02-08;"22:54:00";"SEM VÍTIMA";"FINALIZADA";"SANTO ANTÔNIO";"AV MARTINS DE BARROS";"";"";"LADO OPOSTO AO TERMINAL CAIS DE SANTA RITA";"SANTO ANTÔNIO";NA;"CIDADE";"ABALROAMENTO LONGITUDINAL";"CAMINHAO X PALIO OBS: VT 20 DA CTTU ESTA NO LOCAL";1;0;0;0;0;0;1;0;0;0;0;"Longo da via";"Bom";"Não existe";"Perfeito estado";"Seca";"Perfeito estado";"Não existe";"Não há placas";"";"Dupla";"Faixa seccionada";"";""
"5496";2020-02-09;"00:55:00";"SEM VÍTIMA";"FINALIZADA";"SANTO ANTÔNIO";"AV GUARARAPES";"120";"";"EDF. CONDE DA BOA VISTA";"SANTO ANTÔNIO";NA;"SUBURBIO";"CHOQUE VEÍCULO PARADO";"COLISÃO ENTRE DUAS VIATUAS DA GM S/V";2;0;0;0;0;0;0;0;0;0;0;"Longo da via";"Bom";"Não existe";"Perfeito estado";"Seca";"Perfeito estado";"Faixa de pedestre";"Não há placas";"";"Dupla";"Faixa seccionada";"Canteiro central";""
"5497";2020-02-09;"02:51:00";"SEM VÍTIMA";"FINALIZADA";"DERBY";"PRC DO DERBY";"115";"";"MEDICINA NUCLEAR CEMUPE";"DERBY";NA;"CIDADE";"ABALROAMENTO LONGITUDINAL";"COLISÃO ENTRE DOIS AUTOS S/V";2;0;0;0;0;0;0;0;0;0;0;"Longo da via";"Bom";"Não existe";"Perfeito estado";"Seca";"Perfeito estado";"Faixa de pedestre";"Outras";"";"Única";"Faixa seccionada";"";""
"5498";2020-02-09;"06:54:00";"COM VÍTIMA";"CANCELADA";"DERBY";"RUA DR SEVERINO PINHEIRO";"";"";"NA DECIDA DA PONTE DO DERBY";"DERBY";NA;"";"COLISÃO";"COLISAO CO VITIMAS";1;1;0;0;0;0;0;0;0;1;0;"";"";"";"";"";"";"";"";"";"";"";"";""
"5499";2020-02-09;"12:30:00";"SEM VÍTIMA";"FINALIZADA";"VÁRZEA";"AV AFONSO OLINDENSE";"890";"";"";"VÁRZEA";NA;"SUBURBIO";"ABALROAMENTO TRANSVERSAL";"COLISÃO SEM VÍTMA";2;0;0;0;0;0;0;0;0;0;0;"Longo da via";"Bom";"Não existe";"Perfeito estado";"Seca";"Perfeito estado";"Não existe";"Outras";"40 km/h";"Dupla";"Faixa contínua";"";""
"5500";2020-02-09;"15:14:00";"SEM VÍTIMA";"FINALIZADA";"IPSEP";"AV RECIFE";"3335";"";"";"IPSEP";NA;"";"COLISÃO TRASEIRA";"COLISÃO SEM VÍTIMA";2;0;0;0;0;0;0;0;0;0;0;"Longo da via";"Bom";"Sem defeito";"Perfeito estado";"Seca";"Perfeito estado";"Faixa de pedestre";"Outras";"";"Dupla";"Canteiro central";"";""
"5501";2020-02-09;"15:24:00";"SEM VÍTIMA";"CANCELADA";"BOA VIAGEM";"AV CONSELHEIRO AGUIAR";"1540";"";"EM FRENTE AO POSTO DE GASOLINA PETROBRAS";"BOA VIAGEM";NA;"";"COLISÃO";"COLISÃO SEM VÍTIMA";2;0;0;0;0;0;0;0;0;0;0;"";"";"";"";"";"";"";"";"";"";"";"";""
"5502";2020-02-09;"16:27:00";"SEM VÍTIMA";"FINALIZADA";"SANTO ANTÔNIO";"AV MARTINS DE BARROS";"";"PTE BUARQUE DE MACEDO";"POSTE Nº H 037103 ( AO LADO )";"SANTO ANTÔNIO";164;"";"ABALROAMENTO LONGITUDINAL";"COLISÃO SEM VÍTIMA";1;0;0;0;0;1;0;0;0;0;0;"";"Bom";"Sem defeito";"Perfeito estado";"Seca";"Perfeito estado";"Faixa de pedestre";"Outras";"";"Única";"Faixa seccionada";"";""
"5503";2020-02-09;"16:44:00";"SEM VÍTIMA";"FINALIZADA";"NOVA DESCOBERTA";"RUA CORREGO DO JOAQUIM";"720";"";"OPOSTO AO Nº 720";"NOVA DESCOBERTA";NA;"CIDADE";"CHOQUE VEÍCULO PARADO";"COLISAO SEM VITIMAS";1;0;0;0;0;1;0;0;0;0;0;"Longo da via";"Bom";"Não existe";"Não existente";"Seca";"Perfeito estado";"Não existe";"Não há placas";"";"";"Não existe";"";""
"5504";2020-02-09;"17:26:00";"SEM VÍTIMA";"CANCELADA";"ÁGUA FRIA";"RUA MANOEL SILVA";"320";"";"EM FRENTE AO BAR DO BEU";"ÁGUA FRIA";NA;"";"COLISÃO";"COLISÃO SEM VÍTIMA";2;0;0;0;0;0;0;0;0;0;0;"";"";"";"";"";"";"";"";"";"";"";"";""
"5505";2020-02-09;"17:34:00";"COM VÍTIMA";"FINALIZADA";"IPSEP";"AV RECIFE";"652";"";"LADO OPOSTO A FALCAO EQUIPADORA /SENTIDO CEASA";"IPSEP";NA;"CIDADE";"COLISÃO TRASEIRA";"COLISAO COM VITIMA";1;1;0;0;0;0;0;0;0;1;0;"Longo da via";"Bom";"Não existe";"Perfeito estado";"Seca";"Perfeito estado";"Não existe";"R-6a";"";"Dupla";"Faixa seccionada";"";""
"5506";2020-02-09;"18:16:00";"SEM VÍTIMA";"FINALIZADA";"TORRE";"RUA MARQUES DE MARICA";"";"RUA SOUZA BANDEIRA";"";"TORRE";317;"SUBURBIO";"COLISÃO TRASEIRA";"TOYOTA X FIAT MOBI";2;0;0;0;0;0;0;0;0;0;0;"Cruzamento";"Bom";"Sem defeito";"Ilegível";"Seca";"Mal iluminada";"Faixa de pedestre";"Não há placas";"";"Dupla";"Não existe";"";""
"5507";2020-02-09;"19:40:00";"COM VÍTIMA";"FINALIZADA";"SAN MARTIN";"AV CONSUL VILARES FRAGOSO";"380";"RUA ITAPEMIRIM";"POR TRAS DA CAVALERIA";"SAN MARTIN";NA;"CIDADE";"COLISÃO FRONTAL";"MOTO X CLIO";1;1;0;0;0;0;0;0;0;1;0;"Cruzamento";"Bom";"Não existe";"Não existente";"Seca";"Mal iluminada";"Não existe";"R-6a";"";"Dupla";"Não existe";"";""
"5508";2020-02-09;"20:37:00";"SEM VÍTIMA";"FINALIZADA";"BOA VIAGEM";"AV MARECHAL MASCARENHAS DE MORAES";"";"";"LADO OPOSTO A ANAC";"BOA VIAGEM";625;"SUBURBIO";"CHOQUE OBJETO FIXO";"VEÍCULO CHOCOU-SE COM POSTE SEMAFÓRICO (SEM 625)";1;0;0;0;0;0;0;0;0;0;0;"Longo da via";"Bom";"";"Perfeito estado";"Seca";"Perfeito estado";"Faixa de pedestre";"Outras";"";"Única";"Faixa contínua";"";""
"5509";2020-02-09;"21:08:00";"COM VÍTIMA";"FINALIZADA";"CASA FORTE";"AV DEZESSETE DE AGOSTO";"675";"RUA LAURINDO COELHO";"ENF. AO BANCO ITAU";"CASA FORTE";NA;"SUBURBIO";"ABALROAMENTO LONGITUDINAL";"MOTO X HB 20";1;1;0;0;0;0;0;0;0;1;0;"Esquina";"Bom";"Não existe";"Ilegível";"Seca";"Mal iluminada";"Não existe";"Não há placas";"";"Dupla";"Faixa seccionada";"";""
"5510";2020-02-09;"22:12:00";"SEM VÍTIMA";"FINALIZADA";"VÁRZEA";"RUA AMARO GOMES POROCA";"252";"";"BRAZETUS ( VÁRZEA )";"VÁRZEA";NA;"SUBURBIO";"ABALROAMENTO LONGITUDINAL";"MOTO X GOL";1;0;1;0;0;0;0;0;0;0;0;"Longo da via";"Bom";"Não existe";"Perfeito estado";"Seca";"Perfeito estado";"Não existe";"Não há placas";"";"Dupla";"Faixa seccionada";"";""
"5511";2020-02-10;"00:58:00";"SEM VÍTIMA";"CANCELADA";"BOA VIAGEM";"RUA ERNESTO DE PAULA SANTOS";"";"RUA VISCONDE DE JEQUITINHONHA";"EM FRENTE AO SUPERMERCADO SOBERANO";"BOA VIAGEM";304;"";"COLISÃO";"COLISÃO ENTRE DOIS AUTOS- SEM VÍTIMAS";2;0;0;0;0;0;0;0;0;0;0;"";"";"";"";"";"";"";"";"";"";"";"";""