"";"data";"hora";"natureza_acidente";"situacao";"bairro";"endereco";"numero";"detalhe_endereco_acidente";"complemento";"bairro_cruzamento";"num_semaforo";"sentido_via";"tipo";"descricao";"auto";"moto";"ciclom";"ciclista";"pedestre";"onibus";"caminhao";"viatura";"outros";"vitimas";"vitimasfatais";"acidente_verificado";"tempo_clima";"situacao_semaforo";"sinalizacao";"condicao_via";"conservacao_via";"ponto_controle";"situacao_placa";"velocidade_max_via";"mao_direcao";"divisao_via1";"divisao_via2";"divisao_via3"
"5571";2020-02-11;"12:22:00";"SEM VÍTIMA";"FINALIZADA";"CORDEIRO";"AV ENGENHEIRO ABDIAS DE CARVALHO";"1208";"";"LADO OPOSTO AO COMPAZ";"CORDEIRO";58;"CIDADE";"COLISÃO";"COLISÃO S/VITIMAS ENTRE DOIS AUTOS (PONTO FIXO ALMEIDA VELOSO NO QTH)";2;0;0;0;0;0;0;0;0;0;0;"Longo da via";"Bom";"Sem defeito";"Perfeito estado";"Seca";"Perfeito estado";"Faixa de pedestre";"";"";"Dupla";"Faixa contínua";"Faixa seccionada";"Canteiro central"
"5572";2020-02-11;"13:34:00";"SEM VÍTIMA";"FINALIZADA";"IPSEP";"RUA ITAJAI";"246";"RUA ITACARI";"E/F A INOVE";"IPSEP";NA;"SUBURBIO";"COLISÃO";"COLISAO SEM VITIMAS";2;0;0;0;0;0;0;0;0;0;0;"Cruzamento";"Bom";"Não existe";"Perfeito estado";"Seca";"Perfeito estado";"Faixa de pedestre";"Placas Pare";"60 km/h";"Dupla";"Faixa contínua";"";""
"5573";2020-02-11;"13:40:00";"SEM VÍTIMA";"CANCELADA";"CASA FORTE";"PRC DE CASA FORTE";"548";"";"EM FRENTE AO COLEGIO CASA FORTE";"CASA FORTE";NA;"";"COLISÃO";"COLISAO SEM VITIMAS";2;0;0;0;0;0;0;0;0;0;0;"";"";"";"";"";"";"";"";"";"";"";"";""
"5574";2020-02-11;"13:53:00";"SEM VÍTIMA";"FINALIZADA";"IPUTINGA";"AV CAXANGA";"4038";"EST DO BARBALHO";"EM FRENTE AO BIG BOM PREÇO";"IPUTINGA";533;"CAMARAGIBE";"COLISÃO";"COLISAO SEM VITIMAS";1;0;0;0;0;1;0;0;0;0;0;"Longo da via";"Bom";"Sem defeito";"Perfeito estado";"Seca";"Perfeito estado";"Faixa de pedestre";"";"";"Dupla";"Faixa seccionada";"Canteiro central";""
"5575";2020-02-11;"14:12:00";"SEM VÍTIMA";"FINALIZADA";"MADALENA";"AV BEIRA RIO";"152";"RUA DEMOSTENES DE OLINDA";"E/F MEIO DO MUNDO CAFÉ BISTRÔ";"MADALENA";NA;"CIDADE";"COLISÃO";"COLISÃO S/VITIMAS ENTRE DOIS AUTOS (PONTO FIXO LUIS BARBOSA NO QTH)";2;0;0;0;0;0;0;0;0;0;0;"Cruzamento";"Bom";"";"Perfeito estado";"Seca";"Perfeito estado";"Faixa de pedestre";"Placas Pare";"";"Dupla";"Faixa seccionada";"";""
"5576";2020-02-11;"14:13:00";"SEM VÍTIMA";"FINALIZADA";"BOA VIAGEM";"AV MARECHAL JUAREZ TAVORA";"510";"";"PROXIMO AO HOTEL FORUM";"BOA VIAGEM";NA;"";"COLISÃO";"COLISAO COM VITIMAS";1;1;0;0;0;0;0;0;0;0;0;"Longo da via";"Bom";"Não existe";"Perfeito estado";"Seca";"Perfeito estado";"Não existe";"";"";"Única";"Faixa seccionada";"";""
"5577";2020-02-11;"14:50:00";"COM VÍTIMA";"FINALIZADA";"BOA VIAGEM";"AV DES JOSE NEVES";"164";"";"ANTES DO RESTAURANTE CANGAÇO (SENT. BOA VIAGEM). BAR DO BIU.";"BOA VIAGEM";NA;"CIDADE";"COLISÃO FRONTAL";"COLISÃO C/EVASÃO SEGUIDA DE ATROPELAMENTO";1;0;0;0;1;0;0;0;0;1;0;"Longo da via";"Bom";"Não existe";"Perfeito estado";"Seca";"Perfeito estado";"Não existe";"R-6a";"";"Dupla";"Canal";"";""
"5578";2020-02-11;"15:20:00";"SEM VÍTIMA";"FINALIZADA";"AFOGADOS";"RUA NICOLAU PEREIRA";"410";"";"AO LADO DO ARMAZEN CORAL";"AFOGADOS";NA;"CIDADE";"COLISÃO";"COLISAO SEM VITIMAS";1;0;0;0;0;0;1;0;0;0;0;"Longo da via";"Bom";"Não existe";"Incompleta";"Seca";"Mal conservada";"Não existe";"R-6a";"";"Única";"Faixa seccionada";"";""
"5579";2020-02-11;"15:26:00";"COM VÍTIMA";"FINALIZADA";"DERBY";"RUA DA BAIXA VERDE";"449";"RUA JENER DE SOUZA";"E/F CENTRO DE EDUCAÇÃO FISICA DA PM";"DERBY";NA;"";"ABALROAMENTO TRANSVERSAL";"COLISÃO C/VITIMA ENTRE UMA MOTO E UM AUTO";1;1;0;0;0;0;0;0;0;2;0;"Cruzamento";"Bom";"Não existe";"Perfeito estado";"Seca";"Perfeito estado";"Faixa de pedestre";"R-6a";"";"Dupla";"Canteiro central";"";""
"5580";2020-02-11;"15:35:00";"COM VÍTIMA";"FINALIZADA";"TORRÕES";"EST DO FORTE DO ARRAIAL N. DO B. JESUS";"";"AV ENGENHEIRO ABDIAS DE CARVALHO";"LADO OPOSTO AO KIYOI. PRÓXIMO A PRAÇA DA CHESF.";"TORRÕES";375;"SUBURBIO";"COLISÃO TRASEIRA";"COLISÃO S/VITIMAS ENTRE UM CAMINHÃO E UMA MOTO (PONTO FIXO RICARDO HONORATO NO QTH)";0;1;0;0;0;0;1;0;0;1;0;"Longo da via";"Bom";"Sem defeito";"Perfeito estado";"Seca";"Perfeito estado";"Outros";"R-6a";"";"Única";"Não existe";"";""
"5581";2020-02-11;"16:17:00";"SEM VÍTIMA";"CANCELADA";"BOA VIAGEM";"AV CONSELHEIRO AGUIAR";"1360";"";"EM FRENTE A GALERIA CETRO SUL";"BOA VIAGEM";NA;"";"COLISÃO";"COLISÃO SEM VITIMAS";2;0;0;0;0;0;0;0;0;0;0;"";"";"";"";"";"";"";"";"";"";"";"";""
"5582";2020-02-11;"16:25:00";"SEM VÍTIMA";"FINALIZADA";"JOANA BEZERRA";"VDO PAPA JOAO PAULO II";"";"";"EM CIMA DO VIADUTO JOANA BERREZA";"JOANA BEZERRA";NA;"CIDADE";"COLISÃO";"COLISAO SEM VITIMAS";1;0;0;0;0;1;0;0;0;0;0;"Longo da via";"Bom";"Não existe";"Perfeito estado";"Seca";"Perfeito estado";"Não existe";"";"40 km/h";"Única";"Canteiro central";"";""
"5583";2020-02-11;"16:44:00";"SEM VÍTIMA";"FINALIZADA";"BOA VIAGEM";"RUA ERNESTO DE PAULA SANTOS";"";"RUA AMALIA BERNARDINO DE SOUZA";"E/F AO POSTO BR";"BOA VIAGEM";NA;"";"COLISÃO";"COLISAO SEM VITIMAS";2;0;0;0;0;0;0;0;0;0;0;"Cruzamento";"Bom";"Não existe";"Não existente";"Seca";"Perfeito estado";"Não existe";"Não há placas";"";"Única";"Não existe";"";""
"5584";2020-02-11;"16:48:00";"SEM VÍTIMA";"FINALIZADA";"SAN MARTIN";"RUA COMENDADOR FRANCO FERREIRA";"329";"";"PROX A LOMBADA ELETRONICA";"SAN MARTIN";NA;"";"COLISÃO";"COLISAO SEM VITIMAS";2;0;0;0;0;0;0;0;0;0;0;"Longo da via";"Bom";"Não existe";"Perfeito estado";"Seca";"Perfeito estado";"Não existe";"Não há placas";"30 km/h";"Dupla";"Não existe";"";""
"5585";2020-02-11;"16:53:00";"SEM VÍTIMA";"FINALIZADA";"BOA VIAGEM";"RUA VISCONDE DE JEQUITINHONHA";"";"";"COLADO COM O MURO DA AERONAUTICA APÓS O POSTO IPIRANGA";"BOA VIAGEM";NA;"SUBURBIO";"COLISÃO";"COLISAO COM VITIMAS";2;0;0;0;0;0;0;0;0;0;0;"Longo da via";"Bom";"Não existe";"Perfeito estado";"Seca";"Perfeito estado";"Não existe";"";"";"Única";"Faixa seccionada";"";""
"5586";2020-02-11;"17:06:00";"SEM VÍTIMA";"FINALIZADA";"ROSARINHO";"RUA AMARO COUTINHO";"750";"";"E/F AO EDF. PRAÇA DO ROSARINHO";"ROSARINHO";NA;"SUBURBIO";"COLISÃO";"COLISÃO S/VITIMAS ENTRE DOIS AUTOS";2;0;0;0;0;0;0;0;0;0;0;"Longo da via";"Chuvoso";"Não existe";"Perfeito estado";"Molhada";"Perfeito estado";"Faixa de pedestre";"Placas Pare";"";"Dupla";"Faixa contínua";"";""
"5587";2020-02-11;"18:22:00";"SEM VÍTIMA";"FINALIZADA";"BAIRRO DO RECIFE";"CAIS DO APOLO";"925";"";"ENF. A PREFEITURA DO RECIFE";"BAIRRO DO RECIFE";NA;"SUBURBIO";"COLISÃO";"ONIBUS BRT X PEUGEOT";1;0;0;0;0;1;0;0;0;0;0;"Longo da via";"Bom";"Não existe";"Perfeito estado";"Seca";"Perfeito estado";"Não existe";"Não há placas";"40 km/h";"Dupla";"Canteiro central";"";""
"5588";2020-02-11;"18:53:00";"SEM VÍTIMA";"FINALIZADA";"BOA VIAGEM";"AV ENGENHEIRO DOMINGOS FERREIRA";"4403";"";"PROX AO EDF. MARIA DULCE // DELEGACIA DE BOA VIAGEM";"BOA VIAGEM";NA;"SUBURBIO";"COLISÃO";"ONIBUS BORBOREMA X HONDA CIVIC";1;0;0;0;0;1;0;0;0;0;0;"Longo da via";"Bom";"Não existe";"Perfeito estado";"Seca";"Perfeito estado";"Não existe";"Não há placas";"60 km/h";"Única";"Canteiro central";"";""
"5589";2020-02-11;"19:30:00";"SEM VÍTIMA";"FINALIZADA";"BOA VIAGEM";"RUA FRANCISCO DA CUNHA";"896";"";"ENF. AO EDF TERMOPILAS // POR TRAS DO CARREFOUR";"BOA VIAGEM";227;"SUBURBIO";"COLISÃO";"IX35 X CAMINHAO BAU";1;0;0;0;0;0;1;0;0;0;0;"Longo da via";"Bom";"Sem defeito";"Perfeito estado";"Seca";"Perfeito estado";"Não existe";"Outras";"";"Única";"Não existe";"";""
"5590";2020-02-11;"19:43:00";"SEM VÍTIMA";"FINALIZADA";"TORRE";"RUA CONDE DE IRAJA";"1015";"";"E/F AO EDF PRAÇA DAS PETÚNIAS / PRÓX A IGREJA CATÓLICA";"TORRE";NA;"SUBURBIO";"COLISÃO";"ENTRE 2 AUTOS. S/V";2;0;0;0;0;0;0;0;0;0;0;"Longo da via";"Bom";"Não existe";"Perfeito estado";"Seca";"Perfeito estado";"Não existe";"Não há placas";"";"Única";"Faixa seccionada";"";""
"5591";2020-02-11;"19:46:00";"COM VÍTIMA";"FINALIZADA";"CAMPINA DO BARRETO";"RUA DA REGENERACAO";"1068";"";"ENF. A MERCEARIA DO DIDA // PROX A EMPRESA ESCAVE";"CAMPINA DO BARRETO";NA;"CIDADE";"COLISÃO COM CICLISTA";"MOTO X CICLISTA";0;1;0;1;0;0;0;0;0;2;0;"Longo da via";"Bom";"Não existe";"Não existente";"Seca";"Perfeito estado";"Não existe";"Não há placas";"";"Dupla";"Não existe";"";""
"5592";2020-02-11;"19:53:00";"SEM VÍTIMA";"FINALIZADA";"GRAÇAS";"AV GOVERNADOR AGAMENON MAGALHAES";"1114";"AV GOVERNADOR AGAMENON MAGALHAES";"ENF. A EMBRATEL // VIA LOCAL SENTIDO BOA VIAGEM";"GRAÇAS";173;"CIDADE";"COLISÃO";"GOL X TOYOTA HILUX";2;0;0;0;0;0;0;0;0;0;0;"Longo da via";"Bom";"Sem defeito";"Perfeito estado";"Seca";"Perfeito estado";"Faixa de pedestre";"Outras";"60 km/h";"Única";"Faixa seccionada";"";""
"5593";2020-02-11;"20:19:00";"SEM VÍTIMA";"CANCELADA";"BOA VIAGEM";"AV BOA VIAGEM";"980";"RUA TOME GIBSON";"ENF. AO EDF. VERONESE";"BOA VIAGEM";NA;"";"COLISÃO";"JEEP X SIENA  OBS.. BATEDORES DA CTTU NO LOCAL 36X 07";2;0;0;0;0;0;0;0;0;0;0;"";"";"";"";"";"";"";"";"";"";"";"";""
"5594";2020-02-11;"20:34:00";"SEM VÍTIMA";"FINALIZADA";"BOA VIAGEM";"AV DOM JOAO VI";"";"RUA JOSE DA SILVA LUCENA";"PROXIMO AO COLEGIO GGE NO SENTIDO PIEDADE";"BOA VIAGEM";NA;"SUBURBIO";"COLISÃO";"AUTO X CAMINHÃO";1;0;0;0;0;0;1;0;0;0;0;"Cruzamento";"Bom";"Não existe";"Perfeito estado";"Seca";"Perfeito estado";"Não existe";"Placas Pare";"";"Única";"Canteiro central";"";""
"5595";2020-02-11;"23:52:00";"SEM VÍTIMA";"FINALIZADA";"GRAÇAS";"AV RUI BARBOSA";"185";"RUA DAS CREOULAS";"NAS PROXIMIDADES DO CLUBE PORTUGUÊS";"GRAÇAS";102;"CIDADE";"COLISÃO";"ENTRE 2 AUTOS. S/V";2;0;0;0;0;0;0;0;0;0;0;"Cruzamento";"Bom";"Sem defeito";"Ilegível";"Seca";"Mal iluminada";"Faixa de pedestre";"Não há placas";"";"Única";"Faixa seccionada";"";""
"5596";2020-02-12;"07:05:00";"SEM VÍTIMA";"FINALIZADA";"DOIS IRMÃOS";"EST DOS PINTOS";"580";"";"EM FRENTE AO TERMINAL DOS ONIBUS DA EMPRESA MOBI PE";"DOIS IRMÃOS";NA;"SUBURBIO";"COLISÃO";"SEM VITMAS";1;0;0;0;0;1;0;0;0;0;0;"Longo da via";"Bom";"Não existe";"Perfeito estado";"Seca";"Perfeito estado";"Não existe";"Não há placas";"";"Dupla";"Não existe";"";""
"5597";2020-02-12;"07:08:00";"SEM VÍTIMA";"CANCELADA";"JORDÃO";"AV BEIRA RIO";"20F";"";"POLO DA COXINHA// MERY CONFECÇÃO";"JORDÃO";NA;"CIDADE";"COLISÃO";"COLISAO S/ VITIMA. ENTRE SAVEIRO E MOTO";1;1;0;0;0;0;0;0;0;0;0;"";"";"";"";"";"";"";"";"";"";"";"";""
"5598";2020-02-12;"07:18:00";"SEM VÍTIMA";"FINALIZADA";"MADALENA";"AV BEIRA RIO";"591";"";"EDF: SOBRADO DO CAPIBARIBE";"MADALENA";NA;"SUBURBIO";"COLISÃO";"COLISAO S/ VITIMA ENTRE DOIS VEICULOS. GM: GLEITON SILVA E CESAR NO LOCAL";2;0;0;0;0;0;0;0;0;0;0;"Longo da via";"Bom";"Não existe";"Perfeito estado";"Seca";"Perfeito estado";"Outros";"";"";"Dupla";"Faixa seccionada";"";""
"5599";2020-02-12;"07:40:00";"SEM VÍTIMA";"FINALIZADA";"AFOGADOS";"EST DOS REMEDIOS";"367";"RUA DO ACRE";"EM FRENTE A PAPELARIA VASCONCELOS- SENT. ABDIAS";"AFOGADOS";NA;"";"COLISÃO";"CAMINHÃO E AUTO";1;0;0;0;0;0;1;0;0;0;0;"Cruzamento";"Bom";"Não existe";"Perfeito estado";"Seca";"Perfeito estado";"Faixa de pedestre";"Outras";"30 km/h";"Única";"Faixa seccionada";"";""
"5600";2020-02-12;"08:07:00";"SEM VÍTIMA";"CANCELADA";"PRADO";"AV ENGENHEIRO ABDIAS DE CARVALHO";"";"RUA JOAO IVO DA SILVA";"POSTO BR -OS VEICULOS ESTÃO NO ESTACIONAMENTO DO POSTO";"PRADO";132;"CIDADE";"COLISÃO";"SEM VITIMAS";2;0;0;0;0;0;0;0;0;0;0;"";"";"";"";"";"";"";"";"";"";"";"";""
"5601";2020-02-12;"08:12:00";"COM VÍTIMA";"FINALIZADA";"SANTO ANTÔNIO";"AV MARTINS DE BARROS";"";"PTE CONDE MAURICIO DE NASSAU";"PRÓXIMO A PARADA DO BRT.";"SANTO ANTÔNIO";NA;"";"ATROPELAMENTO";"GM MONICA / EDMUNDO FILHO NO QTH / BRT E PEDESTRE";0;0;0;0;1;1;0;0;0;1;0;"Longo da via";"Bom";"Sem defeito";"Perfeito estado";"Seca";"Perfeito estado";"Faixa de pedestre";"Outras";"30 km/h";"Única";"Canteiro central";"";""
"5602";2020-02-12;"08:55:00";"SEM VÍTIMA";"FINALIZADA";"BOA VIAGEM";"RUA MINISTRO NELSON HUNGRIA";"334";"RUA PROFESSOR JOSE BRANDAO";"PROX. AO COLEGIO SANTA MARIA";"BOA VIAGEM";NA;"SUBURBIO";"COLISÃO";"DOIS AUTOS";2;0;0;0;0;0;0;0;0;0;0;"Cruzamento";"Bom";"Não existe";"Perfeito estado";"Seca";"Perfeito estado";"Não existe";"Placas Pare";"";"Única";"Não existe";"";""
"5603";2020-02-12;"09:03:00";"SEM VÍTIMA";"FINALIZADA";"DERBY";"RUA GUILHERME PINTO";"360";"RUA MANOEL CAETANO";"BLOCO B DA UNINASSAU// PRAÇA GUILHERME PINTO// QUARTEL DO DERBY";"DERBY";NA;"CIDADE";"COLISÃO";"COLISAO S/ VITIMA. ENTRE DOIS VEICULOS";2;0;0;0;0;0;0;0;0;0;0;"Cruzamento";"Bom";"Não existe";"Perfeito estado";"Seca";"Perfeito estado";"Não existe";"R-6a";"20 km/h";"Única";"Não existe";"";""
"5604";2020-02-12;"09:03:00";"SEM VÍTIMA";"FINALIZADA";"BOA VISTA";"RUA BARAO DE SAO BORJA";"156";"RUA JOSE DE ALENCAR";"PROX. AO SHOPPING BOA VISTA";"BOA VISTA";NA;"SUBURBIO";"COLISÃO";"CAMINHÃO E AUTO VT- 29 NO LOCAL GM´S PAULO WANDERLEY E LEONARDO MERCES";1;0;0;0;0;0;1;0;0;0;0;"Cruzamento";"Chuvoso";"Não existe";"Incompleta";"Molhada";"Perfeito estado";"Não existe";"R-4b";"";"Única";"Não existe";"";""
"5605";2020-02-12;"09:16:00";"SEM VÍTIMA";"FINALIZADA";"MACAXEIRA";"AV NORTE";"";"";"NO GIRADORO DA MACAXEIRA";"MACAXEIRA";NA;"SUBURBIO";"COLISÃO";"SEM VITIMASCTTU NO LOCAL GM JOTA NETO/GM LAISA VT 07";2;0;0;0;0;0;0;0;0;0;0;"Longo da via";"Bom";"Não existe";"Perfeito estado";"Seca";"Perfeito estado";"Não existe";"R-6a";"";"Única";"Não existe";"";""
"5606";2020-02-12;"09:21:00";"SEM VÍTIMA";"FINALIZADA";"IMBIRIBEIRA";"AV MARECHAL MASCARENHAS DE MORAES";"4805";"";"EM FRENTE AO MARTELINHO DE OURO- SENT. AFOGADOS";"IMBIRIBEIRA";NA;"SUBURBIO";"ABALROAMENTO LONGITUDINAL";"DOIS AUTOS";2;0;0;0;0;0;0;0;0;0;0;"Longo da via";"Bom";"Não existe";"Perfeito estado";"Seca";"Perfeito estado";"Não existe";"Não há placas";"";"Dupla";"Canteiro central";"";""
"5607";2020-02-12;"09:36:00";"SEM VÍTIMA";"FINALIZADA";"CASA FORTE";"EST REAL DO POCO";"1465";"";"PROX: PRAÇA DE CASA FORTE";"CASA FORTE";NA;"CIDADE";"COLISÃO";"COLISAO S/ VITIMA ENTRE DOIS VEICULOS";2;0;0;0;0;0;0;0;0;0;0;"Esquina";"Bom";"Não existe";"Perfeito estado";"Seca";"Perfeito estado";"Não existe";"Não há placas";"40 km/h";"Dupla";"Faixa seccionada";"";""
"5608";2020-02-12;"09:37:00";"SEM VÍTIMA";"FINALIZADA";"CAXANGÁ";"AV JOAQUIM RIBEIRO";"740";"";"EM FRENTE A MADEIREIRA ESPLENDOR";"CAXANGÁ";NA;"SUBURBIO";"ENGAVETAMENTO";"TRES AUTOS";3;0;0;0;0;0;0;0;0;0;0;"Longo da via";"Bom";"Não existe";"Perfeito estado";"Seca";"Perfeito estado";"Não existe";"Não há placas";"";"Dupla";"Faixa seccionada";"Canteiro central";""
"5609";2020-02-12;"09:47:00";"SEM VÍTIMA";"FINALIZADA";"CASA FORTE";"EST DO ENCANAMENTO";"1210";"RUA IRMA LUCIA";"IGREJA PRESBITERIANA";"CASA FORTE";NA;"SUBURBIO";"COLISÃO";"COLISAO S/ VITIMA ENTRE MOTO E VEICULO";1;1;0;0;0;0;0;0;0;0;0;"Cruzamento";"Bom";"Não existe";"Perfeito estado";"Seca";"Perfeito estado";"Faixa de pedestre";"Placas Pare";"";"Única";"Não existe";"";""
"5610";2020-02-12;"10:01:00";"SEM VÍTIMA";"CANCELADA";"JARDIM SÃO PAULO";"AV RECIFE";"5555";"";"PROX. A JUSTIÇA FEDERAL- SENT. BOA VIAGEM";"JARDIM SÃO PAULO";NA;"";"ENGAVETAMENTO";"CINCO AUTOS";5;0;0;0;0;0;0;0;0;0;0;"";"";"";"";"";"";"";"";"";"";"";"";""
"5611";2020-02-12;"11:16:00";"SEM VÍTIMA";"CANCELADA";"GRAÇAS";"AV RUI BARBOSA";"251";"";"EM FRENTE AO ESTACIONAMENTO DO BANCO ITAU";"GRAÇAS";NA;"";"COLISÃO";"DOIS AUTOS";2;0;0;0;0;0;0;0;0;0;0;"";"";"";"";"";"";"";"";"";"";"";"";""
"5612";2020-02-12;"11:33:00";"SEM VÍTIMA";"FINALIZADA";"BOA VISTA";"RUA JOSE DE ALENCAR";"137";"RUA BARAO DE SAO BORJA";"EM FRENTE AO HOTEL BOA VISTA";"BOA VISTA";NA;"CIDADE";"COLISÃO";"DOIS AUTOS";2;0;0;0;0;0;0;0;0;0;0;"Cruzamento";"Bom";"Não existe";"Incompleta";"Seca";"Perfeito estado";"Não existe";"R-4b";"";"Única";"Não existe";"";""
"5613";2020-02-12;"11:33:00";"SEM VÍTIMA";"FINALIZADA";"GRAÇAS";"AV GOVERNADOR AGAMENON MAGALHAES";"";"";"EM FRENTE A ESCOLA ESTADUAL BARBOSA LIMA- SENT. BOA VIAGEM";"GRAÇAS";37;"";"COLISÃO";"AUTO E CAMINHÃO";1;0;0;0;0;0;1;0;0;0;0;"Esquina";"Bom";"Sem defeito";"Perfeito estado";"Seca";"Perfeito estado";"Faixa de pedestre";"Outras";"60 km/h";"Dupla";"Faixa seccionada";"Canteiro central";"Canal"
"5614";2020-02-12;"11:44:00";"SEM VÍTIMA";"FINALIZADA";"PINA";"AV HERCULANO BANDEIRA";"563";"RUA SAO LUIZ";"EM FRENTE AO TABELIONATO FIGUEIREDO";"PINA";NA;"SUBURBIO";"COLISÃO";"SEM VITIMAS";1;0;0;0;0;1;0;0;0;0;0;"Cruzamento";"Bom";"Não existe";"Incompleta";"Seca";"Perfeito estado";"Não existe";"Outras";"30 km/h";"Única";"Faixa seccionada";"";""
"5615";2020-02-12;"12:37:00";"SEM VÍTIMA";"FINALIZADA";"CORDEIRO";"AV ENGENHEIRO ABDIAS DE CARVALHO";"";"";"COMPAZ";"CORDEIRO";58;"SUBURBIO";"COLISÃO";"";1;1;0;0;0;0;0;0;0;0;0;"Longo da via";"Bom";"Sem defeito";"Perfeito estado";"Seca";"Perfeito estado";"Agente";"Outras";"60 km/h";"Única";"Canteiro central";"";""
"5616";2020-02-12;"12:59:00";"SEM VÍTIMA";"FINALIZADA";"SANTO AMARO";"AV NORTE";"68";"RUA DA AURORA";"E/F AO NUCLEO DE TELEVISÃO RADIO UNIVERSITÁRIA (SENT. AV NORTE)";"SANTO AMARO";NA;"SUBURBIO";"COLISÃO";"COLISÃO S/VITIMAS ENTRE DUAS MOTOS E UM ONIBUS";0;2;0;0;0;1;0;0;0;0;0;"Longo da via";"Bom";"Sem defeito";"Perfeito estado";"Seca";"Perfeito estado";"Não existe";"Não há placas";"";"Dupla";"Canteiro central";"";""
"5617";2020-02-12;"13:14:00";"COM VÍTIMA";"FINALIZADA";"ENGENHO DO MEIO";"RUA FRANCISCO BEZERRA MONTEIRO";"602";"RUA ANTONIO DA SILVA";"PROX A RETORIA DA FEDERAL";"ENGENHO DO MEIO";NA;"ANTONIO CURADO";"COLISÃO FRONTAL";"COLISAO COM VITIMAS";1;1;0;0;0;0;0;0;0;1;0;"Cruzamento";"Bom";"Não existe";"Não existente";"Seca";"Mal conservada";"Não existe";"Não há placas";"";"Dupla";"Não existe";"";""
"5618";2020-02-12;"13:37:00";"SEM VÍTIMA";"FINALIZADA";"JORDÃO";"AV MARIA IRENE";"865";"";"EM FRENTE A FRIOS E LANCHES";"JORDÃO";NA;"CIDADE";"COLISÃO";"COLISÃO SEM VÍTIMA";1;0;0;0;0;0;1;0;0;0;0;"Longo da via";"Bom";"Não existe";"Perfeito estado";"Seca";"Perfeito estado";"Não existe";"Não há placas";"";"Dupla";"Faixa contínua";"";""
"5619";2020-02-12;"14:02:00";"SEM VÍTIMA";"FINALIZADA";"BOA VISTA";"AV GUARARAPES";"";"AV GUARARAPES";"EM FRENTE AOS CORREIOS";"BOA VISTA";14;"SUBURBIO";"COLISÃO";"COLISAO SEM VITIMAS";2;0;0;0;0;0;0;0;0;0;0;"Cruzamento";"Bom";"Sem defeito";"Perfeito estado";"Seca";"Perfeito estado";"Não existe";"Não há placas";"";"Única";"Faixa seccionada";"";""
"5620";2020-02-12;"14:18:00";"SEM VÍTIMA";"CANCELADA";"GRAÇAS";"PRC DO ENTRONCAMENTO";"";"";"EM FRENTE A PRAÇA DO ENTROCAMENTO E A PHARMAPELE/ SENTIDO DERBY";"GRAÇAS";NA;"";"COLISÃO";"COLISÃO SEM VÍTIMA";2;0;0;0;0;0;0;0;0;0;0;"";"";"";"";"";"";"";"";"";"";"";"";""
"5621";2020-02-12;"14:25:00";"SEM VÍTIMA";"FINALIZADA";"MADALENA";"AV BEIRA RIO";"";"AV BEIRA RIO";"EM CIMA DA PONTE DA CAPUNGA";"MADALENA";387;"SUBURBIO";"COLISÃO";"COLISÃO SEM VÍTIMA";2;0;0;0;0;0;0;0;0;0;0;"Ponte";"Bom";"Sem defeito";"Perfeito estado";"Seca";"";"Agente";"Não há placas";"";"Dupla";"Faixa contínua";"";""
"5622";2020-02-12;"14:30:00";"SEM VÍTIMA";"FINALIZADA";"BOA VIAGEM";"AV ENGENHEIRO DOMINGOS FERREIRA";"";"RUA PEREIRA DA COSTA";"E/F AO CLINICAL CENTER";"BOA VIAGEM";142;"SUBURBIO";"COLISÃO";"COLISAO SEM VITIMAS";2;0;0;0;0;0;0;0;0;0;0;"Longo da via";"Bom";"Sem defeito";"Perfeito estado";"Seca";"Perfeito estado";"Agente";"Não há placas";"60 km/h";"Única";"Canteiro central";"";""
"5623";2020-02-12;"14:53:00";"SEM VÍTIMA";"FINALIZADA";"DERBY";"PTE DELMIRO GOUVEIA";"";"AV GOVERNADOR AGAMENON MAGALHAES";"EM CIMA DA PONTE DELMIRO GOUVEIA";"DERBY";75;"CIDADE";"COLISÃO";"COLISÃO S/VITIMAS ENTRE DOIS AUTOS (GM WILLAMS E HERNANDES NO QTH)";2;0;0;0;0;0;0;0;0;0;0;"Longo da via";"Bom";"Sem defeito";"Perfeito estado";"Seca";"Perfeito estado";"Faixa de retenção";"Outras";"60 km/h";"Dupla";"Não existe";"";""
"5624";2020-02-12;"15:01:00";"SEM VÍTIMA";"FINALIZADA";"SANTO AMARO";"AV CRUZ CABUGA";"";"";"EM FRENTE AO HOSPITAL SANTA CASA DA MISERICORDIA";"SANTO AMARO";344;"SUBURBIO";"COLISÃO";"COLISAO SEM VITIMAS";1;0;0;0;0;1;0;0;0;0;0;"Longo da via";"Bom";"Sem defeito";"Perfeito estado";"Seca";"Perfeito estado";"Não existe";"Não há placas";"";"Dupla";"Não existe";"";""
"5625";2020-02-12;"15:07:00";"SEM VÍTIMA";"FINALIZADA";"SANTO AMARO";"AV NORTE";"128";"";"PROXIMO AO ESPAÇO CRESCENTE";"SANTO AMARO";97;"SUBURBIO";"COLISÃO";"COLISAO SEM VITIMAS";1;0;0;0;0;1;0;0;0;0;0;"Longo da via";"Bom";"Sem defeito";"Perfeito estado";"Seca";"Perfeito estado";"Faixa de pedestre";"";"";"Dupla";"Canteiro central";"";""