"";"data";"hora";"natureza_acidente";"situacao";"bairro";"endereco";"numero";"detalhe_endereco_acidente";"complemento";"bairro_cruzamento";"num_semaforo";"sentido_via";"tipo";"descricao";"auto";"moto";"ciclom";"ciclista";"pedestre";"onibus";"caminhao";"viatura";"outros";"vitimas";"vitimasfatais";"acidente_verificado";"tempo_clima";"situacao_semaforo";"sinalizacao";"condicao_via";"conservacao_via";"ponto_controle";"situacao_placa";"velocidade_max_via";"mao_direcao";"divisao_via1";"divisao_via2";"divisao_via3"
"5682";2020-02-14;"08:32:00";"SEM VÍTIMA";"FINALIZADA";"CAJUEIRO";"RUA DR ALBERTO WANDERLEY";"217";"";"PROX A BAR DA FAVA";"CAJUEIRO";NA;"CIDADE";"COLISÃO";"TRES AUTOS";2;0;0;0;0;0;0;0;1;0;0;"Longo da via";"Bom";"Não existe";"Não existente";"Seca";"Perfeito estado";"Não existe";"Não há placas";"";"Dupla";"Não existe";"";""
"5683";2020-02-14;"09:20:00";"COM VÍTIMA";"FINALIZADA";"IPUTINGA";"AV CAXANGA";"";"";"EM CIMA DO VIADUTO DA CAXANGA";"IPUTINGA";NA;"";"COLISÃO";"AUTO E MOTO SUB. ANTEOGENES E BELO NO LOCAL";1;1;0;0;0;0;0;0;0;1;0;"";"";"";"";"";"";"";"";"";"";"";"";""
"5684";2020-02-14;"09:25:00";"SEM VÍTIMA";"FINALIZADA";"TAMARINEIRA";"EST VELHA DE AGUA FRIA";"734";"RUA JOSE DE VASCONCELOS";"EM FRENTE AO RESTAURANTE  VIA GRILL";"TAMARINEIRA";NA;"SUBURBIO";"COLISÃO";"COLISÃO SEM VITIMAS";1;1;0;0;0;0;0;0;0;0;0;"Cruzamento";"Bom";"Não existe";"Perfeito estado";"Seca";"Perfeito estado";"Faixa de pedestre";"Outras";"";"Dupla";"Faixa contínua";"";""
"5685";2020-02-14;"09:47:00";"SEM VÍTIMA";"FINALIZADA";"BOA VISTA";"RUA SAO GERALDO";"";"AV MARIO MELO";"EM FRENTE A ESCOLA  SILVIO RABELO";"BOA VISTA";NA;"";"COLISÃO";"COLISÃO SEM VITIMAS";2;0;0;0;0;0;0;0;0;0;0;"Cruzamento";"Bom";"Não existe";"Perfeito estado";"Seca";"Perfeito estado";"Faixa de pedestre";"Outras";"";"Dupla";"Faixa seccionada";"";""
"5686";2020-02-14;"10:27:00";"SEM VÍTIMA";"FINALIZADA";"CAMPO GRANDE";"RUA JERONIMO VILELA";"118";"";"E/F EDF. FERNANDO DANTAS PEREIRA";"CAMPO GRANDE";NA;"";"COLISÃO";"COLISÃO S/VITIMAS ENTRE UMA MOTO E UM AUTO";1;1;0;0;0;0;0;0;0;0;0;"";"";"";"";"";"";"";"";"";"";"";"";""
"5687";2020-02-14;"10:40:00";"SEM VÍTIMA";"FINALIZADA";"IBURA";"AV RECIFE";"";"AV DOM HELDER CAMARA";"AO LADO DO POSTO POLICIAL / SENT IPSEP";"IBURA";16;"SUBURBIO";"COLISÃO";"CAMINHAO E TAXI";1;0;0;0;0;0;1;0;0;0;0;"Longo da via";"Bom";"Sem defeito";"Perfeito estado";"Seca";"Perfeito estado";"Faixa de pedestre";"Não há placas";"";"Dupla";"Canteiro central";"";""
"5688";2020-02-14;"11:10:00";"SEM VÍTIMA";"FINALIZADA";"IMBIRIBEIRA";"AV MARECHAL MASCARENHAS DE MORAES";"";"";"E/F AO AEROPORTO DO RECIFE";"IMBIRIBEIRA";NA;"";"COLISÃO";"COLISÃO S/VITIMAS ENTRE DOIS AUTOS (GM DINIZ E DIOGENES NO QTH)";2;0;0;0;0;0;0;0;0;0;0;"Longo da via";"Bom";"Não existe";"Perfeito estado";"Seca";"Perfeito estado";"Agente";"R-6a";"";"Única";"Faixa";"";""
"5689";2020-02-14;"11:39:00";"SEM VÍTIMA";"FINALIZADA";"GRAÇAS";"AV RUI BARBOSA";"199";"";"E/F A CLÍNICA EQUILIBRIUM";"GRAÇAS";NA;"";"COLISÃO";"COLISÃO S/VITIMAS ENTRE DOIS AUTOS";2;0;0;0;0;0;0;0;0;0;0;"Cruzamento";"Bom";"Sem defeito";"Perfeito estado";"Seca";"Perfeito estado";"Faixa de pedestre";"Outras";"60 km/h";"Única";"Faixa seccionada";"";""
"5690";2020-02-14;"11:58:00";"SEM VÍTIMA";"CANCELADA";"ESPINHEIRO";"AV CONS ROSA E SILVA";"295";"";"EM FRENTE AO EDIFICIO BARÃO DE BONITO";"ESPINHEIRO";NA;"";"COLISÃO";"COLISÃO SEM VÍTIMA";1;0;0;0;0;1;0;0;0;0;0;"";"";"";"";"";"";"";"";"";"";"";"";""
"5691";2020-02-14;"13:13:00";"SEM VÍTIMA";"CANCELADA";"FUNDÃO";"AV BEBERIBE";"3530";"";"NA ENTRADA DO CONJUNTO RESIDENCIAL JOAO PAULO SEGUNDO";"FUNDÃO";NA;"";"COLISÃO";"COLISAO ENTRE AUTO E MOTO S/V";1;1;0;0;0;0;0;0;0;0;0;"";"";"";"";"";"";"";"";"";"";"";"";""
"5692";2020-02-14;"13:51:00";"SEM VÍTIMA";"FINALIZADA";"AFOGADOS";"AV SUL";"2056";"";"BORRACHARIA SUL//ESTAÇÃO LARGO DA PAZ";"AFOGADOS";NA;"CIDADE";"COLISÃO";"COLISAO S/ VITIMA. ENTRE VEICULO E CAMINHAO COMPESA.";1;0;0;0;0;0;1;0;0;0;0;"Cruzamento";"Bom";"Não existe";"Incompleta";"Seca";"Perfeito estado";"Não existe";"Não há placas";"60 km/h";"Única";"Faixa contínua";"Faixa seccionada";""
"5693";2020-02-14;"14:09:00";"SEM VÍTIMA";"FINALIZADA";"SANTO AMARO";"AV NORTE";"";"";"POR TRAS DO CEMITERIO DOS INGLESES";"SANTO AMARO";NA;"";"COLISÃO";"COLISAO ENTRE AUTO E MOTO S/V";1;1;0;0;0;0;0;0;0;0;0;"";"";"";"";"";"";"";"";"";"";"";"";""
"5694";2020-02-14;"14:16:00";"SEM VÍTIMA";"FINALIZADA";"BOA VIAGEM";"RUA SARGENTO SILVINO DE MACEDO";"241";"";"PROX AO COLEGIO GGE E/F A TOP TERCEIRIZAÇOES";"BOA VIAGEM";NA;"CIDADE";"COLISÃO";"COLISAO ENTRE DOIS AUTOS S/V";2;0;0;0;0;0;0;0;0;0;0;"Cruzamento";"Bom";"Não existe";"Não existente";"Seca";"Perfeito estado";"Não existe";"Não há placas";"60 km/h";"Dupla";"Não existe";"";""
"5695";2020-02-14;"14:30:00";"SEM VÍTIMA";"FINALIZADA";"BOA VIAGEM";"AV BOA VIAGEM";"";"";"EDF CALIFORNIA";"BOA VIAGEM";124;"CIDADE";"COLISÃO";"COLISAO S/ VITIMA. ENTRE DOIS VEICULOS";2;0;0;0;0;0;0;0;0;0;0;"Longo da via";"Bom";"Sem defeito";"Perfeito estado";"Seca";"Perfeito estado";"Faixa de pedestre";"Não há placas";"60 km/h";"Única";"Faixa seccionada";"";""
"5696";2020-02-14;"14:53:00";"SEM VÍTIMA";"FINALIZADA";"SANTO AMARO";"AV GOVERNADOR AGAMENON MAGALHAES";"";"AV DR JAYME DA FONTE";"PROX AO SHOPPING TACARUNA S/T OLINDA";"SANTO AMARO";49;"SUBURBIO";"COLISÃO";"COLISAO ENTRE DOIS AUTOS S/V";2;0;0;0;0;0;0;0;0;0;0;"Cruzamento";"Bom";"Sem defeito";"Perfeito estado";"Seca";"Perfeito estado";"Faixa de pedestre";"Outras";"60 km/h";"Dupla";"Canteiro central";"";""
"5697";2020-02-14;"14:56:00";"SEM VÍTIMA";"FINALIZADA";"GRAÇAS";"RUA DAS PERNAMBUCANAS";"226";"RUA MONSENHOR AMBROZINO LEITE";"PROXIMO AO SEMÁFORO 600";"GRAÇAS";600;"";"COLISÃO";"COLISÃO SEM VÍTIMA";1;0;0;0;0;0;0;1;0;0;0;"Longo da via";"Bom";"Sem defeito";"Perfeito estado";"Seca";"Perfeito estado";"Não existe";"Não há placas";"";"Dupla";"Não existe";"";""
"5698";2020-02-14;"15:03:00";"SEM VÍTIMA";"CANCELADA";"IPSEP";"RUA DR RAPOSO PINTO";"130";"";"PROXIMO AO ANTIGO KUASE BAR";"IPSEP";NA;"";"COLISÃO";"COLISÃO SEM VÍTIMA";2;0;0;0;0;0;0;0;0;0;0;"";"";"";"";"";"";"";"";"";"";"";"";""
"5699";2020-02-14;"15:40:00";"SEM VÍTIMA";"FINALIZADA";"IPSEP";"AV RECIFE";"2967";"";"E/F AO POSTO FEDERAL S/T BOA VIAGEM";"IPSEP";NA;"AEROPORTO";"COLISÃO";"COLISAO ENTRE DOIS AUTOS S/V";2;0;0;0;0;0;0;0;0;0;0;"Longo da via";"Bom";"Não existe";"Perfeito estado";"Seca";"Perfeito estado";"Não existe";"Não há placas";"";"Dupla";"Canteiro central";"";""
"5700";2020-02-14;"15:43:00";"SEM VÍTIMA";"FINALIZADA";"MADALENA";"AV BEIRA RIO";"660";"RUA DEMOSTENES DE OLINDA";"EM FRENTE AO EDIFICIO VITORIA REGIA";"MADALENA";NA;"CIDADE";"COLISÃO";"COLISÃO SEM VÍTIMA";1;1;0;0;0;0;0;0;0;0;0;"Esquina";"Bom";"Não existe";"Perfeito estado";"Seca";"Perfeito estado";"Faixa de pedestre";"R-4a";"";"Dupla";"Faixa seccionada";"";""
"5701";2020-02-14;"15:44:00";"SEM VÍTIMA";"CANCELADA";"ILHA DO RETIRO";"RUA SPORT CLUBE DO RECIFE";"";"AV JOSE GONCALVES DE MEDEIROS";"CLUBE DO SPORT";"ILHA DO RETIRO";NA;"SUBURBIO";"ENGAVETAMENTO";"ENGAVETAMENTO S/ VITIMA. ENTRE TRES VEICULOS.";3;0;0;0;0;0;0;0;0;0;0;"";"";"";"";"";"";"";"";"";"";"";"";""
"5702";2020-02-14;"16:21:00";"SEM VÍTIMA";"FINALIZADA";"AFOGADOS";"RUA SAO MIGUEL";"268";"";"E/F AO DEPATRI";"AFOGADOS";300;"SUBURBIO";"COLISÃO";"COLISAO ENTRE DOIS AUTO S/V";2;0;0;0;0;0;0;0;0;0;0;"Longo da via";"Bom";"Sem defeito";"Perfeito estado";"Seca";"Perfeito estado";"Faixa de pedestre";"Outras";"";"Dupla";"Faixa contínua";"";""
"5703";2020-02-14;"16:36:00";"SEM VÍTIMA";"FINALIZADA";"BOA VIAGEM";"RUA SETUBAL";"";"RUA PROFESSOR MARIO CASTRO";"AO LADO DO PLAZA HOTEL";"BOA VIAGEM";NA;"";"COLISÃO";"COLISAO ENTRE DOIS AUTO S/V";2;0;0;0;0;0;0;0;0;0;0;"Cruzamento";"Bom";"Não existe";"Ilegível";"Seca";"Perfeito estado";"Não existe";"Não há placas";"40 km/h";"Única";"Não existe";"";""
"5704";2020-02-14;"16:37:00";"SEM VÍTIMA";"FINALIZADA";"IPSEP";"AV RECIFE";"";"RUA FRANCISCO BARRETO";"NUCLIO DA POLICIA MILITA// EXTRA FARMA";"IPSEP";55;"CIDADE";"COLISÃO";"COLISAO ENTRE ONIBUS E VEICULO";1;0;0;0;0;1;0;0;0;0;0;"Cruzamento";"Bom";"Sem defeito";"Perfeito estado";"Seca";"Perfeito estado";"Faixa de pedestre";"Não há placas";"";"Dupla";"Canteiro central";"";""
"5705";2020-02-14;"17:09:00";"SEM VÍTIMA";"CANCELADA";"CASA AMARELA";"RUA PADRE LEMOS";"";"";"ENTRE A IGREJA UNIVERSAL E O SUPERMERCADO CANELA";"CASA AMARELA";NA;"";"COLISÃO";"COLISAO ENTRE TAXI E MICRO ONIBUS S/V";1;0;0;0;0;1;0;0;0;0;0;"";"";"";"";"";"";"";"";"";"";"";"";""
"5706";2020-02-14;"17:19:00";"SEM VÍTIMA";"EQUIPE EM DESLOCAMENTO";"MADALENA";"AV BEIRA RIO";"165";"";"EDF: QUINTA BEIRA RIO// EDF: SOLAR BEIRA RIO";"MADALENA";NA;"CAXANGA";"COLISÃO";"ENGAVETAMENTO S/ VITIMA ENTRE TRES VEICULOS.";3;0;0;0;0;0;0;0;0;0;0;"";"";"";"";"";"";"";"";"";"";"";"";""
"5707";2020-02-14;"18:08:00";"SEM VÍTIMA";"FINALIZADA";"ILHA DO RETIRO";"EST DOS REMEDIOS";"1781";"RUA DO FONSECA";"ENF. A NISSAN";"ILHA DO RETIRO";NA;"CIDADE";"COLISÃO";"HILUX X FORD KA    OBS:: SUSPEITA DE EMBRIAGUEZ";2;0;0;0;0;0;0;0;0;0;0;"Esquina";"Bom";"Não existe";"Incompleta";"Seca";"Perfeito estado";"Não existe";"R-6a";"";"Única";"Faixa seccionada";"";""
"5708";2020-02-14;"18:34:00";"SEM VÍTIMA";"CANCELADA";"IMBIRIBEIRA";"RUA PAMPULHA";"";"AV MARECHAL MASCARENHAS DE MORAES";"AO LADO DA RENALT SELECT";"IMBIRIBEIRA";NA;"";"COLISÃO";"COLISAO SEM VITIMAS";1;0;0;0;0;1;0;0;0;0;0;"";"";"";"";"";"";"";"";"";"";"";"";""
"5709";2020-02-14;"18:40:00";"SEM VÍTIMA";"FINALIZADA";"SÃO JOSÉ";"RUA IMPERIAL";"1509";"";"ANTES DO SEMAFORO 087 PROX AO VIADUTO DOM PAULO 2";"SÃO JOSÉ";NA;"SUBURBIO";"COLISÃO";"MOTO X X HYUNDAI CRETA";1;1;0;0;0;0;0;0;0;0;0;"Longo da via";"Bom";"Não existe";"Perfeito estado";"Seca";"Perfeito estado";"Não existe";"Não há placas";"";"Única";"Faixa seccionada";"";""
"5710";2020-02-14;"19:11:00";"SEM VÍTIMA";"CANCELADA";"ALTO SANTA TERESINHA";"RUA TAMBOARA";"366";"";"PROX A ESCOLA MUNICIPAL ANTONIO TIBURCIO";"ALTO SANTA TERESINHA";NA;"";"COLISÃO";"FIESTA X SIENA";2;0;0;0;0;0;0;0;0;0;0;"";"";"";"";"";"";"";"";"";"";"";"";""
"5711";2020-02-14;"19:24:00";"SEM VÍTIMA";"FINALIZADA";"CORDEIRO";"AV PROFESSOR ESTEVAO FRANCISCO DA COSTA";"";"";"E/F A MERC FRUTES";"CORDEIRO";280;"SUBURBIO";"COLISÃO";"COLISAO SEM VITIMAS";2;0;0;0;0;0;0;0;0;0;0;"Cruzamento";"Bom";"Sem defeito";"Perfeito estado";"Seca";"Perfeito estado";"";"";"";"Dupla";"Não existe";"";""
"5712";2020-02-14;"19:32:00";"SEM VÍTIMA";"CANCELADA";"IMBIRIBEIRA";"RUA PAMPULHA";"";"AV MARECHAL MASCARENHAS DE MORAES";"AO LADO DA RENALT SELECT";"IMBIRIBEIRA";NA;"";"COLISÃO";"COLISAO SEM VITIMAS";1;0;0;0;0;1;0;0;0;0;0;"";"";"";"";"";"";"";"";"";"";"";"";""
"5713";2020-02-14;"19:43:00";"SEM VÍTIMA";"FINALIZADA";"IBURA";"AV DOIS RIOS";"";"";"E/F A POLICLINICA";"IBURA";NA;"";"COLISÃO";"COLISAO SEM VITIMAS";1;0;0;0;0;0;1;0;0;0;0;"Longo da via";"Bom";"Não existe";"Perfeito estado";"Seca";"Perfeito estado";"Não existe";"Outras";"";"Dupla";"Outros";"";""
"5714";2020-02-14;"19:44:00";"COM VÍTIMA";"FINALIZADA";"BOA VIAGEM";"AV FERNANDO SIMOES BARBOSA";"140";"";"EDF. SANTO ANDRE // PROX A SAIDA DO SHOPPING RECIFE";"BOA VIAGEM";NA;"SUBURBIO";"COLISÃO COM CICLISTA";"CICLISTA X ONIBUS VERA VCRUZ";0;0;0;1;0;1;0;0;0;1;0;"Longo da via";"Bom";"Não existe";"Perfeito estado";"Seca";"Perfeito estado";"Não existe";"Outras";"";"Única";"Faixa seccionada";"Canal";""
"5715";2020-02-14;"19:55:00";"SEM VÍTIMA";"FINALIZADA";"SANTO AMARO";"PTE DO LIMOEIRO";"";"";"NA PONTE MESMO";"SANTO AMARO";243;"SUBURBIO";"COLISÃO";"COLISAO SEM VITIMAS";3;0;0;0;0;0;0;0;0;0;0;"Ponte";"Bom";"Sem defeito";"Perfeito estado";"Seca";"Perfeito estado";"Faixa de retenção";"Placas Dê a preferência";"";"Dupla";"Faixa seccionada";"";""
"5716";2020-02-14;"19:56:00";"COM VÍTIMA";"FINALIZADA";"CASA AMARELA";"RUA XAVANTES";"328";"RUA PAULA BATISTA";"ENF  CENTRO ESPIRITA MOACIR";"CASA AMARELA";NA;"CIDADE";"ABALROAMENTO TRANSVERSAL";"DUAS MOTOS";0;2;0;0;0;0;0;0;0;1;0;"Cruzamento";"Bom";"Não existe";"Perfeito estado";"Seca";"Perfeito estado";"";"";"";"Dupla";"";"";""
"5717";2020-02-14;"20:03:00";"SEM VÍTIMA";"FINALIZADA";"DERBY";"PRC DO DERBY";"";"RUA JENER DE SOUZA";"PROX AO QUARTEL DO DERBY";"DERBY";40;"CIDADE";"COLISÃO";"POLO X HILUX";2;0;0;0;0;0;0;0;0;0;0;"Longo da via";"Bom";"Não existe";"Incompleta";"Seca";"Perfeito estado";"Não existe";"Não há placas";"";"Única";"Faixa seccionada";"";""
"5718";2020-02-14;"20:18:00";"SEM VÍTIMA";"CANCELADA";"IMBIRIBEIRA";"AV MARECHAL MASCARENHAS DE MORAES";"2100";"RUA PAMPULHA";"ENF . RENAULT SELECTION";"IMBIRIBEIRA";NA;"";"COLISÃO";"ONIBUS SAO JUDAS TADEU X HB 20";1;0;0;0;0;1;0;0;0;0;0;"";"";"";"";"";"";"";"";"";"";"";"";""
"5719";2020-02-14;"20:31:00";"SEM VÍTIMA";"CANCELADA";"COHAB";"RUA DR BENIGNO JORDAO DE VASCONCELOS";"";"";"PROX A CONVENIENCIA ALTAS HORAS";"COHAB";NA;"";"COLISÃO";"ONIX X VERSA";2;0;0;0;0;0;0;0;0;0;0;"";"";"";"";"";"";"";"";"";"";"";"";""
"5720";2020-02-14;"20:39:00";"SEM VÍTIMA";"FINALIZADA";"BONGI";"EST DO BONGI";"388";"";"ENF A EMPRESA TBFORTE (VIGILANCIA)";"BONGI";NA;"CIDADE";"COLISÃO";"PEUGEOLT X 3MOTOS";1;3;0;0;0;0;0;0;0;0;0;"Longo da via";"Bom";"Não existe";"Perfeito estado";"Seca";"Perfeito estado";"Não existe";"Não há placas";"";"Dupla";"Faixa contínua";"";""
"5721";2020-02-14;"23:01:00";"SEM VÍTIMA";"CANCELADA";"SANTO ANTÔNIO";"TRV DO ARSENAL DE GUERRA";"";"";"PROX AO CAIS DE SANTA RITA";"SANTO ANTÔNIO";NA;"";"COLISÃO";"COLISAO SEM VITIMAS";0;0;0;0;0;2;0;0;0;0;0;"";"";"";"";"";"";"";"";"";"";"";"";""
"5722";2020-02-14;"23:43:00";"COM VÍTIMA";"FINALIZADA";"ROSARINHO";"AV NORTE";"";"RUA TREZE DE JUNHO";"APOS A PRAÇA DO ROSARINHO. EM FRENTE AO POSTO BR.";"ROSARINHO";456;"SUBURBIO";"CHOQUE VEÍCULO PARADO";"COLISAO COM VITIMAS";0;2;0;0;0;0;0;0;0;2;0;"Longo da via";"Bom";"Sem defeito";"Perfeito estado";"Seca";"Perfeito estado";"Faixa de pedestre";"Outras";"";"Única";"Faixa contínua";"Faixa seccionada";"Canteiro central"
"5723";2020-02-15;"00:49:00";"SEM VÍTIMA";"FINALIZADA";"CASA AMARELA";"AV NORTE";"";"COR DO BARTOLOMEU";"PROX DA IGREJA INTERNACIONAL DA GRAÇAS DE DEUS";"CASA AMARELA";79;"SUBURBIO";"COLISÃO";"COLISÃO ENTRE ÕNIBUS E AUTO S/V";1;0;0;0;0;1;0;0;0;0;0;"Longo da via";"Bom";"Sem defeito";"Perfeito estado";"Seca";"Perfeito estado";"Faixa de pedestre";"Outras";"";"Única";"Não existe";"";""
"5724";2020-02-15;"03:22:00";"SEM VÍTIMA";"FINALIZADA";"TORRE";"RUA PADRE ANCHIETA";"";"RUA JOSE BONIFACIO";"EM FRENTE AO MINUTO PÃO DE AÇÚCAR";"TORRE";193;"";"COLISÃO";"COLISÃO ENTRE DOIS AUTOS- S/V";2;0;0;0;0;0;0;0;0;0;0;"Cruzamento";"Bom";"Sem defeito";"Perfeito estado";"Seca";"Perfeito estado";"Faixa de pedestre";"Outras";"";"Única";"Faixa seccionada";"";""
"5725";2020-02-15;"03:55:00";"SEM VÍTIMA";"FINALIZADA";"BONGI";"EST DO BONGI";"";"RUA COSME VIANA";"EM FRENTE A IMBIRIBEIRA VEÍCULOS";"BONGI";100;"";"COLISÃO";"COLISÃO ENTRE DOIS AUTOS- S/V";2;0;0;0;0;0;0;0;0;0;0;"Cruzamento";"Bom";"Sem defeito";"Perfeito estado";"Seca";"Perfeito estado";"Faixa de pedestre";"Outras";"";"";"Faixa contínua";"";""
"5726";2020-02-15;"04:08:00";"SEM VÍTIMA";"FINALIZADA";"BOA VIAGEM";"RUA VISCONDE DE JEQUITINHONHA";"";"RUA BARAO DE SOUZA LEAO";"";"BOA VIAGEM";129;"SUBURBIO";"COLISÃO";"COLISÃO ENTRE DOIS AUTOS- C/V";2;0;0;0;0;0;0;0;0;0;0;"Cruzamento";"Bom";"Sem defeito";"Perfeito estado";"Seca";"Perfeito estado";"Faixa de pedestre";"Outras";"";"Única";"Canal";"";""
"5727";2020-02-15;"07:01:00";"SEM VÍTIMA";"CANCELADA";"BOA VIAGEM";"AV ENGENHEIRO DOMINGOS FERREIRA";"2200";"RUA HENRIQUE CAPITULINO";"AO LADO DO POSTO BR";"BOA VIAGEM";484;"";"COLISÃO";"SEM VITIMAS";2;0;0;0;0;0;0;0;0;0;0;"";"";"";"";"";"";"";"";"";"";"";"";""
"5728";2020-02-15;"08:18:00";"SEM VÍTIMA";"FINALIZADA";"TORRE";"RUA JOAO TUDE DE MELO";"";"";"EM FRENTE AO RESTAURANTE GUAIAMUM GIGANTE";"TORRE";NA;"MADALENA";"COLISÃO";"COLISÃO SEM VITIMAS";2;0;0;0;0;0;0;0;0;0;0;"Longo da via";"Bom";"Não existe";"Perfeito estado";"Seca";"Perfeito estado";"Não existe";"Outras";"40 km/h";"Dupla";"Canal";"";""
"5729";2020-02-15;"08:23:00";"SEM VÍTIMA";"FINALIZADA";"CURADO";"RUA RAPHAEL DE OLIVEIRA ALVES";"365";"RUA JUNDIAI";"AO LADO DO SUPERMERCADO PAJÉU";"CURADO";NA;"SUBURBIO";"COLISÃO";"SEM VITIMAS";2;0;0;0;0;0;0;0;0;0;0;"Longo da via";"Bom";"Não existe";"Não existente";"Molhada";"Mal conservada";"Não existe";"Não há placas";"";"Dupla";"Não existe";"";""
"5730";2020-02-15;"09:30:00";"COM VÍTIMA";"FINALIZADA";"BOA VIAGEM";"RUA AMAZONAS";"196";"RUA TOME GIBSON";"EM FRENTE AO EDF PARK AMAZONAS";"BOA VIAGEM";NA;"";"ABALROAMENTO LONGITUDINAL";"AUTO E MOTO";1;1;0;0;0;0;0;0;0;1;0;"Cruzamento";"Bom";"Não existe";"Perfeito estado";"Seca";"Perfeito estado";"";"Placas Pare";"";"Única";"Não existe";"";""
"5731";2020-02-15;"10:32:00";"SEM VÍTIMA";"FINALIZADA";"APIPUCOS";"RUA MANDACARU";"686";"RUA DE APIPUCOS";"PROX. AO POSTO DE GASOLINA PETROCAL";"APIPUCOS";NA;"";"COLISÃO";"MOTO E AUTO S/V USUARIO INF. QUE HOUVE UMA PANCADA NA PERNA- POREM NÃO DESEJA ACIONAR O SAMU OU BOMBEIRO // VT-13 NO LOCAL SUB. PAULO OLIVEIRA E FATIMA";1;1;0;0;0;0;0;0;0;0;0;"Longo da via";"Bom";"Não existe";"Perfeito estado";"Seca";"Perfeito estado";"Não existe";"Não há placas";"";"Dupla";"Faixa seccionada";"";""
"5732";2020-02-15;"10:47:00";"SEM VÍTIMA";"CANCELADA";"DERBY";"RUA HENRIQUE DIAS";"";"";"EM FRENTE A ESCOLA DA POLICIA MILITAR";"DERBY";NA;"";"COLISÃO";"COLISÃO SEM VITIMAS";1;1;0;0;0;0;0;0;0;0;0;"";"";"";"";"";"";"";"";"";"";"";"";""
"5733";2020-02-15;"11:18:00";"COM VÍTIMA";"FINALIZADA";"SÃO JOSÉ";"AV SUL";"";"";"EM FRENTE AO ESTACIONAMENTO GERALDO ARAUJO";"SÃO JOSÉ";NA;"SUBURBIO";"COLISÃO COM CICLISTA";"ONIBUS E CICLISTA C/V";0;0;0;1;0;1;0;0;0;1;0;"Longo da via";"Bom";"Não existe";"Não existente";"Seca";"Perfeito estado";"Não existe";"Não há placas";"";"Dupla";"Canteiro central";"";""
"5734";2020-02-15;"11:24:00";"SEM VÍTIMA";"FINALIZADA";"COQUEIRAL";"RUA GUANABARA";"148";"";"EM FRENTE ACADEMIA  TECNOFORMA";"COQUEIRAL";NA;"";"COLISÃO";"COLISÃO SEM VITIMAS";1;0;0;0;0;1;0;0;0;0;0;"Longo da via";"Bom";"Não existe";"";"Seca";"Perfeito estado";"Não existe";"Não há placas";"";"Dupla";"";"";""
"5735";2020-02-15;"11:30:00";"COM VÍTIMA";"FINALIZADA";"MADALENA";"RUA BENFICA";"";"AV VISCONDE DE ALBUQUERQUE";"EM FRENTE AO BOMPREÇO";"MADALENA";51;"";"ABALROAMENTO TRANSVERSAL";"COM UMA VITIMA -SAMU NO LOCAL -CTTU VT 07 NO LOCAL";1;0;0;0;0;1;0;0;0;1;0;"Cruzamento";"Bom";"Sem defeito";"Perfeito estado";"Seca";"Perfeito estado";"Faixa de pedestre";"Outras";"40 km/h";"Única";"Faixa contínua";"";""
"5736";2020-02-15;"11:35:00";"SEM VÍTIMA";"FINALIZADA";"GRAÇAS";"AV GOVERNADOR AGAMENON MAGALHAES";"1114";"";"EM FRENTE AO PREDIO DA EMBRATEL";"GRAÇAS";173;"BOA VIAGEM";"COLISÃO";"SEM VITIMAS";2;0;0;0;0;0;0;0;1;0;0;"Longo da via";"Bom";"Sem defeito";"Perfeito estado";"Seca";"Perfeito estado";"Faixa de pedestre";"Não há placas";"60 km/h";"Única";"Canteiro central";"";""
"5737";2020-02-15;"12:14:00";"SEM VÍTIMA";"CANCELADA";"BOA VISTA";"RUA DO RIACHUELO";"413";"";"EM FRENTE A O COLEGIO 2001";"BOA VISTA";NA;"";"COLISÃO";"SEM VITIMAS";1;0;0;0;0;0;1;0;0;0;0;"";"";"";"";"";"";"";"";"";"";"";"";""
"5738";2020-02-15;"13:38:00";"SEM VÍTIMA";"FINALIZADA";"BOA VIAGEM";"AV CONSELHEIRO AGUIAR";"4552";"";"EM FRENTE A FARMACIA DROGASIL";"BOA VIAGEM";NA;"";"COLISÃO";"SEM VITIMAS";2;0;0;0;0;0;0;0;0;0;0;"Longo da via";"Bom";"Sem defeito";"Perfeito estado";"Seca";"Perfeito estado";"Faixa de pedestre";"Outras";"40 km/h";"Única";"Faixa contínua";"";""
"5739";2020-02-15;"13:57:00";"SEM VÍTIMA";"FINALIZADA";"PINA";"RUA SAO LUIZ";"615";"AV ENGENHEIRO DOMINGOS FERREIRA";"NA ENTRADA DO BODE-EM FRENTE A FARMACIA do trabalhador";"PINA";NA;"";"ENGAVETAMENTO";"SEM VITIMAS";3;0;0;0;0;0;0;0;0;0;0;"Longo da via";"Bom";"Não existe";"Perfeito estado";"Seca";"Perfeito estado";"";"Placas Pare";"";"Única";"Não existe";"";""
"5740";2020-02-15;"14:51:00";"SEM VÍTIMA";"FINALIZADA";"TEJIPIÓ";"AV DR JOSE RUFINO";"2993";"";"EM FRENTE A ESCOLA HUMBERTO CASTELO BRANCO";"TEJIPIÓ";NA;"";"COLISÃO";"COLISÃO SEM VÍTIMA";3;0;0;0;0;0;0;0;0;0;0;"Longo da via";"Bom";"Sem defeito";"Perfeito estado";"Seca";"Perfeito estado";"Faixa de pedestre";"";"";"Dupla";"Faixa contínua";"Faixa seccionada";""