"";"data";"hora";"natureza_acidente";"situacao";"bairro";"endereco";"numero";"detalhe_endereco_acidente";"complemento";"bairro_cruzamento";"num_semaforo";"sentido_via";"tipo";"descricao";"auto";"moto";"ciclom";"ciclista";"pedestre";"onibus";"caminhao";"viatura";"outros";"vitimas";"vitimasfatais";"acidente_verificado";"tempo_clima";"situacao_semaforo";"sinalizacao";"condicao_via";"conservacao_via";"ponto_controle";"situacao_placa";"velocidade_max_via";"mao_direcao";"divisao_via1";"divisao_via2";"divisao_via3"
"5849";2020-02-19;"08:55:00";"SEM VÍTIMA";"CANCELADA";"BOA VIAGEM";"AV DOM JOAO VI";"";"";"AO LADO DO SHOPPING RECIFE / EM FRENTE AO CANAL";"BOA VIAGEM";NA;"";"COLISÃO";"DOIS AUTOS";2;0;0;0;0;0;0;0;0;0;0;"";"";"";"";"";"";"";"";"";"";"";"";""
"5850";2020-02-19;"09:19:00";"SEM VÍTIMA";"FINALIZADA";"BARRO";"RUA PADRE DIOGO RODRIGUES";"43";"";"AO LADO DA PRIMEIRA IGREJA BATISTA EM AREIAS";"BARRO";NA;"";"COLISÃO";"COLISÃO SEM  VITIMAS";2;0;0;0;0;0;0;0;0;0;0;"Longo da via";"Bom";"Não existe";"Não existente";"Seca";"Perfeito estado";"Não existe";"Não há placas";"";"Dupla";"Não existe";"";""
"5851";2020-02-19;"09:20:00";"SEM VÍTIMA";"FINALIZADA";"BOA VIAGEM";"RUA TOME GIBSON";"";"RUA TOME GIBSON";"NA SAÍDA DA VIA MANGUE (INÍCIO DA RUA TOMÉ GIBSON) / SENT. PINA";"BOA VIAGEM";NA;"CIDADE";"COLISÃO";"COLISÃO S/VITIMAS ENTRE DOIS AUTOS";2;0;0;0;0;0;0;0;0;0;0;"Longo da via";"Bom";"Não existe";"Perfeito estado";"Seca";"Perfeito estado";"Não existe";"Outras";"";"Dupla";"Canteiro central";"";""
"5852";2020-02-17;"09:23:00";"SEM VÍTIMA";"FINALIZADA";"MANGABEIRA";"AV PROFESSOR JOSE DOS ANJOS";"1192";"";"";"MANGABEIRA";364;"";"COLISÃO TRASEIRA";"COLISÃO S/ VÍTIMAS";1;1;0;0;0;0;0;0;0;0;0;"Longo da via";"Bom";"Sem defeito";"Perfeito estado";"Seca";"Perfeito estado";"Faixa de pedestre";"R-6a";"";"Única";"Faixa seccionada";"";""
"5853";2020-02-19;"09:48:00";"SEM VÍTIMA";"FINALIZADA";"DERBY";"RUA GUILHERME PINTO";"636";"";"EM FRENTE A VERD -FRUT  E AO BLOCO D. DA MAURICIO  DE NASSAU";"DERBY";NA;"SUBURBIO";"COLISÃO";"COLISÃO SEM VITIMAS";1;0;0;0;0;1;0;0;0;0;0;"Longo da via";"Bom";"Sem defeito";"Perfeito estado";"Seca";"Perfeito estado";"Não existe";"R-6a";"";"Única";"Faixa seccionada";"";""
"5854";2020-02-19;"10:46:00";"SEM VÍTIMA";"FINALIZADA";"CASA AMARELA";"AV NORTE";"5402";"";"EM FRENTE A UPINHA";"CASA AMARELA";NA;"SUBURBIO";"COLISÃO";"COLISAO SEM VITIMAS";0;0;0;0;0;1;0;0;0;0;0;"Longo da via";"Bom";"Não existe";"Perfeito estado";"Seca";"Perfeito estado";"Faixa de pedestre";"";"";"Dupla";"Canteiro central";"";""
"5855";2020-02-19;"11:02:00";"SEM VÍTIMA";"FINALIZADA";"BOA VISTA";"RUA DO PROGRESSO";"242";"";"E/F EMPRESARIAL PROGRESSO";"BOA VISTA";NA;"CIDADE";"COLISÃO";"COLISÃO S/VITIMAS ENTRE UM CAMINHÃO E UMA RETROESCAVADEIRA";0;0;0;0;0;0;1;0;1;0;0;"Longo da via";"Bom";"Não existe";"Perfeito estado";"Seca";"Perfeito estado";"Não existe";"Não há placas";"40 km/h";"Única";"Não existe";"";""
"5856";2020-02-19;"11:24:00";"SEM VÍTIMA";"CANCELADA";"IPSEP";"RUA ALDEMAR DE OLIVEIRA";"198";"";"RUA DA LOJA DE PNEUS";"IPSEP";NA;"";"CHOQUE OBJETO FIXO";"CAMINHAO CHOCOU-SE COM O POSTE DERRUBANDO OS FIOS E O POSTE PARTIU-SE AO MEIO / MOTORISTA SE ENCONTRA NO LOCAL POREM NAO ENTROU EM CONTATO COM A CTTU";0;0;0;0;0;0;1;0;0;0;0;"";"";"";"";"";"";"";"";"";"";"";"";""
"5857";2020-02-19;"11:29:00";"SEM VÍTIMA";"FINALIZADA";"SAN MARTIN";"AV ENGENHEIRO ABDIAS DE CARVALHO";"";"AV GENERAL SAN MARTIN";"EM FRENTE AO COMPAZ";"SAN MARTIN";58;"";"COLISÃO";"COLISÃO SEM VITIMAS";1;1;0;0;0;0;0;0;0;0;0;"Longo da via";"Bom";"Sem defeito";"Perfeito estado";"Seca";"Perfeito estado";"Agente";"Outras";"";"Dupla";"Faixa contínua";"Faixa seccionada";"Canteiro central"
"5858";2020-02-19;"11:57:00";"COM VÍTIMA";"FINALIZADA";"MORRO DA CONCEIÇÃO";"COR DO BARTOLOMEU";"179";"";"PROXIMO HAIKAI SUSHIBAR BURGUER";"MORRO DA CONCEIÇÃO";NA;"SUBURBIO";"ABALROAMENTO TRANSVERSAL";"COLISAO COM VITIMAS";0;2;0;0;0;0;0;0;0;2;0;"Longo da via";"Bom";"Não existe";"Perfeito estado";"Seca";"Perfeito estado";"Não existe";"Outras";"";"Dupla";"Faixa seccionada";"";""
"5859";2020-02-19;"12:04:00";"SEM VÍTIMA";"FINALIZADA";"BOA VIAGEM";"AV ANTONIO DE GOES";"549";"";"AO LADO DO POSTO DA SULA AMERICA";"BOA VIAGEM";538;"CIDADE";"COLISÃO";"COLISAO SEM VITIMAS";2;0;0;0;0;0;0;0;0;0;0;"Longo da via";"Bom";"Sem defeito";"Perfeito estado";"Seca";"Perfeito estado";"Agente";"Outras";"";"Única";"Faixa contínua";"Faixa seccionada";""
"5860";2020-02-19;"12:40:00";"SEM VÍTIMA";"CANCELADA";"DERBY";"AV GOVERNADOR AGAMENON MAGALHAES";"";"";"EM FRENTE A MAXI SEGURO E AO LADO DO BANCO DO BRASIL/ SENTIDO OLINDA";"DERBY";NA;"";"COLISÃO";"COLISÃO SEM VÍTIMA";1;1;0;0;0;0;0;0;0;0;0;"";"";"";"";"";"";"";"";"";"";"";"";""
"5861";2020-02-19;"12:42:00";"SEM VÍTIMA";"CANCELADA";"SÃO JOSÉ";"RUA PRIMEIRO DE MARCO";"";"AV MARTINS DE BARROS";"NO CRUZAMENTO MESMO";"SÃO JOSÉ";NA;"";"COLISÃO";"COLISAO SEM VITIMAS";1;1;0;0;0;0;0;0;0;0;0;"";"";"";"";"";"";"";"";"";"";"";"";""
"5862";2020-02-19;"12:59:00";"SEM VÍTIMA";"CANCELADA";"SANTO AMARO";"AV MARIO MELO";"";"";"E/F A ESCOLA CONEGO ROCHEL DE MEDEIROS";"SANTO AMARO";NA;"";"COLISÃO";"COLISAO SEM VITIMAS";2;0;0;0;0;0;0;0;0;0;0;"";"";"";"";"";"";"";"";"";"";"";"";""
"5863";2020-02-19;"13:48:00";"SEM VÍTIMA";"FINALIZADA";"BOA VISTA";"RUA DOM BOSCO";"";"";"E/F AO COLEGIO SALESIANO";"BOA VISTA";NA;"CIDADE";"COLISÃO";"COLISAO SEM VITIMAS";2;0;0;0;0;0;0;0;0;0;0;"Longo da via";"Bom";"Não existe";"Perfeito estado";"Seca";"Perfeito estado";"Outros";"Outras";"";"Única";"Outros";"";""
"5864";2020-02-19;"13:50:00";"SEM VÍTIMA";"FINALIZADA";"VÁRZEA";"RUA FRANCISCO LACERDA";"";"RUA FRANCISCO LACERDA";"E/F A ESCOLA CRISTÃ";"VÁRZEA";NA;"SUBURBIO";"COLISÃO";"COLISAO ENTRE DOIS AUTOS S/V VT 16 NO LOCAL";2;0;0;0;0;0;0;0;0;0;0;"Cruzamento";"Bom";"Não existe";"Perfeito estado";"Seca";"Perfeito estado";"Não existe";"R-6a";"";"Dupla";"Não existe";"";""
"5865";2020-02-19;"14:02:00";"SEM VÍTIMA";"FINALIZADA";"BOA VISTA";"AV CONDE DA BOA VISTA";"";"";"EM FRENTE A FARMACIA INDEPENDENTE/ SENTIDO AGAMENON";"BOA VISTA";23;"";"COLISÃO";"COLISÃO SEM VÍTIMA";1;0;0;0;0;1;0;0;0;0;0;"";"Bom";"Sem defeito";"Perfeito estado";"Seca";"Perfeito estado";"";"";"40 km/h";"Única";"Não existe";"";""
"5866";2020-02-19;"14:06:00";"SEM VÍTIMA";"CANCELADA";"IBURA";"RUA RIO XINGU";"180";"";"E/F A PANIFICADORA QUE PAO";"IBURA";NA;"";"COLISÃO";"COLISAO SEM VITIMAS";1;1;0;0;0;0;0;0;0;0;0;"";"";"";"";"";"";"";"";"";"";"";"";""
"5867";2020-02-19;"14:59:00";"SEM VÍTIMA";"FINALIZADA";"PINA";"AV ANTONIO DE GOES";"60";"";"AO LADO DO JCPM";"PINA";226;"CIDADE";"COLISÃO";"COLISAO ENTRE DOIS AUTOS S/V";2;0;0;0;0;0;0;0;0;0;0;"Longo da via";"Bom";"Sem defeito";"Perfeito estado";"Seca";"Perfeito estado";"Faixa de pedestre";"Outras";"60 km/h";"Única";"Faixa seccionada";"";""
"5868";2020-02-19;"15:41:00";"SEM VÍTIMA";"FINALIZADA";"BOA VISTA";"RUA DAS FRONTEIRAS";"76";"";"EM FRENTE A URGENCIA DO MEMORIAL SÃO JOSÉ";"BOA VISTA";NA;"SUBURBIO";"COLISÃO";"COLISÃO SEM VÍTIMA";2;0;0;0;0;0;0;0;0;0;0;"Longo da via";"Bom";"Não existe";"Incompleta";"Seca";"Perfeito estado";"Não existe";"Outras";"";"Única";"Não existe";"";""
"5869";2020-02-19;"17:04:00";"SEM VÍTIMA";"FINALIZADA";"BONGI";"AV CONSUL VILARES FRAGOSO";"374";"";"PROX A CELPE";"BONGI";NA;"SUBURBIO";"COLISÃO";"COLISAO SEM VITIMAS";1;1;0;0;0;0;0;0;0;0;0;"Cruzamento";"Bom";"Não existe";"Perfeito estado";"Seca";"Mal conservada";"Não existe";"R-6a";"30 km/h";"Dupla";"Faixa seccionada";"";""
"5870";2020-02-19;"17:06:00";"SEM VÍTIMA";"FINALIZADA";"PINA";"AV ANTONIO DE GOES";"";"";"E/F PRF S/T CID";"PINA";NA;"CIDADE";"COLISÃO";"COLISAO ENTRE DOIS AUTOS S/V";2;0;0;0;0;0;0;0;0;0;0;"Longo da via";"Bom";"Não existe";"Perfeito estado";"Seca";"Perfeito estado";"Não existe";"Placas Pare";"40 km/h";"Única";"Não existe";"";""
"5871";2020-02-19;"17:14:00";"SEM VÍTIMA";"DUPLICIDADE";"BONGI";"AV CONSUL VILARES FRAGOSO";"269";"";"PROXIMO AO RESIDENCIAL MORADA RECIFE";"BONGI";NA;"";"COLISÃO";"COLISÃO SEM VÍTIMA";1;1;0;0;0;0;0;0;0;0;0;"";"";"";"";"";"";"";"";"";"";"";"";""
"5872";2020-02-19;"17:14:00";"SEM VÍTIMA";"FINALIZADA";"VÁRZEA";"RUA GENERAL POLIDORO";"397";"";"PROX A PADARIA DELICATESSEN";"VÁRZEA";577;"SUBURBIO";"COLISÃO";"COLISAO SEM VITIMAS";1;0;0;0;0;0;1;0;0;0;0;"Longo da via";"Bom";"Sem defeito";"Perfeito estado";"Seca";"Perfeito estado";"Faixa de pedestre";"Outras";"";"Dupla";"Não existe";"";""
"5873";2020-02-19;"17:28:00";"SEM VÍTIMA";"FINALIZADA";"CASA AMARELA";"RUA DA HARMONIA";"";"";"PROX A IGREJA DA HARMONIA";"CASA AMARELA";598;"SUBURBIO";"COLISÃO";"COLISAO SEM VITIMAS";1;0;0;0;0;1;0;0;0;0;0;"Esquina";"Bom";"Sem defeito";"Perfeito estado";"Seca";"Perfeito estado";"Faixa de retenção";"Outras";"";"Dupla";"Não existe";"";""
"5874";2020-02-19;"17:40:00";"SEM VÍTIMA";"FINALIZADA";"BOA VISTA";"AV GOVERNADOR AGAMENON MAGALHAES";"";"";"E/F AO CLUBE PORTUGUES";"BOA VISTA";NA;"";"COLISÃO";"COLISAO SEM VITIMAS";2;0;0;0;0;0;0;0;0;0;0;"Cruzamento";"Bom";"Sem defeito";"Perfeito estado";"Seca";"Perfeito estado";"Faixa de pedestre";"";"60 km/h";"Dupla";"Canal";"";""
"5875";2020-02-19;"18:15:00";"SEM VÍTIMA";"FINALIZADA";"PINA";"AV ANTONIO DE GOES";"449";"RUA MIRANDA FALCAO";"ENF A LG // PROX A ICONNECT ASSISTENCIA TECNICA";"PINA";277;"CIDADE";"COLISÃO";"GOL X MOTO HONDA CG 160";1;1;0;0;0;0;0;0;0;0;0;"Longo da via";"Bom";"Sem defeito";"Perfeito estado";"Seca";"Perfeito estado";"Agente";"Placas Pare";"60 km/h";"Única";"Canteiro central";"";""
"5876";2020-02-19;"18:33:00";"SEM VÍTIMA";"FINALIZADA";"TAMARINEIRA";"RUA CONEGO BARATA";"571";"";"ENF A MANA DELICATESSEN";"TAMARINEIRA";NA;"";"COLISÃO";"GOL X ONIX OBS:: SUSPEITA DE EMBRIAGUES O MOTORISTA ESTA MUITO ALTERADO";2;0;0;0;0;0;0;0;0;0;0;"Longo da via";"Bom";"Sem defeito";"Perfeito estado";"Seca";"Perfeito estado";"Não existe";"Outras";"";"Dupla";"Faixa seccionada";"";""
"5877";2020-02-19;"18:42:00";"COM VÍTIMA";"FINALIZADA";"PINA";"AV ENGENHEIRO DOMINGOS FERREIRA";"";"RUA PEREIRA DA COSTA";"ENF AO CLINICAL CENTER";"PINA";142;"SUBURBIO";"COLISÃO TRASEIRA";"MMC/L200 MITSUBISHI X FAN 160";1;1;0;0;0;0;0;0;0;1;0;"Cruzamento";"Bom";"Sem defeito";"Perfeito estado";"Seca";"Perfeito estado";"Faixa de pedestre";"Não há placas";"";"Única";"Faixa seccionada";"Canteiro central";""
"5878";2020-02-19;"18:59:00";"COM VÍTIMA";"FINALIZADA";"IPSEP";"RUA HELIO BRANDAO";"362";"RUA SAO NICOLAU";"PROX A V8 VEICULOS";"IPSEP";565;"";"COLISÃO";"COLISAO COM VITIMAS";0;1;0;0;0;0;1;0;0;1;0;"Cruzamento";"Bom";"Sem defeito";"Perfeito estado";"Seca";"Perfeito estado";"Faixa de pedestre";"Outras";"";"Única";"Não existe";"";""
"5879";2020-02-19;"19:28:00";"SEM VÍTIMA";"FINALIZADA";"TAMARINEIRA";"RUA CONEGO BARATA";"571";"";"PROX A FERREIRA COSTA";"TAMARINEIRA";NA;"SUBURBIO";"COLISÃO";"COLISAO SEM VITIMAS";2;0;0;0;0;0;0;0;0;0;0;"Longo da via";"Bom";"Não existe";"Perfeito estado";"Seca";"Perfeito estado";"Outros";"Outras";"";"Dupla";"Blocos";"";""
"5880";2020-02-19;"19:52:00";"SEM VÍTIMA";"FINALIZADA";"BOA VISTA";"RUA DO HOSPICIO";"940";"";"AO LADO DA CAIXA ECONOMICA FEDERAL";"BOA VISTA";NA;"CIDADE";"COLISÃO";"MOBI X VIRTUS";2;0;0;0;0;0;0;0;0;0;0;"Longo da via";"Bom";"Sem defeito";"Perfeito estado";"Seca";"Perfeito estado";"Faixa de pedestre";"Não há placas";"40 km/h";"Dupla";"Faixa contínua";"";""
"5881";2020-02-19;"20:13:00";"SEM VÍTIMA";"FINALIZADA";"PAISSANDU";"AV GOVERNADOR AGAMENON MAGALHAES";"4760";"RUA PAISSANDU";"ENF. AO HOSPITAL PORTUGUES // SENTIDO BOA VIAGEM";"PAISSANDU";69;"SUBURBIO";"COLISÃO";"KILD X HILUX";2;0;0;0;0;0;0;0;0;0;0;"Longo da via";"Chuvoso";"Sem defeito";"Perfeito estado";"Molhada";"Perfeito estado";"Faixa de pedestre";"Outras";"60 km/h";"Única";"Faixa seccionada";"";""
"5882";2020-02-19;"20:13:00";"SEM VÍTIMA";"FINALIZADA";"SANTO ANTÔNIO";"AV MARTINS DE BARROS";"";"";"ENF. AO MINISTERIO PUBLICO DE PE.";"SANTO ANTÔNIO";NA;"CIDADE";"COLISÃO";"FIAT TORO X ONIBUS CAXANGA";1;0;0;0;0;1;0;0;0;0;0;"Longo da via";"Bom";"Sem defeito";"Perfeito estado";"Seca";"Perfeito estado";"Não existe";"Outras";"";"Única";"Faixa seccionada";"";""
"5883";2020-02-19;"20:41:00";"SEM VÍTIMA";"FINALIZADA";"ENCRUZILHADA";"RUA DONA ELVIRA";"194";"RUA DONA ELVIRA";"PROX A QUITANDARIA";"ENCRUZILHADA";NA;"SUBURBIO";"COLISÃO";"COLISAO SEM VITIMAS";2;0;0;0;0;0;0;0;0;0;0;"Cruzamento";"Bom";"Não existe";"Ilegível";"Seca";"Mal iluminada";"Não existe";"Placas Pare";"";"Dupla";"Não existe";"";""
"5884";2020-02-19;"21:41:00";"SEM VÍTIMA";"FINALIZADA";"CASA FORTE";"AV DEZESSETE DE AGOSTO";"";"";"E/F A PRAÇA DE CASA FORTE";"CASA FORTE";372;"CIDADE";"COLISÃO";"COLISAO SEM VITIMAS";2;1;0;0;0;0;0;0;0;0;0;"Longo da via";"Chuvoso";"Sem defeito";"Perfeito estado";"Molhada";"Perfeito estado";"Faixa de pedestre";"R-6a";"";"Dupla";"Faixa seccionada";"";""
"5885";2020-02-19;"22:15:00";"COM VÍTIMA";"CANCELADA";"SÃO JOSÉ";"AV SUL";"";"";"POR BAIXO DO VIADUTO CAPITAO TEMUDO";"SÃO JOSÉ";NA;"";"ATROPELAMENTO";"MOTO E PEDESTRE";0;1;0;0;1;0;0;0;0;2;0;"";"";"";"";"";"";"";"";"";"";"";"";""
"5886";2020-02-20;"06:36:00";"SEM VÍTIMA";"FINALIZADA";"TAMARINEIRA";"EST VELHA DE AGUA FRIA";"999";"EST VELHA DE AGUA FRIA";"E/F AO DNOCS";"TAMARINEIRA";306;"";"COLISÃO";"COLISÃO S/VITIMAS ENTRE DOIS AUTOS";2;0;0;0;0;0;0;0;0;0;0;"Cruzamento";"Chuvoso";"Desligado";"Perfeito estado";"Molhada";"Perfeito estado";"Faixa de pedestre";"Não há placas";"";"Dupla";"Blocos";"";""
"5887";2020-02-20;"07:35:00";"SEM VÍTIMA";"FINALIZADA";"ILHA DO LEITE";"RUA ANTONIO GOMES DE FREITAS";"";"PRC MIGUEL DE CERVANTES";"EM FRENTE  A PRAÇA MIGUEL DE CERVANTES";"ILHA DO LEITE";NA;"CIDADE";"COLISÃO";"COLISÃO SEM VITIMAS";2;0;0;0;0;0;0;0;0;0;0;"Cruzamento";"Chuvoso";"Não existe";"Perfeito estado";"Molhada";"Perfeito estado";"Faixa de pedestre";"Placas Pare";"";"Única";"Faixa seccionada";"";""
"5888";2020-02-20;"07:51:00";"COM VÍTIMA";"FINALIZADA";"IMBIRIBEIRA";"AV MARECHAL MASCARENHAS DE MORAES";"3930";"";"E/F A O LOCALIZA";"IMBIRIBEIRA";218;"CIDADE";"COLISÃO COM CICLISTA";"COLISÃO C/VITIMAS ENTRE UMA MOTO E UMA BICICLETA";0;1;0;1;0;0;0;0;0;2;0;"Longo da via";"Bom";"Sem defeito";"Perfeito estado";"Seca";"Perfeito estado";"Faixa de pedestre";"Outras";"";"";"Canteiro central";"";""
"5889";2020-02-20;"08:10:00";"SEM VÍTIMA";"FINALIZADA";"IPUTINGA";"RUA LEAL DE BARROS";"610";"";"RESIDENCIA  PROX  AO BAR DONA NICE";"IPUTINGA";NA;"CIDADE";"COLISÃO";"COLISÃO SEM VITIMAS";2;0;0;0;0;0;0;0;0;0;0;"Longo da via";"Nublado";"Não existe";"Não existente";"Seca";"Outros";"Não existe";"Não há placas";"";"Dupla";"Não existe";"";""
"5890";2020-02-20;"08:15:00";"SEM VÍTIMA";"FINALIZADA";"ILHA DO RETIRO";"AV BEIRA RIO";"400";"";"100 METROS APÓS O EDF. MARIA TERESA COELHO";"ILHA DO RETIRO";NA;"SUBURBIO";"COLISÃO";"COLISÃO S/ VITIMAS ENTRE DOIS AUTOS- SEGUIDA DE CAPOTAMENTO // USUÁRIO INFORMA ESCORIAÇÕES- NO ENTANTO- NÃO ACIONARÃO O SAMU";2;0;0;0;0;0;0;0;0;0;0;"Longo da via";"Bom";"Sem defeito";"Perfeito estado";"Seca";"Perfeito estado";"Não existe";"Não há placas";"";"Dupla";"Faixa seccionada";"";""
"5891";2020-02-20;"08:16:00";"SEM VÍTIMA";"FINALIZADA";"IBURA";"RUA BABILONIA";"100";"";"UR 03 PROX A PADARIA TRIGO DE OURO   EM FRENTE A ESCOLA MARCOS FREIRE";"IBURA";NA;"";"COLISÃO";"COLISÃO SEM VITIMAS";2;0;0;0;0;0;0;0;0;0;0;"Longo da via";"Bom";"Não existe";"Não existente";"Seca";"Perfeito estado";"Não existe";"Não há placas";"";"Dupla";"Não existe";"";""
"5892";2020-02-20;"08:17:00";"SEM VÍTIMA";"FINALIZADA";"SANTO AMARO";"AV PREFEITO ARTUR LIMA CAVALCANTI";"";"";"POR TRAS DO HOSPITAL DA MARINHA";"SANTO AMARO";NA;"SUBURBIO";"COLISÃO";"CAMINHÃO E AUTO  BATEDORES NO LOCAL GM´S BASTOS E ITALO";1;0;0;0;0;0;1;0;0;0;0;"Longo da via";"Chuvoso";"Não existe";"Perfeito estado";"Seca";"Perfeito estado";"Não existe";"Não há placas";"";"Única";"Não existe";"";""
"5893";2020-02-20;"08:41:00";"COM VÍTIMA";"FINALIZADA";"BONGI";"RUA CARLOS GOMES";"914";"RUA PADRE TEOFILO TWORZ";"EM FRENTE AO CANAL / PROX AO CENTRO DE SAUDE ROMERO MARQUES";"BONGI";NA;"SUBURBIO";"COLISÃO";"AUTO E MOTO";1;1;0;0;0;0;0;0;0;1;0;"Cruzamento";"Bom";"Não existe";"Incompleta";"Seca";"Perfeito estado";"Não existe";"Não há placas";"";"Única";"Faixa seccionada";"";""
"5894";2020-02-20;"08:42:00";"SEM VÍTIMA";"FINALIZADA";"IMBIRIBEIRA";"AV MARECHAL MASCARENHAS DE MORAES";"1919";"";"E/F AO JUIZADO ESPECIAIS DO RECIFE (SENT. AFOGADOS)";"IMBIRIBEIRA";NA;"CIDADE";"COLISÃO";"COLISÃO S/VITIMAS ENTRE DOIS AUTOS";2;0;0;0;0;0;0;0;0;0;0;"Longo da via";"Nublado";"Não existe";"Perfeito estado";"Seca";"Perfeito estado";"Não existe";"Não há placas";"30 km/h";"Única";"Não existe";"";""
"5895";2020-02-20;"08:48:00";"SEM VÍTIMA";"FINALIZADA";"ENCRUZILHADA";"EST DE BELEM";"115";"RUA DOMINGOS BASTOS";"AO LADO DA IGREJA CATÓLICA DA EST DE BELEM";"ENCRUZILHADA";NA;"SUBURBIO";"COLISÃO";"COLISÃO S/VITIMAS ENTRE UM CAMINHÃO E UM AUTO (V.T 05 NO QTH)";1;0;0;0;0;0;1;0;0;0;0;"Longo da via";"Bom";"Não existe";"Perfeito estado";"Seca";"Perfeito estado";"Não existe";"Não há placas";"";"Dupla";"Faixa contínua";"";""
"5896";2020-02-20;"08:49:00";"COM VÍTIMA";"FINALIZADA";"SANTO AMARO";"AV GOVERNADOR AGAMENON MAGALHAES";"";"";"EM FRENTE A UPE SENT. OLINDA. LADO OPOSTO AO POSTO DE COMBUSTÍVEL BR";"SANTO AMARO";378;"OLINDA";"COLISÃO TRASEIRA";"DOIS AUTOS E MOTO";2;1;0;0;0;0;0;0;0;1;0;"Longo da via";"Bom";"Sem defeito";"Perfeito estado";"Seca";"Perfeito estado";"Faixa de pedestre";"Não há placas";"60 km/h";"Única";"Faixa seccionada";"";""
"5897";2020-02-20;"08:54:00";"SEM VÍTIMA";"FINALIZADA";"DERBY";"AV GOVERNADOR AGAMENON MAGALHAES";"";"AV RUI BARBOSA";"EM FRENTE AO TRE";"DERBY";37;"CIDADE";"COLISÃO";"DOIS AUTOS PONTO FIXO SUB. PAULINO E DOUGLAS";2;0;0;0;0;0;0;0;0;0;0;"Longo da via";"Bom";"Sem defeito";"Perfeito estado";"Seca";"Perfeito estado";"Faixa de retenção";"Outras";"60 km/h";"Única";"Faixa contínua";"";""
"5898";2020-02-20;"10:22:00";"SEM VÍTIMA";"FINALIZADA";"JARDIM SÃO PAULO";"AV RECIFE";"";"AV JOAO CABRAL DE MELO NETO";"EM FRENTE CERPE";"JARDIM SÃO PAULO";259;"SUBURBIO";"COLISÃO";"TRES AUTOS / GM AUGUSTO P.O";3;0;0;0;0;0;0;0;0;0;0;"Cruzamento";"Bom";"Sem defeito";"Perfeito estado";"Seca";"Perfeito estado";"Faixa de pedestre";"Outras";"60 km/h";"Dupla";"Canteiro central";"";""
"5899";2020-02-20;"10:44:00";"SEM VÍTIMA";"FINALIZADA";"CABANGA";"AV SATURNINO DE BRITO";"472";"";"E/F A COMPESA";"CABANGA";661;"";"COLISÃO";"COLISÃO S/VITIMAS ENTRE UM CAMINHÃO E UM AUTO";1;0;0;0;0;0;1;0;0;0;0;"Longo da via";"Bom";"Não existe";"Perfeito estado";"Seca";"Perfeito estado";"Não existe";"Não há placas";"40 km/h";"Única";"Não existe";"";""
"5900";2020-02-20;"10:54:00";"SEM VÍTIMA";"FINALIZADA";"ESTÂNCIA";"AV RECIFE";"5516";"";"EM FRENTE LOJA MESTRE DAS BATERIAS";"ESTÂNCIA";NA;"";"COLISÃO";"COLISÃO SEM VITIMAS LAIS ARAUJO QTH";1;0;0;0;0;0;1;0;0;0;0;"Longo da via";"Bom";"Não existe";"Incompleta";"Seca";"Perfeito estado";"Não existe";"Outras";"60 km/h";"Dupla";"Canteiro central";"";""
"5901";2020-02-20;"10:55:00";"SEM VÍTIMA";"CANCELADA";"ARRUDA";"RUA DAS MOCAS";"187";"";"VIA RESIDENCIAL";"ARRUDA";NA;"";"COLISÃO";"COLISÃO S/VITIMAS ENTRE DOIS AUTOS";2;0;0;0;0;0;0;0;0;0;0;"";"";"";"";"";"";"";"";"";"";"";"";""
"5902";2020-02-20;"11:41:00";"COM VÍTIMA";"FINALIZADA";"MADALENA";"RUA BENFICA";"411";"";"EM FRENTE A PRAÇA DO CLUBE INTERNACIONAL";"MADALENA";590;"CIDADE";"COLISÃO TRASEIRA";"MOTO E AUTO";1;1;0;0;0;0;0;0;0;1;0;"Cruzamento";"Bom";"Sem defeito";"Perfeito estado";"Seca";"Perfeito estado";"Faixa de pedestre";"";"60 km/h";"Única";"";"";""
"5903";2020-02-20;"11:58:00";"COM VÍTIMA";"FINALIZADA";"TORRE";"RUA REAL DA TORRE";"308";"";"EM FRENTE A JÚNIOR EQUIPADORA";"TORRE";179;"ABDIAS";"ABALROAMENTO LONGITUDINAL";"ONIBUS E CAMINHÃO";0;0;0;0;0;1;1;0;0;1;0;"Longo da via";"Bom";"Sem defeito";"Perfeito estado";"Seca";"Perfeito estado";"Agente";"";"";"Única";"Faixa seccionada";"Canteiro central";""
"5904";2020-02-20;"12:17:00";"SEM VÍTIMA";"FINALIZADA";"CAMPO GRANDE";"RUA JERONIMO VILELA";"272";"";"EM FRENTE A GALERIA SANTA TERESINHA";"CAMPO GRANDE";565;"SUBURBIO";"COLISÃO";"COLISÃO SEM VÍTIMA";3;0;0;0;0;0;0;0;0;0;0;"Longo da via";"Bom";"Não existe";"Perfeito estado";"Seca";"Perfeito estado";"Não existe";"R-6a";"";"Dupla";"Faixa seccionada";"";""