"";"data";"hora";"natureza_acidente";"situacao";"bairro";"endereco";"numero";"detalhe_endereco_acidente";"complemento";"bairro_cruzamento";"num_semaforo";"sentido_via";"tipo";"descricao";"auto";"moto";"ciclom";"ciclista";"pedestre";"onibus";"caminhao";"viatura";"outros";"vitimas";"vitimasfatais";"acidente_verificado";"tempo_clima";"situacao_semaforo";"sinalizacao";"condicao_via";"conservacao_via";"ponto_controle";"situacao_placa";"velocidade_max_via";"mao_direcao";"divisao_via1";"divisao_via2";"divisao_via3"
"6019";2020-02-24;"03:40:00";"SEM VÍTIMA";"FINALIZADA";"BOA VIAGEM";"RUA DEZ DE JULHO";"";"";"DENTRO DO TERMINAL INTEGRADO DO AEROPORTO";"BOA VIAGEM";NA;"CIDADE";"CHOQUE OBJETO FIXO";"VEICULO CHOCOU-SE COM PORTÃO DA ESTAÇÃO";1;0;0;0;0;0;0;0;0;0;0;"";"Bom";"Não existe";"Perfeito estado";"Seca";"Perfeito estado";"";"";"";"Única";"";"";""
"6020";2020-02-24;"04:06:00";"COM VÍTIMA";"FINALIZADA";"BOA VIAGEM";"AVENIDA CELSO FURTADO (VIA MANGUE)";"";"";"PRIMEIRO RETORNO APOS O SUPERMERCADO EXTRA- SENT. BOA VIAGEM";"BOA VIAGEM";NA;"SUBURBIO";"CHOQUE OBJETO FIXO";"VEICULO CHOCOU-SE COM MEIO FIO";1;0;0;0;0;0;0;0;0;1;0;"Longo da via";"Bom";"Não existe";"Perfeito estado";"Seca";"Perfeito estado";"Não existe";"Não há placas";"";"Dupla";"Faixa";"";""
"6021";2020-02-24;"04:32:00";"COM VÍTIMA";"FINALIZADA";"IBURA";"AV ENGENHO SERRA VERDE";"570";"AV RIO LARGO";"AO LADO DO ARMAZEM ESQUINA DA CONSTRUÇÃO";"IBURA";NA;"SUBURBIO";"COLISÃO FRONTAL";"ONIBUS E MOTO";0;1;0;0;0;1;0;0;0;1;0;"Esquina";"Bom";"Não existe";"Ilegível";"Seca";"Mal iluminada";"Outros";"R-24a";"";"Dupla";"Não existe";"";""
"6022";2020-02-24;"05:49:00";"SEM VÍTIMA";"CANCELADA";"IPSEP";"AV RECIFE";"2586";"";"EM FRENTE AO POSTO DE GASOLINA SHELL- SENT. BOA VIAGEM";"IPSEP";NA;"";"COLISÃO";"DOIS ONIBUS";0;0;0;0;0;2;0;0;0;0;0;"";"";"";"";"";"";"";"";"";"";"";"";""
"6023";2020-02-24;"06:53:00";"SEM VÍTIMA";"FINALIZADA";"BOA VISTA";"RUA DA AURORA";"";"RUA PRINCESA IZABEL";"POLÍCIA CIVIL PERNAMBUCO SDS";"BOA VISTA";22;"SUBURBIO";"ABALROAMENTO LONGITUDINAL";"COLISAO S/ VITIMA ENTRE VEICULO E MOTO";1;1;0;0;0;0;0;0;0;0;0;"Cruzamento";"Bom";"Sem defeito";"Perfeito estado";"Seca";"Perfeito estado";"Faixa de pedestre";"R-6a";"40 km/h";"Única";"Faixa contínua";"";""
"6024";2020-02-24;"08:13:00";"SEM VÍTIMA";"FINALIZADA";"SAN MARTIN";"RUA COMENDADOR JOSE VITA";"54";"";"";"SAN MARTIN";NA;"";"CHOQUE VEÍCULO PARADO";"COLISÃO SEM VITIMAS";1;0;0;0;0;0;1;0;0;0;0;"Longo da via";"Nublado";"Não existe";"Não existente";"Seca";"";"Não existe";"Não há placas";"";"Dupla";"Não existe";"";""
"6025";2020-02-24;"08:55:00";"SEM VÍTIMA";"FINALIZADA";"IMBIRIBEIRA";"AV PINHEIROS";"70";"AV MARECHAL MASCARENHAS DE MORAES";"LOTERIA A IMPERIAL";"IMBIRIBEIRA";NA;"SUBURBIO";"CHOQUE VEÍCULO PARADO";"COLISÃO 'SEM VITIMAS";1;0;0;0;0;0;1;0;0;0;0;"Longo da via";"Bom";"";"Incompleta";"Seca";"Perfeito estado";"Não existe";"Não há placas";"";"Dupla";"Não existe";"";""
"6026";2020-02-24;"09:19:00";"SEM VÍTIMA";"FINALIZADA";"SANTO AMARO";"AV CRUZ CABUGA";"33";"";"AO LADO DO SEFAZ";"SANTO AMARO";344;"CIDADE";"ABALROAMENTO LONGITUDINAL";"CAMINHAO E ONIBUS";0;0;0;0;0;1;1;0;0;0;0;"Longo da via";"Bom";"Sem defeito";"Perfeito estado";"Seca";"Perfeito estado";"Não existe";"R-6a";"60 km/h";"Dupla";"Faixa contínua";"";""
"6027";2020-02-24;"10:27:00";"SEM VÍTIMA";"FINALIZADA";"BOA VISTA";"RUA DO HOSPICIO";"33";"";"EDF SÃO RAFAEL";"BOA VISTA";33;"";"COLISÃO TRASEIRA";"COLISAO S/ VITIMA ENTRE DOIS VEICULOS";2;0;0;0;0;0;0;0;0;0;0;"Longo da via";"Bom";"Sem defeito";"Perfeito estado";"Seca";"Perfeito estado";"Não existe";"R-6b";"30 km/h";"Única";"Não existe";"";""
"6028";2020-02-24;"11:16:00";"SEM VÍTIMA";"FINALIZADA";"PINA";"RUA MANOEL DE BRITO";"";"";"AO LADO DO POSTO POLICIAL";"PINA";NA;"CIDADE";"ABALROAMENTO TRANSVERSAL";"";2;0;0;0;0;0;0;0;0;0;0;"";"Bom";"Não existe";"Perfeito estado";"Seca";"Perfeito estado";"Outros";"Outras";"60 km/h";"Única";"Faixa contínua";"";""
"6029";2020-02-24;"12:28:00";"SEM VÍTIMA";"FINALIZADA";"SANTO AMARO";"AV GOVERNADOR AGAMENON MAGALHAES";"";"";"SEMÁFORO DE Nº 465";"SANTO AMARO";465;"";"COLISÃO TRASEIRA";"ENGAVETAMENTO S/ VITIMA. TRES VEICULOS";3;0;0;0;0;0;0;0;0;0;0;"Longo da via";"Bom";"Sem defeito";"Perfeito estado";"Seca";"Perfeito estado";"Faixa de pedestre";"";"60 km/h";"Dupla";"Canal";"";""
"6030";2020-02-24;"13:38:00";"COM VÍTIMA";"FINALIZADA";"IPUTINGA";"RUA BOM PASTOR";"670";"RUA MAURICEIA";"E/F MERCADINHO MERCOFRUIT";"IPUTINGA";652;"SUBURBIO";"ABALROAMENTO LONGITUDINAL";"COLISÃO C/VITIMA ENTRE UMA MOTO E UM ONIBUS";0;1;0;0;0;1;0;0;0;1;0;"Cruzamento";"Bom";"Sem defeito";"Perfeito estado";"Seca";"Perfeito estado";"Faixa de pedestre";"Outras";"";"Dupla";"Faixa contínua";"";""
"6031";2020-02-24;"15:49:00";"SEM VÍTIMA";"FINALIZADA";"IMBIRIBEIRA";"AV PRESIDENTE DUTRA";"4983";"";"";"IMBIRIBEIRA";NA;"SUBURBIO";"ABALROAMENTO LONGITUDINAL";"COLISAO S/ VITIMA. ENTRE DOIS VEICULOS";2;0;0;0;0;0;0;0;0;0;0;"Longo da via";"Bom";"Não existe";"Perfeito estado";"Seca";"Perfeito estado";"Agente";"Não há placas";"60 km/h";"Única";"Faixa seccionada";"";""
"6032";2020-02-24;"16:53:00";"SEM VÍTIMA";"CANCELADA";"CORDEIRO";"AV CAXANGA";"";"";"";"CORDEIRO";234;"SUBURBIO";"ABALROAMENTO LONGITUDINAL";"COLISÃO SEM VÍTIMA";1;1;0;0;0;0;0;0;0;0;0;"Longo da via";"Bom";"Sem defeito";"Perfeito estado";"Seca";"Perfeito estado";"Agente";"Outras";"60 km/h";"Única";"Canteiro central";"";""
"6033";2020-02-24;"19:14:00";"SEM VÍTIMA";"FINALIZADA";"";"AV CORREIA DE BRITO";"741";"";"MERCADO DE SITIO NOVO";"";NA;"CIDADE";"COLISÃO TRASEIRA";"ENGAVETAMENTO S/VITIMAS";3;0;0;0;0;0;0;0;0;0;0;"Longo da via";"Bom";"Não existe";"Perfeito estado";"Seca";"Perfeito estado";"Não existe";"Não há placas";"";"Dupla";"Faixa contínua";"";""
"6034";2020-02-24;"19:31:00";"SEM VÍTIMA";"CANCELADA";"SÃO JOSÉ";"C SANTA RITA";"";"";"E/F A ANTIGA RODOVIARIA";"SÃO JOSÉ";NA;"";"COLISÃO";"COLISAO S/ VITIMA. ENTRE DOIS VEICULOS";2;0;0;0;0;0;0;0;0;0;0;"";"";"";"";"";"";"";"";"";"";"";"";""
"6035";2020-02-24;"20:27:00";"SEM VÍTIMA";"FINALIZADA";"SÃO JOSÉ";"AV SUL";"147";"";"ANTES DO FORTE DAS CINCO PONTAS";"SÃO JOSÉ";NA;"CIDADE";"ABALROAMENTO LONGITUDINAL";"ENTRE AUTO PASSEIO E ÔNIBUS. S/V";1;0;0;0;0;1;0;0;0;0;0;"Longo da via";"Bom";"";"Perfeito estado";"Seca";"Perfeito estado";"Não existe";"Outras";"";"Única";"Faixa seccionada";"";""
"6036";2020-02-24;"20:53:00";"SEM VÍTIMA";"FINALIZADA";"SANTO AMARO";"PTE DO LIMOEIRO";"";"";"PRÓXIMO AO POSTO PETRÓBRAS";"SANTO AMARO";NA;"CIDADE";"ABALROAMENTO LONGITUDINAL";"ENTRE TÁXI E AUTO PASSEIO. S/V";2;0;0;0;0;0;0;0;0;0;0;"Ponte";"Bom";"Não existe";"Perfeito estado";"Seca";"Perfeito estado";"Não existe";"Não há placas";"";"Dupla";"Faixa contínua";"Faixa seccionada";""
"6037";2020-02-24;"21:20:00";"SEM VÍTIMA";"FINALIZADA";"BOA VISTA";"RUA DO HOSPICIO";"";"";"CÂMARA DOS VERIADORES";"BOA VISTA";31;"CIDADE";"ABALROAMENTO LONGITUDINAL";"COLISAO SEM VITIMAS";1;0;0;0;0;1;0;0;0;0;0;"Longo da via";"Bom";"Sem defeito";"Perfeito estado";"Seca";"Perfeito estado";"Faixa de pedestre";"Outras";"";"Única";"Faixa seccionada";"Não existe";""
"6038";2020-02-24;"21:59:00";"SEM VÍTIMA";"FINALIZADA";"SÃO JOSÉ";"RUA IMPERIAL";"";"RUA DO PEIXOTO";"EM FRENTE A IGREJA DE SÃO JOSÉ";"SÃO JOSÉ";207;"SUBURBIO";"ABALROAMENTO LONGITUDINAL";"ENTRE VAN E AUTO PASSEIO. S/V";1;0;0;0;0;1;0;0;0;0;0;"Cruzamento";"Bom";"Sem defeito";"Ilegível";"Seca";"Perfeito estado";"Não existe";"Não há placas";"";"Única";"Não existe";"";""
"6039";2020-02-24;"22:19:00";"SEM VÍTIMA";"CANCELADA";"VASCO DA GAMA";"AV NORTE";"";"";"E/F A PRC LARGO DOM LUIZ";"VASCO DA GAMA";NA;"";"COLISÃO";"ENTRE 2 AUTOS. S/V";2;0;0;0;0;0;0;0;0;0;0;"";"";"";"";"";"";"";"";"";"";"";"";""
"6040";2020-02-24;"23:23:00";"SEM VÍTIMA";"FINALIZADA";"SANTO AMARO";"AV NORTE";"";"";"E/F A RÁDIO UNIVERSITÁRIA";"SANTO AMARO";NA;"";"ABALROAMENTO LONGITUDINAL";"ENTRE 2V AUTOS. S/V";2;0;0;0;0;0;0;0;0;0;0;"Longo da via";"Bom";"Sem defeito";"Perfeito estado";"Seca";"Perfeito estado";"Não existe";"Não há placas";"60 km/h";"Dupla";"Canteiro central";"";""
"6041";2020-02-25;"04:46:00";"SEM VÍTIMA";"CANCELADA";"SÃO JOSÉ";"AV SUL";"";"C SANTA RITA";"ANTES DA PONTE GIRATORIA /EM FRENTE AO ARMAZEM 16- SEMÁFORO 076";"SÃO JOSÉ";NA;"";"COLISÃO";"CAMINHÃO X AUTO. S/V";1;0;0;0;0;0;1;0;0;0;0;"";"";"";"";"";"";"";"";"";"";"";"";""
"6042";2020-02-25;"05:21:00";"COM VÍTIMA";"FINALIZADA";"SANTO AMARO";"AV GOVERNADOR AGAMENON MAGALHAES";"";"RUA ODORICO MENDES";"E/F A DELEGACIA 13° BATALHÃO / SEMÁFORO 049 ---- VT 13 NO LOCAL";"SANTO AMARO";49;"CIDADE";"ABALROAMENTO TRANSVERSAL";"ENTRE 2 TÁXIS. C/V";2;0;0;0;0;0;0;0;0;1;0;"Cruzamento";"Bom";"Sem defeito";"Perfeito estado";"Seca";"Perfeito estado";"Faixa de pedestre";"";"60 km/h";"Dupla";"Canal";"";""
"6043";2020-02-25;"07:32:00";"SEM VÍTIMA";"FINALIZADA";"ILHA DO LEITE";"RUA ANTONIO GOMES DE FREITAS";"174";"";"LADO OPOSTO AO SEOPE ( HOSPITAL DOS OLHOS )";"ILHA DO LEITE";NA;"CIDADE";"ABALROAMENTO LONGITUDINAL";"COLISÃO S/VITIMAS ENTRE UM CAMINHÃO E UM AUTO";1;0;0;0;0;0;1;0;0;0;0;"Longo da via";"Bom";"Não existe";"Perfeito estado";"Seca";"Perfeito estado";"Faixa de pedestre";"";"";"Única";"Faixa seccionada";"";""
"6044";2020-02-25;"07:33:00";"SEM VÍTIMA";"FINALIZADA";"SÃO JOSÉ";"AV SUL";"";"";"LADO OPOSTO A AGEMAR";"SÃO JOSÉ";NA;"CIDADE";"ABALROAMENTO LONGITUDINAL";"CAMINHÃO X AUTO. S/V";1;0;0;0;0;0;1;0;0;0;0;"Longo da via";"Bom";"Sem defeito";"Perfeito estado";"Seca";"Perfeito estado";"Não existe";"Outras";"";"Dupla";"Canteiro central";"";""
"6045";2020-02-25;"10:46:00";"SEM VÍTIMA";"FINALIZADA";"TORRE";"RUA JOAO TUDE DE MELO";"";"RUA VIRGINIA LORETO";"";"TORRE";649;"";"ABALROAMENTO TRANSVERSAL";"COLISÃO SEM VITIMAS";3;0;0;0;0;0;0;0;0;0;0;"";"Bom";"Sem defeito";"Perfeito estado";"Seca";"Perfeito estado";"Faixa de pedestre";"R-6a";"";"Única";"Faixa contínua";"";""
"6046";2020-02-25;"12:40:00";"SEM VÍTIMA";"CANCELADA";"BOA VIAGEM";"AV ENGENHEIRO DOMINGOS FERREIRA";"";"";"EM FRENTE AO CERPE/ PISTA DA ESQUERDA";"BOA VIAGEM";380;"";"COLISÃO";"COLISÃO SEM VÍTIMA";2;0;0;0;0;0;0;0;0;0;0;"";"";"";"";"";"";"";"";"";"";"";"";""
"6047";2020-02-25;"13:37:00";"SEM VÍTIMA";"CANCELADA";"PARNAMIRIM";"EST DO ENCANAMENTO";"350";"";"AO LADO DA CASA DE BATERIAS HELIAR";"PARNAMIRIM";NA;"";"COLISÃO";"COLISAO S/ VITIMAS";2;0;0;0;0;0;0;0;0;0;0;"";"";"";"";"";"";"";"";"";"";"";"";""
"6048";2020-02-25;"14:10:00";"SEM VÍTIMA";"FINALIZADA";"MADALENA";"RUA BENFICA";"";"";"EM FRENTE AO SPORT CLUBE DO RECIFE";"MADALENA";NA;"CIDADE";"ABALROAMENTO LONGITUDINAL";"COLISAO S/ VITIMAS DE DOIS AUTOS";2;0;0;0;0;0;0;0;0;0;0;"Longo da via";"Bom";"Não existe";"Perfeito estado";"Seca";"Perfeito estado";"Não existe";"";"40 km/h";"Única";"Não existe";"";""
"6049";2020-02-25;"15:14:00";"SEM VÍTIMA";"FINALIZADA";"NOVA DESCOBERTA";"AV VEREADOR OTACILIO AZEVEDO";"";"";"";"NOVA DESCOBERTA";NA;"CIDADE";"ABALROAMENTO LONGITUDINAL";"COLISAO SEM VITIMAS";1;0;0;0;0;1;0;0;0;0;0;"Longo da via";"Bom";"Não existe";"Perfeito estado";"Seca";"Perfeito estado";"Outros";"Outras";"";"Dupla";"Faixa seccionada";"";""
"6050";2020-02-25;"15:23:00";"SEM VÍTIMA";"FINALIZADA";"BOA VIAGEM";"AV CONSELHEIRO AGUIAR";"";"";"SEMÁFORO 147";"BOA VIAGEM";147;"CIDADE";"ABALROAMENTO LONGITUDINAL";"COLISAO SEM VITIMAS";1;0;0;0;0;1;0;0;0;0;0;"Cruzamento";"Bom";"Sem defeito";"Perfeito estado";"Seca";"Perfeito estado";"Faixa de pedestre";"R-6a";"";"Única";"Faixa contínua";"Faixa seccionada";""
"6051";2020-02-25;"16:49:00";"SEM VÍTIMA";"CANCELADA";"ÁGUA FRIA";"AV BEBERIBE";"1628";"";"AO LADO DA IGREJA ASSEMBLEIA DE DEUS S/T SUB";"ÁGUA FRIA";NA;"";"COLISÃO";"COLISAO ENTRE DOIS AUTOS S/V";2;0;0;0;0;0;0;0;0;0;0;"";"";"";"";"";"";"";"";"";"";"";"";""
"6052";2020-02-25;"17:18:00";"SEM VÍTIMA";"FINALIZADA";"TORRE";"AV BEIRA RIO";"73";"RUA JANUARIO BARBOSA";"COLEGIO EQUIPE";"TORRE";NA;"CIDADE";"COLISÃO TRASEIRA";"COLISAO SEM VITIMAS";2;0;0;0;0;0;0;0;0;0;0;"";"Chuvoso";"Não existe";"Perfeito estado";"Molhada";"Perfeito estado";"Faixa de pedestre";"Placas Pare";"";"Única";"Faixa contínua";"Faixa seccionada";""
"6053";2020-02-25;"19:50:00";"COM VÍTIMA";"FINALIZADA";"IMBIRIBEIRA";"AV MARECHAL MASCARENHAS DE MORAES";"5905";"";"UNIDAS";"IMBIRIBEIRA";NA;"";"CHOQUE OBJETO FIXO";"VEICULO COLIDIU COM A MURETA";1;0;0;0;0;0;0;0;0;1;0;"Viaduto";"Bom";"Não existe";"Perfeito estado";"Seca";"Perfeito estado";"Não existe";"Não há placas";"";"";"Não existe";"";""
"6054";2020-02-25;"20:58:00";"SEM VÍTIMA";"FINALIZADA";"IPUTINGA";"RUA SAO MATEUS";"";"";"DEPÓSITO DOS CORREIOS";"IPUTINGA";NA;"SUBURBIO";"CHOQUE VEÍCULO PARADO";"CAMINHAO ( CAVALO) X FIESTA OBS: MOTORISTA EVADIU-SE DEIXANDO O VEICULO";0;0;0;0;0;0;1;0;1;0;0;"Longo da via";"Bom";"Não existe";"Ilegível";"Seca";"Perfeito estado";"Não existe";"Não há placas";"";"Dupla";"Não existe";"";""
"6055";2020-02-25;"21:38:00";"SEM VÍTIMA";"CANCELADA";"BOMBA DO HEMETÉRIO";"RUA ANTONIO MEIRA";"119";"";"PROX A LIGA DO DOMINO";"BOMBA DO HEMETÉRIO";NA;"";"COLISÃO";"FORD KA X ECOSPORT OBS: MOTORISTA EVADIU-SE DO LOCAL DEIXANDO O VEICULO";2;0;0;0;0;0;0;0;0;0;0;"";"";"";"";"";"";"";"";"";"";"";"";""
"6056";2020-02-25;"22:15:00";"SEM VÍTIMA";"CANCELADA";"BOA VISTA";"RUA IMPERATRIZ TEREZA CRISTINA";"";"";"PROX A LIVRARIA IMPERATRIZ";"BOA VISTA";NA;"";"COLISÃO";"COLISAO SEM VITIMAS";1;1;0;0;0;0;0;0;0;0;0;"";"";"";"";"";"";"";"";"";"";"";"";""
"6057";2020-02-25;"23:29:00";"SEM VÍTIMA";"FINALIZADA";"SÃO JOSÉ";"C SANTA RITA";"595";"";"";"SÃO JOSÉ";NA;"CIDADE";"COLISÃO TRASEIRA";"PRISMA X LOGAN";2;0;0;0;0;0;0;0;0;0;0;"Longo da via";"Bom";"Não existe";"Perfeito estado";"Seca";"Perfeito estado";"Não existe";"Não há placas";"40 km/h";"Dupla";"Faixa contínua";"Faixa seccionada";""
"6058";2020-02-26;"03:39:00";"SEM VÍTIMA";"FINALIZADA";"BOA VISTA";"PTE PRINCESA IZABEL";"";"";"";"BOA VISTA";NA;"SUBURBIO";"COLISÃO TRASEIRA";"SIENA X FIAT CRONOS X PALIO  (2 TAXIS E UM UBER )";3;0;0;0;0;0;0;0;0;0;0;"";"Bom";"Sem defeito";"Perfeito estado";"Seca";"Perfeito estado";"";"";"";"Dupla";"Faixa contínua";"";""
"6059";2020-02-26;"04:03:00";"COM VÍTIMA";"FINALIZADA";"BEBERIBE";"AV BEBERIBE";"111";"RUA DA CORAGEM";"PROX AO POSTO SHELL";"BEBERIBE";186;"CIDADE";"ABALROAMENTO LONGITUDINAL";"SANDERO BRANCO X MOTO";1;1;0;0;0;0;0;0;0;1;0;"Longo da via";"Bom";"Sem defeito";"Incompleta";"Molhada";"Mal conservada";"Faixa de pedestre";"Não há placas";"";"Dupla";"Faixa contínua";"";""
"6060";2020-02-26;"04:39:00";"SEM VÍTIMA";"FINALIZADA";"BOA VIAGEM";"AV ENGENHEIRO DOMINGOS FERREIRA";"";"";"EM FRENTE AO LAÇA BURGUER";"BOA VIAGEM";NA;"SUBURBIO";"ABALROAMENTO LONGITUDINAL";"COLISÃO ENTRE DOIS AUTOS- S/V";2;0;0;0;0;0;0;0;0;0;0;"Longo da via";"Bom";"Sem defeito";"Perfeito estado";"Seca";"Perfeito estado";"Faixa de pedestre";"Outras";"";"Única";"Canteiro central";"";""
"6061";2020-02-26;"05:20:00";"SEM VÍTIMA";"FINALIZADA";"SANTO AMARO";"AV CRUZ CABUGA";"";"RUA DOS PALMARES";"";"SANTO AMARO";171;"CIDADE";"ABALROAMENTO TRANSVERSAL";"SIENA X FIESTA";2;0;0;0;0;0;0;0;0;0;0;"Cruzamento";"Bom";"Sem defeito";"Perfeito estado";"Seca";"Perfeito estado";"Faixa de pedestre";"Outras";"";"Dupla";"Faixa contínua";"Faixa seccionada";""
"6062";2020-02-26;"06:31:00";"COM VÍTIMA";"FINALIZADA";"MADALENA";"RUA REAL DA TORRE";"361";"RUA LOPES DE CARVALHO";"EM FRENTE A LOJA DE CENTRO DE TRATAMENTO PARA OS PES";"MADALENA";NA;"CIDADE";"CHOQUE OBJETO FIXO";"AUTO E POSTE";1;0;0;0;0;0;0;0;0;1;0;"Longo da via";"Bom";"Não existe";"Perfeito estado";"Seca";"Perfeito estado";"Não existe";"";"";"Dupla";"Faixa seccionada";"";""
"6063";2020-02-26;"07:04:00";"SEM VÍTIMA";"FINALIZADA";"BOA VIAGEM";"AV BOA VIAGEM";"";"RUA BALTAZAR PASSOS";"";"BOA VIAGEM";149;"CIDADE";"ABALROAMENTO LONGITUDINAL";"COLISÃO SEM VITIMAS";1;0;0;0;0;1;0;0;0;0;0;"Cruzamento";"Bom";"Sem defeito";"Perfeito estado";"Seca";"Perfeito estado";"Faixa de pedestre";"R-6a";"";"Única";"Faixa contínua";"";""
"6064";2020-02-26;"10:19:00";"SEM VÍTIMA";"CANCELADA";"ROSARINHO";"AV NORTE";"3435";"RUA GENERAL ABREU E LIMA";"E/F AO PONTO CERTO AUTOMOTIVO";"ROSARINHO";NA;"";"COLISÃO";"COLISÃO S/VITIMAS ENTRE UM ONIBUS E UM AUTO";1;0;0;0;0;1;0;0;0;0;0;"";"";"";"";"";"";"";"";"";"";"";"";""
"6065";2020-02-26;"13:51:00";"SEM VÍTIMA";"FINALIZADA";"TAMARINEIRA";"AV NORTE";"3714";"";"AO LADO DO SEMÁFORO 062";"TAMARINEIRA";62;"SUBURBIO";"COLISÃO TRASEIRA";"COLISAO ENTRE DOIS AUTOS S/V";2;0;0;0;0;0;0;0;0;0;0;"Longo da via";"Bom";"Não existe";"Perfeito estado";"Seca";"Perfeito estado";"Não existe";"R-6a";"";"Única";"Faixa seccionada";"Canteiro central";""
"6066";2020-02-26;"15:12:00";"SEM VÍTIMA";"FINALIZADA";"BOA VISTA";"RUA DOS PALMARES";"";"AV CRUZ CABUGA";"";"BOA VISTA";171;"CIDADE";"ABALROAMENTO LONGITUDINAL";"COLISÃO SEM VÍTIMA";1;0;0;0;0;0;1;0;0;0;0;"Cruzamento";"Bom";"Sem defeito";"Perfeito estado";"Seca";"Perfeito estado";"Faixa de pedestre";"R-6a";"40 km/h";"Dupla";"Canteiro central";"";""
"6067";2020-02-26;"15:39:00";"SEM VÍTIMA";"FINALIZADA";"TAMARINEIRA";"EST VELHA DE AGUA FRIA";"";"";"EM FRENTE AO DNOCS";"TAMARINEIRA";NA;"";"COLISÃO TRASEIRA";"COLISAO ENTRE DOIS AUTOS S/V";2;0;0;0;0;0;0;0;0;0;0;"Longo da via";"Bom";"Não existe";"Perfeito estado";"Seca";"Perfeito estado";"Não existe";"Não há placas";"";"Dupla";"Faixa contínua";"";""
"6068";2020-02-26;"17:24:00";"SEM VÍTIMA";"FINALIZADA";"IPSEP";"AV RAIMUNDO DINIZ";"";"RUA DAVID PERNETA";"";"IPSEP";NA;"SUBURBIO";"ABALROAMENTO LONGITUDINAL";"COLISÃO SEM VÍTIMA";2;0;0;0;0;0;0;0;0;0;0;"Cruzamento";"Bom";"Não existe";"Não existente";"Seca";"Mal iluminada";"Não existe";"Não há placas";"";"Dupla";"Não existe";"";""
"6069";2020-02-26;"18:21:00";"SEM VÍTIMA";"FINALIZADA";"TORRE";"AV BEIRA RIO";"825";"";"RIVER TOWER RESIDENCE Nº 825";"TORRE";NA;"SUBURBIO";"COLISÃO TRASEIRA";"FOX X MOTO X GOL";1;1;0;0;0;0;0;0;0;0;0;"Longo da via";"Bom";"Não existe";"Perfeito estado";"Seca";"Perfeito estado";"Não existe";"Outras";"";"Dupla";"Faixa seccionada";"";""
"6070";2020-02-26;"18:31:00";"COM VÍTIMA";"FINALIZADA";"CURADO";"RUA DR GEORGE WILLIAM BUTLER";"";"AV PREFEITO ANTONIO PEREIRA";"NA RUA ACESSO AO TIP RUA DA KIMBOM POR TRAS DA NAGEM";"CURADO";NA;"TIP";"ABALROAMENTO TRANSVERSAL";"COLISAO ENTRE MOTO CINQUENTINHA E AUTO COM UMA VITIMA";1;0;1;0;0;0;0;0;0;1;0;"Longo da via";"Bom";"Não existe";"Não existente";"Seca";"Mal conservada";"Não existe";"Não há placas";"";"Dupla";"Faixa contínua";"";""
"6071";2020-02-27;"00:05:00";"SEM VÍTIMA";"FINALIZADA";"BOA VIAGEM";"RUA RIBEIRO DE BRITO";"1326";"RUA AMALIA BERNARDINO DE SOUZA";"UNINASSAU";"BOA VIAGEM";NA;"SUBURBIO";"ABALROAMENTO TRANSVERSAL";"COLISÃO ENTRE DOIS AUTOS S/V";2;0;0;0;0;0;0;0;0;0;0;"Cruzamento";"Bom";"Não existe";"Perfeito estado";"Seca";"Perfeito estado";"Não existe";"Não há placas";"";"Única";"Faixa seccionada";"";""
"6072";2020-02-27;"05:32:00";"SEM VÍTIMA";"FINALIZADA";"GRAÇAS";"AV RUI BARBOSA";"735";"RUA TENENTE ANTONIO JOAO";"FRENTE AO COLÉGIO AGNES";"GRAÇAS";NA;"SUBURBIO";"CHOQUE OBJETO FIXO";"";1;0;0;0;0;0;0;0;0;0;0;"Longo da via";"Chuvoso";"Não existe";"Perfeito estado";"Molhada";"Perfeito estado";"";"R-6a";"";"Única";"Faixa seccionada";"";""
"6073";2020-02-27;"07:04:00";"SEM VÍTIMA";"FINALIZADA";"PAISSANDU";"AV GOVERNADOR AGAMENON MAGALHAES";"4407";"";"EM FRENTE AO ESTACIONAMENTO SANPARK";"PAISSANDU";NA;"CIDADE";"ABALROAMENTO LONGITUDINAL";"COLISAO SEM VITIMAS";1;0;0;0;0;1;0;0;0;0;0;"Longo da via";"Bom";"Sem defeito";"Perfeito estado";"Seca";"Perfeito estado";"Agente";"Não há placas";"60 km/h";"Dupla";"Faixa seccionada";"Canteiro central";""
"6074";2020-02-27;"07:39:00";"SEM VÍTIMA";"FINALIZADA";"BOA VIAGEM";"RUA VISCONDE DE JEQUITINHONHA";"";"RUA DOM JOSE LOPES";"";"BOA VIAGEM";NA;"";"ABALROAMENTO TRANSVERSAL";"COLISÃO SEM VITIMAS";2;0;0;0;0;0;0;0;0;0;0;"Cruzamento";"Bom";"Não existe";"Perfeito estado";"Seca";"Perfeito estado";"Faixa de pedestre";"Placas Pare";"";"Única";"Não existe";"";""
"6075";2020-02-27;"08:22:00";"COM VÍTIMA";"FINALIZADA";"MADALENA";"RUA BENFICA";"";"";"AO LADO DO MUSEU DA ABOLIÇÃO";"MADALENA";257;"SUBURBIO";"ABALROAMENTO LONGITUDINAL";"COLISÃO COM VÍTIMAS";1;0;0;0;0;1;0;0;0;1;0;"Longo da via";"Bom";"Sem defeito";"Perfeito estado";"Seca";"Perfeito estado";"Faixa de pedestre";"R-6a";"60 km/h";"Dupla";"Faixa contínua";"";""