"";"data";"hora";"natureza_acidente";"situacao";"bairro";"endereco";"numero";"detalhe_endereco_acidente";"complemento";"bairro_cruzamento";"num_semaforo";"sentido_via";"tipo";"descricao";"auto";"moto";"ciclom";"ciclista";"pedestre";"onibus";"caminhao";"viatura";"outros";"vitimas";"vitimasfatais";"acidente_verificado";"tempo_clima";"situacao_semaforo";"sinalizacao";"condicao_via";"conservacao_via";"ponto_controle";"situacao_placa";"velocidade_max_via";"mao_direcao";"divisao_via1";"divisao_via2";"divisao_via3"
"6299";2020-03-04;"22:20:00";"SEM VÍTIMA";"FINALIZADA";"CASA AMARELA";"RUA ARNOLDO MAGALHAES";"22";"";"";"CASA AMARELA";NA;"SUBURBIO";"CHOQUE VEÍCULO PARADO";"";1;0;0;0;0;0;0;0;1;0;0;"Longo da via";"Bom";"Não existe";"Ilegível";"Seca";"Mal conservada";"Não existe";"Não há placas";"20 km/h";"Dupla";"Não existe";"";""
"6300";2020-03-04;"22:27:00";"COM VÍTIMA";"FINALIZADA";"AFOGADOS";"RUA SAO MIGUEL";"176";"RUA JACIRA";"E/F AO DEPATRI";"AFOGADOS";NA;"SUBURBIO";"ABALROAMENTO LONGITUDINAL";"AUTO X MOTO. C/V";1;1;0;0;0;0;0;0;0;1;0;"Cruzamento";"Bom";"Sem defeito";"Perfeito estado";"Seca";"Perfeito estado";"Faixa de pedestre";"";"";"Dupla";"Faixa seccionada";"";""
"6301";2020-03-05;"04:51:00";"SEM VÍTIMA";"FINALIZADA";"BOA VIAGEM";"RUA BRUNO VELOSO";"181";"AV CONSELHEIRO AGUIAR";"DROGASIL";"BOA VIAGEM";NA;"SUBURBIO";"COLISÃO TRASEIRA";"DUAS VT DO GTO";2;0;0;0;0;0;0;0;0;0;0;"Longo da via";"Bom";"Sem defeito";"Perfeito estado";"Seca";"Perfeito estado";"Faixa de pedestre";"Outras";"";"Única";"Faixa seccionada";"";""
"6302";2020-03-05;"05:51:00";"SEM VÍTIMA";"FINALIZADA";"IMBIRIBEIRA";"RUA ARQUITETO LUIZ NUNES";"217";"RUA JULIO VERNE";"APÓS A PONTE GILBERTO FREYRE";"IMBIRIBEIRA";NA;"SUBURBIO";"COLISÃO TRASEIRA";"COLISÃO ENTRE DOIS AUTOS- S/V";2;0;0;0;0;0;0;0;0;0;0;"";"Bom";"Não existe";"Incompleta";"Seca";"Perfeito estado";"Não existe";"Outras";"40 km/h";"Única";"Faixa seccionada";"";""
"6303";2020-03-05;"06:09:00";"SEM VÍTIMA";"CANCELADA";"BOA VIAGEM";"AV ENGENHEIRO DOMINGOS FERREIRA";"";"";"EM FRENTE AO RESTAURANTE FAMILIA JULIANO";"BOA VIAGEM";NA;"";"COLISÃO";"MOTO E CAMINHAO";0;1;0;0;0;0;1;0;0;0;0;"";"";"";"";"";"";"";"";"";"";"";"";""
"6304";2020-03-05;"07:22:00";"SEM VÍTIMA";"FINALIZADA";"IPUTINGA";"RUA SAO MATEUS";"223";"RUA DR GASTAO DA SILVEIRA";"";"IPUTINGA";NA;"SUBURBIO";"ABALROAMENTO LONGITUDINAL";"COLISÃO SEM VITIMAS";1;1;0;0;0;0;0;0;0;0;0;"";"Bom";"Não existe";"Perfeito estado";"Seca";"Perfeito estado";"Não existe";"Outras";"";"Dupla";"Não existe";"";""
"6305";2020-03-05;"07:44:00";"SEM VÍTIMA";"FINALIZADA";"PINA";"RUA MANOEL DE BRITO";"311";"";"EM FRENTE FACULDADE IDE";"PINA";659;"CIDADE";"COLISÃO TRASEIRA";"DOIS AUTOS";2;0;0;0;0;0;0;0;0;0;0;"Longo da via";"Bom";"Sem defeito";"Perfeito estado";"Seca";"Perfeito estado";"Agente";"Não há placas";"60 km/h";"Única";"Faixa seccionada";"";""
"6306";2020-03-05;"08:13:00";"SEM VÍTIMA";"FINALIZADA";"IPSEP";"";"60";"AV RECIFE";"POSTO DE GASOLINA SHELL";"IPSEP";NA;"CIDADE";"COLISÃO TRASEIRA";"COLISÃO SEM VITIMAS GM CONCEIÇÃO QTH";1;0;0;0;0;1;0;0;0;0;0;"Longo da via";"Bom";"Não existe";"Perfeito estado";"Seca";"Perfeito estado";"Não existe";"";"40 km/h";"Única";"Não existe";"";""
"6307";2020-03-05;"08:22:00";"SEM VÍTIMA";"FINALIZADA";"CORDEIRO";"RUA SOUZA BANDEIRA";"220B";"";"COLEGIO LUBIENSKA";"CORDEIRO";NA;"SUBURBIO";"ABALROAMENTO LONGITUDINAL";"COLISÃO SEM VITIMAS";2;0;0;0;0;0;0;0;0;0;0;"Longo da via";"Bom";"Sem defeito";"Perfeito estado";"Seca";"Perfeito estado";"Não existe";"Outras";"";"Única";"Faixa seccionada";"";""
"6308";2020-03-05;"08:46:00";"SEM VÍTIMA";"FINALIZADA";"AFOGADOS";"RUA FRANCISCO SILVEIRA";"";"RUA MOTOCOLOMBO";"SERRALHARIA / AO LADO DO Nº 175";"AFOGADOS";NA;"SUBURBIO";"COLISÃO TRASEIRA";"COLISAO S/ VITIMAS";1;0;0;0;0;0;1;0;0;0;0;"";"Bom";"Não existe";"Perfeito estado";"Seca";"Perfeito estado";"Não existe";"Não há placas";"";"Dupla";"Não existe";"";""
"6309";2020-03-05;"09:14:00";"COM VÍTIMA";"FINALIZADA";"BOA VISTA";"RUA DR LEOPOLDO LINS";"";"AV GOVERNADOR AGAMENON MAGALHAES";"SOB O SEMÁFORO 078";"BOA VISTA";78;"SUBURBIO";"ATROPELAMENTO";"MOTOCICLETA E PEDESTRE";0;1;0;0;1;0;0;0;0;2;0;"Cruzamento";"Bom";"Sem defeito";"Perfeito estado";"Seca";"Perfeito estado";"Faixa de pedestre";"Não há placas";"60 km/h";"Dupla";"Faixa seccionada";"Canteiro central";""
"6310";2020-03-05;"09:26:00";"SEM VÍTIMA";"CANCELADA";"ILHA DO RETIRO";"PRC DA BANDEIRA";"92";"";"EM FRENTE A PRAÇA DA BANDEIRA  E AO INSTITUTO DE BELEZA A2";"ILHA DO RETIRO";NA;"";"COLISÃO";"COLISÃO SEM VITIMAS";2;0;0;0;0;0;0;0;0;0;0;"";"";"";"";"";"";"";"";"";"";"";"";""
"6311";2020-03-05;"09:56:00";"SEM VÍTIMA";"FINALIZADA";"DERBY";"RUA HENRIQUE DIAS";"";"";"EM FRENTE AO COLEGIO DA POLICIA MILITAR";"DERBY";NA;"CIDADE";"ABALROAMENTO LONGITUDINAL";"COLISÃO SEM VITIMAS";2;0;0;0;0;0;0;0;0;0;0;"Longo da via";"Bom";"Não existe";"Perfeito estado";"Seca";"Perfeito estado";"Não existe";"Não há placas";"";"Única";"Não existe";"";""
"6312";2020-03-05;"10:11:00";"SEM VÍTIMA";"FINALIZADA";"MADALENA";"RUA REAL DA TORRE";"218";"RUA LOPES DE CARVALHO";"";"MADALENA";237;"";"ABALROAMENTO LONGITUDINAL";"AUTO E CAMINHAO VT 03 SUB LUCIO NO QTH";1;0;0;0;0;0;1;0;0;0;0;"Longo da via";"Bom";"Sem defeito";"Perfeito estado";"Seca";"Perfeito estado";"Não existe";"Placas Pare";"50 km/h";"Única";"Faixa seccionada";"";""
"6313";2020-03-05;"10:30:00";"SEM VÍTIMA";"FINALIZADA";"IMBIRIBEIRA";"RUA ITALIA";"311";"";"AR FRIO CENTRO AUTOMOTIVO";"IMBIRIBEIRA";NA;"";"ABALROAMENTO LONGITUDINAL";"DOIS AUTOS";2;0;0;0;0;0;0;0;0;0;0;"Longo da via";"Bom";"Não existe";"Incompleta";"Seca";"Perfeito estado";"Não existe";"Não há placas";"30 km/h";"Dupla";"Não existe";"";""
"6314";2020-03-05;"10:44:00";"COM VÍTIMA";"FINALIZADA";"DERBY";"AV GOVERNADOR AGAMENON MAGALHAES";"3850";"PRC DO DERBY";"EM FRENTE AO BANCO BRADESCO- VIA LOCAL";"DERBY";NA;"SUBURBIO";"ABALROAMENTO LONGITUDINAL";"MOTO E AUTO C/V";1;1;0;0;0;0;0;0;0;1;0;"Longo da via";"Bom";"Não existe";"Perfeito estado";"Seca";"Perfeito estado";"Não existe";"Outras";"";"Dupla";"Canteiro central";"";""
"6315";2020-03-05;"11:35:00";"COM VÍTIMA";"FINALIZADA";"ILHA JOANA BEZERRA";"AV DES GUERRA BARRETO";"";"";"AO LADO DO FORUM RODOLFO AURELIANO";"ILHA JOANA BEZERRA";NA;"CIDADE";"ATROPELAMENTO";"DOIS AUTOS E PEDESTRE";2;0;0;0;1;0;0;0;0;1;0;"Longo da via";"Bom";"Sem defeito";"Perfeito estado";"Seca";"Perfeito estado";"Faixa de pedestre";"Não há placas";"";"Dupla";"Faixa contínua";"";""
"6316";2020-03-05;"11:52:00";"COM VÍTIMA";"FINALIZADA";"IPUTINGA";"AV CAXANGA";"4490";"";"EM FRENTE A VISTORIA DO DETRAN";"IPUTINGA";230;"SUBURBIO";"COLISÃO TRASEIRA";"DUAS MOTOS E UM AUTO PASSEIO / GM ALMEIDA VELOSO P.O CAXANGA";1;2;0;0;0;0;0;0;0;3;0;"Longo da via";"Bom";"Sem defeito";"Perfeito estado";"Seca";"Perfeito estado";"Agente";"Não há placas";"";"Dupla";"Canteiro central";"";""
"6317";2020-03-05;"12:17:00";"SEM VÍTIMA";"CANCELADA";"BOA VIAGEM";"AV BOA VIAGEM";"6370";"";"NO QUIOSQUE 51 NA ORLA";"BOA VIAGEM";NA;"";"COLISÃO";"COLISAO ENTRE E AUTOS S MOTO S/V";1;1;0;0;0;0;0;0;0;0;0;"";"";"";"";"";"";"";"";"";"";"";"";""
"6318";2020-03-05;"12:36:00";"SEM VÍTIMA";"FINALIZADA";"BARRO";"RUA ARACAGI";"6225";"";"PROXIMO A PRIMEIRA IGREJA BATISTA DE AREIAS";"BARRO";NA;"SUBURBIO";"CHOQUE OBJETO FIXO";"VEÍCULO CHOCOU-SE COM MURO DE RESIDENCIA/ SEM VÍTIMA";1;0;0;0;0;0;0;0;0;0;0;"Longo da via";"Bom";"Não existe";"Não existente";"Seca";"Perfeito estado";"Não existe";"Não há placas";"";"Dupla";"Não existe";"";""
"6319";2020-03-05;"13:20:00";"COM VÍTIMA";"FINALIZADA";"AREIAS";"AV CAPITAO GREGORIO DE CALDAS";"132";"";"E/F AO BIG BOMPREÇO S/T SUB";"AREIAS";NA;"SUBURBIO";"ABALROAMENTO TRANSVERSAL";"COLISAO ENTRE AUTO E MOTO S/V";1;1;0;0;0;0;0;0;0;1;0;"Longo da via";"Bom";"Não existe";"Perfeito estado";"Seca";"Perfeito estado";"Não existe";"Não há placas";"";"Dupla";"Canteiro central";"";""
"6320";2020-03-05;"13:46:00";"SEM VÍTIMA";"CANCELADA";"MADALENA";"AV JOSE GONCALVES DE MEDEIROS";"807";"";"PORTO SEGURO/ EXTRA DA MADALENA";"MADALENA";NA;"";"COLISÃO";"COLISAO S/ VITIMA ENTRE MOTO E VEICULO";1;1;0;0;0;0;0;0;0;0;0;"";"";"";"";"";"";"";"";"";"";"";"";""
"6321";2020-03-05;"14:12:00";"SEM VÍTIMA";"FINALIZADA";"CASA FORTE";"RUA LEONARDO BEZERRA CAVALCANTE";"240";"";"";"CASA FORTE";NA;"";"COLISÃO TRASEIRA";"COLISÃO SEM VÍTIMA";2;0;0;0;0;0;0;0;0;0;0;"Longo da via";"Bom";"Não existe";"Perfeito estado";"Seca";"Perfeito estado";"Não existe";"Não há placas";"";"Dupla";"Faixa contínua";"";""
"6322";2020-03-05;"14:27:00";"COM VÍTIMA";"FINALIZADA";"ENCRUZILHADA";"RUA AMARO COUTINHO";"474";"RUA PROFESSOR OTAVIO DE FREITAS";"";"ENCRUZILHADA";NA;"SUBURBIO";"ABALROAMENTO TRANSVERSAL";"COLISÃO COM VÍTIMA";1;1;0;0;0;0;0;0;0;1;0;"Cruzamento";"Bom";"Não existe";"Incompleta";"Seca";"Perfeito estado";"Não existe";"Não há placas";"30 km/h";"Dupla";"Não existe";"";""
"6323";2020-03-05;"14:51:00";"SEM VÍTIMA";"FINALIZADA";"BOA VISTA";"AV CONDE DA BOA VISTA";"1573";"";"EM FRENTE AO Nº 1573";"BOA VISTA";NA;"CIDADE";"ABALROAMENTO LONGITUDINAL";"COLISAO ENTRE ONIBUS E AUTOS S/V";1;0;0;0;0;1;0;0;0;0;0;"Longo da via";"Bom";"Não existe";"Perfeito estado";"Seca";"";"Não existe";"R-6a";"40 km/h";"Dupla";"Faixa contínua";"";""
"6324";2020-03-05;"15:09:00";"SEM VÍTIMA";"FINALIZADA";"PAISSANDU";"RUA VIS DO LIVRAMENTO";"119";"";"CENTRO MÉDICO";"PAISSANDU";NA;"CIDADE";"ABALROAMENTO LONGITUDINAL";"";2;0;0;0;0;0;0;0;0;0;0;"Longo da via";"Bom";"Não existe";"Perfeito estado";"Seca";"Perfeito estado";"Não existe";"Outras";"";"Dupla";"Não existe";"";""
"6325";2020-03-05;"15:20:00";"COM VÍTIMA";"FINALIZADA";"BOA VISTA";"RUA DO HOSPICIO";"";"";"EM FRENTE A CÂMARA DOS VEREADORES";"BOA VISTA";NA;"";"COLISÃO";"COLISÃO COM VÍTIMA";1;1;0;0;0;0;0;0;0;1;0;"";"";"";"";"";"";"";"";"";"";"";"";""
"6326";2020-03-05;"15:28:00";"SEM VÍTIMA";"FINALIZADA";"BOA VISTA";"RUA DO HOSPICIO";"";"RUA PRINCESA IZABEL";"EM FRENTE A CÂMARA MUNICIPAL DO RECIFE";"BOA VISTA";31;"CIDADE";"ABALROAMENTO LONGITUDINAL";"COLISÃO COM VÍTIMA";1;1;0;0;0;0;0;0;0;0;0;"Longo da via";"Bom";"Sem defeito";"Perfeito estado";"Seca";"Perfeito estado";"Agente";"Outras";"";"Dupla";"Faixa contínua";"";""
"6327";2020-03-05;"15:45:00";"SEM VÍTIMA";"FINALIZADA";"IMBIRIBEIRA";"AV MARECHAL MASCARENHAS DE MORAES";"2386";"";"EM FRENTE AO BRADESCO";"IMBIRIBEIRA";161;"SUBURBIO";"ABALROAMENTO LONGITUDINAL";"";2;0;0;0;0;0;0;0;0;0;0;"Longo da via";"Bom";"Sem defeito";"Perfeito estado";"Seca";"Perfeito estado";"Faixa de pedestre";"Outras";"60 km/h";"Dupla";"Faixa contínua";"Faixa seccionada";"Canteiro central"
"6328";2020-03-05;"15:57:00";"SEM VÍTIMA";"FINALIZADA";"ENCRUZILHADA";"RUA CASTRO ALVES";"";"";"LADO OPOSTO A AGÊNCIA DA CAIXA ECONÔMICA FEDERAL";"ENCRUZILHADA";NA;"SUBURBIO";"COLISÃO TRASEIRA";"COLISAO ENTRE ONIBUS E AUTOS S/V";1;0;0;0;0;1;0;0;0;0;0;"Longo da via";"Bom";"Não existe";"Perfeito estado";"Seca";"Perfeito estado";"Não existe";"R-6a";"";"Única";"Faixa seccionada";"";""
"6329";2020-03-05;"16:46:00";"SEM VÍTIMA";"FINALIZADA";"BAIRRO DO RECIFE";"CAIS DA ALFANDEGA";"";"AV MARQUES DE OLINDA";"AO LADO DA PONTE MAURICIO DE NASSAU";"BAIRRO DO RECIFE";165;"SUBURBIO";"COLISÃO TRASEIRA";"COLISAO ENTRE ONIBUS E AUTOS S/V";1;0;0;0;0;1;0;0;0;0;0;"Cruzamento";"Bom";"Sem defeito";"Perfeito estado";"Seca";"Perfeito estado";"Faixa de pedestre";"Outras";"";"Única";"Faixa seccionada";"";""
"6330";2020-03-05;"17:08:00";"SEM VÍTIMA";"FINALIZADA";"JOANA BEZERRA";"PTE JOSE DE BARROS LIMA";"";"";"EM FRENTE A ACADEMIA DA CIDADE";"JOANA BEZERRA";NA;"SUBURBIO";"COLISÃO TRASEIRA";"COLISAO ENTRE DOIS AUTOS SEM VITIMA";2;0;0;0;0;0;0;0;0;0;0;"Ponte";"Bom";"Não existe";"Perfeito estado";"Seca";"Perfeito estado";"Não existe";"Não há placas";"";"Dupla";"Faixa contínua";"Canteiro central";""
"6331";2020-03-05;"17:29:00";"SEM VÍTIMA";"FINALIZADA";"JARDIM SÃO PAULO";"AV RECIFE";"625";"";"AO LADO DO Nº 625";"JARDIM SÃO PAULO";NA;"SUBURBIO";"ABALROAMENTO LONGITUDINAL";"COLISAO S/ VITIMA ENTRE UM ONIBUS E UM VEICULO";1;0;0;0;0;1;0;0;0;0;0;"Longo da via";"Bom";"Não existe";"Perfeito estado";"Seca";"";"Não existe";"Não há placas";"";"Dupla";"Faixa seccionada";"Canteiro central";""
"6332";2020-03-05;"18:21:00";"SEM VÍTIMA";"CANCELADA";"CASA FORTE";"AV DEZESSETE DE AGOSTO";"";"PRC RADIO JORNAL DO COMERCIO";"PROX AO SHOPPING PLAZA E A PRC RADIO JORNAL DO COMERCIO";"CASA FORTE";NA;"";"COLISÃO";"MOB X ONIX";2;0;0;0;0;0;0;0;0;0;0;"";"";"";"";"";"";"";"";"";"";"";"";""
"6333";2020-03-05;"19:26:00";"COM VÍTIMA";"FINALIZADA";"DOIS IRMÃOS";"RUA DOIS IRMAOS";"";"";"E/F A REITORIA DA UFRPE";"DOIS IRMÃOS";NA;"SUBURBIO";"ABALROAMENTO LONGITUDINAL";"ENTRE AUTO E MOTO. C/V";1;1;0;0;0;0;0;0;0;1;0;"Cruzamento";"Bom";"Não existe";"Perfeito estado";"Seca";"Perfeito estado";"Não existe";"Não há placas";"";"Dupla";"Faixa contínua";"Faixa seccionada";"Canteiro central"
"6334";2020-03-05;"20:18:00";"SEM VÍTIMA";"FINALIZADA";"PASSARINHO";"EST DE PASSARINHO";"1240";"";"";"PASSARINHO";NA;"SUBURBIO";"COLISÃO TRASEIRA";"ENTRE 3 AUTOS. S/V";3;0;0;0;0;0;0;0;0;0;0;"Longo da via";"Bom";"Não existe";"Perfeito estado";"Seca";"Perfeito estado";"";"";"";"Dupla";"Faixa contínua";"";""
"6335";2020-03-05;"20:42:00";"SEM VÍTIMA";"FINALIZADA";"CAMPO GRANDE";"RUA VOLUNTARIOS DA PATRIA";"";"RUA MARQUES DE ABRANTES";"";"CAMPO GRANDE";NA;"CIDADE";"ABALROAMENTO TRANSVERSAL";"HONDA CIT X HB 20";2;0;0;0;0;0;0;0;0;0;0;"Cruzamento";"Bom";"Não existe";"Perfeito estado";"Seca";"Perfeito estado";"Não existe";"Placas Pare";"";"Única";"Não existe";"";""
"6336";2020-03-05;"22:44:00";"COM VÍTIMA";"FINALIZADA";"CASA AMARELA";"EST DO ARRAIAL";"";"RUA DA HARMONIA";"PROX A IGREJA DA HARMONIA";"CASA AMARELA";NA;"SUBURBIO";"ABALROAMENTO LONGITUDINAL";"HB 20 X MOTO";1;1;0;0;0;0;0;0;0;2;0;"Cruzamento";"Bom";"Sem defeito";"Perfeito estado";"Seca";"Perfeito estado";"Não existe";"Não há placas";"";"Única";"Faixa contínua";"";""
"6337";2020-03-06;"02:02:00";"SEM VÍTIMA";"FINALIZADA";"BOA VIAGEM";"RUA RIBEIRO DE BRITO";"1133";"RUA GENERAL AMERICANO FREIRE";"POSTO BR";"BOA VIAGEM";NA;"SUBURBIO";"ABALROAMENTO LONGITUDINAL";"COLISÃO ENTRE DOIS AUTOS S/V- APÓS O IMPACTO DA COLISÃO UM DOS AUTOS CHOCOU-SE EM UM POSTE";2;0;0;0;0;0;0;0;0;0;0;"Cruzamento";"Bom";"Não existe";"Perfeito estado";"Seca";"Perfeito estado";"Não existe";"Outras";"";"Única";"Faixa seccionada";"";""
"6338";2020-03-06;"05:18:00";"SEM VÍTIMA";"CANCELADA";"BOA VIAGEM";"RUA FELICIANO JOSE DE FARIAS";"111";"";"PRÓX AO MAR HOTEL";"BOA VIAGEM";NA;"";"COLISÃO";"COLISÃO ENTRE DOIS AUTOS- S/V";2;0;0;0;0;0;0;0;0;0;0;"";"";"";"";"";"";"";"";"";"";"";"";""
"6339";2020-03-06;"08:47:00";"SEM VÍTIMA";"FINALIZADA";"BOA VISTA";"RUA DOM BOSCO";"767";"AV MANOEL BORBA";"PRÓXIMO A RÁDIO RECIFE";"BOA VISTA";28;"SUBURBIO";"ABALROAMENTO LONGITUDINAL";"DOIS AUTOS";2;0;0;0;0;0;0;0;0;0;0;"Longo da via";"Bom";"Sem defeito";"Perfeito estado";"Seca";"Perfeito estado";"Faixa de pedestre";"Outras";"";"Dupla";"Faixa contínua";"";""
"6340";2020-03-06;"08:53:00";"COM VÍTIMA";"FINALIZADA";"ARRUDA";"AV BEBERIBE";"896";"";"AO LADO DO LOJAO DO PETROLEO";"ARRUDA";NA;"CIDADE";"ABALROAMENTO TRANSVERSAL";"COLISAO COM VITIMAS";1;1;0;0;0;0;0;0;0;1;0;"Longo da via";"Bom";"Não existe";"Perfeito estado";"Seca";"Perfeito estado";"";"Outras";"";"Dupla";"Faixa seccionada";"";""
"6341";2020-03-06;"10:46:00";"SEM VÍTIMA";"FINALIZADA";"";"RUA ANTONIO CURADO";"450";"RUA MANUEL ALVES DEUSDARA";"GUGA'S BURG";"";NA;"";"ABALROAMENTO TRANSVERSAL";"COLISAO SEM VITIMAS";2;0;0;0;0;0;0;0;0;0;0;"Cruzamento";"Bom";"Não existe";"Perfeito estado";"Seca";"Perfeito estado";"Não existe";"Outras";"";"Dupla";"";"";""
"6342";2020-03-06;"10:47:00";"SEM VÍTIMA";"CANCELADA";"IBURA";"RUA EXP FRANCISCO VITORIANO";"460";"";"E/F A CIA BEBIDAS";"IBURA";NA;"";"COLISÃO";"COLISÃO S/VITIMAS ENTRE DOIS AUTOS";2;0;0;0;0;0;0;0;0;0;0;"";"";"";"";"";"";"";"";"";"";"";"";""
"6343";2020-03-06;"11:48:00";"SEM VÍTIMA";"CANCELADA";"GUABIRABA";"RUA SENHOR DO BONFIM";"27";"";"PROX: A GARAGEM DA GLOBO";"GUABIRABA";NA;"";"COLISÃO";"COLISAO S/ VITIMA ENTRE VEICULO CAMINHAO";1;0;0;0;0;0;1;0;0;0;0;"";"";"";"";"";"";"";"";"";"";"";"";""
"6344";2020-03-06;"13:41:00";"SEM VÍTIMA";"CANCELADA";"JARDIM SÃO PAULO";"RUA DR GUSTAVO PINTO";"183";"";"ARMAZEM DEPOSITO CONSTRUTO";"JARDIM SÃO PAULO";NA;"";"COLISÃO";"COLISAO S/ VITIMA ENTRE CARRO E MOTO";1;1;0;0;0;0;0;0;0;0;0;"";"";"";"";"";"";"";"";"";"";"";"";""
"6345";2020-03-06;"14:46:00";"SEM VÍTIMA";"FINALIZADA";"BOA VIAGEM";"AV MARECHAL JUAREZ TAVORA";"";"RUA DEZ DE JULHO";"";"BOA VIAGEM";437;"";"ABALROAMENTO LONGITUDINAL";"COLISAO ENTRE AUTO E MOTO S/V";1;1;0;0;0;0;0;0;0;0;0;"Cruzamento";"Bom";"Sem defeito";"Perfeito estado";"Seca";"Perfeito estado";"Faixa de pedestre";"R-4b";"";"Única";"Faixa seccionada";"";""
"6346";2020-03-06;"15:17:00";"SEM VÍTIMA";"FINALIZADA";"IBURA";"AV RIO LARGO";"100B";"";"";"IBURA";512;"SUBURBIO";"ABALROAMENTO LONGITUDINAL";"COLISÃO SEM VÍTIMA";1;0;0;0;0;1;0;0;0;0;0;"";"Bom";"Sem defeito";"Perfeito estado";"Seca";"Perfeito estado";"Não existe";"";"";"Dupla";"Não existe";"";""
"6347";2020-03-06;"16:11:00";"SEM VÍTIMA";"CANCELADA";"CAXANGÁ";"RUA RIBEIRO PESSOA";"";"";"EM FRENTE A UPA DA CAXANGA";"CAXANGÁ";NA;"";"COLISÃO";"COLISÃO SEM VÍTIMA";2;0;0;0;0;0;0;0;0;0;0;"";"";"";"";"";"";"";"";"";"";"";"";""
"6348";2020-03-06;"17:37:00";"SEM VÍTIMA";"FINALIZADA";"CORDEIRO";"AV ENGENHEIRO ABDIAS DE CARVALHO";"";"AV GENERAL SAN MARTIN";"COMPAZ";"CORDEIRO";58;"SUBURBIO";"COLISÃO TRASEIRA";"COLISÃO SEM VÍTIMA";2;0;0;0;0;0;0;0;0;0;0;"Longo da via";"Bom";"Sem defeito";"Perfeito estado";"Seca";"Perfeito estado";"";"";"";"Dupla";"Canteiro central";"";""
"6349";2020-03-06;"18:09:00";"SEM VÍTIMA";"FINALIZADA";"POÇO DA PANELA";"RUA LUIZ GUIMARAES";"183";"RUA DOS ARCOS";"PRÓXIMO AO BARCHEF";"POÇO DA PANELA";NA;"CIDADE";"ABALROAMENTO LONGITUDINAL";"ENTRE 2 AUTOS. S/V";2;0;0;0;0;0;0;0;0;0;0;"Longo da via";"Bom";"Não existe";"Incompleta";"Seca";"Mal iluminada";"Não existe";"Não há placas";"";"Dupla";"Não existe";"";""
"6350";2020-03-06;"19:08:00";"SEM VÍTIMA";"FINALIZADA";"TAMARINEIRA";"RUA GUIMARAES PEIXOTO";"295";"";"TORRE DE LYON";"TAMARINEIRA";NA;"SUBURBIO";"CHOQUE VEÍCULO PARADO";"VEICULO TRANSITANDO EM CONTRA-MAO COLIDIU COM 4 VEICULOS  OBS:: SUSPEITA DE EMBRIAGUEZ";4;0;0;0;0;0;0;0;0;0;0;"Longo da via";"Bom";"Não existe";"Incompleta";"Seca";"Perfeito estado";"Não existe";"Outras";"20 km/h";"Única";"";"";""
"6351";2020-03-06;"19:23:00";"COM VÍTIMA";"FINALIZADA";"PARNAMIRIM";"RUA DES GOIS CAVALCANTE";"303";"RUA MIZAEL MONTENEGRO";"ESQUINA COM O PÃO DE AÇUCAR";"PARNAMIRIM";NA;"SUBURBIO";"ABALROAMENTO LONGITUDINAL";"ENTRE AUTO E MOTO. C/V";1;1;0;0;0;0;0;0;0;2;0;"Esquina";"Bom";"Não existe";"Ilegível";"Seca";"Mal iluminada";"Não existe";"Não há placas";"";"Única";"Faixa seccionada";"";""
"6352";2020-03-06;"20:22:00";"SEM VÍTIMA";"FINALIZADA";"IPUTINGA";"EST DO BARBALHO";"1525";"RUA EDGAR D'AMORIM";"";"IPUTINGA";NA;"SUBURBIO";"ABALROAMENTO LONGITUDINAL";"ENTRE AUTO E MOTO. S/V";1;1;0;0;0;0;0;0;0;0;0;"";"Bom";"Não existe";"Ilegível";"Seca";"Mal iluminada";"Não existe";"Não há placas";"";"Dupla";"Não existe";"";""
"6353";2020-03-06;"23:27:00";"SEM VÍTIMA";"FINALIZADA";"DOIS UNIDOS";"AV HILDEBRANDO DE VASCONCELOS";"164";"";"";"DOIS UNIDOS";NA;"SUBURBIO";"COLISÃO TRASEIRA";"ENTRE 2 AUTOS. S/V";2;0;0;0;0;0;0;0;0;0;0;"Longo da via";"Bom";"Não existe";"";"Seca";"Perfeito estado";"Não existe";"Não há placas";"";"Dupla";"Não existe";"";""
"6354";2020-03-07;"03:41:00";"COM VÍTIMA";"FINALIZADA";"ÁGUA FRIA";"RUA DA REGENERACAO";"333";"RUA BOM CONSELHO";"EM FRENTE AO SKINA DO CUPIM- AO LADO DO VERTICAL AUTOMOTIVO- PROX DO LÉO CHOPP";"ÁGUA FRIA";NA;"";"ABALROAMENTO LONGITUDINAL";"COLISÃO ENTRE AUTO E MOTO C/V";1;1;0;0;0;0;0;0;0;1;0;"Cruzamento";"Bom";"Não existe";"Não existente";"Seca";"Perfeito estado";"";"Não há placas";"30 km/h";"Dupla";"Não existe";"";""
"6355";2020-03-07;"06:58:00";"SEM VÍTIMA";"FINALIZADA";"MACAXEIRA";"AV NORTE";"7415";"";"LADO OPOSTO AO Nº - DIGO APÓS PARQUE DA MACAXEIRA";"MACAXEIRA";NA;"SUBURBIO";"CHOQUE OBJETO FIXO";"VEICULO CHOCOU-SE COM O CANTEIRO CENTRAL";1;0;0;0;0;0;0;0;0;0;0;"Longo da via";"Bom";"Não existe";"Perfeito estado";"Seca";"Perfeito estado";"Não existe";"R-6a";"";"Única";"Canteiro central";"";""