"";"data";"hora";"natureza_acidente";"situacao";"bairro";"endereco";"numero";"detalhe_endereco_acidente";"complemento";"bairro_cruzamento";"num_semaforo";"sentido_via";"tipo";"descricao";"auto";"moto";"ciclom";"ciclista";"pedestre";"onibus";"caminhao";"viatura";"outros";"vitimas";"vitimasfatais";"acidente_verificado";"tempo_clima";"situacao_semaforo";"sinalizacao";"condicao_via";"conservacao_via";"ponto_controle";"situacao_placa";"velocidade_max_via";"mao_direcao";"divisao_via1";"divisao_via2";"divisao_via3"
"6356";2020-03-07;"07:16:00";"SEM VÍTIMA";"FINALIZADA";"PINA";"AV ENGENHEIRO DOMINGOS FERREIRA";"1000";"";"PRIMER BATERIA";"PINA";NA;"SUBURBIO";"COLISÃO TRASEIRA";"COLISAO SEM VITIMAS";1;1;0;0;0;0;0;0;0;0;0;"Longo da via";"Bom";"Sem defeito";"Perfeito estado";"Seca";"Perfeito estado";"Faixa de pedestre";"R-6a";"60 km/h";"Única";"Faixa contínua";"";""
"6357";2020-03-07;"07:41:00";"SEM VÍTIMA";"FINALIZADA";"IPUTINGA";"AV CAXANGA";"2900";"";"EM FRENTE AO EXTRA SUPERMERCADO";"IPUTINGA";NA;"SUBURBIO";"COLISÃO TRASEIRA";"DOIS AUTOS";2;0;0;0;0;0;0;0;0;0;0;"Longo da via";"Bom";"Não existe";"Perfeito estado";"Seca";"Perfeito estado";"Outros";"Não há placas";"40 km/h";"Única";"Faixa seccionada";"";""
"6358";2020-03-07;"07:44:00";"SEM VÍTIMA";"DUPLICIDADE";"MACAXEIRA";"AV NORTE";"";"";"PROXIMA A FABRICA DA AVENIDA NORTE";"MACAXEIRA";NA;"";"CHOQUE OBJETO FIXO";"SEM VITIMAS GM FATIMA NO QTH";1;0;0;0;0;0;0;0;0;0;0;"";"";"";"";"";"";"";"";"";"";"";"";""
"6359";2020-03-07;"09:09:00";"SEM VÍTIMA";"FINALIZADA";"BOA VIAGEM";"AV CONSELHEIRO AGUIAR";"2178";"";"DIPLOMATA DELICATESSEN";"BOA VIAGEM";NA;"CIDADE";"ABALROAMENTO LONGITUDINAL";"DOIS AUTOS";2;0;0;0;0;0;0;0;0;0;0;"Longo da via";"Bom";"Não existe";"Perfeito estado";"Seca";"Perfeito estado";"Não existe";"Não há placas";"";"Única";"Faixa seccionada";"";""
"6360";2020-03-07;"10:38:00";"COM VÍTIMA";"FINALIZADA";"VÁRZEA";"RUA VALE DO SIRIJI";"23";"";"PROX A PRAÇA DA PIRIQUITA";"VÁRZEA";NA;"SUBURBIO";"COLISÃO FRONTAL";"MOTO E AUTO";1;0;1;0;0;0;0;0;0;1;0;"Longo da via";"Bom";"Não existe";"Não existente";"Seca";"Perfeito estado";"Não existe";"Não há placas";"";"Dupla";"Não existe";"";""
"6361";2020-03-07;"10:43:00";"SEM VÍTIMA";"FINALIZADA";"SÍTIO DOS PINTOS";"EST DOS PINTOS";"4";"";"EM FRENTE AO Nº 04";"SÍTIO DOS PINTOS";NA;"CIDADE";"ABALROAMENTO LONGITUDINAL";"";1;0;0;0;0;1;0;0;0;0;0;"Longo da via";"Bom";"Não existe";"Não existente";"Seca";"Perfeito estado";"Não existe";"Não há placas";"";"Dupla";"Não existe";"";""
"6362";2020-03-07;"11:11:00";"SEM VÍTIMA";"FINALIZADA";"IMBIRIBEIRA";"AV MARECHAL MASCARENHAS DE MORAES";"";"";"EM FRENTE A UNIVERSIDADE UNIVERSO";"IMBIRIBEIRA";NA;"CIDADE";"COLISÃO TRASEIRA";"VEÍCULO PEGA FOGO E BOMBEIROS NO LOCAL";1;0;0;0;0;1;0;0;0;0;0;"Longo da via";"Bom";"Sem defeito";"Perfeito estado";"Seca";"Perfeito estado";"Faixa de pedestre";"Não há placas";"60 km/h";"Única";"Faixa seccionada";"";""
"6363";2020-03-07;"11:32:00";"SEM VÍTIMA";"FINALIZADA";"ARRUDA";"AV BEBERIBE";"";"";"EM FRENTE AO ESTÁDIO JOSÉ DO REGO MACIEL";"ARRUDA";NA;"SUBURBIO";"COLISÃO TRASEIRA";"ONIBUS E AUTO";1;0;0;0;0;1;0;0;0;0;0;"Longo da via";"Bom";"Não existe";"Perfeito estado";"Seca";"Perfeito estado";"Não existe";"Não há placas";"";"Dupla";"Faixa contínua";"";""
"6364";2020-03-07;"11:34:00";"SEM VÍTIMA";"FINALIZADA";"IBURA";"RUA PINTOR AGENOR DE ALBUQUERQUE CESAR";"13";"";"PRÓXIMO A GENESES GUARICA DIGITAL";"IBURA";NA;"";"COLISÃO FRONTAL";"COLISÃO SEM VITIMAS";2;0;0;0;0;0;0;0;0;0;0;"Longo da via";"Bom";"Sem defeito";"Perfeito estado";"Seca";"Perfeito estado";"Não existe";"R-6a";"30 km/h";"Dupla";"Faixa seccionada";"";""
"6365";2020-03-07;"11:52:00";"COM VÍTIMA";"FINALIZADA";"BOA VIAGEM";"AV ENGENHEIRO DOMINGOS FERREIRA";"1818";"";"EM FRENTE AO EXTRA SUPERMERCADO";"BOA VIAGEM";NA;"SUBURBIO";"COLISÃO TRASEIRA";"MOTO E AUTO";1;1;0;0;0;0;0;0;0;1;0;"Longo da via";"Bom";"Não existe";"Perfeito estado";"Seca";"Perfeito estado";"Não existe";"Não há placas";"60 km/h";"Única";"Faixa seccionada";"";""
"6366";2020-03-07;"12:08:00";"SEM VÍTIMA";"FINALIZADA";"ENCRUZILHADA";"AV JOAO DE BARROS";"994";"";"EM FRENTE A AMERIEDS EXPRESS";"ENCRUZILHADA";42;"CIDADE";"COLISÃO TRASEIRA";"";2;0;0;0;0;0;0;0;0;0;0;"Longo da via";"Bom";"Sem defeito";"Perfeito estado";"Seca";"Perfeito estado";"Faixa de pedestre";"R-6a";"";"Única";"Faixa contínua";"";""
"6367";2020-03-07;"13:58:00";"SEM VÍTIMA";"FINALIZADA";"BOA VIAGEM";"AV ENGENHEIRO DOMINGOS FERREIRA";"1818";"RUA ARTUR MUNIZ";"EM FRENTE AO EXTRA SUPERMERCADO";"BOA VIAGEM";380;"SUBURBIO";"COLISÃO TRASEIRA";"COLISÃO S/VITIMAS ENTRE DOIS AUTOS (V.T 26 NO QTH)";2;0;0;0;0;0;0;0;0;0;0;"Cruzamento";"Bom";"Sem defeito";"Perfeito estado";"Seca";"Perfeito estado";"Faixa de pedestre";"Não há placas";"60 km/h";"Única";"Faixa seccionada";"";""
"6368";2020-03-07;"14:36:00";"SEM VÍTIMA";"FINALIZADA";"SANTO ANTÔNIO";"AV DANTAS BARRETO";"";"";"EM FRENTE CASA PIO - PISTA DA ESQUERDA";"SANTO ANTÔNIO";284;"";"ABALROAMENTO LONGITUDINAL";"COLISAO ENTRE ONIBUS E AUTOS S/V";1;0;0;0;0;1;0;0;0;0;0;"Cruzamento";"Bom";"Sem defeito";"Perfeito estado";"Seca";"Perfeito estado";"Faixa de pedestre";"R-6a";"";"Única";"";"";""
"6369";2020-03-07;"15:23:00";"SEM VÍTIMA";"FINALIZADA";"ILHA DO RETIRO";"EST DOS REMEDIOS";"2034";"";"LADO DA BOB'S";"ILHA DO RETIRO";NA;"SUBURBIO";"ABALROAMENTO LONGITUDINAL";"COLISÃO S/VITIMAS ENTRE DOIS AUTOS";2;0;0;0;0;0;0;0;0;0;0;"Longo da via";"Bom";"Não existe";"Perfeito estado";"Seca";"Perfeito estado";"Não existe";"";"40 km/h";"Dupla";"Faixa contínua";"";""
"6370";2020-03-07;"16:04:00";"SEM VÍTIMA";"FINALIZADA";"CORDEIRO";"AV CAXANGA";"1548";"";"AO LADO DA CAXANGÁ PISCINAS";"CORDEIRO";NA;"SUBURBIO";"COLISÃO TRASEIRA";"COLISAO ENTRE DOIS AUTOS S/V";2;0;0;0;0;0;0;0;0;0;0;"Longo da via";"Bom";"Não existe";"Incompleta";"Seca";"Mal conservada";"Não existe";"R-6a";"";"Dupla";"Faixa contínua";"Faixa seccionada";""
"6371";2020-03-07;"16:05:00";"COM VÍTIMA";"CANCELADA";"CASA AMARELA";"EST DAS UBAIAS-";"763";"";"E/F A NOVA CASA";"CASA AMARELA";NA;"";"ATROPELAMENTO";"MOTORISTA EVADIU-SE DO LOCAL PARA A RUA ESTRADA DO ENCANAENTO Nº1638 / EDF. SIRIGI / CASA AMARELA";0;0;0;0;1;0;0;0;0;1;0;"";"";"";"";"";"";"";"";"";"";"";"";""
"6372";2020-03-07;"16:15:00";"SEM VÍTIMA";"FINALIZADA";"ILHA JOANA BEZERRA";"AV ADVOGADO JOSE PAULO CAVALCANTI";"";"";"AO LADO DO FÓRUM DA ILHA DE JOANA BEZERRA";"ILHA JOANA BEZERRA";38;"";"COLISÃO TRASEIRA";"COLISAO ENTRE DOIS AUTOS S/V";2;0;0;0;0;0;0;0;0;0;0;"Cruzamento";"Bom";"Sem defeito";"Incompleta";"Seca";"Perfeito estado";"Faixa de retenção";"R-6a";"";"Dupla";"Faixa contínua";"";""
"6373";2020-03-07;"16:49:00";"COM VÍTIMA";"FINALIZADA";"CASA FORTE";"AV DEZESSETE DE AGOSTO";"892";"RUA DONA ADA VIEIRA";"EDF CASA GRANDE";"CASA FORTE";NA;"CIDADE";"ABALROAMENTO LONGITUDINAL";"COLISAO COM VITIMA ENTRE VEICULO E MOTO. VT 29 GCM: PAULO VANDERLEI E LEONARDO MESEIS";1;1;0;0;0;0;0;0;0;1;0;"Longo da via";"Bom";"Não existe";"Perfeito estado";"Seca";"Perfeito estado";"Não existe";"R-6a";"";"Dupla";"Faixa";"";""
"6374";2020-03-07;"16:50:00";"SEM VÍTIMA";"FINALIZADA";"ÁGUA FRIA";"RUA DA REGENERACAO";"668";"";"AO LADO DA BUDEGA PRIME";"ÁGUA FRIA";NA;"";"ABALROAMENTO LONGITUDINAL";"COLISÃO S/VITIMAS ENTRE UM AUTO E CAMINHÃO";1;0;0;0;0;0;0;0;2;0;0;"Longo da via";"Bom";"Não existe";"";"Seca";"Perfeito estado";"Não existe";"Não há placas";"";"Dupla";"Não existe";"";""
"6375";2020-03-07;"16:57:00";"SEM VÍTIMA";"FINALIZADA";"BOA VIAGEM";"AV BOA VIAGEM";"4988";"RUA DR VICENTE GOMES";"EDF. LUIZ DIAS LINS";"BOA VIAGEM";483;"";"COLISÃO TRASEIRA";"COLISAO S/ VITIMA ENTRE DOIS VEICULOS. VT 07 BARRETO- ALDILON E GERLANE. NO LOCAL";2;0;0;0;0;0;0;0;0;0;0;"Longo da via";"Bom";"Sem defeito";"Perfeito estado";"Seca";"Perfeito estado";"Faixa de pedestre";"Não há placas";"";"Única";"Faixa seccionada";"";""
"6376";2020-03-07;"17:12:00";"SEM VÍTIMA";"FINALIZADA";"AFOGADOS";"RUA SAO MIGUEL";"800";"RUA BEZERRA DA PALMA";"JUNTO AO QUARTEL DO EXERCITO 14º BATALHÃO LOGISTICO";"AFOGADOS";NA;"SUBURBIO";"COLISÃO";"VEÍCULO VW/ GOL COM AVARIAS SEM CONDIÇÕES DE REMOÇÃO- CONDUTOR AUSENTE";1;0;0;0;0;0;0;0;0;0;0;"";"";"";"";"";"";"";"";"";"";"";"";""
"6377";2020-03-07;"18:31:00";"SEM VÍTIMA";"FINALIZADA";"MADALENA";"EST DOS REMEDIOS";"";"RUA BENFICA";"";"MADALENA";51;"";"ABALROAMENTO TRANSVERSAL";"COLISAO SEM VITIMAS";1;0;0;0;0;1;0;0;0;0;0;"Cruzamento";"Bom";"Sem defeito";"Perfeito estado";"Seca";"Perfeito estado";"Faixa de pedestre";"R-25d";"";"Única";"Faixa contínua";"";""
"6378";2020-03-07;"19:16:00";"SEM VÍTIMA";"CANCELADA";"ESTÂNCIA";"AV RECIFE";"";"";"E/F A ANTIGA ROYALL E POSTO SHELL / APÓS O MACKRO";"ESTÂNCIA";NA;"";"COLISÃO";"ENTRE 2 AUTOS. S/V";2;0;0;0;0;0;0;0;0;0;0;"";"";"";"";"";"";"";"";"";"";"";"";""
"6379";2020-03-07;"20:14:00";"SEM VÍTIMA";"FINALIZADA";"BOA VIAGEM";"AV CONSELHEIRO AGUIAR";"1385";"RUA FREI LEANDRO";"EM FRENTE A GALERIA NORTE CENTER";"BOA VIAGEM";240;"CIDADE";"ABALROAMENTO LONGITUDINAL";"COLISAO SEM VITIMAS";1;1;0;0;0;0;0;0;0;0;0;"Longo da via";"Bom";"Sem defeito";"Perfeito estado";"Seca";"Perfeito estado";"Faixa de pedestre";"R-6a";"60 km/h";"Única";"Faixa contínua";"";""
"6380";2020-03-07;"22:14:00";"SEM VÍTIMA";"CANCELADA";"AFOGADOS";"LARGO DA PAZ";"243";"";"PRÓX A IGREJA UNIVERSAL";"AFOGADOS";NA;"";"COLISÃO";"ENTRE 2 AUTOS. S/V";2;0;0;0;0;0;0;0;0;0;0;"";"";"";"";"";"";"";"";"";"";"";"";""
"6381";2020-03-08;"00:17:00";"SEM VÍTIMA";"FINALIZADA";"IPSEP";"AV RECIFE";"3045";"";"EM FRENTE AO POSTO FEDERAL";"IPSEP";NA;"CIDADE";"CHOQUE OBJETO FIXO";"VEÍCULO CHOCOU-SE CONTRA UM POSTE.";1;0;0;0;0;0;0;0;0;0;0;"Longo da via";"Bom";"Não existe";"Perfeito estado";"Seca";"Perfeito estado";"Não existe";"Não há placas";"60 km/h";"Dupla";"Faixa seccionada";"Canteiro central";""
"6382";2020-03-08;"00:28:00";"SEM VÍTIMA";"FINALIZADA";"JARDIM SÃO PAULO";"RUA NOSSA SENHORA DE FATIMA";"131";"";"PRÓXIMO A PRAÇA JARDIM SÃO PAULO";"JARDIM SÃO PAULO";NA;"CIDADE";"COLISÃO TRASEIRA";"COLISÃO ENTRE DOIS AUTOS- S/V";2;0;0;0;0;0;0;0;0;0;0;"Longo da via";"Bom";"Não existe";"Não existente";"Seca";"Perfeito estado";"Não existe";"Não há placas";"";"Única";"Não existe";"";""
"6383";2020-03-08;"00:53:00";"SEM VÍTIMA";"FINALIZADA";"GRAÇAS";"AV RUI BARBOSA";"";"RUA TENENTE ANTONIO JOAO";"EM FRENTE AO COLÉGIO AGNES";"GRAÇAS";NA;"CIDADE";"CHOQUE OBJETO FIXO";"VEÍCULO CHOCOU-SE CONTRA UM POSTE.";1;0;0;0;0;0;0;0;0;0;0;"Longo da via";"Bom";"Não existe";"Perfeito estado";"Seca";"Perfeito estado";"Não existe";"Não há placas";"";"Única";"Não existe";"";""
"6384";2020-03-08;"05:27:00";"COM VÍTIMA";"FINALIZADA";"BOA VIAGEM";"AV CONSELHEIRO AGUIAR";"2892";"RUA PADRE BERNADINO PESSOA";"";"BOA VIAGEM";125;"CIDADE";"ABALROAMENTO TRANSVERSAL";"COLISÃO ENTRE DOIS AUTOS C/V";2;0;0;0;0;0;0;0;0;1;0;"Cruzamento";"Bom";"Sem defeito";"Perfeito estado";"Seca";"Perfeito estado";"Faixa de pedestre";"Não há placas";"60 km/h";"Única";"Faixa seccionada";"";""
"6385";2020-03-08;"08:50:00";"SEM VÍTIMA";"FINALIZADA";"IMBIRIBEIRA";"AV PRESIDENTE DUTRA";"50";"";"EM FRENTE A TRÓPICOS ENGENHARIA";"IMBIRIBEIRA";NA;"SUBURBIO";"ABALROAMENTO LONGITUDINAL";"COLISÃO S/VITIMAS ENTRE UM ONIBUS E UM AUTO";1;0;0;0;0;1;0;0;0;0;0;"";"Bom";"";"Perfeito estado";"Seca";"Perfeito estado";"";"";"";"Dupla";"Faixa contínua";"Canteiro central";""
"6386";2020-03-08;"09:01:00";"COM VÍTIMA";"FINALIZADA";"CAXANGÁ";"AV CAXANGA";"5717";"";"EM BAIXO DO SEMAFORO 262";"CAXANGÁ";262;"CIDADE";"COLISÃO TRASEIRA";"COLISÃO COM VITIMA A ESPERA DO SAMU  CRISTIANO QTH";1;1;0;0;0;0;0;0;0;1;0;"Longo da via";"Bom";"Sem defeito";"Perfeito estado";"Seca";"Perfeito estado";"";"";"";"Dupla";"Faixa contínua";"Faixa seccionada";"Canteiro central"
"6387";2020-03-08;"10:53:00";"SEM VÍTIMA";"FINALIZADA";"CAMPO GRANDE";"RUA JERONIMO VILELA";"";"RUA DR MACHADO";"";"CAMPO GRANDE";565;"SUBURBIO";"ABALROAMENTO TRANSVERSAL";"COLISÃO SEM VITIMAS";2;0;0;0;0;0;0;0;0;0;0;"Cruzamento";"Bom";"Sem defeito";"Perfeito estado";"Seca";"";"Faixa de pedestre";"";"";"Dupla";"Faixa contínua";"";""
"6388";2020-03-08;"10:58:00";"SEM VÍTIMA";"FINALIZADA";"BOA VIAGEM";"RUA DOS NAVEGANTES";"";"RUA CORONEL BENEDITO CHAVES";"AO LADO DO Nº 401";"BOA VIAGEM";NA;"";"ABALROAMENTO TRANSVERSAL";"COLISÃO S/VITIMAS ENTRE DOIS AUTOS";2;0;0;0;0;0;0;0;0;0;0;"Cruzamento";"Bom";"Não existe";"Perfeito estado";"Seca";"Perfeito estado";"Não existe";"R-4a";"";"Única";"Não existe";"";""
"6389";2020-03-08;"12:11:00";"SEM VÍTIMA";"FINALIZADA";"CASA AMARELA";"RUA PADRE LEMOS";"";"";"MAGAZINE LUIZA";"CASA AMARELA";NA;"SUBURBIO";"ABALROAMENTO TRANSVERSAL";"COLISÃO SEM VÍTIMA";1;0;0;0;0;1;0;0;0;0;0;"Longo da via";"Bom";"Não existe";"Perfeito estado";"Seca";"Perfeito estado";"Não existe";"Outras";"40 km/h";"Dupla";"Faixa seccionada";"";""
"6390";2020-03-08;"12:42:00";"SEM VÍTIMA";"FINALIZADA";"BOA VIAGEM";"RUA GENERAL EDSON AMANCIO RAMALHO";"";"RUA PEDRO PAES MENDONCA";"";"BOA VIAGEM";544;"CIDADE";"COLISÃO TRASEIRA";"COLISÃO SEM VÍTIMA";3;0;0;0;0;0;0;0;0;0;0;"Longo da via";"Bom";"Sem defeito";"Perfeito estado";"Seca";"Perfeito estado";"Faixa de pedestre";"R-6a";"";"Única";"Faixa contínua";"";""
"6391";2020-03-08;"13:04:00";"COM VÍTIMA";"FINALIZADA";"MADALENA";"RUA BENFICA";"1150";"";"EM FRENTE AO MUSEU DA ABOLIÇÃO";"MADALENA";257;"SUBURBIO";"COLISÃO COM CICLISTA";"COLISAO COM VITIMA ENTRE ONIBUS E BICICLETA";0;0;0;1;0;1;0;0;0;1;0;"Longo da via";"Bom";"Sem defeito";"Perfeito estado";"Seca";"Perfeito estado";"Faixa de pedestre";"R-26";"40 km/h";"Dupla";"Faixa contínua";"";""
"6392";2020-03-08;"13:18:00";"SEM VÍTIMA";"FINALIZADA";"IPSEP";"RUA JEAN EMILE FAVRE";"";"RUA PADRE LIMA E SA";"PRÓXIMO A PADARIA MUSTAPAN";"IPSEP";NA;"CIDADE";"ABALROAMENTO TRANSVERSAL";"COLISÃO SEM VÍTIMA";2;0;0;0;0;0;0;0;0;0;0;"Cruzamento";"Bom";"Não existe";"Perfeito estado";"";"";"";"Placas Pare";"";"Dupla";"Faixa seccionada";"";""
"6393";2020-03-08;"13:26:00";"SEM VÍTIMA";"FINALIZADA";"ESTÂNCIA";"AV RECIFE";"";"RUA MAESTRO ALCIDES LEAO";"AO LADO DO MOTEL ESTORIL";"ESTÂNCIA";NA;"SUBURBIO";"ABALROAMENTO LONGITUDINAL";"COLISAO S/ VITIMA ENTRE DOIS VEICULOS";2;0;0;0;0;0;0;0;0;0;0;"Longo da via";"Bom";"Não existe";"";"Seca";"";"Não existe";"R-6a";"";"Dupla";"Canteiro central";"";""
"6394";2020-03-08;"13:35:00";"SEM VÍTIMA";"CANCELADA";"PINA";"RUA ARQUITETO AUGUSTO REINALDO";"";"";"AO LADO DO ATACADO DA CONSTRUÇÃO";"PINA";NA;"";"COLISÃO";"COLISÃO SEM VÍTIMA";2;0;0;0;0;0;0;0;0;0;0;"";"";"";"";"";"";"";"";"";"";"";"";""
"6395";2020-03-08;"15:39:00";"SEM VÍTIMA";"FINALIZADA";"BOA VISTA";"AV LINS PETIT";"161";"";"PRAÇA CHORA MENINO";"BOA VISTA";NA;"CIDADE";"COLISÃO TRASEIRA";"COLISAO S/ VITIMA ENTRE DOIS VEICULOS";2;0;0;0;0;0;0;0;0;0;0;"Longo da via";"Bom";"Não existe";"Perfeito estado";"Seca";"Perfeito estado";"Não existe";"Outras";"";"Única";"Não existe";"";""
"6396";2020-03-08;"16:39:00";"SEM VÍTIMA";"FINALIZADA";"ENCRUZILHADA";"AV JOAO DE BARROS";"";"AV NORTE";"";"ENCRUZILHADA";43;"CIDADE";"ABALROAMENTO TRANSVERSAL";"COLISÃO SEM VÍTIMA";2;0;0;0;0;0;0;0;0;0;0;"Cruzamento";"Bom";"Sem defeito";"Perfeito estado";"Seca";"Perfeito estado";"Faixa de pedestre";"Outras";"";"Dupla";"Canteiro central";"";""
"6397";2020-03-08;"17:00:00";"SEM VÍTIMA";"CANCELADA";"ÁGUA FRIA";"RUA TAMBOARA";"855";"";"LOJA DO BAIXINHO";"ÁGUA FRIA";NA;"";"COLISÃO";"COLISAO S/ VITIMA. ENTRE MOTO E VEICULO";1;1;0;0;0;0;0;0;0;0;0;"";"";"";"";"";"";"";"";"";"";"";"";""
"6398";2020-03-08;"17:11:00";"COM VÍTIMA";"FINALIZADA";"AFOGADOS";"RUA SAO MIGUEL";"558";"";"BRANCO DO BRASIL";"AFOGADOS";NA;"SUBURBIO";"COLISÃO TRASEIRA";"COLISAO COM VITIMA ENTRE MOTO E VEICULO";1;1;0;0;0;0;0;0;0;1;0;"Longo da via";"Bom";"Não existe";"";"";"";"Não existe";"";"50 km/h";"Dupla";"Faixa contínua";"";""
"6399";2020-03-08;"18:19:00";"SEM VÍTIMA";"CANCELADA";"BOA VISTA";"RUA JOAO FERNANDES VIEIRA";"";"";"PROX AO BOM PREÇO";"BOA VISTA";NA;"";"COLISÃO";"COLISAO SEM VITIMAS";2;0;0;0;0;0;0;0;0;0;0;"";"";"";"";"";"";"";"";"";"";"";"";""
"6400";2020-03-08;"19:39:00";"COM VÍTIMA";"FINALIZADA";"AREIAS";"AV RECIFE";"657";"";"PROX AO MAKRO";"AREIAS";NA;"BR 101";"COLISÃO";"COLISAO COM VITIMAS";0;1;0;0;0;1;0;0;0;1;0;"Longo da via";"Bom";"Não existe";"Perfeito estado";"Seca";"Perfeito estado";"Não existe";"Não há placas";"";"Dupla";"Canteiro central";"";""
"6401";2020-03-08;"20:36:00";"SEM VÍTIMA";"CANCELADA";"VÁRZEA";"RUA BARAO DE CERRO LARGO";"";"";"PROX AO POSTO DE SAUDE COSME DAMIAO";"VÁRZEA";NA;"";"COLISÃO";"COLISAO SEM VITIMAS";1;0;0;0;0;1;0;0;0;0;0;"";"";"";"";"";"";"";"";"";"";"";"";""
"6402";2020-03-08;"20:51:00";"COM VÍTIMA";"FINALIZADA";"ÁGUA FRIA";"EST VELHA DE AGUA FRIA";"";"";"PROX AO DNOCS";"ÁGUA FRIA";306;"SUBURBIO";"COLISÃO TRASEIRA";"COLISAO COM VITIMAS";0;2;0;0;0;0;0;0;0;2;0;"Cruzamento";"Bom";"Sem defeito";"Perfeito estado";"Seca";"Perfeito estado";"Faixa de pedestre";"";"";"Dupla";"Canteiro central";"";""
"6403";2020-03-08;"20:56:00";"COM VÍTIMA";"FINALIZADA";"AREIAS";"AV DR JOSE RUFINO";"1508";"RUA JOSE NATARIO";"ENF. AO POSTO SHELL E FARMACIA DROGASIL";"AREIAS";44;"";"ABALROAMENTO TRANSVERSAL";"ONIX X UNO MILLE    OBS: VT DA CTTU N:10 ESTA NO LOCAL";2;0;0;0;0;0;0;0;0;2;0;"Cruzamento";"Bom";"Sem defeito";"Perfeito estado";"Seca";"Perfeito estado";"Faixa de pedestre";"R-6a";"40 km/h";"Dupla";"Faixa contínua";"";""
"6404";2020-03-08;"21:24:00";"COM VÍTIMA";"FINALIZADA";"IBURA";"AV DOIS RIOS";"";"RUA FERNANDO TOMAZ DA SILVA";"EM FRENTE A FARMACIA INDEPENDENTE";"IBURA";323;"SUBURBIO";"CAPOTAMENTO";"COLISÃO SEGUIDO DE CAPOTAMENTO";6;0;0;0;0;0;0;0;0;1;0;"Longo da via";"Bom";"Sem defeito";"Perfeito estado";"Seca";"Perfeito estado";"Faixa de pedestre";"Outras";"";"Dupla";"Faixa contínua";"";""
"6405";2020-03-08;"22:45:00";"SEM VÍTIMA";"FINALIZADA";"BOA VIAGEM";"RUA BARAO DE SOUZA LEAO";"";"";"";"BOA VIAGEM";129;"";"ABALROAMENTO TRANSVERSAL";"COLISAO SEM VITIMAS";2;0;0;0;0;0;0;0;0;0;0;"Cruzamento";"Bom";"Sem defeito";"Perfeito estado";"Seca";"Perfeito estado";"";"";"";"Única";"";"";""
"6406";2020-03-09;"00:11:00";"COM VÍTIMA";"FINALIZADA";"TORRÕES";"AV ENGENHEIRO ABDIAS DE CARVALHO";"240";"";"EM FRENTE A DROGARIA BONGI- AO LADO DA TECOMAT";"TORRÕES";NA;"SUBURBIO";"COLISÃO";"COLISÃO ENTRE AUTO E MOTO C/V";0;1;0;0;0;0;0;0;0;2;0;"";"";"";"";"";"";"";"";"";"";"";"";""
"6407";2020-03-09;"02:11:00";"SEM VÍTIMA";"FINALIZADA";"VASCO DA GAMA";"RUA DOIS DE FEVEREIRO";"523";"";"";"VASCO DA GAMA";NA;"SUBURBIO";"CHOQUE VEÍCULO PARADO";"COLISÃO ENTRE AUTO E CAMINHONETE S/V";1;0;0;0;0;0;1;0;0;0;0;"Longo da via";"Bom";"Não existe";"Não existente";"Seca";"Perfeito estado";"Não existe";"Não há placas";"";"Dupla";"Não existe";"";""
"6408";2020-03-09;"06:46:00";"SEM VÍTIMA";"FINALIZADA";"ESPINHEIRO";"RUA DO ESPINHEIRO";"377";"";"APÓS O POSTO IPIRANGA";"ESPINHEIRO";NA;"SUBURBIO";"ABALROAMENTO TRANSVERSAL";"COLISÃO SEM VITIMAS";1;0;0;0;0;0;0;0;0;0;0;"Longo da via";"";"Não existe";"Perfeito estado";"Seca";"Perfeito estado";"Não existe";"R-6a";"";"Única";"Faixa seccionada";"";""
"6409";2020-03-09;"07:18:00";"SEM VÍTIMA";"FINALIZADA";"CABANGA";"RUA BITURI";"12";"AV ENGENHEIRO JOSE ESTELITA";"SECURITY CENTER DO BRASIL";"CABANGA";NA;"CIDADE";"ABALROAMENTO TRANSVERSAL";"COLISÃO SEM VITIMAS";1;1;0;0;0;0;0;0;0;0;0;"Cruzamento";"Bom";"Não existe";"Incompleta";"Seca";"Perfeito estado";"Não existe";"";"";"Única";"";"";""
"6410";2020-03-09;"07:38:00";"SEM VÍTIMA";"FINALIZADA";"IMBIRIBEIRA";"AV MARECHAL MASCARENHAS DE MORAES";"";"";"PROX AO AEROPORTO AO RESTAURANTE CASA CHINA";"IMBIRIBEIRA";NA;"CIDADE";"COLISÃO";"COLISÃO SEM VITIMAS";2;0;0;0;0;0;0;0;0;0;0;"";"";"";"";"";"";"";"";"";"";"";"";""
"6411";2020-03-09;"07:51:00";"SEM VÍTIMA";"CANCELADA";"CORDEIRO";"AV GENERAL SAN MARTIN";"330";"";"PROX. A DR FRIOS SISTEMA DE REFRIGERAÇÃO";"CORDEIRO";NA;"";"COLISÃO";"AUTO E MOTO";1;1;0;0;0;0;0;0;0;0;0;"";"";"";"";"";"";"";"";"";"";"";"";""
"6412";2020-03-09;"07:56:00";"SEM VÍTIMA";"FINALIZADA";"ILHA DO LEITE";"AV GOVERNADOR AGAMENON MAGALHAES";"4775";"";"EM FRENTE AO EMPRESARIAL THOMAS EDISON";"ILHA DO LEITE";672;"CIDADE";"ABALROAMENTO LONGITUDINAL";"COLISÃO SEM VITIMAS  GM  BT ROCHA CRISPIM  QTH";1;0;0;0;0;1;0;0;0;0;0;"Longo da via";"Bom";"Sem defeito";"Perfeito estado";"Seca";"Perfeito estado";"Faixa de pedestre";"Outras";"60 km/h";"Única";"Faixa seccionada";"";""