"";"data";"hora";"natureza_acidente";"situacao";"bairro";"endereco";"numero";"detalhe_endereco_acidente";"complemento";"bairro_cruzamento";"num_semaforo";"sentido_via";"tipo";"descricao";"auto";"moto";"ciclom";"ciclista";"pedestre";"onibus";"caminhao";"viatura";"outros";"vitimas";"vitimasfatais";"acidente_verificado";"tempo_clima";"situacao_semaforo";"sinalizacao";"condicao_via";"conservacao_via";"ponto_controle";"situacao_placa";"velocidade_max_via";"mao_direcao";"divisao_via1";"divisao_via2";"divisao_via3"
"6413";2020-03-09;"08:09:00";"SEM VÍTIMA";"FINALIZADA";"AREIAS";"AV RECIFE";"";"";"LADO OPOSTO AO BIG BOMPREÇO";"AREIAS";NA;"SUBURBIO";"COLISÃO TRASEIRA";"TRES AUTOS";3;0;0;0;0;0;0;0;0;0;0;"Longo da via";"Bom";"Não existe";"Perfeito estado";"Seca";"Perfeito estado";"Não existe";"Não há placas";"";"Dupla";"Faixa seccionada";"Canteiro central";""
"6414";2020-03-09;"08:20:00";"SEM VÍTIMA";"CANCELADA";"ESPINHEIRO";"RUA SANTO ELIAS";"268";"RUA DO ESPINHEIRO";"EM FRENTEC AO EDF ANDROS";"ESPINHEIRO";NA;"";"COLISÃO";"";2;0;0;0;0;0;0;0;0;0;0;"";"";"";"";"";"";"";"";"";"";"";"";""
"6415";2020-03-09;"08:33:00";"SEM VÍTIMA";"FINALIZADA";"VÁRZEA";"AV AFONSO OLINDENSE";"1433";"";"PARADA DE ÔNIBUS Nº 080257";"VÁRZEA";NA;"";"ABALROAMENTO LONGITUDINAL";"VT 16 NO QTH / ONIBUS E AUTO PASSEIO";1;0;0;0;0;1;0;0;0;0;0;"Longo da via";"Bom";"Não existe";"Perfeito estado";"Seca";"Perfeito estado";"Não existe";"Outras";"30 km/h";"Dupla";"Faixa contínua";"";""
"6416";2020-03-09;"08:35:00";"SEM VÍTIMA";"FINALIZADA";"ESPINHEIRO";"AV JOAO DE BARROS";"";"RUA DA HORA";"";"ESPINHEIRO";656;"SUBURBIO";"ABALROAMENTO LONGITUDINAL";"ONIBUS E AUTO";1;0;0;0;0;1;0;0;0;0;0;"Cruzamento";"Bom";"Sem defeito";"Perfeito estado";"Seca";"Perfeito estado";"Faixa de pedestre";"R-6a";"";"Única";"Faixa seccionada";"";""
"6417";2020-03-09;"09:15:00";"SEM VÍTIMA";"FINALIZADA";"CORDEIRO";"AV GENERAL SAN MARTIN";"608";"";"ATACAREJO IDEAL";"CORDEIRO";67;"SUBURBIO";"CHOQUE VEÍCULO PARADO";"COLISÃO SEM VITIMAS";1;0;1;0;0;0;0;0;0;0;0;"Longo da via";"Bom";"Sem defeito";"Perfeito estado";"Seca";"Perfeito estado";"Faixa de pedestre";"R-6a";"";"Dupla";"Faixa contínua";"";""
"6418";2020-03-09;"10:05:00";"SEM VÍTIMA";"FINALIZADA";"SANTO AMARO";"RUA FREI CASSIMIRO";"";"RUA DO POMBAL";"";"SANTO AMARO";NA;"SUBURBIO";"ABALROAMENTO TRANSVERSAL";"COLISÃO SEM VITIMAS";2;0;0;0;0;0;0;0;0;0;0;"Cruzamento";"Bom";"Não existe";"Perfeito estado";"Seca";"Perfeito estado";"Faixa de retenção";"Placas Pare";"";"Dupla";"Canteiro central";"";""
"6419";2020-03-09;"10:52:00";"SEM VÍTIMA";"FINALIZADA";"PARNAMIRIM";"RUA TITO ROSAS";"60";"";"EDF. RESIDENCIAL DA TORRE";"PARNAMIRIM";NA;"CIDADE";"ABALROAMENTO LONGITUDINAL";"COLISÃO S/VITIMAS ENTRE DOIS AUTOS E UMA MOTO";2;1;0;0;0;0;0;0;0;0;0;"Longo da via";"Bom";"Não existe";"Perfeito estado";"Seca";"Perfeito estado";"Não existe";"";"";"Única";"Faixa seccionada";"";""
"6420";2020-03-09;"11:49:00";"SEM VÍTIMA";"FINALIZADA";"";"RUA PAISSANDU";"414";"";"UNIMED RECIFE";"";NA;"";"ABALROAMENTO LONGITUDINAL";"COLISÃO SEM VITIMAS";2;0;0;0;0;0;0;0;0;0;0;"Longo da via";"Bom";"Não existe";"Perfeito estado";"Seca";"Perfeito estado";"Não existe";"Não há placas";"";"Única";"Não existe";"";""
"6421";2020-03-09;"11:55:00";"SEM VÍTIMA";"FINALIZADA";"ESPINHEIRO";"RUA DO ESPINHEIRO";"1527";"AV JOAO DE BARROS";"EMPRESARIAL PHOENIX";"ESPINHEIRO";89;"";"ABALROAMENTO LONGITUDINAL";"COLISÃO S/VITIMAS ENTRE E DOIS AUTOS";1;0;0;0;0;0;0;0;0;0;0;"Longo da via";"Bom";"Sem defeito";"Perfeito estado";"Seca";"Perfeito estado";"Faixa de pedestre";"R-6a";"";"Única";"Faixa contínua";"";""
"6422";2020-03-09;"11:59:00";"COM VÍTIMA";"FINALIZADA";"IPUTINGA";"AV MAURICIO DE NASSAU";"";"RUA DR JOSE ANASTACIO DA SILVA GUIMARAES";"EM FRENTE AO PARQUE DO CAIARA";"IPUTINGA";NA;"CIDADE";"ABALROAMENTO LONGITUDINAL";"MOTO E VT DA PM";0;1;0;0;0;0;0;1;0;2;0;"Longo da via";"Bom";"Sem defeito";"Incompleta";"Seca";"Perfeito estado";"Não existe";"Não há placas";"";"Dupla";"Não existe";"";""
"6423";2020-03-09;"12:11:00";"SEM VÍTIMA";"FINALIZADA";"CAMPO GRANDE";"RUA ODORICO MENDES";"573";"";"GGB ECO PEÇAS";"CAMPO GRANDE";NA;"SUBURBIO";"COLISÃO TRASEIRA";"COLISAO S/ VITIMA ENTRE ONIBUS E MOTO";0;1;0;0;0;1;0;0;0;0;0;"Longo da via";"Bom";"Não existe";"Perfeito estado";"Seca";"Perfeito estado";"Não existe";"R-6a";"";"Dupla";"Faixa contínua";"";""
"6424";2020-03-09;"12:11:00";"SEM VÍTIMA";"CANCELADA";"BOA VISTA";"AV MANOEL BORBA";"";"";"POR TRAS DO SHOPPING BOA VISTA";"BOA VISTA";NA;"";"COLISÃO";"COLISAO ENTRE MOTO E AUTOS S/V";1;1;0;0;0;0;0;0;0;0;0;"";"";"";"";"";"";"";"";"";"";"";"";""
"6425";2020-03-09;"13:15:00";"SEM VÍTIMA";"FINALIZADA";"MADALENA";"AV ENGENHEIRO ABDIAS DE CARVALHO";"64";"";"EM FRENTE AO POSTO IPIRANGA ( AUTO POSTO EL SHADDAY)";"MADALENA";NA;"SUBURBIO";"COLISÃO TRASEIRA";"ENGAVETAMENTO S/ VITIMA ENTRE TRES VEICULOS. GCM: FABIO MONTERO E WILITON";2;0;0;0;0;0;0;0;1;0;0;"Longo da via";"Bom";"Sem defeito";"Perfeito estado";"Seca";"Perfeito estado";"Agente";"";"60 km/h";"Dupla";"Faixa seccionada";"";""
"6426";2020-03-09;"13:20:00";"SEM VÍTIMA";"FINALIZADA";"ENCRUZILHADA";"AV BEBERIBE";"205";"";"AUTO ESCOLA NOVA YORK";"ENCRUZILHADA";NA;"SUBURBIO";"COLISÃO TRASEIRA";"COLISAO ENTRE ONIBUS E AUTOS S/V";1;0;0;0;0;1;0;0;0;0;0;"Longo da via";"Bom";"Sem defeito";"Perfeito estado";"Seca";"Perfeito estado";"Faixa de retenção";"Outras";"";"Dupla";"Faixa contínua";"Faixa seccionada";""
"6427";2020-03-09;"13:26:00";"SEM VÍTIMA";"FINALIZADA";"DERBY";"RUA PAISSANDU";"";"AV GOVERNADOR AGAMENON MAGALHAES";"";"DERBY";69;"CIDADE";"ABALROAMENTO LONGITUDINAL";"COLISÃO SEM VÍTIMA";2;0;0;0;0;0;0;0;0;0;0;"Cruzamento";"Bom";"Sem defeito";"Perfeito estado";"Seca";"Perfeito estado";"Faixa de pedestre";"";"";"Dupla";"Canteiro central";"";""
"6428";2020-03-09;"13:45:00";"SEM VÍTIMA";"FINALIZADA";"CASA AMARELA";"RUA DA HARMONIA";"";"";"LADO OPOSTO AO NÚMERO 725";"CASA AMARELA";NA;"CIDADE";"ABALROAMENTO LONGITUDINAL";"COLISAO ENTRE ONIBUS E AUTOS S/V";1;0;0;0;0;1;0;0;0;0;0;"Longo da via";"Bom";"Sem defeito";"Perfeito estado";"Seca";"Perfeito estado";"Faixa de pedestre";"R-6a";"";"Dupla";"Faixa seccionada";"";""
"6429";2020-03-09;"13:52:00";"SEM VÍTIMA";"CANCELADA";"CASA AMARELA";"AV NORTE";"6429";"";"APOS A MATERNIDADE BARROS LIMA";"CASA AMARELA";256;"SUBURBIO/ CIDADE";"COLISÃO";"COLISAO S/ VITIMA ENTRE DOIS VEICULOS";2;0;0;0;0;0;0;0;0;0;0;"";"";"";"";"";"";"";"";"";"";"";"";""
"6430";2020-03-09;"13:59:00";"SEM VÍTIMA";"CANCELADA";"SANTO ANTÔNIO";"RUA IMPERADOR PEDRO SEGUNDO";"";"";"E/F AO ARQUIVO PUBLICO";"SANTO ANTÔNIO";NA;"";"COLISÃO COM CICLISTA";"VEICULO COLIDIU COM UM CICLISTA S/V";1;0;0;1;0;0;0;0;0;0;0;"";"";"";"";"";"";"";"";"";"";"";"";""
"6431";2020-03-09;"14:43:00";"SEM VÍTIMA";"FINALIZADA";"CAXANGÁ";"AV CAXANGA";"";"RUA DONA INES CORREA DE ARAUJO";"LADO OPOSTO AO RESIDENCIAL CAXANGÁ";"CAXANGÁ";232;"SUBURBIO";"COLISÃO TRASEIRA";"COLISAO ENTRE DOIS AUTOS S/V";2;0;0;0;0;0;0;0;0;0;0;"Cruzamento";"Bom";"Sem defeito";"Perfeito estado";"Seca";"Perfeito estado";"Faixa de pedestre";"Outras";"";"Dupla";"Canteiro central";"";""
"6432";2020-03-09;"14:48:00";"COM VÍTIMA";"FINALIZADA";"BOA VISTA";"AV CONDE DA BOA VISTA";"1370";"RUA GONCALVES MAIA";"EM FRENTE AO POSTO BR/ SENTIDO AGAMENON";"BOA VISTA";299;"SUBURBIO";"ATROPELAMENTO";"ATROPELAMENTO COM VÍTIMA";1;0;0;0;1;0;0;0;0;1;0;"Longo da via";"Bom";"Sem defeito";"Perfeito estado";"Seca";"Perfeito estado";"Faixa de pedestre";"Outras";"";"Dupla";"Canteiro central";"";""
"6433";2020-03-09;"14:55:00";"SEM VÍTIMA";"FINALIZADA";"ENCRUZILHADA";"AV NORTE";"";"";"";"ENCRUZILHADA";43;"SUBURBIO";"ABALROAMENTO LONGITUDINAL";"";2;0;0;0;0;0;0;0;0;0;0;"Longo da via";"Bom";"Sem defeito";"Perfeito estado";"Seca";"Perfeito estado";"Faixa de pedestre";"R-6a";"";"Única";"Faixa seccionada";"";""
"6434";2020-03-09;"15:17:00";"SEM VÍTIMA";"FINALIZADA";"PRADO";"AV ENGENHEIRO ABDIAS DE CARVALHO";"2082";"";"F S MOTO PEÇAS";"PRADO";NA;"SUBURBIO";"COLISÃO TRASEIRA";"COLISÃO SEM VÍTIMA";2;0;0;0;0;0;0;0;0;0;0;"Longo da via";"Bom";"Não existe";"Perfeito estado";"Seca";"Perfeito estado";"Não existe";"Não há placas";"";"Dupla";"Canteiro central";"";""
"6435";2020-03-09;"16:01:00";"SEM VÍTIMA";"FINALIZADA";"AREIAS";"AV DR JOSE RUFINO";"1577";"";"";"AREIAS";NA;"SUBURBIO";"ABALROAMENTO TRANSVERSAL";"COLISÃO SEM VÍTIMA";1;0;0;0;0;1;0;0;0;0;0;"Longo da via";"Bom";"Sem defeito";"Perfeito estado";"Seca";"Perfeito estado";"Outros";"Outras";"60 km/h";"Dupla";"Faixa contínua";"";""
"6436";2020-03-09;"16:05:00";"SEM VÍTIMA";"FINALIZADA";"ZUMBI";"RUA GOMES TABORDA";"1719";"RUA FRANCISCO VITA";"";"ZUMBI";NA;"SUBURBIO";"ABALROAMENTO LONGITUDINAL";"COLISAO S/ VITIMA. ENTRE CARRO E MOTO";1;1;0;0;0;0;0;0;0;0;0;"Longo da via";"Bom";"Não existe";"Perfeito estado";"Seca";"Perfeito estado";"Não existe";"Não há placas";"";"Dupla";"Faixa seccionada";"";""
"6437";2020-03-09;"16:11:00";"SEM VÍTIMA";"FINALIZADA";"PAISSANDU";"RUA VIS DO LIVRAMENTO";"314";"RUA PAISSANDU";"LADO OPOSTO AO HOSPITAL DO CAPIBARIBE";"PAISSANDU";NA;"SUBURBIO";"ABALROAMENTO LONGITUDINAL";"COLISAO ENTRE DOIS AUTOS S/V";2;0;0;0;0;0;0;0;0;0;0;"Longo da via";"Bom";"Não existe";"Perfeito estado";"Seca";"Perfeito estado";"Não existe";"R-6a";"";"Única";"Não existe";"";""
"6438";2020-03-09;"16:13:00";"SEM VÍTIMA";"FINALIZADA";"BOA VIAGEM";"AV BOA VIAGEM";"3416";"";"";"BOA VIAGEM";NA;"CIDADE";"ABALROAMENTO LONGITUDINAL";"COLISÃO SEM VÍTIMA";2;1;0;0;0;0;0;0;0;0;0;"Longo da via";"Bom";"Não existe";"Perfeito estado";"Seca";"Perfeito estado";"Agente";"Não há placas";"60 km/h";"Única";"Faixa seccionada";"";""
"6439";2020-03-09;"16:22:00";"SEM VÍTIMA";"DUPLICIDADE";"BOA VISTA";"RUA PAISSANDU";"750";"";"EM FRENTE AO HOSPITAL CAPIBARIBE";"BOA VISTA";NA;"";"COLISÃO";"COLISAO S/ VITIMA ENTRE DOIS VEICULOS";2;0;0;0;0;0;0;0;0;0;0;"";"";"";"";"";"";"";"";"";"";"";"";""
"6440";2020-03-09;"16:48:00";"SEM VÍTIMA";"FINALIZADA";"IBURA";"RUA NOVA PALMEIRA";"23";"";"";"IBURA";NA;"SUBURBIO";"COLISÃO TRASEIRA";"COLISÃO SEM VÍTIMA";2;0;0;0;0;0;0;0;0;0;0;"Longo da via";"Bom";"Não existe";"Não existente";"Seca";"Perfeito estado";"Não existe";"Não há placas";"60 km/h";"Dupla";"Não existe";"";""
"6441";2020-03-09;"16:56:00";"SEM VÍTIMA";"CANCELADA";"BONGI";"AV ENGENHEIRO ABDIAS DE CARVALHO";"";"";"E/F A FACULDADE ESTACIO S/T CID";"BONGI";NA;"";"COLISÃO";"COLISAO ENTRE DOIS AUTOS S/V";2;0;0;0;0;0;0;0;0;0;0;"";"";"";"";"";"";"";"";"";"";"";"";""
"6442";2020-03-09;"17:16:00";"SEM VÍTIMA";"FINALIZADA";"GRAÇAS";"RUA AMARO BEZERRA";"433";"RUA JOAQUIM NABUCO";"EM FRENTE A GALERIA DERBY CENTER";"GRAÇAS";71;"SUBURBIO";"ABALROAMENTO LONGITUDINAL";"COLISÃO SEM VÍTIMA";1;0;0;0;0;1;0;0;0;0;0;"Cruzamento";"Bom";"Sem defeito";"Perfeito estado";"Seca";"Perfeito estado";"Faixa de pedestre";"R-4b";"";"Única";"Não existe";"";""
"6443";2020-03-09;"17:16:00";"SEM VÍTIMA";"FINALIZADA";"IPSEP";"AV RECIFE";"";"";"CARLOS FILMS EQUIPADORA";"IPSEP";319;"";"COLISÃO TRASEIRA";"COLISAO S/ VITIMA ENTRE DOIS VEICULOS";2;0;0;0;0;0;0;0;0;0;0;"Longo da via";"Bom";"Sem defeito";"Perfeito estado";"Seca";"Perfeito estado";"Faixa de pedestre";"Outras";"60 km/h";"Dupla";"Faixa contínua";"Faixa seccionada";"Canteiro central"
"6444";2020-03-09;"18:12:00";"SEM VÍTIMA";"FINALIZADA";"IMBIRIBEIRA";"AV MARECHAL MASCARENHAS DE MORAES";"";"";"SOBRE O VIADULTO TANCREDO NEVES";"IMBIRIBEIRA";NA;"SUBURBIO";"COLISÃO TRASEIRA";"PRISMA X VOYAGE";2;0;0;0;0;0;0;0;0;0;0;"Longo da via";"Bom";"Não existe";"Perfeito estado";"Seca";"Perfeito estado";"Agente";"Não há placas";"40 km/h";"Única";"Faixa seccionada";"";""
"6445";2020-03-09;"18:28:00";"SEM VÍTIMA";"FINALIZADA";"CAMPO GRANDE";"EST DE BELEM";"1217";"RUA JERONIMO VILELA";"IGREJA EVANGELICA BRASILEIRA";"CAMPO GRANDE";NA;"CIDADE";"ABALROAMENTO LONGITUDINAL";"CAMINHAO X GRAND SIENA";1;0;0;0;0;0;1;0;0;0;0;"Longo da via";"Bom";"Sem defeito";"Perfeito estado";"Seca";"Perfeito estado";"Faixa de pedestre";"Não há placas";"";"Dupla";"Faixa seccionada";"";""
"6446";2020-03-09;"18:33:00";"SEM VÍTIMA";"FINALIZADA";"";"RUA MADRE DEUS";"";"CAIS DA ALFANDEGA";"ESTACIONAMENTO PAÇO ALFÂNDEGA";"";477;"SUBURBIO";"ABALROAMENTO LONGITUDINAL";"TAXI E CAMINHAO";1;0;0;0;0;0;1;0;0;0;0;"Cruzamento";"Bom";"Sem defeito";"Perfeito estado";"Seca";"Perfeito estado";"Agente";"Não há placas";"";"Única";"Faixa contínua";"";""
"6447";2020-03-09;"18:35:00";"COM VÍTIMA";"FINALIZADA";"IPSEP";"RUA JEAN EMILE FAVRE";"539";"";"PROX A FACULDADE BOA VIAGEM";"IPSEP";NA;"CIDADE";"ABALROAMENTO LONGITUDINAL";"COLISAO COM VITIMAS";1;1;0;0;0;0;0;0;0;1;0;"Longo da via";"Bom";"Não existe";"Perfeito estado";"Seca";"Perfeito estado";"Não existe";"Outras";"";"Dupla";"Faixa contínua";"Faixa seccionada";""
"6448";2020-03-09;"19:03:00";"SEM VÍTIMA";"CANCELADA";"BOA VIAGEM";"RUA SA E SOUZA";"263";"";"ENF. AO EDF. MIRA MAR E PADARIA SANTA ROSA";"BOA VIAGEM";NA;"";"COLISÃO";"HB 20 X PALIO";2;0;0;0;0;0;0;0;0;0;0;"";"";"";"";"";"";"";"";"";"";"";"";""
"6449";2020-03-09;"19:08:00";"SEM VÍTIMA";"CANCELADA";"BOA VIAGEM";"RUA JOSE HIPOLITO CARDOSO";"225";"RUA GENERAL SALGADO";"ENF. A BUDEGA DO RAFHA";"BOA VIAGEM";NA;"";"COLISÃO";"ONIBUS BORBOREMA X PORSCHE";1;0;0;0;0;1;0;0;0;0;0;"";"";"";"";"";"";"";"";"";"";"";"";""
"6450";2020-03-09;"19:14:00";"SEM VÍTIMA";"CANCELADA";"BREJO DE BEBERIBE";"RUA ALTO DO EUCALIPTO";"816";"";"PROX ASSOCIAÇAO DOS MORADORES";"BREJO DE BEBERIBE";NA;"";"COLISÃO";"DOIS AUTOS";2;0;0;0;0;0;0;0;0;0;0;"";"";"";"";"";"";"";"";"";"";"";"";""
"6451";2020-03-09;"19:17:00";"SEM VÍTIMA";"FINALIZADA";"PINA";"AV ANTONIO DE GOES";"";"";"EM FRENTE AO EMPRESARIAL JCPM";"PINA";NA;"CIDADE";"ABALROAMENTO LONGITUDINAL";"COLISAO DE DOIS AUTOS";2;0;0;0;0;0;0;0;0;0;0;"Longo da via";"Bom";"Não existe";"Perfeito estado";"Seca";"Perfeito estado";"Não existe";"Outras";"60 km/h";"Dupla";"Faixa contínua";"Canteiro central";""
"6452";2020-03-09;"19:43:00";"COM VÍTIMA";"CANCELADA";"IPSEP";"AV RECIFE";"2785";"";"PROX A FARMACIA PAGUEMENOS E MERCANTIL BATERIAS //SENTIDO CAXANGA";"IPSEP";NA;"";"COLISÃO";"MOTO X HB 20";1;1;0;0;0;0;0;0;0;1;0;"";"";"";"";"";"";"";"";"";"";"";"";""
"6453";2020-03-09;"19:57:00";"SEM VÍTIMA";"FINALIZADA";"PINA";"AV ENGENHEIRO DOMINGOS FERREIRA";"0";"";"E/F ESCOLA MUNICIPAL OSWALDO LIMA FILHO";"PINA";200;"SUBURBIO";"ABALROAMENTO LONGITUDINAL";"ONIBUS BORBOREMA X AUTO";1;0;0;0;0;1;0;0;0;0;0;"Longo da via";"Bom";"Sem defeito";"Perfeito estado";"Seca";"Perfeito estado";"Faixa de pedestre";"";"";"Única";"Canteiro central";"";""
"6454";2020-03-09;"20:01:00";"COM VÍTIMA";"FINALIZADA";"DOIS UNIDOS";"AV HILDEBRANDO DE VASCONCELOS";"1017";"";"E/F A FABRICA DA MINEVA";"DOIS UNIDOS";NA;"SUBURBIO";"ABALROAMENTO LONGITUDINAL";"COLISAO COM VITIMAS";0;2;0;0;0;0;0;0;0;3;0;"Longo da via";"Bom";"Não existe";"Perfeito estado";"Seca";"";"Não existe";"Outras";"";"Dupla";"Não existe";"";""
"6455";2020-03-09;"20:04:00";"COM VÍTIMA";"FINALIZADA";"TORRE";"RUA JOAO TUDE DE MELO";"";"";"SOBRE A PONTE DA TORRE SENTIDO DE CASA AMARELA";"TORRE";NA;"SUBURBIO";"COLISÃO TRASEIRA";"MOTO X AUTO   OBS: VT DA CTTU 13 ESTA NO LOCAL";1;1;0;0;0;0;0;0;0;1;0;"Viaduto";"Bom";"Não existe";"Não existente";"Seca";"Perfeito estado";"";"Não há placas";"";"Dupla";"Canteiro central";"";""
"6456";2020-03-09;"20:19:00";"SEM VÍTIMA";"FINALIZADA";"GRAÇAS";"RUA DEPUTADO PEDRO PIRES FERREIRA";"913";"";"GALERIA JAQUEIRA PARK CENTER";"GRAÇAS";NA;"SUBURBIO";"COLISÃO TRASEIRA";"HONDA FIT X ECOESPORT";2;0;0;0;0;0;0;0;0;0;0;"Longo da via";"Bom";"Não existe";"Perfeito estado";"Seca";"Perfeito estado";"Não existe";"Não há placas";"";"Dupla";"Não existe";"";""
"6457";2020-03-09;"20:47:00";"SEM VÍTIMA";"CANCELADA";"MADALENA";"RUA DEMOCRITO DE SOUZA FILHO";"";"RUA JOSE OSORIO";"NO CRUZAMENTO MESMO";"MADALENA";NA;"";"COLISÃO";"COLISAO S/ VITIMAS";2;0;0;0;0;0;0;0;0;0;0;"";"";"";"";"";"";"";"";"";"";"";"";""
"6458";2020-03-09;"21:06:00";"SEM VÍTIMA";"FINALIZADA";"TORRE";"RUA SOUZA BANDEIRA";"";"RUA TOMAZ GONZAGA";"ESQUINA BAR DO LOURENÇO";"TORRE";448;"SUBURBIO";"ABALROAMENTO TRANSVERSAL";"GOL X SANDERO";2;0;0;0;0;0;0;0;0;0;0;"Cruzamento";"Bom";"Com defeito";"Perfeito estado";"Seca";"Perfeito estado";"Faixa de pedestre";"";"";"Dupla";"Faixa seccionada";"";""
"6459";2020-03-09;"21:55:00";"SEM VÍTIMA";"FINALIZADA";"SAN MARTIN";"RUA JOSE VELOSO";"";"RUA APULCRO DE ASSUNCAO";"";"SAN MARTIN";NA;"";"ABALROAMENTO TRANSVERSAL";"PRISMA X MARCH";2;0;0;0;0;0;0;0;0;0;0;"Cruzamento";"Bom";"Não existe";"Perfeito estado";"Seca";"Perfeito estado";"Não existe";"Não há placas";"";"Dupla";"Não existe";"";""
"6460";2020-03-10;"06:48:00";"SEM VÍTIMA";"FINALIZADA";"MADALENA";"EST DOS REMEDIOS";"2024";"";"EM FRENTE A CONSUMA";"MADALENA";NA;"";"ABALROAMENTO TRANSVERSAL";"COLISÃO SEM VITIMAS  GM FABIO QTH";2;0;0;0;0;0;0;0;0;0;0;"Longo da via";"Bom";"Não existe";"Perfeito estado";"Seca";"Perfeito estado";"Agente";"Placas Pare";"";"Única";"Faixa seccionada";"";""
"6461";2020-03-10;"06:49:00";"COM VÍTIMA";"FINALIZADA";"PINA";"AV HERCULANO BANDEIRA";"";"";"";"PINA";657;"SUBURBIO";"COLISÃO TRASEIRA";"COLISÃO ENTRE AOUTO E MOTO COM 1 VÍTIMA";1;1;0;0;0;0;0;0;0;1;0;"Longo da via";"Bom";"Sem defeito";"Perfeito estado";"Seca";"Perfeito estado";"Faixa de pedestre";"Outras";"";"Única";"Faixa contínua";"";""
"6462";2020-03-10;"06:57:00";"SEM VÍTIMA";"FINALIZADA";"PRADO";"AV ENGENHEIRO ABDIAS DE CARVALHO";"333";"";"POSTO SHELL";"PRADO";NA;"CIDADE";"COLISÃO TRASEIRA";"COLISAO SEM VITMAS ENTRE UMA MOTO E DOIS CARROS- GM FELIPE NO QTH";2;1;0;0;0;0;0;0;0;0;0;"Longo da via";"Bom";"Não existe";"Perfeito estado";"Seca";"Perfeito estado";"Não existe";"Não há placas";"";"Única";"Faixa seccionada";"";""
"6463";2020-03-10;"06:59:00";"COM VÍTIMA";"FINALIZADA";"CORDEIRO";"RUA FRANCISCO CORTEZ";"50";"RUA WALFRIDO DE MEDEIROS";"APOS O SUPERMERCADO IDEAL SEGUNDA A ESQ.";"CORDEIRO";NA;"";"ABALROAMENTO TRANSVERSAL";"MOTO E AUTO C/V";1;1;0;0;0;0;0;0;0;1;0;"Cruzamento";"Bom";"Não existe";"";"Seca";"";"Não existe";"Não há placas";"";"Dupla";"Não existe";"";""
"6464";2020-03-10;"07:21:00";"SEM VÍTIMA";"FINALIZADA";"IPUTINGA";"EST DO BARBALHO";"229";"";"ANTONIA PLACAS";"IPUTINGA";NA;"CIDADE";"ABALROAMENTO TRANSVERSAL";"DOIS AUTOS (SEGUNDO SUB. ANTEOGENES E JOSENILDO MELO UMA DAS PARTES PASSOU MAL ANTES DO OCORRIDO E SERÁ SOCORRIDA PELO SAMU- POREM O MESMO INF. QUE A OCORRENCIA SERÁ REGISTRADA COMO S/V).";1;0;0;0;0;1;0;0;0;0;0;"Longo da via";"Bom";"Não existe";"Perfeito estado";"Seca";"Perfeito estado";"Não existe";"Não há placas";"40 km/h";"Única";"Não existe";"";""
"6465";2020-03-10;"07:51:00";"SEM VÍTIMA";"FINALIZADA";"PINA";"PTE AGAMENON MAGALHAES";"";"";"E/F AO RESTAURANTE BARGAÇO";"PINA";NA;"CIDADE";"COLISÃO FRONTAL";"COLISÃO S/VITIMAS ENTRE DOIS AUTOS";2;0;0;0;0;0;0;0;0;0;0;"Ponte";"Bom";"Sem defeito";"Perfeito estado";"Seca";"Perfeito estado";"Não existe";"Não há placas";"60 km/h";"Única";"Faixa seccionada";"";""
"6466";2020-03-10;"07:51:00";"COM VÍTIMA";"FINALIZADA";"CAMPO GRANDE";"EST DE BELEM";"848";"RUA PRUDENTE DE MORAES";"CLINICA CENTRAL";"CAMPO GRANDE";94;"SUBURBIO";"ATROPELAMENTO";"COM VITIMAS";1;0;0;0;1;0;0;0;0;1;0;"Cruzamento";"Bom";"Sem defeito";"Perfeito estado";"Seca";"Perfeito estado";"Faixa de pedestre";"Outras";"";"Dupla";"Faixa contínua";"";""
"6467";2020-03-10;"08:03:00";"SEM VÍTIMA";"FINALIZADA";"CIDADE UNIVERSITÁRIA";"RUA GENERAL POLIDORO";"494";"RUA MARECHAL MANOEL LUIS OSORIO";"PETISCARIA 351";"CIDADE UNIVERSITÁRIA";NA;"SUBURBIO";"COLISÃO TRASEIRA";"COLISÃO  SEM VITIMAS VT 14  QTH";1;0;0;0;0;1;0;0;0;0;0;"Longo da via";"Bom";"Não existe";"Perfeito estado";"Seca";"Perfeito estado";"Não existe";"";"30 km/h";"Dupla";"Faixa contínua";"";""
"6468";2020-03-10;"08:14:00";"SEM VÍTIMA";"FINALIZADA";"VÁRZEA";"AV CAXANGA";"4617";"RUA GENERAL POLIDORO";"EM FRENTE A FIAT ITALIANA";"VÁRZEA";231;"CIDADE";"COLISÃO TRASEIRA";"DOIS AUTOS PONTO FIXO GM´S FONTENELE E ALMEIDA VELOSO";2;0;0;0;0;0;0;0;0;0;0;"Longo da via";"Bom";"Sem defeito";"Ilegível";"Seca";"Perfeito estado";"Faixa de pedestre";"Não há placas";"60 km/h";"Dupla";"Canteiro central";"";""
"6469";2020-03-10;"08:05:00";"SEM VÍTIMA";"FINALIZADA";"BOA VIAGEM";"AV BOA VIAGEM";"704";"";"";"BOA VIAGEM";121;"SUBURBIO";"ABALROAMENTO LONGITUDINAL";"COLISÃO S/VITIMAS ENTRE DOIS AUTOS";2;0;0;0;0;0;0;0;0;0;0;"Longo da via";"Bom";"Sem defeito";"Perfeito estado";"Seca";"Perfeito estado";"Faixa de pedestre";"Não há placas";"";"Única";"Faixa seccionada";"";""