"";"data";"hora";"natureza_acidente";"situacao";"bairro";"endereco";"numero";"detalhe_endereco_acidente";"complemento";"bairro_cruzamento";"num_semaforo";"sentido_via";"tipo";"descricao";"auto";"moto";"ciclom";"ciclista";"pedestre";"onibus";"caminhao";"viatura";"outros";"vitimas";"vitimasfatais";"acidente_verificado";"tempo_clima";"situacao_semaforo";"sinalizacao";"condicao_via";"conservacao_via";"ponto_controle";"situacao_placa";"velocidade_max_via";"mao_direcao";"divisao_via1";"divisao_via2";"divisao_via3"
"6470";2020-03-10;"08:27:00";"SEM VÍTIMA";"FINALIZADA";"MADALENA";"RUA REAL DA TORRE";"737";"";"BARTZ MÓVEIS PLANEJADOS";"MADALENA";NA;"CIDADE";"ABALROAMENTO LONGITUDINAL";"DOIS AUTOS";2;0;0;0;0;0;0;0;0;0;0;"Longo da via";"Bom";"Não existe";"Perfeito estado";"Seca";"Perfeito estado";"Não existe";"Outras";"";"Única";"Faixa seccionada";"";""
"6471";2020-03-10;"08:46:00";"SEM VÍTIMA";"FINALIZADA";"IMBIRIBEIRA";"RUA ENGENHEIRO BRANDAO CAVALCANTE";"";"RUA GENERAL GOES MONTEIRO";"";"IMBIRIBEIRA";NA;"CIDADE";"ABALROAMENTO LONGITUDINAL";"COLISÃO S/VITIMAS ENTRE DOIS AUTOS";2;0;0;0;0;0;0;0;0;0;0;"Cruzamento";"Bom";"Não existe";"Perfeito estado";"Seca";"Perfeito estado";"Não existe";"Placas Pare";"30 km/h";"Dupla";"Não existe";"";""
"6472";2020-03-10;"09:16:00";"SEM VÍTIMA";"FINALIZADA";"CABANGA";"AV SATURNINO DE BRITO";"472";"";"E/F A ESTAÇÃO DA COMPESA";"CABANGA";NA;"";"COLISÃO";"COLISÃO S/VITIMAS ENTRE DOIS AUTOS";2;0;0;0;0;0;0;0;0;0;0;"";"";"";"";"";"";"";"";"";"";"";"";""
"6473";2020-03-10;"09:17:00";"SEM VÍTIMA";"FINALIZADA";"GRAÇAS";"RUA AMELIA";"";"RUA DR VICENTE MEIRA";"GALETO AMÉLIA";"GRAÇAS";NA;"SUBURBIO";"ABALROAMENTO LONGITUDINAL";"COLISÃO ENTRE DOIS AUTOS SEM VÍTIMAS";2;0;0;0;0;0;0;0;0;0;0;"Longo da via";"Bom";"Não existe";"Perfeito estado";"Seca";"Perfeito estado";"Não existe";"Outras";"30 km/h";"Única";"Não existe";"";""
"6474";2020-03-10;"09:21:00";"SEM VÍTIMA";"FINALIZADA";"TORREÃO";"RUA OTHON PARAISO";"";"AV GOVERNADOR AGAMENON MAGALHAES";"PRÉDIO LIMA FALCÃO E ADVOGADOS";"TORREÃO";NA;"";"ABALROAMENTO TRANSVERSAL";"DOIS AUTOS";2;0;0;0;0;0;0;0;0;0;0;"Cruzamento";"Bom";"Não existe";"Perfeito estado";"Seca";"";"Não existe";"Placas Pare";"";"Dupla";"Canteiro central";"";""
"6475";2020-03-10;"09:40:00";"SEM VÍTIMA";"FINALIZADA";"IMBIRIBEIRA";"RUA BARAO DE SOUZA LEAO";"";"RUA WALDEMAR NERY CARNEIRO MONTEIRO";"EM FRENTE AO BAITA BURGER";"IMBIRIBEIRA";NA;"";"ABALROAMENTO LONGITUDINAL";"COLISÃO S/VITIMAS ENTRE DOIS AUTOS";2;0;0;0;0;0;0;0;0;0;0;"Longo da via";"Bom";"Não existe";"Perfeito estado";"Seca";"Perfeito estado";"Não existe";"Não há placas";"";"Única";"Faixa seccionada";"";""
"6476";2020-03-10;"09:44:00";"SEM VÍTIMA";"CANCELADA";"CORDEIRO";"RUA PIERRE CURIE";"";"RUA MAURICIO DE NASSAU";"EM FRENTE AO POSTO DE  GASOLINA PETROCAL";"CORDEIRO";NA;"";"COLISÃO";"COLISÃO SEM VITIMAS";1;1;0;0;0;0;0;0;0;0;0;"";"";"";"";"";"";"";"";"";"";"";"";""
"6477";2020-03-10;"09:59:00";"SEM VÍTIMA";"FINALIZADA";"AFLITOS";"CAIS DO APOLO";"925";"";"AO LADO DA PREFEITURA DO RECIFE";"AFLITOS";NA;"SUBURBIO";"ABALROAMENTO LONGITUDINAL";"COLISÃO S/VITIMAS ENTRE DOIS AUTOS (GM PERÔNIMO E FREDERICO NO QTH)";2;0;0;0;0;0;0;0;0;0;0;"Longo da via";"Bom";"Não existe";"Perfeito estado";"Seca";"Perfeito estado";"Agente";"R-6a";"";"Dupla";"Canteiro central";"";""
"6478";2020-03-10;"10:52:00";"SEM VÍTIMA";"CANCELADA";"AFOGADOS";"RUA NAPOLEAO TEIXEIRA DE MACEDO";"70";"";"RESIDENCIA  PROX O CDD DOS CORREIOS";"AFOGADOS";NA;"";"COLISÃO";"COLISÃO SEM VITIMAS";1;0;0;0;0;0;1;0;0;0;0;"";"";"";"";"";"";"";"";"";"";"";"";""
"6479";2020-03-10;"11:31:00";"SEM VÍTIMA";"FINALIZADA";"BOA VIAGEM";"AV DES JOSE NEVES";"334";"";"EM FRENTE AO Nº 334";"BOA VIAGEM";NA;"CIDADE";"COLISÃO TRASEIRA";"COLISÃO S/VITIMAS ENTRE DOIS AUTOS";2;0;0;0;0;0;0;0;0;0;0;"Longo da via";"Bom";"Não existe";"Perfeito estado";"Seca";"Perfeito estado";"Faixa de pedestre";"";"50 km/h";"Dupla";"Faixa seccionada";"Canal";""
"6480";2020-03-10;"11:38:00";"SEM VÍTIMA";"FINALIZADA";"TAMARINEIRA";"RUA PADRE ROMA";"652";"RUA MIZAEL MONTENEGRO";"";"TAMARINEIRA";NA;"";"ABALROAMENTO TRANSVERSAL";"COLISÃO SEM VITIMAS";2;0;0;0;0;0;0;0;0;0;0;"Longo da via";"Bom";"Não existe";"Perfeito estado";"Seca";"Perfeito estado";"Faixa de retenção";"Placas Pare";"30 km/h";"Dupla";"Faixa seccionada";"";""
"6481";2020-03-10;"12:13:00";"SEM VÍTIMA";"FINALIZADA";"BAIRRO DO RECIFE";"CAIS DO APOLO";"739";"";"EM FRENTE AO TRT";"BAIRRO DO RECIFE";NA;"CIDADE";"ABALROAMENTO LONGITUDINAL";"COLISAO S/ VITIMA ENTRE DOIS VEICULOS.";2;0;0;0;0;0;0;0;0;0;0;"Longo da via";"Bom";"Sem defeito";"Perfeito estado";"Seca";"Perfeito estado";"Não existe";"Outras";"";"Dupla";"Canteiro central";"";""
"6482";2020-03-10;"12:15:00";"SEM VÍTIMA";"CANCELADA";"AFOGADOS";"RUA SAO MIGUEL";"436";"";"EM FRENTE AO POSTO DISLUB";"AFOGADOS";NA;"";"COLISÃO";"COLISÃO SEM VÍTIMA";1;1;0;0;0;0;0;0;0;0;0;"";"";"";"";"";"";"";"";"";"";"";"";""
"6483";2020-03-10;"13:29:00";"SEM VÍTIMA";"FINALIZADA";"AFOGADOS";"RUA IMPERIAL";"2006";"";"";"AFOGADOS";NA;"SUBURBIO";"ABALROAMENTO LONGITUDINAL";"COLISAO ENTRE CAMINHAO E AUTO S/V";1;0;0;0;0;0;1;0;0;0;0;"Longo da via";"Bom";"Sem defeito";"";"Seca";"";"Não existe";"R-6a";"";"Única";"Não existe";"";""
"6484";2020-03-10;"13:58:00";"SEM VÍTIMA";"FINALIZADA";"CASA AMARELA";"";"5944";"RUA JAPARATUBA";"PRÓXIMO MERCADO DO ÓLEO";"CASA AMARELA";NA;"SUBURBIO";"ABALROAMENTO LONGITUDINAL";"COLISÃO SEM VÍTIMA";1;0;0;0;0;1;0;0;0;0;0;"";"Bom";"Não existe";"Perfeito estado";"Seca";"Perfeito estado";"";"Outras";"";"Dupla";"Blocos";"";""
"6485";2020-03-10;"14:20:00";"SEM VÍTIMA";"FINALIZADA";"ILHA DO LEITE";"RUA FRANCISCO ALVES";"";"";"AO LADO DO SEBRE";"ILHA DO LEITE";NA;"";"ABALROAMENTO LONGITUDINAL";"COLISAO S/VITIMA ENTRE DOIS VEICULOS";2;0;0;0;0;0;0;0;0;0;0;"Longo da via";"Bom";"Não existe";"Perfeito estado";"Seca";"Perfeito estado";"Faixa de pedestre";"Outras";"";"Dupla";"Canteiro central";"";""
"6486";2020-03-10;"14:41:00";"SEM VÍTIMA";"FINALIZADA";"BONGI";"AV ENGENHEIRO ABDIAS DE CARVALHO";"";"";"PRAÇA DA CHESF";"BONGI";422;"CIDADE";"COLISÃO TRASEIRA";"COLISIAO ENTRE TRES AUTOS S/V";3;0;0;0;0;0;0;0;0;0;0;"Longo da via";"Bom";"Sem defeito";"Perfeito estado";"Seca";"Perfeito estado";"Faixa de retenção";"Não há placas";"60 km/h";"Dupla";"Canteiro central";"";""
"6487";2020-03-10;"15:05:00";"COM VÍTIMA";"FINALIZADA";"ESPINHEIRO";"RUA DO ESPINHEIRO";"468";"AV CONS ROSA E SILVA";"HOSPITAL DO SERVIDOR";"ESPINHEIRO";NA;"";"ATROPELAMENTO";"COLISAO COM VITIMA ENTRE MOTO E PEDESTRE. VT 13";0;1;0;0;1;0;0;0;0;1;0;"Esquina";"Bom";"Não existe";"Perfeito estado";"Seca";"Perfeito estado";"Não existe";"";"";"Única";"Faixa seccionada";"";""
"6488";2020-03-10;"15:28:00";"COM VÍTIMA";"FINALIZADA";"ÁGUA FRIA";"RUA ALEGRE";"";"RUA ZEFERINO AGRA";"COLEGIO ALFREDO FREIRE";"ÁGUA FRIA";431;"SUBURBIO";"ABALROAMENTO TRANSVERSAL";"COLISAO COM VITIMA ENTRE MOTO E VEICULO";1;1;0;0;0;0;0;0;0;1;0;"Cruzamento";"Bom";"Sem defeito";"Perfeito estado";"Seca";"Perfeito estado";"Faixa de pedestre";"Placas Pare";"40 km/h";"Única";"Não existe";"";""
"6489";2020-03-10;"15:31:00";"COM VÍTIMA";"FINALIZADA";"MADALENA";"AV JOSE GONCALVES DE MEDEIROS";"138";"RUA COMENDADOR BENTO AGUIAR";"PROXIMO A PAGUE MENOS";"MADALENA";NA;"SUBURBIO";"ABALROAMENTO LONGITUDINAL";"COLISÃO COM VÍTIMA";1;1;0;0;0;0;0;0;0;1;0;"Cruzamento";"Bom";"Não existe";"Perfeito estado";"Seca";"Perfeito estado";"Não existe";"Não há placas";"";"Dupla";"Faixa contínua";"";""
"6490";2020-03-10;"16:06:00";"SEM VÍTIMA";"FINALIZADA";"MADALENA";"AV VISCONDE DE ALBUQUERQUE";"";"RUA LOPES DE CARVALHO";"";"MADALENA";NA;"SUBURBIO";"ABALROAMENTO TRANSVERSAL";"COLISÃO SEM VÍTIMA";2;0;0;0;0;0;0;0;0;0;0;"Cruzamento";"Bom";"Não existe";"Perfeito estado";"Seca";"Perfeito estado";"Não existe";"R-24a";"";"Única";"Faixa seccionada";"";""
"6491";2020-03-10;"16:15:00";"SEM VÍTIMA";"FINALIZADA";"PINA";"AV HERCULANO BANDEIRA";"1001";"";"EM FRENTE AO ATACADO DA CONSTRUÇÃO";"PINA";660;"SUBURBIO";"ABALROAMENTO LONGITUDINAL";"COLISÃO SEM VÍTIMA";1;1;0;0;0;0;0;0;0;0;0;"Longo da via";"Bom";"Sem defeito";"Perfeito estado";"Seca";"Perfeito estado";"Faixa de pedestre";"Outras";"60 km/h";"Única";"Faixa contínua";"Faixa seccionada";""
"6492";2020-03-10;"16:16:00";"COM VÍTIMA";"FINALIZADA";"ILHA DO LEITE";"AV GOVERNADOR AGAMENON MAGALHAES";"550";"RUA PAISSANDU";"HOSPITAL PORTUGUES";"ILHA DO LEITE";69;"SUBURBIO";"ABALROAMENTO TRANSVERSAL";"COLISAO COM VITIMA ENTRE AMBULANCIA E MOTO. GCM: MILE E JACSON ROBERTO. RESERVA 02";0;1;0;0;0;0;1;0;0;1;0;"Cruzamento";"Bom";"Sem defeito";"Perfeito estado";"Seca";"Perfeito estado";"Faixa de pedestre";"Outras";"";"Única";"Canteiro central";"";""
"6493";2020-03-10;"17:19:00";"SEM VÍTIMA";"FINALIZADA";"SANTO AMARO";"AV GOVERNADOR AGAMENON MAGALHAES";"";"";"PRÓXIMO SEMÁFORO 378 - SENTIDO OLINDA";"SANTO AMARO";378;"SUBURBIO";"COLISÃO TRASEIRA";"COLISÃO SEM VÍTIMA";2;0;0;0;0;0;0;0;0;0;0;"Longo da via";"Bom";"Sem defeito";"Perfeito estado";"Seca";"Perfeito estado";"Não existe";"Não há placas";"60 km/h";"Dupla";"Faixa seccionada";"Canteiro central";""
"6494";2020-03-10;"17:32:00";"COM VÍTIMA";"FINALIZADA";"CAXANGÁ";"AV CAXANGA";"893";"";"E/F A ESTAÇAO ZUMBI";"CAXANGÁ";NA;"SUBURBIO";"COLISÃO COM CICLISTA";"COLISAO DE MOTO COM CICLISTA";0;1;0;1;0;0;0;0;0;1;0;"Longo da via";"Bom";"Sem defeito";"Perfeito estado";"Seca";"Perfeito estado";"Faixa de pedestre";"Outras";"";"Única";"Faixa seccionada";"";""
"6495";2020-03-10;"17:32:00";"SEM VÍTIMA";"FINALIZADA";"TORRE";"RUA DOM MANOEL DA COSTA";"";"RUA PADRE LANDIM";"AO LADO DO Nº 349";"TORRE";NA;"";"ABALROAMENTO TRANSVERSAL";"COLISÃO SEM VÍTIMA";2;0;0;0;0;0;0;0;0;0;0;"Cruzamento";"Bom";"Sem defeito";"";"Seca";"";"Faixa de pedestre";"R-6a";"";"Única";"";"";""
"6496";2020-03-10;"18:55:00";"COM VÍTIMA";"FINALIZADA";"JORDÃO";"AV MARIA IRENE";"";"";"E/F AO POSTO IPIRANGA E NA FEIRA DO JORDÃO- SNT AEROPORTO";"JORDÃO";NA;"SUBURBIO";"ABALROAMENTO LONGITUDINAL";"ENTRE MOTO E AUTO. C/V";1;1;0;0;0;0;0;0;0;1;0;"Longo da via";"Bom";"Não existe";"Ilegível";"Seca";"Mal iluminada";"Não existe";"Não há placas";"";"Dupla";"Faixa contínua";"";""
"6497";2020-03-10;"19:54:00";"COM VÍTIMA";"FINALIZADA";"MADALENA";"AV JOSE GONCALVES DE MEDEIROS";"84";"RUA SENADOR FABIO DE BARROS";"ENF. AO EXTRA";"MADALENA";NA;"SUBURBIO";"ATROPELAMENTO";"MOTO X PEDESTRE";0;1;0;0;1;0;0;0;0;2;0;"Longo da via";"Bom";"Não existe";"";"Seca";"Perfeito estado";"Não existe";"";"";"Dupla";"Faixa contínua";"";""
"6498";2020-03-10;"20:25:00";"SEM VÍTIMA";"FINALIZADA";"SANTO AMARO";"AV CRUZ CABUGA";"";"";"HOSPITAL SANTA CASA DA MISERICÓRDIA";"SANTO AMARO";NA;"SUBURBIO";"ABALROAMENTO LONGITUDINAL";"ENTRE ÔNIBUS E AUTO PASSEIO. S/V";1;0;0;0;0;1;0;0;0;0;0;"Longo da via";"Bom";"Sem defeito";"Perfeito estado";"Seca";"Perfeito estado";"Não existe";"Não há placas";"60 km/h";"Dupla";"Faixa contínua";"";""
"6499";2020-03-10;"20:38:00";"SEM VÍTIMA";"CANCELADA";"TORRE";"RUA REAL DA TORRE";"1645";"";"E/F AO COLÉGIO DESPERTAR E PRÓX AO CARREFOUR";"TORRE";NA;"";"COLISÃO";"ENTRE 2 AUTOS. S/V";2;0;0;0;0;0;0;0;0;0;0;"";"";"";"";"";"";"";"";"";"";"";"";""
"6500";2020-03-10;"21:44:00";"COM VÍTIMA";"CANCELADA";"IPSEP";"RUA ADERBAL DE MELO";"135";"RUA HELIO BRANDAO";"E/F AO RESTAURANTE FEIJOADA DO JOÃO";"IPSEP";NA;"";"COLISÃO";"ENTRE AUTO E MOTO. C/V";1;1;0;0;0;0;0;0;0;1;0;"";"";"";"";"";"";"";"";"";"";"";"";""
"6501";2020-03-11;"07:07:00";"SEM VÍTIMA";"FINALIZADA";"";"AV GOVERNADOR AGAMENON MAGALHAES";"";"";"SOB O VIADUTO DA AVENIDA JOÃO DE BARROS";"";NA;"CIDADE";"COLISÃO TRASEIRA";"4 AUTOS S/V BATEDORES NO LOCAL GM´S VALMIR E WELLINGTON GOMES";4;0;0;0;0;0;0;0;0;0;0;"Viaduto";"Bom";"";"Perfeito estado";"Seca";"Perfeito estado";"";"";"60 km/h";"Dupla";"Faixa seccionada";"";""
"6502";2020-03-11;"07:52:00";"SEM VÍTIMA";"FINALIZADA";"ÁGUA FRIA";"RUA ALEGRE";"";"RUA ZEFERINO AGRA";"AO LADO DA DELEGACIA DE AGUA FRIA";"ÁGUA FRIA";431;"SUBURBIO";"ABALROAMENTO TRANSVERSAL";"MOTO E AUTO";1;1;0;0;0;0;0;0;0;0;0;"Cruzamento";"Bom";"Sem defeito";"Incompleta";"Seca";"Perfeito estado";"Faixa de pedestre";"Placas Pare";"50 km/h";"Única";"Faixa seccionada";"";""
"6503";2020-03-11;"08:25:00";"SEM VÍTIMA";"FINALIZADA";"SANTO AMARO";"AV CRUZ CABUGA";"1563";"";"HOSPITAL SANTO AMARO ( SANTA CASA)";"SANTO AMARO";NA;"CIDADE";"ABALROAMENTO LONGITUDINAL";"SEM VITIMAS";1;0;0;0;0;1;0;0;0;0;0;"Longo da via";"Bom";"Sem defeito";"Perfeito estado";"Seca";"Perfeito estado";"Não existe";"";"60 km/h";"Dupla";"Faixa contínua";"";""
"6504";2020-03-11;"08:33:00";"SEM VÍTIMA";"FINALIZADA";"BOA VIAGEM";"AVENIDA CELSO FURTADO (VIA MANGUE)";"218";"";"";"BOA VIAGEM";NA;"CIDADE";"COLISÃO TRASEIRA";"DOIS AUTOS E MOTO BATEDOR NO LOCAL- GM´S ENOQUE E ISRAEL SANTANA (MOTOQUEIRO SOFREU ESCORIAÇÕES- POREM NÃO QUIS ATENDIMENTO DO SAMU)";2;1;0;0;0;0;0;0;0;0;0;"Longo da via";"Bom";"Não existe";"Perfeito estado";"Seca";"Perfeito estado";"Outros";"Outras";"";"Única";"Faixa seccionada";"";""
"6505";2020-03-11;"09:21:00";"SEM VÍTIMA";"FINALIZADA";"BOA VIAGEM";"AV CONSELHEIRO AGUIAR";"4214";"";"EM FRENTE AO RESTAURANTE GALETUS";"BOA VIAGEM";NA;"CIDADE";"ABALROAMENTO LONGITUDINAL";"SEM VITIMAS";1;0;0;0;0;1;0;0;0;0;0;"Longo da via";"Chuvoso";"Não existe";"Perfeito estado";"Molhada";"Perfeito estado";"Não existe";"R-6a";"60 km/h";"Única";"Faixa seccionada";"";""
"6506";2020-03-11;"09:39:00";"SEM VÍTIMA";"FINALIZADA";"BOA VIAGEM";"AV CONSELHEIRO AGUIAR";"3321";"";"EDF. NOSSA SENHORA DA PAZ";"BOA VIAGEM";NA;"CIDADE";"ABALROAMENTO LONGITUDINAL";"COLISAO SEM VITIMAS";2;0;0;0;0;0;0;0;0;0;0;"Longo da via";"Bom";"Não existe";"Perfeito estado";"Seca";"Perfeito estado";"";"Não há placas";"40 km/h";"Única";"Faixa contínua";"";""
"6507";2020-03-11;"09:51:00";"SEM VÍTIMA";"FINALIZADA";"ARRUDA";"EST VELHA DE AGUA FRIA";"908";"";"DNOCS";"ARRUDA";306;"SUBURBIO";"COLISÃO TRASEIRA";"COLISÃO SEM VITIMAS";2;0;0;0;0;0;0;0;0;0;0;"Longo da via";"Chuvoso";"Sem defeito";"Incompleta";"Molhada";"Perfeito estado";"Faixa de pedestre";"Não há placas";"";"Única";"Faixa contínua";"";""
"6508";2020-03-11;"09:55:00";"SEM VÍTIMA";"FINALIZADA";"BOA VISTA";"AV JOAO DE BARROS";"";"RUA CONDE D'EU";"CLUBE OFICIAIS DA PM/CB PE";"BOA VISTA";NA;"CIDADE";"ABALROAMENTO LONGITUDINAL";"COLISÃO SEM VITIMAS";2;0;0;0;0;0;0;0;0;0;0;"Cruzamento";"Bom";"Não existe";"Perfeito estado";"Seca";"Perfeito estado";"Faixa de pedestre";"Placas Pare";"";"Única";"Faixa seccionada";"";""
"6509";2020-03-11;"10:00:00";"COM VÍTIMA";"FINALIZADA";"TORRE";"RUA CONS THEODORO";"25";"RUA DIOGO ALVARES";"EM FRENTE A PRAÇA DA TORRE";"TORRE";NA;"";"ABALROAMENTO TRANSVERSAL";"AUTO E MOTO C/V";1;1;0;0;0;0;0;0;0;1;0;"Esquina";"Chuvoso";"Não existe";"Incompleta";"Molhada";"Perfeito estado";"Não existe";"Placas Pare";"";"Dupla";"Não existe";"";""
"6510";2020-03-11;"10:33:00";"SEM VÍTIMA";"FINALIZADA";"BOA VISTA";"RUA PADRE INGLES";"";"";"EM FRENTE A UNIBRA";"BOA VISTA";NA;"";"COLISÃO";"DOIS AUTOS";2;0;0;0;0;0;0;0;0;0;0;"";"";"";"";"";"";"";"";"";"";"";"";""
"6511";2020-03-11;"10:39:00";"SEM VÍTIMA";"FINALIZADA";"SANTO AMARO";"RUA ASTRONAUTA COLLINS";"50";"";"AO LADO DA EMPRESA AÇO CARBONO";"SANTO AMARO";NA;"SUBURBIO";"CHOQUE";"COLISÃO SEM VITIMAS";1;0;0;0;0;0;0;0;0;0;0;"Longo da via";"Chuvoso";"Não existe";"Não existente";"Molhada";"Mal conservada";"Não existe";"Não há placas";"";"Dupla";"Não existe";"";""
"6512";2020-03-11;"10:52:00";"SEM VÍTIMA";"FINALIZADA";"BOA VIAGEM";"RUA PINTOR LULA CARDOSO AYRES";"";"RUA DR SEABRA";"LADO OPOSTO AO AEROJATO";"BOA VIAGEM";NA;"CIDADE";"ABALROAMENTO LONGITUDINAL";"COLISÃO SEM VITIMAS";2;0;0;0;0;0;0;0;0;0;0;"Longo da via";"Bom";"Não existe";"Perfeito estado";"Seca";"Perfeito estado";"Agente";"Não há placas";"30 km/h";"Dupla";"Não existe";"";""
"6513";2020-03-11;"10:55:00";"COM VÍTIMA";"FINALIZADA";"BONGI";"RUA SANTA EDWIRGES";"";"RUA PADRE TEOFILO TWORZ";"EM FRENTE A FACULDADE NOVA ROMA SENT. CIDADE";"BONGI";NA;"CIDADE";"ABALROAMENTO TRANSVERSAL";"ONIBUS E MOTO C/V";0;1;0;0;0;1;0;0;0;1;0;"Cruzamento";"Bom";"Não existe";"Perfeito estado";"Seca";"Perfeito estado";"Faixa de pedestre";"Placas Pare";"";"Única";"Não existe";"";""
"6514";2020-03-11;"11:26:00";"COM VÍTIMA";"FINALIZADA";"CASA AMARELA";"EST DO ARRAIAL";"3407";"RUA BENTO LOYOLA";"PROX AO SITIO DA TRINDADE";"CASA AMARELA";NA;"SUBURBIO";"ABALROAMENTO TRANSVERSAL";"MOTO E CAMINHAO VT 11 NO QTH";0;1;0;0;0;0;1;0;0;1;0;"Esquina";"Bom";"Não existe";"Ilegível";"Seca";"Perfeito estado";"Faixa de retenção";"Placas Pare";"";"Única";"Faixa seccionada";"";""
"6515";2020-03-11;"11:35:00";"COM VÍTIMA";"FINALIZADA";"IMBIRIBEIRA";"AV MARECHAL MASCARENHAS DE MORAES";"4900";"";"EM  FRENTE A PARVI LOCADORA";"IMBIRIBEIRA";531;"SUBURBIO";"COLISÃO TRASEIRA";"COLISÃO COM VITIMA A ESPERA DO SAMU";1;1;0;0;0;0;0;0;0;1;0;"Longo da via";"Bom";"Sem defeito";"Perfeito estado";"Seca";"Perfeito estado";"Faixa de pedestre";"";"60 km/h";"Dupla";"Faixa contínua";"Faixa seccionada";"Canteiro central"
"6516";2020-03-11;"12:05:00";"SEM VÍTIMA";"FINALIZADA";"BOA VIAGEM";"AV ENGENHEIRO DOMINGOS FERREIRA";"";"RUA PROFESSOR EDUARDO WANDERLEY FILHO";"";"BOA VIAGEM";NA;"SUBURBIO";"ABALROAMENTO LONGITUDINAL";"COLISAO SEM VITIMAS";2;0;0;0;0;0;0;0;0;0;0;"Longo da via";"Bom";"Não existe";"Perfeito estado";"Seca";"Perfeito estado";"Não existe";"Não há placas";"60 km/h";"Única";"Faixa seccionada";"";""
"6517";2020-03-11;"12:07:00";"SEM VÍTIMA";"FINALIZADA";"BOA VISTA";"AV JOAO DE BARROS";"587";"RUA DR LEOPOLDO LINS";"";"BOA VISTA";198;"CIDADE";"ABALROAMENTO LONGITUDINAL";"COLISÃO SEM VÍTIMA";1;0;0;0;0;1;0;0;0;0;0;"Longo da via";"Bom";"Sem defeito";"Perfeito estado";"Seca";"Perfeito estado";"Faixa de pedestre";"Não há placas";"";"Única";"Faixa seccionada";"";""
"6518";2020-03-11;"12:24:00";"COM VÍTIMA";"FINALIZADA";"TORRÕES";"AV ENGENHEIRO ABDIAS DE CARVALHO";"";"";"E/F AO POSTO BR S/T CURADO";"TORRÕES";NA;"SUBURBIO";"ABALROAMENTO LONGITUDINAL";"COLISAO ENTRE DUAS MOTO COM UMA VITIMA";0;2;0;0;0;0;0;0;0;1;0;"Longo da via";"Bom";"Sem defeito";"Perfeito estado";"Seca";"Perfeito estado";"Não existe";"Não há placas";"60 km/h";"Dupla";"Canteiro central";"";""
"6519";2020-03-11;"12:51:00";"SEM VÍTIMA";"FINALIZADA";"BOA VIAGEM";"AV ENGENHEIRO DOMINGOS FERREIRA";"";"RUA SENADOR HELIO COUTINHO";"";"BOA VIAGEM";NA;"SUBURBIO";"ABALROAMENTO TRANSVERSAL";"COLISAO SEM VITIMAS";2;0;0;0;0;0;0;0;0;0;0;"";"Bom";"Não existe";"Perfeito estado";"Seca";"Perfeito estado";"Não existe";"R-6a";"";"Única";"Faixa seccionada";"";""
"6520";2020-03-11;"15:44:00";"SEM VÍTIMA";"FINALIZADA";"SÃO JOSÉ";"RUA IMPERIAL";"";"";"LADO OPOSTO AO POSTE B 001429";"SÃO JOSÉ";NA;"CIDADE";"COLISÃO TRASEIRA";"COLISÃO SEM VÍTIMA";2;0;0;0;0;0;0;0;0;0;0;"Longo da via";"Bom";"Não existe";"Não existente";"Seca";"Perfeito estado";"Não existe";"Outras";"";"Dupla";"Faixa contínua";"Faixa seccionada";""
"6521";2020-03-11;"15:57:00";"SEM VÍTIMA";"FINALIZADA";"DERBY";"RUA BENFICA";"";"";"CRUZAMENTO COM A RUA ARLINDO GOUVEIA";"DERBY";629;"SUBURBIO";"ABALROAMENTO TRANSVERSAL";"COLISAO SEM VITIMAS GM RAFAEL CABRAL NO QTH";2;0;0;0;0;0;0;0;0;0;0;"Cruzamento";"Bom";"Sem defeito";"Perfeito estado";"Seca";"Perfeito estado";"Agente";"Outras";"40 km/h";"Única";"Faixa seccionada";"";""
"6522";2020-03-11;"16:05:00";"SEM VÍTIMA";"FINALIZADA";"AFOGADOS";"RUA NICOLAU PEREIRA";"";"";"RUA NICOLAU PEREIRA SOB SEMÁFORO Nº 073";"AFOGADOS";73;"SUBURBIO";"ABALROAMENTO LONGITUDINAL";"COLISAO ENTRE DOIS AUTOS S/V";2;0;0;0;0;0;0;0;0;0;0;"Longo da via";"Bom";"Sem defeito";"Perfeito estado";"Seca";"Perfeito estado";"Faixa de pedestre";"Não há placas";"";"Única";"Faixa contínua";"";""
"6523";2020-03-11;"17:39:00";"SEM VÍTIMA";"CANCELADA";"TEJIPIÓ";"AV DR JOSE RUFINO";"299";"";"E/F AO CARTORIO DE TEJIPIO PROX AO SEMAFORO 411";"TEJIPIÓ";NA;"";"COLISÃO";"COLISAO ENTRE AUTO E MOTO S/V";1;1;0;0;0;0;0;0;0;0;0;"";"";"";"";"";"";"";"";"";"";"";"";""
"6524";2020-03-11;"17:50:00";"SEM VÍTIMA";"FINALIZADA";"CIDADE UNIVERSITÁRIA";"AV VISCONDE DE SAO LEOPOLDO";"447";"";"PROXIMO A POSTO DE SAUDE DE ENGENHO DO MEIO";"CIDADE UNIVERSITÁRIA";NA;"";"COLISÃO";"COLISÃO SEM VÍTIMA";2;0;0;0;0;0;0;0;0;0;0;"";"";"";"";"";"";"";"";"";"";"";"";""