"";"data";"hora";"natureza_acidente";"situacao";"bairro";"endereco";"numero";"detalhe_endereco_acidente";"complemento";"bairro_cruzamento";"num_semaforo";"sentido_via";"tipo";"descricao";"auto";"moto";"ciclom";"ciclista";"pedestre";"onibus";"caminhao";"viatura";"outros";"vitimas";"vitimasfatais";"acidente_verificado";"tempo_clima";"situacao_semaforo";"sinalizacao";"condicao_via";"conservacao_via";"ponto_controle";"situacao_placa";"velocidade_max_via";"mao_direcao";"divisao_via1";"divisao_via2";"divisao_via3"
"6525";2020-03-11;"18:53:00";"SEM VÍTIMA";"FINALIZADA";"IMBIRIBEIRA";"AV MARECHAL MASCARENHAS DE MORAES";"";"";"EM FRENTE AO BANCO ITAU";"IMBIRIBEIRA";225;"SUBURBIO";"ABALROAMENTO LONGITUDINAL";"DOIS AUTOS X  OBS: BATEDORES DA CCTU 28X03 ESTA NO LOCAL";2;0;0;0;0;0;0;0;0;0;0;"Longo da via";"Bom";"Sem defeito";"Perfeito estado";"Seca";"Perfeito estado";"Faixa de pedestre";"Outras";"60 km/h";"Dupla";"Canteiro central";"";""
"6526";2020-03-11;"20:50:00";"SEM VÍTIMA";"FINALIZADA";"BOA VIAGEM";"AV CONSELHEIRO AGUIAR";"";"";"SOB O SEMÁFORO 241";"BOA VIAGEM";241;"CIDADE";"ABALROAMENTO TRANSVERSAL";"ÕNIBUS X AUTO PASSEIO. S/V";1;0;0;0;0;1;0;0;0;0;0;"Longo da via";"Chuvoso";"Sem defeito";"Perfeito estado";"Molhada";"Perfeito estado";"Não existe";"Não há placas";"";"Única";"Faixa seccionada";"";""
"6527";2020-03-11;"22:28:00";"COM VÍTIMA";"FINALIZADA";"CORDEIRO";"AV ENGENHEIRO ABDIAS DE CARVALHO";"";"";"LADO OPOSTO DO ESPETINHO LEGAL PRIME - SNT CID / SEMÁFORO 422";"CORDEIRO";422;"CIDADE";"COLISÃO COM CICLISTA";"ENTRE MOTO DO BPTRAN E CICLISTA. C/V]";0;1;0;1;0;0;0;0;0;1;0;"Longo da via";"Bom";"Sem defeito";"Perfeito estado";"Seca";"Perfeito estado";"Faixa de pedestre";"Outras";"";"Dupla";"Faixa seccionada";"";""
"6528";2020-03-11;"23:38:00";"COM VÍTIMA";"FINALIZADA";"JOANA BEZERRA";"RUA IMPERIAL";"";"RUA LOURENCO DA SILVA";"APÓS O HOTEL CRISTAL";"JOANA BEZERRA";NA;"SUBURBIO";"ABALROAMENTO TRANSVERSAL";"ENTRE ÔNIBUS E MOTO. C/V";0;1;0;0;0;1;0;0;0;1;0;"Cruzamento";"Bom";"Não existe";"Perfeito estado";"Seca";"Perfeito estado";"Não existe";"Não há placas";"";"Única";"Faixa seccionada";"";""
"6529";2020-03-12;"01:01:00";"SEM VÍTIMA";"FINALIZADA";"CAXANGÁ";"AV JOAQUIM RIBEIRO";"";"RUA GASTAO VIDIGAL";"";"CAXANGÁ";281;"SUBURBIO";"ABALROAMENTO LONGITUDINAL";"COLISÃO ENTRE DOIS AUTOS S/V";2;0;0;0;0;0;0;0;0;0;0;"Cruzamento";"Bom";"Sem defeito";"Perfeito estado";"Seca";"Perfeito estado";"Faixa de pedestre";"Outras";"";"Dupla";"Canteiro central";"";""
"6530";2020-03-12;"06:24:00";"SEM VÍTIMA";"FINALIZADA";"ROSARINHO";"AV PROFESSOR JOSE DOS ANJOS";"";"";"LADO OPOSTO À VIASUL FIAT - ARRUDA";"ROSARINHO";NA;"CIDADE";"COLISÃO TRASEIRA";"COLISÃO S/VITIMAS ENTRE DOIS AUTOS";2;0;0;0;0;0;0;0;0;0;0;"Longo da via";"Bom";"Não existe";"Incompleta";"Seca";"Perfeito estado";"Não existe";"Não há placas";"";"Dupla";"Canal";"";""
"6531";2020-03-12;"07:14:00";"SEM VÍTIMA";"FINALIZADA";"ESPINHEIRO";"RUA CONS PORTELA";"";"";"CRUZAMENTO ENTRE A RUA CONSELHEIRO PORTELA E A RUA QUARENTA E OITO";"ESPINHEIRO";11;"CIDADE";"ABALROAMENTO LONGITUDINAL";"COLISÃO S/VITIMAS ENTRE DOIS AUTOS (GM ARNOSO NO QTH)";2;0;0;0;0;0;0;0;0;0;0;"Cruzamento";"Bom";"Sem defeito";"Perfeito estado";"Seca";"Perfeito estado";"Agente";"Outras";"40 km/h";"Única";"Não existe";"";""
"6532";2020-03-12;"07:24:00";"SEM VÍTIMA";"CANCELADA";"TEJIPIÓ";"AV DR JOSE RUFINO";"3905 A";"";"EM FRENTE A ESTACAO TEJIPIÓ";"TEJIPIÓ";NA;"";"COLISÃO";"CAMINHAO E AUTO PASSEIO";1;0;0;0;0;0;1;0;0;0;0;"";"";"";"";"";"";"";"";"";"";"";"";""
"6533";2020-03-12;"07:30:00";"COM VÍTIMA";"CANCELADA";"CASA AMARELA";"EST DO ARRAIAL";"";"";"EM FRENTE AO SITIO DA TRINDADE";"CASA AMARELA";NA;"";"COLISÃO";"MOTO E AUTO";1;1;0;0;0;0;0;0;0;1;0;"";"";"";"";"";"";"";"";"";"";"";"";""
"6534";2020-03-12;"08:47:00";"SEM VÍTIMA";"FINALIZADA";"ENCRUZILHADA";"AV JOAO DE BARROS";"1912";"";"EM FRENTE AOS CORREIOS";"ENCRUZILHADA";NA;"CIDADE";"ABALROAMENTO LONGITUDINAL";"SEM VITIMAS// GM RIBEIRO E CARLOS NO QTH";1;0;0;0;0;0;1;0;0;0;0;"Longo da via";"Bom";"Sem defeito";"Perfeito estado";"Seca";"Perfeito estado";"Não existe";"Não há placas";"";"Única";"Faixa seccionada";"";""
"6535";2020-03-12;"08:56:00";"SEM VÍTIMA";"FINALIZADA";"ESPINHEIRO";"AV GOVERNADOR AGAMENON MAGALHAES";"";"RUA SAO SALVADOR";"";"ESPINHEIRO";NA;"";"ABALROAMENTO LONGITUDINAL";"ONIBUS E AUTO";1;0;0;0;0;1;0;0;0;0;0;"Cruzamento";"Bom";"Sem defeito";"Perfeito estado";"Seca";"Perfeito estado";"Faixa de pedestre";"";"";"Dupla";"Faixa contínua";"Faixa seccionada";""
"6536";2020-03-12;"09:01:00";"SEM VÍTIMA";"FINALIZADA";"SANTO AMARO";"AV CRUZ CABUGA";"";"";"SEMÁFORO 523";"SANTO AMARO";523;"CIDADE";"COLISÃO TRASEIRA";"COLISÃO SEM VÍTIMAS ENTRE AUTO E MOTO.";1;1;0;0;0;0;0;0;0;0;0;"Longo da via";"Bom";"Sem defeito";"Perfeito estado";"Seca";"Perfeito estado";"";"";"";"Dupla";"Faixa contínua";"";""
"6537";2020-03-12;"09:39:00";"SEM VÍTIMA";"FINALIZADA";"BARRO";"RUA PADRE DIOGO RODRIGUES";"870";"";"CEMITÉRIO DO BARRO";"BARRO";NA;"SUBURBIO";"ABALROAMENTO LONGITUDINAL";"COLISÃO S/VITIMAS ENTRE UM AUTO E CAMINHÃO";1;0;0;0;0;0;1;0;0;0;0;"Cruzamento";"Bom";"Não existe";"Perfeito estado";"Seca";"Perfeito estado";"Não existe";"Outras";"";"Dupla";"Não existe";"";""
"6538";2020-03-12;"10:13:00";"SEM VÍTIMA";"FINALIZADA";"ESPINHEIRO";"RUA DO ESPINHEIRO";"395";"";"";"ESPINHEIRO";NA;"SUBURBIO";"ABALROAMENTO TRANSVERSAL";"COLISÃO S/VITIMAS ENTRE UM AUTO E UM ONIBUS (V.T 08 NO QTH)";1;0;0;0;0;1;0;0;0;0;0;"Longo da via";"Bom";"Sem defeito";"Perfeito estado";"Seca";"Perfeito estado";"Agente";"R-6a";"";"Única";"Faixa contínua";"Faixa seccionada";""
"6539";2020-03-12;"11:01:00";"SEM VÍTIMA";"FINALIZADA";"ESPINHEIRO";"RUA BARAO DE ITAMARACA";"142";"";"PRÓXIMO A CLÍNICA HAPVIDA";"ESPINHEIRO";NA;"SUBURBIO";"ABALROAMENTO LONGITUDINAL";"DOIS AUTOS";2;0;0;0;0;0;0;0;0;0;0;"Longo da via";"Bom";"Sem defeito";"Perfeito estado";"Seca";"Perfeito estado";"";"Outras";"";"Única";"";"";""
"6540";2020-03-12;"11:41:00";"COM VÍTIMA";"FINALIZADA";"BOA VIAGEM";"RUA BALTAZAR PASSOS";"";"RUA JOSE HIPOLITO CARDOSO";"EM FRENTE A SAO BRAS";"BOA VIAGEM";NA;"CIDADE";"ABALROAMENTO TRANSVERSAL";"MOTO E AUTO";1;1;0;0;0;0;0;0;0;1;0;"Cruzamento";"Chuvoso";"Não existe";"Perfeito estado";"Molhada";"Perfeito estado";"Não existe";"Placas Pare";"30 km/h";"Dupla";"Não existe";"";""
"6541";2020-03-12;"12:07:00";"SEM VÍTIMA";"FINALIZADA";"IPSEP";"AV RECIFE";"";"";"LADO OPOSTO AO Nº 2447";"IPSEP";55;"";"COLISÃO TRASEIRA";"COLISAO S/V";2;0;0;0;0;0;0;0;0;0;0;"Longo da via";"Chuvoso";"Sem defeito";"Perfeito estado";"Seca";"Perfeito estado";"Não existe";"R-6a";"";"Dupla";"Faixa seccionada";"Canteiro central";""
"6542";2020-03-12;"12:45:00";"COM VÍTIMA";"FINALIZADA";"AFOGADOS";"RUA COSME VIANA";"550";"";"E/F A CEMAUTO SERVIÇOS AUTOMOTIVOS PROX AO EROS HOTEL";"AFOGADOS";NA;"SUBURBIO";"ATROPELAMENTO";"ONIBUS ATROPELOU UM PEDESTRE";0;0;0;0;1;1;0;0;0;1;0;"Longo da via";"Bom";"Não existe";"Perfeito estado";"Seca";"Perfeito estado";"";"Outras";"";"Única";"";"";""
"6543";2020-03-12;"13:12:00";"SEM VÍTIMA";"CANCELADA";"BRASÍLIA TEIMOSA";"RUA COMENDADOR MORAES";"445";"";"COMPESA";"BRASÍLIA TEIMOSA";NA;"";"COLISÃO";"COLISAO ENTRE DOIS VEICULOS";2;0;0;0;0;0;0;0;0;0;0;"";"";"";"";"";"";"";"";"";"";"";"";""
"6544";2020-03-12;"13:13:00";"SEM VÍTIMA";"FINALIZADA";"BOA VIAGEM";"RUA COSMORAMA";"";"RUA JOAO CARDOSO AIRES";"AO LADO DO COLÉGIO MADRE DE DEUS";"BOA VIAGEM";478;"SUBURBIO";"COLISÃO TRASEIRA";"";1;1;0;0;0;0;0;0;1;0;0;"Cruzamento";"Bom";"Sem defeito";"Perfeito estado";"Seca";"Perfeito estado";"Faixa de pedestre";"Outras";"40 km/h";"Única";"Faixa seccionada";"";""
"6545";2020-03-12;"14:01:00";"SEM VÍTIMA";"CANCELADA";"ESPINHEIRO";"RUA CONS PORTELA";"665";"";"GALERIA CONSELHEIRO PORTELA";"ESPINHEIRO";NA;"";"COLISÃO";"COLISAO S/ VITIMA ENTRE DOIS VEICULOS";1;0;0;0;0;0;0;0;1;0;0;"";"";"";"";"";"";"";"";"";"";"";"";""
"6546";2020-03-12;"14:31:00";"SEM VÍTIMA";"FINALIZADA";"GRAÇAS";"AV RUI BARBOSA";"1541";"";"EM FRENTE AO Nº 1541";"GRAÇAS";NA;"CIDADE";"ABALROAMENTO LONGITUDINAL";"COLISAO ENTRE AUTOS E MOTO S/V";1;1;0;0;0;0;0;0;0;0;0;"Longo da via";"Bom";"Não existe";"Perfeito estado";"Seca";"Perfeito estado";"Não existe";"Outras";"";"Única";"Faixa seccionada";"";""
"6547";2020-03-12;"14:35:00";"SEM VÍTIMA";"FINALIZADA";"DERBY";"RUA MANOEL CAETANO";"";"RUA JENER DE SOUZA";"POSTE DE Nº B 009473";"DERBY";NA;"CIDADE";"ABALROAMENTO LONGITUDINAL";"COLISAO SEM VITIMAS";2;0;0;0;0;0;0;0;0;0;0;"";"Bom";"Não existe";"Perfeito estado";"Seca";"Perfeito estado";"Faixa de pedestre";"R-6a";"";"Única";"Faixa contínua";"";""
"6548";2020-03-12;"14:47:00";"SEM VÍTIMA";"FINALIZADA";"SANTO ANTÔNIO";"AV MARTINS DE BARROS";"";"";"LADO OPOSTO A PRAÇA DEZESSETE";"SANTO ANTÔNIO";NA;"CIDADE";"COLISÃO FRONTAL";"COLISAO S/ VITIMA ENTRE DOIS VEICULOS E UM ONIBUS BRT. GCM: CAIO CESAR E ELSIANE NO LOCAL";2;0;0;0;0;1;0;0;0;0;0;"Longo da via";"Bom";"Não existe";"Não existente";"Seca";"Perfeito estado";"Não existe";"Não há placas";"60 km/h";"Única";"Faixa seccionada";"";""
"6549";2020-03-12;"14:57:00";"SEM VÍTIMA";"FINALIZADA";"ESPINHEIRO";"RUA QUARENTA E OITO";"525";"RUA CONS PORTELA";"EM FRENTE AO Nº 525";"ESPINHEIRO";11;"";"ABALROAMENTO LONGITUDINAL";"COLISAO SEM VITIMAS";2;0;0;0;0;0;0;0;0;0;0;"Cruzamento";"Bom";"Sem defeito";"Perfeito estado";"Seca";"Perfeito estado";"Agente";"Placas Pare";"60 km/h";"Única";"Faixa seccionada";"";""
"6550";2020-03-12;"15:50:00";"SEM VÍTIMA";"FINALIZADA";"BOA VIAGEM";"RUA PADRE CARAPUCEIRO";"468";"RUA FRANCISCO DA CUNHA";"";"BOA VIAGEM";NA;"SUBURBIO";"ABALROAMENTO TRANSVERSAL";"COLISAO S/ VITIMAS";1;0;0;0;0;1;0;0;0;0;0;"Cruzamento";"Bom";"Não existe";"Perfeito estado";"Seca";"Perfeito estado";"Não existe";"R-4a";"";"Única";"Faixa seccionada";"";""
"6551";2020-03-12;"15:52:00";"SEM VÍTIMA";"FINALIZADA";"IBURA";"AV DOIS RIOS";"";"";"PRÓXIMO A POLICLÍNICA PROFº ARNALDO MARQUES";"IBURA";NA;"CIDADE";"ABALROAMENTO LONGITUDINAL";"COLISAO ENTRE CORRAÇA E VEICULO";1;0;0;0;0;0;0;0;1;0;0;"Longo da via";"Bom";"Não existe";"Perfeito estado";"Seca";"Perfeito estado";"Não existe";"Outras";"";"Dupla";"Faixa contínua";"";""
"6552";2020-03-12;"16:03:00";"SEM VÍTIMA";"FINALIZADA";"IPUTINGA";"EST DO BARBALHO";"111";"";"";"IPUTINGA";NA;"";"ABALROAMENTO LONGITUDINAL";"COLISAO S/ VITIMA ENTRE DOIS VEICULOS. VT: 20";2;0;0;0;0;0;0;0;0;0;0;"Longo da via";"Bom";"Não existe";"";"Seca";"";"Não existe";"R-6a";"";"Única";"Não existe";"";""
"6553";2020-03-12;"16:27:00";"SEM VÍTIMA";"FINALIZADA";"BOA VIAGEM";"RUA CARLOS PEREIRA FALCAO";"77";"RUA DOS NAVEGANTES";"GALERIA SAN RAPHAEL";"BOA VIAGEM";NA;"";"COLISÃO FRONTAL";"COLISAO S/ VITIMA ENTRE DOIS VEICULOS";2;0;0;0;0;0;0;0;0;0;0;"Cruzamento";"Bom";"Não existe";"Perfeito estado";"Seca";"Perfeito estado";"Não existe";"Placas Pare";"";"Dupla";"Faixa seccionada";"";""
"6554";2020-03-12;"17:22:00";"COM VÍTIMA";"FINALIZADA";"CASA FORTE";"AV DEZESSETE DE AGOSTO";"2184";"";"LADO OPOSTO A FUNDAÇÃO JOAQUIM NABUCO";"CASA FORTE";NA;"SUBURBIO";"CHOQUE VEÍCULO PARADO";"UM DOS VEÍCULOS SE EVADIU DO LOCAL";0;1;0;0;0;0;0;0;0;1;0;"Longo da via";"Bom";"Não existe";"Perfeito estado";"Seca";"Perfeito estado";"Faixa de pedestre";"R-6a";"";"Dupla";"Faixa seccionada";"";""
"6555";2020-03-12;"17:25:00";"COM VÍTIMA";"FINALIZADA";"JAQUEIRA";"RUA RICARDO HARDMAN";"68";"";"PROX AO PONTO DO AÇAI";"JAQUEIRA";NA;"SUBURBIO";"ABALROAMENTO TRANSVERSAL";"COLISAO COM VITIMAS";1;1;0;0;0;0;0;0;0;1;0;"Longo da via";"Bom";"Não existe";"Perfeito estado";"Seca";"Perfeito estado";"Não existe";"Outras";"30 km/h";"Dupla";"Faixa seccionada";"";""
"6556";2020-03-12;"17:35:00";"SEM VÍTIMA";"FINALIZADA";"CASA AMARELA";"RUA ALEXANDRINO";"83";"";"EM FRENTE AO Nº 101";"CASA AMARELA";NA;"";"CHOQUE VEÍCULO PARADO";"COLISAO S/ VITIMA ENTRE ONIBUS E CARRO";1;0;0;0;0;1;0;0;0;0;0;"Longo da via";"Bom";"Não existe";"Perfeito estado";"Seca";"Perfeito estado";"Não existe";"";"";"Dupla";"Faixa seccionada";"";""
"6557";2020-03-12;"19:44:00";"COM VÍTIMA";"FINALIZADA";"CASA AMARELA";"AV NORTE";"";"PRC DO TRABALHO";"ENF. A UPINHA";"CASA AMARELA";NA;"CIDADE";"ABALROAMENTO TRANSVERSAL";"";0;2;0;0;0;0;0;0;0;2;0;"Longo da via";"Bom";"Não existe";"Perfeito estado";"Seca";"Perfeito estado";"Faixa de pedestre";"R-6a";"60 km/h";"Dupla";"Canteiro central";"";""
"6558";2020-03-12;"21:01:00";"SEM VÍTIMA";"FINALIZADA";"IMBIRIBEIRA";"RUA FRANCISCO CORREIA DE MORAES";"";"";"APÓS O POSTE B 017169";"IMBIRIBEIRA";NA;"SUBURBIO";"COLISÃO TRASEIRA";"ENTRE 2 AUTOS. S/V";2;0;0;0;0;0;0;0;0;0;0;"Longo da via";"Bom";"Não existe";"Perfeito estado";"Seca";"Perfeito estado";"Não existe";"Não há placas";"";"Única";"";"";""
"6559";2020-03-12;"21:39:00";"SEM VÍTIMA";"CANCELADA";"BOA VIAGEM";"AV MARECHAL JUAREZ TAVORA";"S/N";"";"ANTES DO HOTEL ENSEADA // BEIRA CANAL // SENTIDO PIEDADE";"BOA VIAGEM";NA;"";"COLISÃO";"FIESTA X NISSAN LIVINA";2;0;0;0;0;0;0;0;0;0;0;"";"";"";"";"";"";"";"";"";"";"";"";""
"6560";2020-03-12;"21:59:00";"COM VÍTIMA";"FINALIZADA";"BOA VIAGEM";"RUA FRANCISCO DA CUNHA";"881";"RUA TENENTE JOAO CICERO";"AO LADO DO RESTAURANTE MANHATTAN CAFÉ TEATRO";"BOA VIAGEM";NA;"SUBURBIO";"ABALROAMENTO TRANSVERSAL";"ENTRE 2 AUTOS. C/V UM DOS VEÍCULOS CAPOTOU NO LOCAL";2;0;0;0;0;0;0;0;0;1;0;"Cruzamento";"Bom";"Não existe";"Incompleta";"Seca";"Perfeito estado";"Faixa de retenção";"Placas Pare";"";"Única";"Não existe";"";""
"6561";2020-03-12;"22:32:00";"SEM VÍTIMA";"FINALIZADA";"CORDEIRO";"AV MARIO ALVARES PEREIRA DE LYRA";"";"RUA AMBROSIO MACHADO";"";"CORDEIRO";134;"SUBURBIO";"ABALROAMENTO LONGITUDINAL";"ENTRE 2 AUTOS. S/V";2;0;0;0;0;0;0;0;0;0;0;"Cruzamento";"Bom";"Sem defeito";"Incompleta";"Seca";"Mal iluminada";"Não existe";"Não há placas";"";"Dupla";"Canal";"";""
"6562";2020-03-12;"22:45:00";"SEM VÍTIMA";"CANCELADA";"MADALENA";"AV ENGENHEIRO ABDIAS DE CARVALHO";"";"";"E/F A LOJA DO SPORT E MCDONALDS";"MADALENA";NA;"";"COLISÃO";"ÕNIBUS ESCOLAR X AUTO. S/V";1;0;0;0;0;1;0;0;0;0;0;"";"";"";"";"";"";"";"";"";"";"";"";""
"6563";2020-03-13;"07:02:00";"COM VÍTIMA";"FINALIZADA";"ESPINHEIRO";"RUA QUARENTA E OITO";"443";"";"PROX A PADARIA DO ESPINHEIRO";"ESPINHEIRO";NA;"CIDADE";"ABALROAMENTO TRANSVERSAL";"COLISÃO COM VITIMA GM RODRIGO DIAS QTH";1;1;0;0;0;0;0;0;0;1;0;"Longo da via";"Bom";"Não existe";"Perfeito estado";"Seca";"Perfeito estado";"Não existe";"Outras";"40 km/h";"Única";"Não existe";"";""
"6564";2020-03-13;"07:34:00";"SEM VÍTIMA";"FINALIZADA";"SÍTIO DOS PINTOS";"EST DOS PINTOS";"";"";"EM FRENTE AO DEPÓSITO DE GÁS BRASILGÁS";"SÍTIO DOS PINTOS";NA;"CIDADE";"ABALROAMENTO LONGITUDINAL";"COLISAO SEM VITIMAS";2;0;0;0;0;0;0;0;0;0;0;"Longo da via";"Bom";"Não existe";"Não existente";"Seca";"Perfeito estado";"Não existe";"";"";"Dupla";"Não existe";"";""
"6565";2020-03-13;"08:36:00";"COM VÍTIMA";"FINALIZADA";"JIQUIÁ";"RUA SAO MIGUEL";"";"";"EM FRENTE AO BODE";"JIQUIÁ";392;"";"ABALROAMENTO LONGITUDINAL";"AUTO E MOTO /  VT 10 NO QTH";1;1;0;0;0;0;0;0;0;1;0;"Longo da via";"Bom";"Sem defeito";"Perfeito estado";"Seca";"Perfeito estado";"Faixa de pedestre";"Outras";"60 km/h";"Dupla";"Faixa contínua";"";""
"6566";2020-03-13;"08:46:00";"COM VÍTIMA";"FINALIZADA";"BONGI";"RUA ISAAC MARKMAN";"";"";"EM FRENTE A SECRETARIA DA SAUDE";"BONGI";NA;"";"ABALROAMENTO TRANSVERSAL";"COLISÃO COM VITIMA  SOCORRIDO PELO SAMU";1;1;0;0;0;0;0;0;0;1;0;"Cruzamento";"Bom";"Não existe";"Perfeito estado";"Seca";"Perfeito estado";"Não existe";"R-3";"30 km/h";"Dupla";"";"";""
"6567";2020-03-13;"09:08:00";"SEM VÍTIMA";"DUPLICIDADE";"BOA VIAGEM";"AV BOA VIAGEM";"S/N";"AV HERCULANO BANDEIRA";"SEMÁFORO Nº 104";"BOA VIAGEM";104;"CIDADE";"ABALROAMENTO LONGITUDINAL";"COLISÃO ENTRE ONIBUS E AUTO";1;0;0;0;0;1;0;0;0;0;0;"";"";"";"";"";"";"";"";"";"";"";"";""
"6568";2020-03-13;"09:10:00";"SEM VÍTIMA";"FINALIZADA";"CORDEIRO";"AV CAXANGA";"773";"";"";"CORDEIRO";273;"CIDADE";"COLISÃO TRASEIRA";"";3;0;0;0;0;0;0;0;0;0;0;"Longo da via";"Bom";"Sem defeito";"Perfeito estado";"Seca";"Perfeito estado";"Faixa de pedestre";"Outras";"60 km/h";"Única";"Faixa seccionada";"";""
"6569";2020-03-13;"09:21:00";"SEM VÍTIMA";"FINALIZADA";"PINA";"AV HERCULANO BANDEIRA";"";"";"PRÓXIMO AO POSTO BR";"PINA";NA;"SUBURBIO";"ABALROAMENTO LONGITUDINAL";"COLISOA SEM VITIMAS // GM ISRAEL E ENOQUE QTH";1;0;0;0;0;1;0;0;0;0;0;"Longo da via";"Bom";"Sem defeito";"Perfeito estado";"Seca";"Perfeito estado";"Outros";"";"";"Única";"";"";""
"6570";2020-03-13;"09:29:00";"SEM VÍTIMA";"CANCELADA";"SANTO AMARO";"AV DR JAYME DA FONTE";"79";"";"APOS A COMPESA";"SANTO AMARO";NA;"";"COLISÃO";"DOIS AUTOS";2;0;0;0;0;0;0;0;0;0;0;"";"";"";"";"";"";"";"";"";"";"";"";""
"6571";2020-03-13;"10:11:00";"SEM VÍTIMA";"FINALIZADA";"IPUTINGA";"AV MAURICIO DE NASSAU";"";"RUA SANTA LUCIA";"RENDE MAIS SUPERMERCADO";"IPUTINGA";109;"SUBURBIO";"ABALROAMENTO LONGITUDINAL";"COLISAO SEM VITIMAS";1;0;0;0;0;0;0;0;0;0;0;"";"Nublado";"Sem defeito";"Incompleta";"Seca";"Perfeito estado";"Faixa de pedestre";"Não há placas";"";"Dupla";"Faixa contínua";"";""
"6572";2020-03-13;"11:09:00";"SEM VÍTIMA";"FINALIZADA";"JORDÃO";"AV MARIA IRENE";"";"";"EM FRENTE AO ATACAREJO JORDÃO";"JORDÃO";NA;"";"ABALROAMENTO LONGITUDINAL";"COLISAO SEM VITIMAS";1;0;0;0;0;0;1;0;0;0;0;"Longo da via";"Bom";"Não existe";"Ilegível";"Seca";"Mal conservada";"Não existe";"Não há placas";"";"Dupla";"Não existe";"";""
"6573";2020-03-13;"11:10:00";"SEM VÍTIMA";"CANCELADA";"PRADO";"AV ENGENHEIRO ABDIAS DE CARVALHO";"";"";"EM FRENTE A HABIB'S";"PRADO";NA;"";"COLISÃO";"DOIS AUTOS  GM C SANTANA NO QTH P.O";2;0;0;0;0;0;0;0;0;0;0;"";"";"";"";"";"";"";"";"";"";"";"";""
"6574";2020-03-13;"11:17:00";"SEM VÍTIMA";"FINALIZADA";"BARRO";"AV CENTRAL";"";"";"TIP DO BARRO";"BARRO";NA;"";"ABALROAMENTO LONGITUDINAL";"COLISAO SEM VITIMAS";1;0;0;0;0;1;0;0;0;0;0;"Longo da via";"Bom";"Não existe";"Incompleta";"Seca";"Perfeito estado";"Faixa de pedestre";"Não há placas";"";"Dupla";"Faixa contínua";"";""
"6575";2020-03-13;"12:30:00";"SEM VÍTIMA";"FINALIZADA";"IMBIRIBEIRA";"RUA JOAQUIM BANDEIRA";"374";"AV SUL";"AO PONTILHÃO DO METRÔ";"IMBIRIBEIRA";NA;"";"ABALROAMENTO TRANSVERSAL";"COLISÃO S/VITIMAS ENTRE DOIS AUTOS";2;0;0;0;0;0;0;0;0;0;0;"Cruzamento";"Bom";"Não existe";"Não existente";"Seca";"Perfeito estado";"Não existe";"Não há placas";"40 km/h";"Única";"Faixa seccionada";"";""
"6576";2020-03-13;"12:58:00";"SEM VÍTIMA";"FINALIZADA";"CORDEIRO";"AV CAXANGA";"";"AV GENERAL SAN MARTIN";"TERMINAL INTEGRADO VER. ZEZITO DE MAGALHÃES";"CORDEIRO";80;"";"ABALROAMENTO LONGITUDINAL";"COLISÃO SEM VÍTIMA/ SENTIDO CIDADE";1;1;0;0;0;0;0;0;0;0;0;"Cruzamento";"Nublado";"Sem defeito";"Perfeito estado";"Seca";"";"Faixa de pedestre";"Outras";"";"Única";"Faixa seccionada";"";""
"6577";2020-03-13;"13:24:00";"SEM VÍTIMA";"DUPLICIDADE";"POÇO DA PANELA";"RUA OLIVEIRA GOES";"";"RUA ENGENHEIRO BANDEIRA DE MELO";"EM FRENTE AO POSTO DE COMBUSTÍVEL PETRÓBRAS";"POÇO DA PANELA";NA;"SUBURBIO";"COLISÃO FRONTAL";"COLISÃO S/VITIMAS ENTRE DOIS AUTOS";2;0;0;0;0;0;0;0;0;0;0;"";"Bom";"Não existe";"Ilegível";"Seca";"Perfeito estado";"Não existe";"Placas Pare";"";"Dupla";"Não existe";"";""
"6578";2020-03-13;"13:35:00";"SEM VÍTIMA";"FINALIZADA";"POÇO DA PANELA";"RUA GUILHERME SALAZAR";"";"";"AO LADO DO POSTO PETROBRAS E/F A DROGASIL";"POÇO DA PANELA";NA;"";"COLISÃO";"COLISAO ENTRE DOIS AUTOS S/V";2;0;0;0;0;0;0;0;0;0;0;"";"";"";"";"";"";"";"";"";"";"";"";""
"6579";2020-03-13;"13:59:00";"COM VÍTIMA";"FINALIZADA";"BARRO";"AV DR JOSE RUFINO";"";"";"E/F AO POSTO BR E AO QUARTEL DO EXERCITO 4 BCOM S/T TEJIPIO";"BARRO";NA;"SUBURBIO";"ABALROAMENTO LONGITUDINAL";"COLISAOENTRE DUAS MOTOS COM UMA VITIMA";0;2;0;0;0;0;0;0;0;2;0;"Longo da via";"Bom";"Não existe";"Perfeito estado";"Seca";"Perfeito estado";"Não existe";"Não há placas";"60 km/h";"Dupla";"Faixa contínua";"";""
"6580";2020-03-13;"14:27:00";"COM VÍTIMA";"FINALIZADA";"BONGI";"AV ENGENHEIRO ABDIAS DE CARVALHO";"480";"";"E/F AO HABIB´S";"BONGI";NA;"SUBURBIO";"ABALROAMENTO LONGITUDINAL";"COLISAO ENTRE AUTO E MOTO COM UMA VITIMA GM WILIAN DE PO NO LOCAL";1;1;0;0;0;0;0;0;0;1;0;"Longo da via";"Bom";"";"Perfeito estado";"Seca";"Perfeito estado";"";"";"60 km/h";"Dupla";"Canteiro central";"";""
"6581";2020-03-13;"14:41:00";"COM VÍTIMA";"FINALIZADA";"DERBY";"RUA DOM BOSCO";"1329";"AV GOVERNADOR AGAMENON MAGALHAES";"FARMACIA DROGASIL";"DERBY";NA;"SUBURBIO";"ATROPELAMENTO";"ATROPELAMENTO COM VITIMA ENTRE ONIBUS E MOTO. PONTO FIXO: RUAN";0;1;0;0;1;1;0;0;0;1;0;"";"Bom";"Sem defeito";"Perfeito estado";"Seca";"Perfeito estado";"Agente";"";"";"Única";"Faixa";"";""