"";"data";"hora";"natureza_acidente";"situacao";"bairro";"endereco";"numero";"detalhe_endereco_acidente";"complemento";"bairro_cruzamento";"num_semaforo";"sentido_via";"tipo";"descricao";"auto";"moto";"ciclom";"ciclista";"pedestre";"onibus";"caminhao";"viatura";"outros";"vitimas";"vitimasfatais";"acidente_verificado";"tempo_clima";"situacao_semaforo";"sinalizacao";"condicao_via";"conservacao_via";"ponto_controle";"situacao_placa";"velocidade_max_via";"mao_direcao";"divisao_via1";"divisao_via2";"divisao_via3"
"6639";2020-03-16;"11:13:00";"SEM VÍTIMA";"FINALIZADA";"CASA AMARELA";"AV NORTE";"";"";"";"CASA AMARELA";95;"SUBURBIO";"COLISÃO TRASEIRA";"COLISÃO S/VITIMAS ENTRE DOIS AUTOS (GM FÁBIO PARAISO E GILSON ALVES NO QTH)";2;0;0;0;0;0;0;0;0;0;0;"Cruzamento";"Bom";"Sem defeito";"Perfeito estado";"Seca";"Perfeito estado";"Agente";"Outras";"";"Dupla";"Canteiro central";"Blocos";""
"6640";2020-03-16;"12:07:00";"COM VÍTIMA";"FINALIZADA";"BOA VIAGEM";"TRV DR PEDRO DE MELO CAHU";"201";"RUA PROFESSOR JOSE BRANDAO";"NA RUA POR TRAS DO COLEGIO BOA VIAGEM";"BOA VIAGEM";NA;"";"ABALROAMENTO TRANSVERSAL";"COLISAO ENTRE AUTO E MOTO S/V";1;1;0;0;0;0;0;0;0;1;0;"Cruzamento";"Bom";"Não existe";"Incompleta";"Seca";"Perfeito estado";"Não existe";"Não há placas";"";"Dupla";"Faixa seccionada";"";""
"6641";2020-03-16;"12:32:00";"SEM VÍTIMA";"CANCELADA";"MANGABEIRA";"RUA NICEAS ARCOVERDE GUSMAO";"";"";"EM FRENTE A ESCOLA MUNICIPAL DA MANGABEIRA";"MANGABEIRA";NA;"";"COLISÃO";"COLISÃO SEM VÍTIMA";2;0;0;0;0;0;0;0;0;0;0;"";"";"";"";"";"";"";"";"";"";"";"";""
"6642";2020-03-16;"12:38:00";"COM VÍTIMA";"FINALIZADA";"MADALENA";"AV CAXANGA";"";"";"E/F AO COMPAZ S/T CID";"MADALENA";439;"CIDADE";"COLISÃO COM CICLISTA";"COLISAO ENTRE ONIBUS E CICLISTA COM UMA VITIMA";0;0;0;1;0;1;0;0;0;1;0;"Longo da via";"Chuvoso";"Sem defeito";"Perfeito estado";"Molhada";"Perfeito estado";"Faixa de pedestre";"Outras";"";"Dupla";"Faixa contínua";"";""
"6643";2020-03-16;"12:51:00";"COM VÍTIMA";"FINALIZADA";"IMBIRIBEIRA";"AV SUL";"268";"RUA JOAQUIM BANDEIRA";"E/F AO PONTILHAO DO METRO";"IMBIRIBEIRA";NA;"CIDADE";"ABALROAMENTO TRANSVERSAL";"";0;1;0;0;0;0;0;0;0;1;0;"Cruzamento";"Bom";"Não existe";"Perfeito estado";"Seca";"Perfeito estado";"Não existe";"Placas Pare";"";"Única";"Faixa contínua";"Faixa seccionada";""
"6644";2020-03-16;"13:01:00";"SEM VÍTIMA";"FINALIZADA";"GRAÇAS";"RUA CARDEAL ARCOVERDE";"267";"";"";"GRAÇAS";NA;"SUBURBIO";"ABALROAMENTO LONGITUDINAL";"COLISAO ENTRE TRES AUTOS S/V";2;0;0;0;0;0;0;0;0;0;0;"Longo da via";"Bom";"Não existe";"Perfeito estado";"Seca";"Perfeito estado";"Outros";"Não há placas";"";"Única";"Não existe";"";""
"6645";2020-03-16;"13:03:00";"COM VÍTIMA";"FINALIZADA";"BOA VIAGEM";"AV ENGENHEIRO DOMINGOS FERREIRA";"";"";"EM FRENTE AO WALMART";"BOA VIAGEM";303;"SUBURBIO";"ATROPELAMENTO";"ATROPELAMENTO COM VÍTIMA";0;1;0;0;1;0;0;0;0;1;0;"Cruzamento";"Bom";"Sem defeito";"Perfeito estado";"Seca";"Perfeito estado";"";"Não há placas";"";"Única";"Faixa contínua";"Canteiro central";""
"6646";2020-03-16;"13:33:00";"SEM VÍTIMA";"FINALIZADA";"DERBY";"RUA AMARO BEZERRA";"419";"";"E/F A FARMÁCIA DROGASIL";"DERBY";NA;"CIDADE";"ABALROAMENTO LONGITUDINAL";"COLISAO ENTRE AUTO E CAMINHAO S/V";1;0;0;0;0;1;0;0;0;0;0;"Outros";"Bom";"Não existe";"Incompleta";"Seca";"Perfeito estado";"";"Placas Pare";"";"Única";"Não existe";"";""
"6647";2020-03-16;"13:48:00";"SEM VÍTIMA";"FINALIZADA";"MADALENA";"AV ENGENHEIRO ABDIAS DE CARVALHO";"";"";"E/F A BOB´S";"MADALENA";52;"CIDADE";"COLISÃO TRASEIRA";"COLISAO ENTRE AUTO E MOTO GM FABIO E WELINGTON NO LOCAL";1;1;0;0;0;0;0;0;0;0;0;"Cruzamento";"Bom";"Sem defeito";"Perfeito estado";"Seca";"Perfeito estado";"Agente";"Outras";"60 km/h";"Dupla";"Canteiro central";"";""
"6648";2020-03-16;"14:04:00";"COM VÍTIMA";"FINALIZADA";"PARNAMIRIM";"AV DEZESSETE DE AGOSTO";"209";"";"AO LADO DA CULTURA INGLESA";"PARNAMIRIM";411;"";"COLISÃO TRASEIRA";"COLISAO ENTRE AUTO E MOTO COM UMA VITIMA";1;1;0;0;0;0;0;0;0;1;0;"Longo da via";"Bom";"Sem defeito";"Perfeito estado";"Seca";"Perfeito estado";"Faixa de retenção";"Outras";"";"Dupla";"Faixa contínua";"";""
"6649";2020-03-16;"14:22:00";"SEM VÍTIMA";"FINALIZADA";"";"";"";"";"PISTA LOCAL DA AVENIDA TIMBÓ ( PISTA LESTE)";"";NA;"";"COLISÃO TRASEIRA";"COLISAO S/ VITIMA ENTRE DOIS VEICULOS";2;0;0;0;0;0;0;0;0;0;0;"Longo da via";"Bom";"Não existe";"Não existente";"Seca";"Perfeito estado";"Não existe";"Não há placas";"";"Dupla";"Não existe";"";""
"6650";2020-03-16;"14:29:00";"SEM VÍTIMA";"CANCELADA";"TORRE";"RUA CONS THEODORO";"1246";"";"PROXIMO A PRAÇA DA TORRE";"TORRE";NA;"";"COLISÃO";"COLISÃO SEM VÍTIMA";2;0;0;0;0;0;0;0;0;0;0;"";"";"";"";"";"";"";"";"";"";"";"";""
"6651";2020-03-16;"15:03:00";"SEM VÍTIMA";"CANCELADA";"GRAÇAS";"AV RUI BARBOSA";"287";"";"AO LADO DO BANCO ITAU// EM FRENTE AO TRIBUNAL REGINAL ELEITORAL";"GRAÇAS";NA;"";"COLISÃO";"COLISAO S/ VITIMA ENTRE ONIBUS E TRICICULO";2;0;0;0;0;0;0;0;0;0;0;"";"";"";"";"";"";"";"";"";"";"";"";""
"6652";2020-03-16;"15:03:00";"SEM VÍTIMA";"FINALIZADA";"IMBIRIBEIRA";"RUA JULIO VERNE";"236";"RUA ARQUITETO LUIZ NUNES";"LADO OPOSTO A PAPELARIA BORGES";"IMBIRIBEIRA";NA;"SUBURBIO";"COLISÃO FRONTAL";"COLISAO ENTRE AUTO E MOTO S/V";1;1;0;0;0;0;0;0;0;0;0;"Cruzamento";"Bom";"Não existe";"Incompleta";"Seca";"Perfeito estado";"Não existe";"Outras";"40 km/h";"";"Faixa seccionada";"";""
"6653";2020-03-16;"15:19:00";"SEM VÍTIMA";"FINALIZADA";"BOA VIAGEM";"AV ENGENHEIRO DOMINGOS FERREIRA";"2343";"";"EM FRENTE A ADROALDO TAPETES";"BOA VIAGEM";NA;"";"COLISÃO FRONTAL";"COLISÃO SEM VÍTIMA";3;0;0;0;0;0;0;0;0;0;0;"Longo da via";"Bom";"Não existe";"Perfeito estado";"Seca";"Perfeito estado";"Não existe";"";"";"Única";"Faixa seccionada";"";""
"6654";2020-03-16;"15:33:00";"SEM VÍTIMA";"FINALIZADA";"VÁRZEA";"RUA GASTAO VIDIGAL";"";"AV JOAQUIM RIBEIRO";"PRÓXIMO A UPA DA CAXANGÁ";"VÁRZEA";281;"CIDADE";"ABALROAMENTO TRANSVERSAL";"COLISAO ENTRE DOIS AUTOS S/V";2;0;0;0;0;0;0;0;0;0;0;"Cruzamento";"Bom";"Sem defeito";"Perfeito estado";"Seca";"Perfeito estado";"Agente";"";"";"Dupla";"Faixa contínua";"Faixa seccionada";"Canteiro central"
"6655";2020-03-16;"15:52:00";"SEM VÍTIMA";"FINALIZADA";"PRADO";"RUA CARLOS GOMES";"";"RUA PADRE TEOFILO TWORZ";"AO LADO DO POSTE Nº B 035100";"PRADO";NA;"";"ABALROAMENTO TRANSVERSAL";"COLISÃO SEM VÍTIMA";1;0;0;0;0;0;1;0;0;0;0;"Cruzamento";"Bom";"Não existe";"";"Seca";"";"Não existe";"Placas Pare";"";"Única";"Faixa seccionada";"";""
"6656";2020-03-21;"11:30:00";"COM VÍTIMA";"FINALIZADA";"CASA AMARELA";"AV NORTE";"";"";"E/F AO CONSELHO TUTELAR. EF RETÍFICA PADRÃO";"CASA AMARELA";NA;"CIDADE";"ABALROAMENTO LONGITUDINAL";"COLISAO COM VITIMA";1;1;0;0;0;0;0;0;0;1;0;"Longo da via";"Bom";"Não existe";"Perfeito estado";"Seca";"Perfeito estado";"Não existe";"R-6a";"";"Dupla";"Canteiro central";"";""
"6657";2020-03-21;"19:55:00";"COM VÍTIMA";"FINALIZADA";"CORDEIRO";"AV GENERAL SAN MARTIN";"";"AV ENGENHEIRO ABDIAS DE CARVALHO";"PROX AO COMPAZ // GETULIO VARGAS";"CORDEIRO";NA;"CIDADE";"ABALROAMENTO TRANSVERSAL";"AUTO X MOTO";1;1;0;0;0;0;0;0;0;1;0;"Cruzamento";"Bom";"Sem defeito";"Perfeito estado";"Seca";"Perfeito estado";"Faixa de pedestre";"R-6a";"60 km/h";"Dupla";"";"";""
"6658";2020-03-21;"23:49:00";"COM VÍTIMA";"FINALIZADA";"CAMPO GRANDE";"EST DE BELEM";"1201";"RUA ODORICO MENDES";"ENF . ESCOLA JESUS CRUCIFICADO";"CAMPO GRANDE";26;"CIDADE";"ABALROAMENTO TRANSVERSAL";"ONIBUS X MOTO   OBS : NAO DA PARA VER A PLACA DA MOTO DEVIDO A MESMA ESTA POR BAIXO DO ONIBUS";0;1;0;0;0;1;0;0;0;1;0;"Longo da via";"Bom";"Sem defeito";"Perfeito estado";"Seca";"Perfeito estado";"Faixa de retenção";"Não há placas";"";"Dupla";"Faixa contínua";"";""
"6659";2020-03-22;"10:30:00";"COM VÍTIMA";"FINALIZADA";"JARDIM SÃO PAULO";"AV SAO PAULO";"685";"RUA LEANDRO BARRETO";"EM FRENTE A PANIFICADORA SABORES DA PRAÇA";"JARDIM SÃO PAULO";507;"SUBURBIO";"COLISÃO FRONTAL";"COM UMA VITIMA SENDO ATENDIDA PELOS BOMBEIROS";1;1;0;0;0;0;0;0;0;1;0;"Longo da via";"Bom";"Sem defeito";"Perfeito estado";"Seca";"Perfeito estado";"Faixa de retenção";"R-6a";"";"Dupla";"Não existe";"";""
"6660";2020-03-22;"13:18:00";"COM VÍTIMA";"CANCELADA";"COHAB";"AV SERRA DA MANTIQUEIRA";"180";"";"VIA RESIDENCIAL (LADEIRA DO MONTE VERDE)";"COHAB";NA;"";"COLISÃO";"COLISÃO C/VITMA ENTRE UM ONIBUS E UMA MOTO (MOTOQUEIRO SOCORRIDO POR TERCEIROS)";0;1;0;0;0;1;0;0;0;1;0;"";"";"";"";"";"";"";"";"";"";"";"";""
"6661";2020-03-23;"08:45:00";"SEM VÍTIMA";"FINALIZADA";"CASA FORTE";"AV DEZESSETE DE AGOSTO";"175";"RUA JOSE DE GODOY VASCONCELOS";"EM  FRENTE AO EDIFICIO PRINCIPE DE GALES";"CASA FORTE";NA;"CIDADE";"COLISÃO";"COLISÃO SEM VITIMAS  GM RENATO E WELLNGTON  QTH";1;1;0;0;0;0;0;0;0;0;0;"Cruzamento";"Bom";"Não existe";"Perfeito estado";"Seca";"Perfeito estado";"Não existe";"Placas Pare";"60 km/h";"Dupla";"";"";""
"6662";2020-03-23;"14:48:00";"COM VÍTIMA";"FINALIZADA";"BOA VIAGEM";"RUA BALTAZAR PASSOS";"440";"RUA SA E SOUZA";"EM FRENTE A CULTURA INGLESA";"BOA VIAGEM";NA;"";"CHOQUE OBJETO FIXO";"COLISÃO COM VÍTIMA / UM DOS VEÍCULOS SE EVADIU DO LOCAL E O VEÍCULO QUE FICOU NO LOCAL SE CHOCOU COM UMA ARVORE";1;0;0;0;0;0;0;0;0;2;0;"Cruzamento";"Bom";"Não existe";"Perfeito estado";"Seca";"Perfeito estado";"Não existe";"Não há placas";"";"Única";"Não existe";"";""
"6663";2020-03-23;"17:49:00";"COM VÍTIMA";"FINALIZADA";"CAMPO GRANDE";"EST DE BELEM";"415";"RUA VINTE E QUATRO DE JUNHO";"";"CAMPO GRANDE";NA;"CIDADE";"ABALROAMENTO TRANSVERSAL";"";1;1;0;0;0;0;0;0;0;1;0;"Esquina";"Bom";"Não existe";"Perfeito estado";"Seca";"Perfeito estado";"Não existe";"R-6a";"";"Dupla";"Faixa contínua";"Faixa seccionada";""
"6664";2020-03-23;"20:22:00";"COM VÍTIMA";"FINALIZADA";"BOA VIAGEM";"RUA DEZ DE JULHO";"210";"RUA CAMBOIM";"NA SAÍDA DA ESTAÇÃO AEROPORTO";"BOA VIAGEM";NA;"SUBURBIO";"ABALROAMENTO TRANSVERSAL";"ENTRE ÕNIBUS E MOTO. C/V";0;1;0;0;0;1;0;0;0;1;0;"Cruzamento";"Bom";"Não existe";"Perfeito estado";"Seca";"Perfeito estado";"Não existe";"Placas Pare";"";"Única";"Faixa seccionada";"";""
"6665";2020-03-24;"01:02:00";"COM VÍTIMA";"FINALIZADA";"SANTO AMARO";"AV DR JAYME DA FONTE";"";"AV GOVERNADOR AGAMENON MAGALHAES";"PROX A CENTRAL DE FLAGRANTES";"SANTO AMARO";49;"OLINDA";"ABALROAMENTO TRANSVERSAL";"COLISAO COM VITIMA AUTO E MOTO";1;1;0;0;0;0;0;0;0;1;0;"Cruzamento";"Bom";"Sem defeito";"Perfeito estado";"Seca";"Perfeito estado";"Faixa de pedestre";"R-26";"60 km/h";"Dupla";"Faixa contínua";"";""
"6666";2020-03-24;"13:53:00";"SEM VÍTIMA";"FINALIZADA";"PINA";"RUA BARREIROS";"120";"";"USF PROF. JOÃO RODRIGUES";"PINA";NA;"CIDADE";"CHOQUE OBJETO FIXO";"FIAÇÃO EXPOSTA NA VIA APÓS CARRETA PASSAR NO LOCAL";0;0;0;0;0;0;0;0;1;0;0;"Longo da via";"Bom";"Não existe";"Não existente";"Seca";"Perfeito estado";"Não existe";"Não há placas";"";"Dupla";"Não existe";"";""
"6667";2020-03-24;"17:14:00";"COM VÍTIMA";"FINALIZADA";"TORRÕES";"RUA ONZE DE FEVEREIRO";"";"EST DO FORTE DO ARRAIAL N. DO B. JESUS";"EM FRENTE A LAVANDERIA";"TORRÕES";NA;"SUBURBIO";"ABALROAMENTO TRANSVERSAL";"C VITIMAS";1;1;0;0;0;0;0;0;0;1;0;"Cruzamento";"Bom";"Não existe";"Ilegível";"Seca";"Perfeito estado";"Não existe";"Placas Pare";"";"Dupla";"Faixa contínua";"";""
"6668";2020-03-25;"08:15:00";"SEM VÍTIMA";"FINALIZADA";"VÁRZEA";"AV AFONSO OLINDENSE";"";"";"E/F A LOMBADA ELETRONICA";"VÁRZEA";NA;"";"CHOQUE OBJETO FIXO";"COLISAO SEM VITIMAS";1;0;0;0;0;0;0;0;0;0;0;"";"";"";"";"";"";"";"";"";"";"";"";""
"6669";2020-03-25;"13:14:00";"SEM VÍTIMA";"FINALIZADA";"BOA VIAGEM";"AV BOA VIAGEM";"1338";"";"EM FRENTE AO EDIFICIO MARIA DE LOURDES";"BOA VIAGEM";NA;"";"COLISÃO";"COLISÃO SEM VÍTIMA";1;0;0;0;0;0;1;0;0;0;0;"";"";"";"";"";"";"";"";"";"";"";"";""
"6670";2020-03-25;"13:57:00";"COM VÍTIMA";"FINALIZADA";"BOA VIAGEM";"AV CONSELHEIRO AGUIAR";"";"RUA FELIX DE BRITO E MELO";"NO SEMAFORO 546";"BOA VIAGEM";546;"CIDADE";"ABALROAMENTO LONGITUDINAL";"COLISA ENTRE AUTO E MOTO COM UMA VITIMA";1;1;0;0;0;0;0;0;0;1;0;"Cruzamento";"Bom";"Sem defeito";"Perfeito estado";"Seca";"Perfeito estado";"Faixa de pedestre";"R-6a";"60 km/h";"Única";"Faixa seccionada";"";""
"6671";2020-03-25;"23:14:00";"SEM VÍTIMA";"FINALIZADA";"AFOGADOS";"RUA SAO MIGUEL";"1619";"";"";"AFOGADOS";NA;"SUBURBIO";"ABALROAMENTO LONGITUDINAL";"COLISÃO ENVOLVENDO ÔNIBUS DA ASA BRANCA E UM FOX PRETO";1;0;0;0;0;1;0;0;0;0;0;"Longo da via";"Bom";"Não existe";"Não existente";"Seca";"Perfeito estado";"Não existe";"Não há placas";"";"Dupla";"Não existe";"";""
"6672";2020-03-26;"07:16:00";"COM VÍTIMA";"FINALIZADA";"BEBERIBE";"AV BEBERIBE";"3710";"RUA DALVA DE OLIVEIRA";"EM FRENTE A PADARIA PAM RAINHA";"BEBERIBE";NA;"";"ABALROAMENTO TRANSVERSAL";"DUAS MOTOS E UM AUTO PASSEIO";1;2;0;0;0;0;0;0;0;1;0;"Cruzamento";"Bom";"Sem defeito";"Perfeito estado";"Seca";"Perfeito estado";"Faixa de pedestre";"Outras";"60 km/h";"Dupla";"Faixa contínua";"";""
"6673";2020-03-26;"12:11:00";"COM VÍTIMA";"FINALIZADA";"IBURA";"AV DOIS RIOS";"";"";"SOB O VIADUTO DA BR 101";"IBURA";NA;"SUBURBIO";"ATROPELAMENTO";"AUTO X PEDESTRE";1;0;0;0;1;0;0;0;0;1;0;"Longo da via";"Bom";"Não existe";"Perfeito estado";"Seca";"Perfeito estado";"Não existe";"Não há placas";"";"Dupla";"Faixa contínua";"";""
"6674";2020-03-26;"15:01:00";"COM VÍTIMA";"FINALIZADA";"DOIS IRMÃOS";"RUA MANUEL DE MEDEIROS";"S/N";"";"E/F A ENTRADA DE ACESSO AO HOSPITAL VETERINÁRIO UFRPE (SENT. MACAXEIRA)";"DOIS IRMÃOS";NA;"CIDADE";"ATROPELAMENTO";"ONIBUS X PEDESTRE";0;0;0;0;1;1;0;0;0;1;0;"Longo da via";"Bom";"Não existe";"Incompleta";"Seca";"Perfeito estado";"Não existe";"R-6a";"30 km/h";"Dupla";"Faixa seccionada";"";""
"6675";2020-03-26;"17:33:00";"COM VÍTIMA";"FINALIZADA";"CAMPO GRANDE";"AV PROFESSOR JOSE DOS ANJOS";"36";"";"CANAL DO ARRUDA";"CAMPO GRANDE";NA;"";"ATROPELAMENTO";"ATOPELAMENTO/ C VITIMA";1;0;0;0;1;0;0;0;0;1;0;"";"";"";"";"";"";"";"";"";"";"";"";""
"6676";2020-03-26;"20:29:00";"COM VÍTIMA";"FINALIZADA";"CORDEIRO";"AV MAURICIO DE NASSAU";"";"";"POR TRÁS DO PARQUE DE EXPOSIÇAO DO CORDEIRO- PROX DO GOE";"CORDEIRO";NA;"";"COLISÃO TRASEIRA";"COLISÃO ENTRE DOIS AUTOS C/V";2;0;0;0;0;0;0;0;0;1;0;"Longo da via";"Bom";"Não existe";"Ilegível";"Seca";"Mal iluminada";"Não existe";"Não há placas";"";"Dupla";"Faixa contínua";"";""
"6677";2020-03-27;"07:02:00";"COM VÍTIMA";"CANCELADA";"ESPINHEIRO";"RUA CONS PORTELA";"678";"";"AO LADO DO COLEGIO ETEPAM";"ESPINHEIRO";NA;"";"COLISÃO";"AUTO E MOTO C/V";1;1;0;0;0;0;0;0;0;1;0;"";"";"";"";"";"";"";"";"";"";"";"";""
"6678";2020-03-27;"09:21:00";"COM VÍTIMA";"FINALIZADA";"TORREÃO";"VDO PRESIDENTE MEDICI";"";"";"EM CIMA DO VIADUTO";"TORREÃO";NA;"";"COLISÃO TRASEIRA";"COLISAO COM VITIMAS";1;1;0;0;0;0;0;0;0;1;0;"Viaduto";"Bom";"Não existe";"Perfeito estado";"Seca";"Perfeito estado";"Não existe";"Não há placas";"";"Dupla";"Canteiro central";"";""
"6679";2020-03-27;"15:10:00";"COM VÍTIMA";"FINALIZADA";"ARRUDA";"RUA JOSE DE BARROS BEZERRA";"87";"";"EM FRENTE AO EDIFICIO FORTE DE SANTANA";"ARRUDA";NA;"CIDADE";"ABALROAMENTO TRANSVERSAL";"COLISÃO COM VÍTIMA";1;1;0;0;0;0;0;0;0;1;0;"Longo da via";"Bom";"Não existe";"Perfeito estado";"Seca";"Perfeito estado";"Não existe";"Placas Pare";"";"Dupla";"Faixa seccionada";"";""
"6680";2020-03-27;"17:01:00";"SEM VÍTIMA";"FINALIZADA";"CASA AMARELA";"EST DO ARRAIAL";"2823";"";"ED. THORIS";"CASA AMARELA";NA;"SUBURBIO";"CHOQUE OBJETO FIXO";"VEICULO CHOCOU COM UM POSTE VT 06 NO LOCAL";1;0;0;0;0;0;0;0;0;0;0;"Longo da via";"Bom";"Não existe";"Perfeito estado";"Seca";"Perfeito estado";"Não existe";"";"";"Única";"Faixa seccionada";"";""
"6681";2020-03-27;"20:23:00";"COM VÍTIMA";"FINALIZADA";"AFLITOS";"AV CONS ROSA E SILVA";"1205";"RUA TEIXEIRA PINTO";"Nº 1205";"AFLITOS";NA;"SUBURBIO";"COLISÃO TRASEIRA";"CITROEN X MOTO";0;2;0;0;0;0;0;0;0;1;0;"Longo da via";"Chuvoso";"Não existe";"Perfeito estado";"Molhada";"Perfeito estado";"Não existe";"Não há placas";"";"Única";"Faixa seccionada";"";""
"6682";2020-03-29;"06:40:00";"SEM VÍTIMA";"FINALIZADA";"SANTO AMARO";"AV PREFEITO ARTUR LIMA CAVALCANTI";"";"";"AO LADO DO POSTO- DIGO- SEMÁFORO 243";"SANTO AMARO";NA;"SUBURBIO";"CHOQUE OBJETO FIXO";"CAUSANDO DERRAMAMENTO DE ÓLEO NA VIA- PLACA: XXX VW MARCO POLO";0;0;0;0;0;1;0;0;0;0;0;"Longo da via";"Bom";"";"Perfeito estado";"";"Perfeito estado";"Não existe";"R-4a";"";"Única";"Canteiro central";"";""
"6683";2020-03-29;"15:58:00";"COM VÍTIMA";"FINALIZADA";"TORRE";"AV BEIRA RIO";"650";"";"EM FRENTE AO EDIFICIO PASARGADA";"TORRE";NA;"";"COLISÃO TRASEIRA";"COLISÃO COM VÍTIMA";1;1;0;0;0;0;0;0;0;1;0;"Longo da via";"Chuvoso";"Não existe";"Perfeito estado";"Molhada";"Perfeito estado";"Não existe";"Não há placas";"";"Dupla";"Faixa seccionada";"";""
"6684";2020-03-29;"19:30:00";"COM VÍTIMA";"FINALIZADA";"CAMPO GRANDE";"AV PROFESSOR JOSE DOS ANJOS";"500";"RUA FARIAS NEVES";"POR CIMA DA PONTE QUE FICA ENTRE CAMPO GRANDE E CHÃO DE ESTRELAS";"CAMPO GRANDE";NA;"";"CHOQUE OBJETO FIXO";"ENTRE MOTO E AUTO PASSEIO. C/V";1;1;0;0;0;0;0;0;0;2;0;"Cruzamento";"Bom";"Não existe";"Perfeito estado";"Seca";"Perfeito estado";"Faixa de pedestre";"Não há placas";"";"Dupla";"Faixa contínua";"Canteiro central";"Blocos"
"6685";2020-03-29;"21:27:00";"COM VÍTIMA";"FINALIZADA";"GRAÇAS";"RUA CONFEDERACAO DO EQUADOR";"";"";"E/F A CASA DOS FRIOS";"GRAÇAS";NA;"ROSA E SILVA";"COLISÃO COM CICLISTA";"ENTRE AUTO E CICLISTA. C/V";1;0;0;1;0;0;0;0;0;1;0;"Longo da via";"Bom";"Não existe";"Perfeito estado";"Seca";"Perfeito estado";"Faixa de pedestre";"Não há placas";"";"Única";"Não existe";"";""
"6686";2020-03-30;"07:44:00";"COM VÍTIMA";"FINALIZADA";"SÃO JOSÉ";"RUA DA CONCORDIA";"351";"RUA TOBIAS BARRETO";"EM FRENTE A LOJA VENEZA MUSIC";"SÃO JOSÉ";NA;"";"ABALROAMENTO TRANSVERSAL";"DOIS AUTOS";2;0;0;0;0;0;0;0;0;1;0;"Cruzamento";"Chuvoso";"Sem defeito";"Perfeito estado";"Seca";"Perfeito estado";"Não existe";"Outras";"";"Única";"Não existe";"";""
"6687";2020-03-30;"08:29:00";"COM VÍTIMA";"FINALIZADA";"MANGABEIRA";"EST VELHA DE AGUA FRIA";"";"AV PROFESSOR JOSE DOS ANJOS";"AO LADO DO DENOCS";"MANGABEIRA";306;"SUBURBIO";"ABALROAMENTO LONGITUDINAL";"COM UMA VITIMA- CTTU NO LOCAL VT 09";0;2;0;0;0;0;0;0;0;1;0;"Ponte";"Chuvoso";"Sem defeito";"Perfeito estado";"Seca";"Mal conservada";"Faixa de retenção";"Não há placas";"";"Dupla";"Faixa contínua";"";""
"6688";2020-03-30;"10:22:00";"SEM VÍTIMA";"FINALIZADA";"SÃO JOSÉ";"RUA DA CONCORDIA";"";"RUA TOBIAS BARRETO";"VENEZA MUSIC";"SÃO JOSÉ";NA;"";"ABALROAMENTO TRANSVERSAL";"COLISÃO SEM VÍTIMA COM VEÍCULO OFICIAL";2;0;0;0;0;0;0;0;0;0;0;"Cruzamento";"Chuvoso";"Não existe";"Perfeito estado";"Molhada";"Perfeito estado";"Não existe";"R-6a";"";"";"Faixa seccionada";"";""
"6689";2020-03-30;"12:02:00";"SEM VÍTIMA";"FINALIZADA";"SÃO JOSÉ";"RUA IMPERIAL";"86";"RUA DO PEIXOTO";"SOB O SEMÁFORO 207";"SÃO JOSÉ";207;"CIDADE";"ABALROAMENTO TRANSVERSAL";"SEM VITIMAS ENTRE UM AUTO PASSEIO E UMA VT DA PM";2;0;0;0;0;0;0;0;0;0;0;"Cruzamento";"Bom";"Sem defeito";"Perfeito estado";"Seca";"Perfeito estado";"Não existe";"Não há placas";"";"Única";"Não existe";"";""
"6690";2020-03-30;"13:18:00";"COM VÍTIMA";"FINALIZADA";"IBURA";"AV DOIS RIOS";"";"";"SUBIDA DA LADEIRA DA UR-1";"IBURA";NA;"SUBURBIO";"TOMBAMENTO";"ACID. DE PERCURSO C/ VITIMA";0;1;0;0;0;0;0;0;0;1;0;"Longo da via";"Bom";"Sem defeito";"Perfeito estado";"Oleosa";"Perfeito estado";"Agente";"Não há placas";"";"Dupla";"Faixa contínua";"";""
"6691";2020-03-30;"14:23:00";"COM VÍTIMA";"FINALIZADA";"JAQUEIRA";"RUA DO FUTURO";"";"";"EM FRERNTE AO VERDE FRUT";"JAQUEIRA";NA;"";"CAPOTAMENTO";"CAPOTAMENTO COM VITIMAS";1;0;0;0;0;0;0;0;0;1;0;"";"";"";"";"";"";"";"";"";"";"";"";""
"6692";2020-03-30;"15:15:00";"COM VÍTIMA";"FINALIZADA";"PINA";"RUA JOSE MARIANO FILHO";"13";"";"E/F A ULTRA DISTRIBUIDORA";"PINA";NA;"";"ABALROAMENTO LONGITUDINAL";"COLISÃO C/VITIMA ENTRE UM AUTO E UMA MOTO (MOTOQUEIRO SOB SUSPEITA DE EMBRIAGUEZ)";1;1;0;0;0;0;0;0;0;1;0;"Longo da via";"Bom";"Não existe";"Não existente";"Seca";"Perfeito estado";"Não existe";"Não há placas";"";"Dupla";"Não existe";"";""
"6693";2020-03-31;"04:24:00";"COM VÍTIMA";"FINALIZADA";"BOA VIAGEM";"AV BOA VIAGEM";"6636";"";"E/F AO EDF ALEXANDRINA - APÓS O CLUBE DE OFICIAIS DA AERONAUTICA";"BOA VIAGEM";NA;"CIDADE";"CHOQUE VEÍCULO PARADO";"CONDUTOR PERDEU O CONTROLE DO VEICULO E CHOCOU-SE CONTRA OUTRO VEICULO ESTACIONADO NO BORDO DA VIA - C/VITIMA SOCORRIDA PELO CBPM";2;0;0;0;0;0;0;0;0;1;0;"Longo da via";"Chuvoso";"";"Perfeito estado";"Molhada";"Perfeito estado";"Não existe";"R-6b";"60 km/h";"Única";"Faixa seccionada";"";""