"";"data";"hora";"natureza_acidente";"situacao";"bairro";"endereco";"numero";"detalhe_endereco_acidente";"complemento";"bairro_cruzamento";"num_semaforo";"sentido_via";"tipo";"descricao";"auto";"moto";"ciclom";"ciclista";"pedestre";"onibus";"caminhao";"viatura";"outros";"vitimas";"vitimasfatais";"acidente_verificado";"tempo_clima";"situacao_semaforo";"sinalizacao";"condicao_via";"conservacao_via";"ponto_controle";"situacao_placa";"velocidade_max_via";"mao_direcao";"divisao_via1";"divisao_via2";"divisao_via3"
"6800";2020-05-04;"08:10:00";"VÍTIMA FATAL";"FINALIZADA";"JARDIM SÃO PAULO";"RUA FREI FELIX DE OLIVOLA";"130";"1SB DA BRASILEIRA";"PROX À IGREJA BATISTA E ESTAÇÃO WERNEK DO METRÔ";"JARDIM SÃO PAULO";NA;"LESTE";"CHOQUE VEÍCULO PARADO";"COLISÃO RENAULT/SANDERO X PEUGEOT C/VITIMA FATAL";2;0;0;0;0;0;0;0;0;0;1;"Longo da via";"Bom";"Não existe";"Não existente";"Seca";"Perfeito estado";"Não existe";"Não há placas";"30 km/h";"Dupla";"Não existe";"";""
"6801";2020-05-04;"10:53:00";"COM VÍTIMA";"FINALIZADA";"BOA VIAGEM";"RUA CAPITAO REBELINHO";"519";"RUA PEREIRA DA COSTA";"FIDALGO RESTAURANTE";"BOA VIAGEM";NA;"SUBURBIO";"ABALROAMENTO TRANSVERSAL";"AUTO E MOTO.";1;1;0;0;0;0;0;0;0;1;0;"Cruzamento";"Bom";"Não existe";"Ilegível";"Seca";"Perfeito estado";"Faixa de retenção";"R-6a";"40 km/h";"Única";"Não existe";"";""
"6802";2020-05-04;"11:43:00";"SEM VÍTIMA";"FINALIZADA";"IMBIRIBEIRA";"RUA BARAO DE AGUA BRANCA";"376";"RUA DUQUE ESTRADA";"";"IMBIRIBEIRA";NA;"SUBURBIO";"COLISÃO";"COLISÃO AUTO E MOTOCICLETA SEM VÍTIMA";1;1;0;0;0;0;0;0;0;0;0;"Cruzamento";"Bom";"Não existe";"Incompleta";"Seca";"Perfeito estado";"Não existe";"Não há placas";"";"Dupla";"Não existe";"";""
"6803";2020-05-04;"16:46:00";"COM VÍTIMA";"FINALIZADA";"GUABIRABA";"EST DOS MACACOS";"322";"";"BAR MAURICEA";"GUABIRABA";NA;"CIDADE";"ABALROAMENTO LONGITUDINAL";"COLISÃO DUAS MOTOCICLETAS";0;2;0;0;0;0;0;0;0;1;0;"Outros";"Bom";"Não existe";"Não existente";"Seca";"Outros";"Não existe";"Não há placas";"";"Dupla";"Não existe";"";""
"6804";2020-05-04;"17:11:00";"COM VÍTIMA";"FINALIZADA";"CAMPO GRANDE";"EST DE BELEM";"40-A";"RUA JERONIMO VILELA";"AO LADO DA FARMÁCIA DROGASIL.";"CAMPO GRANDE";26;"CIDADE";"ATROPELAMENTO";"ATROPELAMENTO ENTRE MOTO E PEDESTRE.";0;1;0;0;1;0;0;0;0;1;0;"Longo da via";"Bom";"Sem defeito";"Perfeito estado";"Seca";"Perfeito estado";"Faixa de pedestre";"Outras";"";"Dupla";"Faixa seccionada";"";""
"6805";2020-05-05;"13:28:00";"SEM VÍTIMA";"FINALIZADA";"SANTO AMARO";"AV GOVERNADOR AGAMENON MAGALHAES";"";"";"EM FRENTE A UPE";"SANTO AMARO";NA;"SUBURBIO";"COLISÃO";"COLISÃO SEM VÍTIMAS ENTRE 2 AUTOS";0;0;0;0;0;0;0;0;0;0;0;"Outros";"Bom";"Sem defeito";"Perfeito estado";"Seca";"Perfeito estado";"Faixa de retenção";"Outras";"60km";"Dupla";"Canal";"";""
"6806";2020-05-05;"21:31:00";"SEM VÍTIMA";"FINALIZADA";"CASA AMARELA";"AV NORTE";"";"";"EM AO REI DA PICANHA";"CASA AMARELA";NA;"SUBURBIO";"COLISÃO";"COLISÃO DOIS AUTOS SEM VITMAS";3;0;0;0;0;0;0;0;0;0;0;"Cruzamento";"Chuvoso";"Sem defeito";"Perfeito estado";"Molhada";"Perfeito estado";"Faixa de pedestre";"Não há placas";"60km";"Dupla";"Canteiro central";"";""
"6807";2020-05-06;"07:18:00";"SEM VÍTIMA";"FINALIZADA";"MUSTARDINHA";"RUA VINTE E UM DE ABRIL";"955";"1 TRV JUSTICA E PAZ";"POSTO DE GASOLINA DESATIVADO";"MUSTARDINHA";NA;"SUBURBIO";"CHOQUE";"CARRETA PEDEU O CONTROLE CHOCOU-SE COM A ESTRURURA DO POSTO DE GASOLINA DESATIVADO";0;0;0;0;0;0;1;0;1;0;0;"Cruzamento";"Bom";"Não existe";"Incompleta";"Seca";"Mal iluminada";"Não existe";"Não há placas";"";"Dupla";"Não existe";"";""
"6808";2020-05-06;"07:28:00";"SEM VÍTIMA";"FINALIZADA";"VÁRZEA";"RUA MARECHAL MANOEL LUIS OSORIO";"85";"";"EDIFÍCIO RIO PURUS";"VÁRZEA";NA;"SUBURBIO";"COLISÃO";"ACIDENTE ENVOLVENDO TRÊS VEÍCULOS ÔNIBUS E DOIS AUTOPASSEIOS";2;0;0;0;0;1;0;0;0;0;0;"Longo da via";"Bom";"Não existe";"Perfeito estado";"Seca";"Perfeito estado";"Outros";"Placas Pare";"";"Dupla";"Não existe";"";""
"6809";2020-05-06;"08:54:00";"COM VÍTIMA";"FINALIZADA";"SANTO ANTÔNIO";"RUA IMPERIAL";"981";"TRV DO RAPOSO";"EM FRENTE AO DEPÓSITO DE RECICLÁVEIS DO ZUZA";"SANTO ANTÔNIO";510;"SUBURBIO";"ABALROAMENTO TRANSVERSAL";"ACIDENTE ENVOLVENDO MOTO E CARRO";1;1;0;0;0;0;0;0;0;1;0;"Cruzamento";"Bom";"Sem defeito";"Perfeito estado";"Seca";"Perfeito estado";"Outros";"Não há placas";"";"Única";"Faixa seccionada";"";""
"6810";2020-05-06;"16:03:00";"COM VÍTIMA";"FINALIZADA";"PRADO";"AV ENGENHEIRO ABDIAS DE CARVALHO";"";"EST DOS REMEDIOS";"DROGASIL";"PRADO";52;"SUBURBIO";"ABALROAMENTO TRANSVERSAL";"AMBULÂNCIA E MOTO.";0;1;0;0;0;0;0;1;0;1;0;"Cruzamento";"Bom";"Sem defeito";"Perfeito estado";"Seca";"Perfeito estado";"Faixa de pedestre";"Não há placas";"";"Dupla";"Canteiro central";"";""
"6811";2020-05-07;"10:53:00";"SEM VÍTIMA";"FINALIZADA";"NOVA DESCOBERTA";"AV VEREADOR OTACILIO AZEVEDO";"XX";"AV VEREADOR OTACILIO AZEVEDO";"FRENTE AO COLEGIO ROTARI NOVA DECOBERTA";"NOVA DESCOBERTA";NA;"CIDADE";"ABALROAMENTO LONGITUDINAL";"CONDUTOR INFORMA QUE UMA CARROÇA VIROU E ATINGIU A VIATURA";0;0;0;0;0;0;0;1;0;0;0;"Longo da via";"Bom";"Sem defeito";"Perfeito estado";"Seca";"Perfeito estado";"Não existe";"Outras";"n/i";"Dupla";"Não existe";"";""
"6812";2020-05-07;"13:26:00";"COM VÍTIMA";"FINALIZADA";"BOA VIAGEM";"RUA PADRE BERNADINO PESSOA";"633";"RUA MINISTRO NELSON HUNGRIA";"COLEGIO SANTA MARIA";"BOA VIAGEM";NA;"SUBURBIO";"ABALROAMENTO TRANSVERSAL";"COLISÃO ENTRE AUTO E MOTO";1;1;0;0;0;0;0;0;0;1;0;"Longo da via";"Bom";"Não existe";"Perfeito estado";"Seca";"Perfeito estado";"Não existe";"Não há placas";"";"Única";"Não existe";"";""
"6813";2020-05-07;"16:08:00";"COM VÍTIMA";"FINALIZADA";"ILHA DO RETIRO";"AV ENGENHEIRO ABDIAS DE CARVALHO";"";"AV JOSE GONCALVES DE MEDEIROS";"SPORT CLUBE DO RECIFE.";"ILHA DO RETIRO";355;"SUBURBIO";"ABALROAMENTO TRANSVERSAL";"COLISÃO ENTRE DUAS MOTOS.";0;2;0;0;0;0;0;0;0;3;0;"Cruzamento";"Bom";"Sem defeito";"Perfeito estado";"Seca";"Perfeito estado";"Não existe";"Não há placas";"60 km/h";"Dupla";"Canteiro central";"";""
"6814";2020-05-07;"17:27:00";"COM VÍTIMA";"FINALIZADA";"PINA";"AV ENGENHEIRO DOMINGOS FERREIRA";"300";"";"EM FRENTE AO EXTRABOM PINA";"PINA";NA;"SUBURBIO";"ABALROAMENTO LONGITUDINAL";"COLISÃO ENTRE AUTO E MOTO";1;1;0;0;0;0;0;0;0;1;0;"Longo da via";"Bom";"Não existe";"Perfeito estado";"Seca";"Perfeito estado";"Não existe";"Não há placas";"";"Única";"Faixa seccionada";"Canteiro central";""
"6815";2020-05-07;"19:04:00";"COM VÍTIMA";"FINALIZADA";"TEJIPIÓ";"AV DR JOSE RUFINO";"";"";"PROXIMO AO VIATUDO DA BR 101";"TEJIPIÓ";NA;"SUBURBIO";"COLISÃO FRONTAL";"COLISÃO AUTO E MOTO";1;1;0;0;0;0;0;0;0;1;0;"Longo da via";"Bom";"Não existe";"Não existente";"Seca";"Mal iluminada";"Não existe";"";"";"Dupla";"Faixa contínua";"";""
"6816";2020-05-08;"13:57:00";"COM VÍTIMA";"FINALIZADA";"BOA VIAGEM";"RUA SA E SOUZA";"687";"RUA CONEGO ROMEU";"SUPERMERCADO VERDFRUT. EM FRENTE A GALERIA SÁ E SOUZA.";"BOA VIAGEM";NA;"CIDADE";"ABALROAMENTO TRANSVERSAL";"COLISÃO ENTRE DUAS MOTOCICLETAS";0;2;0;0;0;0;0;0;0;1;0;"Cruzamento";"Bom";"Não existe";"Perfeito estado";"Seca";"Perfeito estado";"Não existe";"Placas Pare";"";"Dupla";"Faixa seccionada";"";""
"6817";2020-05-08;"14:45:00";"COM VÍTIMA";"FINALIZADA";"ENGENHO DO MEIO";"RUA ANTONIO CURADO";"244";"";"EM FRENTE A PADARIA SANDRÂNGELA.";"ENGENHO DO MEIO";NA;"CIDADE";"ABALROAMENTO TRANSVERSAL";"COLISÃO COM VITIMA MOTO E CARRO";1;1;0;0;0;0;0;0;0;1;0;"Longo da via";"Bom";"Não existe";"Perfeito estado";"Seca";"Perfeito estado";"Não existe";"Outras";"30 km/h";"Dupla";"Faixa seccionada";"";""
"6818";2020-05-08;"17:10:00";"COM VÍTIMA";"FINALIZADA";"ZUMBI";"AV CAXANGA";"975";"";"EM FRENTE A LOJA DE BATERIAS HELIAR";"ZUMBI";NA;"CIDADE";"ABALROAMENTO LONGITUDINAL";"AUTO E MOTO COM VÍTIMA";1;1;0;0;0;0;0;0;0;1;0;"Longo da via";"Bom";"Não existe";"Incompleta";"Seca";"Perfeito estado";"Outros";"Outras";"";"Dupla";"Canteiro central";"";""
"6819";2020-05-08;"19:10:00";"SEM VÍTIMA";"CANCELADA";"IMBIRIBEIRA";"AV MARECHAL MASCARENHAS DE MORAES";"";"";"SINTOMAS DE EMBRIAGUEZ -";"IMBIRIBEIRA";NA;"CENTRO";"COLISÃO";"OYY7545 - FORD FIESTA / PEP2412 FIAT STRADA";2;0;0;0;0;0;0;0;0;0;0;"";"";"";"";"";"";"";"";"";"";"";"";""
"6820";2020-05-08;"20:46:00";"COM VÍTIMA";"FINALIZADA";"VÁRZEA";"AV JOAQUIM RIBEIRO";"";"RUA FRANCISCO TORRES";"EM FRENTE A UPA";"VÁRZEA";368;"CIDADE";"CHOQUE VEÍCULO PARADO";"COLISÃO ENTRE ÔNIBUS E MOTO.";0;1;0;0;0;1;0;0;0;1;0;"Longo da via";"Bom";"";"Perfeito estado";"Seca";"Perfeito estado";"Não existe";"Não há placas";"";"Dupla";"Canteiro central";"";""
"6821";2020-05-09;"07:23:00";"SEM VÍTIMA";"CANCELADA";"IPSEP";"AV RECIFE";"";"";"SAÍDA DO IBURA";"IPSEP";NA;"";"CHOQUE";"ÔNIBUS CHOCOU SE COM POSTE QUE FICOU POSTE- QUE CAIO SOBRE OUTRO VEÍCULO.";0;0;0;0;0;1;0;0;0;0;0;"";"";"";"";"";"";"";"";"";"";"";"";""
"6822";2020-05-09;"07:47:00";"SEM VÍTIMA";"CANCELADA";"IPSEP";"AV RECIFE";"";"";"";"IPSEP";NA;"";"ACID. DE PERCURSO";"";1;0;0;0;0;0;0;0;0;0;0;"";"";"";"";"";"";"";"";"";"";"";"";""
"6823";2020-05-09;"09:16:00";"COM VÍTIMA";"FINALIZADA";"BOA VISTA";"RUA DA UNIAO";"52";"RUA PRINCESA IZABEL";"EM FRENTE A LOTÉRICA.";"BOA VISTA";NA;"CIDADE";"ABALROAMENTO LONGITUDINAL";"COLISÃO ENTRE TRÊS VEÍCULOS COM DUAS VÍTIMAS";1;2;0;0;0;0;0;0;0;2;0;"Cruzamento";"Bom";"Sem defeito";"Perfeito estado";"Seca";"Perfeito estado";"Não existe";"Outras";"60 km/h";"Única";"Faixa contínua";"";""
"6824";2020-05-09;"10:30:00";"COM VÍTIMA";"FINALIZADA";"BOA VIAGEM";"RUA ERNESTO DE PAULA SANTOS";"";"RUA AMALIA BERNARDINO DE SOUZA";"DESCIDA DO VIADUTO TANCRENO NEVES. EM FRENTE AO POSTO BR.";"BOA VIAGEM";NA;"SUBURBIO";"ABALROAMENTO TRANSVERSAL";"COLISÃO ENTRE AUTO E MOTO.";1;1;0;0;0;0;0;0;0;1;0;"Cruzamento";"Bom";"Não existe";"Incompleta";"Seca";"Perfeito estado";"Não existe";"Outras";"";"Única";"Não existe";"";""
"6825";2020-05-09;"11:09:00";"COM VÍTIMA";"FINALIZADA";"FUNDÃO";"AV BEBERIBE";"3078";"";"IGREJA ASSEMBLÉIA DE DEUS.";"FUNDÃO";NA;"SUBURBIO";"COLISÃO TRASEIRA";"COLISÃO COM VÍTIMA ENVOLVENDO TRES VEÍCULOS";3;0;0;0;0;0;0;0;0;2;0;"Longo da via";"Bom";"Não existe";"Perfeito estado";"Seca";"Perfeito estado";"Não existe";"Outras";"";"Dupla";"Canteiro central";"";""
"6826";2020-05-09;"12:00:00";"COM VÍTIMA";"FINALIZADA";"VÁRZEA";"AV CAXANGA";"4555";"";"EM FRENTE À ACADEMIA TOP FIT";"VÁRZEA";608;"CIDADE";"TOMBAMENTO";"MOTOCICLISTA PERDEU O CONTROLE E CAIU";0;1;0;0;0;0;0;0;0;1;0;"Longo da via";"Bom";"Sem defeito";"Perfeito estado";"Seca";"Perfeito estado";"Faixa de pedestre";"";"";"Dupla";"Faixa contínua";"Faixa seccionada";"Canteiro central"
"6827";2020-05-09;"12:08:00";"COM VÍTIMA";"FINALIZADA";"NOVA DESCOBERTA";"RUA NOVA DESCOBERTA";"1619";"COR DO ARCANJO";"EM FRENTE A PAULO BEBIDAS";"NOVA DESCOBERTA";NA;"SUBURBIO";"ABALROAMENTO LONGITUDINAL";"COLISÃO COM VÍTIMA ENTRE AUTO E MOTO.";1;1;0;0;0;0;0;0;0;1;0;"Esquina";"Bom";"Não existe";"Perfeito estado";"Seca";"Perfeito estado";"Não existe";"R-6a";"";"Dupla";"Faixa seccionada";"";""
"6828";2020-05-09;"15:33:00";"COM VÍTIMA";"FINALIZADA";"MONTEIRO";"AV DEZESSETE DE AGOSTO";"50";"";"EM FRENTE DO EDIFÍCIO PORTA DÁGUA";"MONTEIRO";NA;"CIDADE";"ATROPELAMENTO";"ATROPELAMENTO ENTRE AUTO E PEDESTRE";1;0;0;0;1;0;0;0;0;1;0;"Longo da via";"Bom";"Não existe";"Perfeito estado";"Seca";"Perfeito estado";"Não existe";"Não há placas";"60 km/h";"Dupla";"Faixa contínua";"";""
"6829";2020-05-09;"21:06:00";"COM VÍTIMA";"FINALIZADA";"ÁGUA FRIA";"AV ANIBAL BENEVOLO";"1413";"";"EM FRENTE AO COLEGIO ROSA MAGALHÃES E PRÓXIMO AO COMPAZ";"ÁGUA FRIA";NA;"CIDADE";"COLISÃO FRONTAL";"COLISÃO ENVOLVENDO 2 AUTOS E UMA MOTO.";2;1;0;0;0;0;0;0;0;1;0;"Longo da via";"Bom";"Não existe";"Perfeito estado";"Seca";"";"";"R-6a";"30 km/h";"Dupla";"Faixa seccionada";"";""
"6830";2020-05-09;"22:22:00";"COM VÍTIMA";"CANCELADA";"MANGABEIRA";"RUA DA MANGABEIRA";"278";"";"PRÓXIMO AO ESPETINHO DA ROSINHA";"MANGABEIRA";NA;"SUBURBIO";"COLISÃO";"DUAS MOTOS";0;2;0;0;0;0;0;0;0;1;0;"";"";"";"";"";"";"";"";"";"";"";"";""
"6831";2020-05-09;"22:26:00";"COM VÍTIMA";"FINALIZADA";"CORDEIRO";"AV CAXANGA";"2351";"RUA CLAUDIO BROTHERHOOD";"SEMAFORO Nº 235 ANTES DA EXPOSIÇÃO DO CORDEIRO";"CORDEIRO";235;"CIDADE";"COLISÃO TRASEIRA";"COLISÃO AUTO X MOTO";1;1;0;0;0;0;0;0;0;1;0;"Longo da via";"Bom";"Sem defeito";"Perfeito estado";"Seca";"Perfeito estado";"Faixa de pedestre";"Outras";"";"Única";"Faixa contínua";"";""
"6832";2020-05-10;"02:41:00";"SEM VÍTIMA";"FINALIZADA";"BOA VIAGEM";"AV CONSELHEIRO AGUIAR";"2052";"";"E/F A CAIXA ECONOMICA FEDERAL";"BOA VIAGEM";NA;"";"COLISÃO";"COLISÃO 2 AUTOS S/VITIMA - ALCOOLEMIA - PMPE NO LOCAL";2;0;0;0;0;0;0;0;0;0;0;"Longo da via";"Bom";"Não existe";"Perfeito estado";"Seca";"Perfeito estado";"Faixa de pedestre";"Não há placas";"60km";"Única";"Não existe";"";""
"6833";2020-05-10;"11:22:00";"COM VÍTIMA";"FINALIZADA";"SANTO AMARO";"AV CRUZ CABUGA";"";"AV MARIO MELO";"ASSEMBLÉIA DE DEUS";"SANTO AMARO";171;"CIDADE";"COLISÃO";"ACIDENTE ENVOLVENDO MOTO E AUTO";1;1;0;0;0;0;0;0;0;1;0;"Cruzamento";"Chuvoso";"Sem defeito";"Perfeito estado";"Molhada";"Perfeito estado";"Faixa de pedestre";"Outras";"";"Dupla";"Faixa contínua";"";""
"6834";2020-05-10;"18:05:00";"COM VÍTIMA";"FINALIZADA";"IBURA";"RUA EXP FRANCISCO VITORIANO";"193";"RUA FLORIANO BARBOSA DE OLIVEIRA";"PRÓXIMO A CRECHE MUNICIPAL TIO ZÉ. SALÃO BARBEARIA ISAC.";"IBURA";NA;"SUBURBIO";"ATROPELAMENTO";"ACIDENTE COM VÍTIMA ENVOLVENDO MOTO E PEDESTRE";0;1;0;0;1;0;0;0;0;2;0;"Longo da via";"Bom";"Não existe";"Perfeito estado";"Seca";"Perfeito estado";"Faixa de pedestre";"Placas Pare";"30 km/h";"Dupla";"Não existe";"";""
"6835";2020-05-10;"22:09:00";"COM VÍTIMA";"FINALIZADA";"LINHA DO TIRO";"RUA URIEL DE HOLANDA";"1800";"";"PRÓXIMO AO TERMINAL DE BREJO/ ASSEMBLEIA E DEUS/ ARMAZÉM SHALON";"LINHA DO TIRO";NA;"SUBURBIO";"ABALROAMENTO LONGITUDINAL";"COLISÃO ENTRE ÔNIBUS E MOTO.";0;1;0;0;0;1;0;0;0;2;0;"Longo da via";"Bom";"Não existe";"Perfeito estado";"Seca";"Perfeito estado";"Não existe";"R-6a";"";"Dupla";"Não existe";"";""
"6836";2020-05-11;"04:44:00";"COM VÍTIMA";"FINALIZADA";"PRADO";"AV ENGENHEIRO ABDIAS DE CARVALHO";"2082";"";"EM FRENTE AO TROCÃO- LADO OPOSTO AO NÚMERO 1524.";"PRADO";NA;"SUBURBIO";"CHOQUE OBJETO FIXO";"VEÍCULO SE ENCONTRA ABANDONADO NA VIA";1;0;0;0;0;0;0;0;0;1;0;"Longo da via";"Bom";"Sem defeito";"Perfeito estado";"Seca";"Perfeito estado";"Faixa de pedestre";"";"";"Dupla";"Faixa seccionada";"";""
"6837";2020-05-11;"07:25:00";"COM VÍTIMA";"FINALIZADA";"ZUMBI";"RUA GOMES TABORDA";"1105";"RUA GREGORIO JUNIOR";"LADO OPOSTO A JÚNIOR BATERIAS.";"ZUMBI";NA;"CIDADE";"ABALROAMENTO LONGITUDINAL";"COLISÃO ENTRE AUTO E MOTO.";1;1;0;0;0;0;0;0;0;1;0;"Cruzamento";"Bom";"Não existe";"Perfeito estado";"Seca";"Perfeito estado";"Não existe";"Não há placas";"";"Dupla";"Faixa seccionada";"";""
"6838";2020-05-11;"12:10:00";"SEM VÍTIMA";"FINALIZADA";"SAN MARTIN";"RUA JOSE VELOSO";"53";"";"PROX. A CAVALARIA";"SAN MARTIN";NA;"";"COLISÃO";"COLISÃO SEM VÍTIMA";1;1;0;0;0;0;0;0;0;0;0;"Cruzamento";"Bom";"Não existe";"Incompleta";"Seca";"Perfeito estado";"Não existe";"Não há placas";"n/i";"Dupla";"Não existe";"";""
"6839";2020-05-11;"13:14:00";"SEM VÍTIMA";"FINALIZADA";"TAMARINEIRA";"RUA GENERAL ABREU E LIMA";"113";"";"EM FRENTE AO EDF. EMÍLIA COSTA";"TAMARINEIRA";NA;"CIDADE";"COLISÃO";"ENTRE MOTOCICLETA (VEÍCULO OFICIAL) E AUTO PASSEIO";1;1;0;0;0;0;0;0;0;0;0;"Não informado";"Bom";"Não existe";"Perfeito estado";"Seca";"Perfeito estado";"Não existe";"Outras";"n/i";"Dupla";"Não existe";"";""
"6840";2020-05-11;"15:44:00";"COM VÍTIMA";"FINALIZADA";"ESTÂNCIA";"RUA SAO MIGUEL";"1570";"";"POSTO IPIRANGA- ARMAZEM CORAL- GLOBO VIDROS";"ESTÂNCIA";NA;"SUBURBIO";"COLISÃO TRASEIRA";"AUTO E MOTO COM VÍTIMA";1;1;0;0;0;0;0;0;0;1;0;"Longo da via";"Bom";"Sem defeito";"Perfeito estado";"Seca";"Perfeito estado";"Não existe";"";"";"Dupla";"Faixa contínua";"Faixa seccionada";""
"6841";2020-05-12;"07:23:00";"COM VÍTIMA";"FINALIZADA";"BOMBA DO HEMETÉRIO";"RUA CHA DE ALEGRIA";"107";"RUA TAMBOARA";"EM FRENTE AO N 107";"BOMBA DO HEMETÉRIO";NA;"SUBURBIO";"COLISÃO COM CICLISTA";"AUTO E CICLISTA.";1;0;0;1;0;0;0;0;0;1;0;"Cruzamento";"Bom";"Não existe";"Não existente";"Seca";"Perfeito estado";"Não existe";"Não há placas";"";"";"Não existe";"";""
"6842";2020-05-12;"08:05:00";"COM VÍTIMA";"FINALIZADA";"BOA VIAGEM";"RUA RIBEIRO DE BRITO";"1326";"RUA AMALIA BERNARDINO DE SOUZA";"";"BOA VIAGEM";NA;"SUBURBIO";"ABALROAMENTO TRANSVERSAL";"COLISÃO COM VÍTIMA";2;0;0;0;0;0;0;0;0;1;0;"Longo da via";"Bom";"Não existe";"Perfeito estado";"Seca";"Perfeito estado";"Agente";"Não há placas";"30 km/h";"Única";"Faixa";"";""
"6843";2020-05-12;"16:26:00";"COM VÍTIMA";"FINALIZADA";"AFOGADOS";"RUA SAO MIGUEL";"2012";"";"MOTEL PREMIUM. LADO OPOSTO AO POSTO DE COMBUSTÍVEL PETROISA.";"AFOGADOS";NA;"SUBURBIO";"ABALROAMENTO LONGITUDINAL";"COM VÍTIMA. AUTO E MOTO.";1;1;0;0;0;0;0;0;0;1;0;"Longo da via";"Bom";"Não existe";"Perfeito estado";"Seca";"Perfeito estado";"Não existe";"Não há placas";"60 km/h";"Dupla";"Faixa contínua";"";""
"6844";2020-05-12;"17:49:00";"COM VÍTIMA";"FINALIZADA";"VÁRZEA";"AV AFONSO OLINDENSE";"1045";"RUA ANDRE NEGREIROS MAIA";"PROX. A LOMBADA ELETRONICA. LADO OPOSTO A FARMÁCIA UNIÃO.";"VÁRZEA";NA;"CIDADE";"TOMBAMENTO";"COM VÍTIMA";1;1;0;0;0;0;0;0;0;1;0;"Longo da via";"Bom";"Não existe";"Perfeito estado";"Seca";"Perfeito estado";"Não existe";"Placas Pare";"40 km/h";"Dupla";"Faixa contínua";"";""
"6845";2020-05-13;"06:23:00";"COM VÍTIMA";"CANCELADA";"BEBERIBE";"AV BEBERIBE";"4011";"";"ANTIGA PIZZARIA DO GORDO";"BEBERIBE";NA;"SUBURBIO";"COLISÃO";"Carro e moto";1;1;0;0;0;0;0;0;0;1;0;"";"";"";"";"";"";"";"";"";"";"";"";""
"6846";2020-05-13;"08:38:00";"COM VÍTIMA";"FINALIZADA";"ESPINHEIRO";"RUA DO FUTURO";"";"RUA ALBERTO PAIVA";"APOS O HABIBS";"ESPINHEIRO";521;"SUBURBIO";"ATROPELAMENTO";"";1;0;0;0;1;0;0;0;0;1;0;"Cruzamento";"Bom";"Sem defeito";"Perfeito estado";"Seca";"Perfeito estado";"Faixa de pedestre";"Outras";"";"Única";"Faixa seccionada";"";""
"6847";2020-05-14;"10:37:00";"SEM VÍTIMA";"FINALIZADA";"BOA VIAGEM";"RUA MARIA CAROLINA";"";"RUA MINISTRO NELSON HUNGRIA";"EM FRENTEL AO HOTEL BRISTOL";"BOA VIAGEM";NA;"";"COLISÃO";"COLISÃO ENVOLVENDO 02 AUTOS";2;0;0;0;0;0;0;0;0;0;0;"Cruzamento";"Bom";"Não existe";"Incompleta";"Seca";"Perfeito estado";"Não existe";"Não há placas";"40 km/h";"Única";"Não existe";"";""
"6848";2020-05-14;"16:28:00";"SEM VÍTIMA";"FINALIZADA";"BOA VIAGEM";"AVENIDA CELSO FURTADO (VIA MANGUE)";"";"";"PRÓXIOMO À AVENIDA ANTONIO FALCÃO";"BOA VIAGEM";NA;"SUBURBIO";"COLISÃO";"COLISÃO ENVOLVENDO UMA VIATURA DA PM/PE E DOIS AUTOS";2;0;0;0;0;0;0;0;0;0;0;"Viaduto";"Bom";"Não existe";"Perfeito estado";"Seca";"Perfeito estado";"Não existe";"Não há placas";"40 km/h";"Única";"Não existe";"";""
"6849";2020-05-15;"01:34:00";"COM VÍTIMA";"FINALIZADA";"CASA AMARELA";"RUA PAULA BATISTA";"";"RUA MAJOR NEREU GUERRA";"PROX AO CEMITÉRIO DE CASA AMARELA";"CASA AMARELA";136;"SUBURBIO";"ABALROAMENTO TRANSVERSAL";"COLISÃO ENVOLVENDO DUAS MOTOCICLETAS (COM VÍTIMA)";0;2;0;0;0;0;0;0;0;1;0;"Cruzamento";"Bom";"Intermitente";"Perfeito estado";"Seca";"Perfeito estado";"Faixa de pedestre";"Outras";"";"Dupla";"Faixa seccionada";"";""
"6850";2020-05-15;"02:45:00";"SEM VÍTIMA";"FINALIZADA";"SANTO ANTÔNIO";"AV SUL";"";"TRV DO RAPOSO";"OFICINA ABELARDO/ PRÓXIMO AO CRUZ. SENTIDO JOANA BEZERRA";"SANTO ANTÔNIO";NA;"CIDADE";"CHOQUE OBJETO FIXO";"VEÍCULO SE CHOCOU CONTRA UM POSTE. O POSTE FOI DANIFICADO E SE ENCONTRA PENDURADO PELA FIAÇÃO.";1;0;0;0;0;0;0;0;0;0;0;"Longo da via";"Chuvoso";"Sem defeito";"Perfeito estado";"Molhada";"Perfeito estado";"Não existe";"Não há placas";"60 km/h";"Única";"Canteiro central";"";""
"6851";2020-05-15;"03:14:00";"COM VÍTIMA";"FINALIZADA";"ILHA DO LEITE";"AV GOVERNADOR AGAMENON MAGALHAES";"";"";"EM FRENTE AO HOSPITAL PORTUGUÊS";"ILHA DO LEITE";NA;"SUBURBIO";"CHOQUE OBJETO FIXO";"";0;1;0;0;0;0;0;0;0;2;0;"Longo da via";"Chuvoso";"Não existe";"Perfeito estado";"Molhada";"Perfeito estado";"";"Outras";"";"Dupla";"Faixa seccionada";"Canteiro central";"Canal"
"6852";2020-05-15;"10:32:00";"COM VÍTIMA";"FINALIZADA";"IMBIRIBEIRA";"AV MARECHAL MASCARENHAS DE MORAES";"2454";"RUA JAMAICA";"EM FRENTE AO N 2454";"IMBIRIBEIRA";7;"SUBURBIO";"COLISÃO TRASEIRA";"COLISÃO COM VITIMA";1;1;0;0;0;0;0;0;0;1;0;"Longo da via";"Chuvoso";"Sem defeito";"Perfeito estado";"Molhada";"Perfeito estado";"Faixa de pedestre";"";"60 km/h";"Única";"Faixa";"";""