"";"data";"hora";"natureza_acidente";"situacao";"bairro";"endereco";"numero";"detalhe_endereco_acidente";"complemento";"bairro_cruzamento";"num_semaforo";"sentido_via";"tipo";"descricao";"auto";"moto";"ciclom";"ciclista";"pedestre";"onibus";"caminhao";"viatura";"outros";"vitimas";"vitimasfatais";"acidente_verificado";"tempo_clima";"situacao_semaforo";"sinalizacao";"condicao_via";"conservacao_via";"ponto_controle";"situacao_placa";"velocidade_max_via";"mao_direcao";"divisao_via1";"divisao_via2";"divisao_via3"
"6853";2020-05-15;"18:24:00";"COM VÍTIMA";"FINALIZADA";"BOA VIAGEM";"RUA MARIO SOUTO MAIOR";"554";"RUA PROFESSOR AUGUSTO LINS E SILVA";"RUA PROF AUGUSTO LINS E SILVA";"BOA VIAGEM";NA;"SUBURBIO";"ABALROAMENTO TRANSVERSAL";"COLISÃO COM VITIMA";1;1;0;0;0;0;0;0;0;1;0;"Cruzamento";"Bom";"Não existe";"Perfeito estado";"Seca";"Perfeito estado";"Não existe";"Placas Pare";"";"Dupla";"Não existe";"";""
"6854";2020-05-15;"21:23:00";"COM VÍTIMA";"FINALIZADA";"CORDEIRO";"RUA CLAUDIO BROTHERHOOD";"302";"RUA DR MIGUEL VIEIRA FERREIRA";"AO LADO DA ESCOLA NOVA GERAÇÃO 2000";"CORDEIRO";NA;"";"ABALROAMENTO TRANSVERSAL";"COLISÃO CAMINHÃO X MOTO C/VITIMA";0;1;0;0;0;0;1;0;0;1;0;"Cruzamento";"Chuvoso";"Não existe";"Perfeito estado";"Molhada";"Perfeito estado";"Faixa de pedestre";"Placas Pare";"40 km/h";"Dupla";"Faixa contínua";"";""
"6855";2020-05-16;"05:46:00";"COM VÍTIMA";"FINALIZADA";"PINA";"AV ANTONIO DE GOES";"";"";"FAIXA DA ESQUERDA ANTES DA PONTE DO PINA";"PINA";NA;"CIDADE";"COLISÃO TRASEIRA";"COLISÃO AUTO X MOTO";1;1;0;0;0;0;0;0;0;1;0;"Longo da via";"Chuvoso";"Não existe";"Perfeito estado";"Molhada";"Perfeito estado";"";"R-6a";"40 km/h";"Única";"";"";""
"6856";2020-05-16;"10:06:00";"SEM VÍTIMA";"FINALIZADA";"ZUMBI";"AV CAXANGA";"653";"";"COMPAZ MIGUEL ARRAES";"ZUMBI";NA;"CIDADE";"CHOQUE OBJETO FIXO";"CAMINHONETE CHEVROLET S10- CHOCOU -SE COM GRADIL DO COMPAZ. OCORRÊNCIA SEM VÍTIMA";1;0;0;0;0;0;0;0;0;0;0;"Longo da via";"Chuvoso";"Não existe";"Perfeito estado";"Molhada";"Perfeito estado";"Não existe";"";"";"Dupla";"Canteiro central";"";""
"6857";2020-05-16;"15:55:00";"COM VÍTIMA";"FINALIZADA";"ILHA DO RETIRO";"AV BEIRA RIO";"290";"";"";"ILHA DO RETIRO";NA;"SUBURBIO";"CHOQUE OBJETO FIXO";"";0;1;0;0;1;0;0;0;0;1;0;"Longo da via";"Bom";"Não existe";"Perfeito estado";"Seca";"Perfeito estado";"Não existe";"Não há placas";"";"Dupla";"Faixa contínua";"";""
"6858";2020-05-17;"07:20:00";"COM VÍTIMA";"FINALIZADA";"BOMBA DO HEMETÉRIO";"RUA CHA DE ALEGRIA";"66";"";"LARGO DA BOMBA";"BOMBA DO HEMETÉRIO";NA;"SUBURBIO";"CHOQUE VEÍCULO PARADO";"ATROPELAMENTO PEDESTRE\COLISAO COM MOTO";1;1;0;0;0;0;0;0;0;1;0;"Longo da via";"Chuvoso";"Não existe";"Incompleta";"Molhada";"Perfeito estado";"Não existe";"";"";"Dupla";"Não existe";"";""
"6859";2020-05-17;"16:52:00";"COM VÍTIMA";"FINALIZADA";"TORRE";"RUA REAL DA TORRE";"";"RUA CONDE DE IRAJA";"AO LADO DO SUPERMERCADO EXTRA BOM";"TORRE";106;"";"ABALROAMENTO TRANSVERSAL";"COLISÃO ONIBUS X MOTO";0;1;0;0;0;1;0;0;0;1;0;"Cruzamento";"Bom";"Sem defeito";"Perfeito estado";"Seca";"Perfeito estado";"Faixa de pedestre";"R-6a";"";"Única";"Faixa seccionada";"";""
"6860";2020-05-18;"12:08:00";"COM VÍTIMA";"FINALIZADA";"SÃO JOSÉ";"RUA IMPERIAL";"";"RUA DO PEIXOTO";"PRÓXIMO A IGREJA MATRIZ DE SÃO JOSÉ";"SÃO JOSÉ";207;"CIDADE";"ABALROAMENTO LONGITUDINAL";"SOLICITANTE INFORMA QUE NO LOCAL OCORREU UM ACIDENTE ENVOLVENDO MOTOCICLETA E AUTO COM VÍTIMA";1;1;0;0;0;0;0;0;0;1;0;"Cruzamento";"Bom";"Sem defeito";"Perfeito estado";"Seca";"Perfeito estado";"";"Outras";"";"Única";"Não existe";"";""
"6861";2020-05-18;"14:11:00";"COM VÍTIMA";"FINALIZADA";"VÁRZEA";"AV AFONSO OLINDENSE";"232";"";"EM FRENTE A PADARIA CAXANGÁ";"VÁRZEA";638;"CIDADE";"COLISÃO FRONTAL";"COLISÃO ONIBUS X MOTO- VÍTIMA SOCORRIDA POR MORADORES DA REGIÃO.";0;1;0;0;0;1;0;0;0;1;0;"Longo da via";"Bom";"Sem defeito";"Perfeito estado";"Seca";"Perfeito estado";"Faixa de pedestre";"Outras";"40 km/h";"Dupla";"Faixa contínua";"";""
"6862";2020-05-19;"01:41:00";"COM VÍTIMA";"FINALIZADA";"ARRUDA";"AV PROFESSOR JOSE DOS ANJOS";"40";"RUA MOGI-GUASSU";"PROX. POLICLINICA ANTÔNIO FRANCISCO AREAS";"ARRUDA";NA;"SUBURBIO";"COLISÃO FRONTAL";"ACIDENTE ENTRE MOTO E AUTO";1;1;0;0;0;0;0;0;0;1;0;"";"Bom";"Não existe";"Perfeito estado";"Seca";"Perfeito estado";"Não existe";"Não há placas";"";"Dupla";"Faixa seccionada";"";""
"6863";2020-05-19;"04:49:00";"COM VÍTIMA";"FINALIZADA";"TORRÕES";"AV ENGENHEIRO ABDIAS DE CARVALHO";"";"";"EM FRENTE AO YORK/GALETOS- SENTIDO SUBURBIO/ CIDADE";"TORRÕES";NA;"SUBURBIO";"CHOQUE OBJETO FIXO";"VEÍCULO CHOCOU-SE CONTRA ÁRVORE DO CANTERIO CENTRAL";1;0;0;0;0;0;0;0;0;1;0;"Longo da via";"Bom";"Sem defeito";"Perfeito estado";"Seca";"Perfeito estado";"";"";"60 km/h";"Dupla";"Canteiro central";"";""
"6864";2020-05-19;"07:19:00";"COM VÍTIMA";"FINALIZADA";"SAN MARTIN";"RUA DR FLAVIO FERREIRA DA SILVA MAROJO";"288";"";"EM FRENTE AO N 288 PROXIMO A EMPREL";"SAN MARTIN";NA;"CIDADE";"COLISÃO FRONTAL";"COLISÃO COM VITIMA 2 MOTOS";0;2;0;0;0;0;0;0;0;1;0;"Longo da via";"Chuvoso";"Não existe";"Perfeito estado";"Molhada";"Perfeito estado";"Não existe";"Não há placas";"";"Única";"Não existe";"";""
"6865";2020-05-19;"21:47:00";"COM VÍTIMA";"FINALIZADA";"JARDIM SÃO PAULO";"AV SAO PAULO";"392";"";"E/F AO RENDE MAIS SUPERMERCADO";"JARDIM SÃO PAULO";NA;"";"ABALROAMENTO LONGITUDINAL";"COLISÃO AUTO X MOTO C/VITIMA";1;1;0;0;0;0;0;0;0;1;0;"Longo da via";"Bom";"Não existe";"Perfeito estado";"Seca";"Perfeito estado";"Não existe";"Não há placas";"40 km/h";"Dupla";"Faixa contínua";"";""
"6866";2020-05-20;"07:16:00";"SEM VÍTIMA";"FINALIZADA";"PINA";"AVENIDA CELSO FURTADO (VIA MANGUE)";"";"";"PRÓXIMO AO SHOPPING RIO MAR";"PINA";NA;"SUBURBIO";"COLISÃO";"COLISÃO SEM VÍTIMA ENTRE ÔNIBUS E AMBULÂNCIA DO SAMU";0;0;0;0;0;1;0;1;0;0;0;"Viaduto";"Chuvoso";"Não existe";"Perfeito estado";"Molhada";"Perfeito estado";"Não existe";"Outras";"30 km/h";"Única";"Não existe";"";""
"6867";2020-05-20;"07:20:00";"COM VÍTIMA";"FINALIZADA";"";"AV NORTE";"";"RUA DEPUTADO MARIO MONTEIRO";"SOB SEMÁFORO 079. SUBÚRBIO - CIDADE.";"";NA;"";"COLISÃO";"COLISÃO COM VÍTIMA ENTRE MOTOCICLETA E CAMINHÃO.";0;1;0;0;0;0;1;0;0;1;0;"";"";"";"";"";"";"";"";"";"";"";"";""
"6868";2020-05-20;"09:55:00";"SEM VÍTIMA";"FINALIZADA";"SANTO AMARO";"RUA TUPINAMBAS";"";"";"PRÓXIMO CASA DE APOIO DA CIDADE DE BETÂNIA";"SANTO AMARO";NA;"CIDADE";"COLISÃO";"COLISÃO COM VEÍCULO OFICIAL";1;0;0;0;0;0;0;1;0;0;0;"Cruzamento";"Chuvoso";"Não existe";"Perfeito estado";"Molhada";"Perfeito estado";"Faixa de retenção";"Placas Pare";"";"Dupla";"";"";""
"6869";2020-05-20;"10:16:00";"COM VÍTIMA";"FINALIZADA";"BOA VISTA";"RUA DA UNIAO";"";"RUA MAMEDE SIMOES";"POR TRÁS DA ALEPE";"BOA VISTA";NA;"SUBURBIO";"ABALROAMENTO TRANSVERSAL";"ENTRE AUTO E MOTO";1;1;0;0;0;0;0;0;0;1;0;"Cruzamento";"Chuvoso";"Não existe";"Incompleta";"Molhada";"Perfeito estado";"Não existe";"Outras";"30 km/h";"Única";"Faixa seccionada";"";""
"6870";2020-05-20;"12:56:00";"COM VÍTIMA";"FINALIZADA";"CASA FORTE";"AV DEZESSETE DE AGOSTO";"2202";"";"MUSEU DO HOMEM DO NORDESTE";"CASA FORTE";NA;"SUBURBIO";"ABALROAMENTO TRANSVERSAL";"TRÊS MOTOCICLETAS E UM AUTO PASSEIO COM VÍTIMA";1;3;0;0;0;0;0;0;0;1;0;"Longo da via";"Nublado";"Sem defeito";"Perfeito estado";"Seca";"Perfeito estado";"Faixa de pedestre";"Não há placas";"";"Dupla";"Faixa contínua";"";""
"6871";2020-05-20;"15:46:00";"COM VÍTIMA";"FINALIZADA";"TEJIPIÓ";"AV DR JOSE RUFINO";"2802";"";"COLÉGIO ALBERTO TORRES.TREVO DE SAÍDA DA BR 101";"TEJIPIÓ";NA;"SUBURBIO";"ABALROAMENTO TRANSVERSAL";"ENTRE AUTO PASSEIO E MOTOCICLETA";1;1;0;0;0;0;0;0;0;2;0;"Longo da via";"Bom";"Não existe";"Perfeito estado";"Seca";"Perfeito estado";"Não existe";"Não há placas";"";"Dupla";"Faixa contínua";"";""
"6872";2020-05-20;"17:23:00";"COM VÍTIMA";"CANCELADA";"BOA VISTA";"RUA DOM BOSCO";"";"AV MANOEL BORBA";"AO LADO DA UNIDADE DO SAMU";"BOA VISTA";NA;"SUBURBIO";"COLISÃO";"ENTRE AUTO PASSEIO E MOTOCICLETA";1;1;0;0;0;0;0;0;0;1;0;"";"";"";"";"";"";"";"";"";"";"";"";""
"6873";2020-05-21;"06:08:00";"COM VÍTIMA";"FINALIZADA";"SANTO AMARO";"AV CRUZ CABUGA";"";"";"SEMÁFORO 343";"SANTO AMARO";343;"CIDADE";"COLISÃO TRASEIRA";"COLISAO ENTRE ENTRE ONIBUS E AUTO";1;0;0;0;0;1;0;0;0;1;0;"Cruzamento";"Chuvoso";"Sem defeito";"Perfeito estado";"Molhada";"Perfeito estado";"Faixa de pedestre";"Não há placas";"";"Dupla";"";"";""
"6874";2020-05-21;"13:09:00";"COM VÍTIMA";"FINALIZADA";"CORDEIRO";"RUA ANTERO MOTA";"552";"RUA MARIA QUITERIA";"APÓS A DELEGACIA DO CORDEIRO";"CORDEIRO";NA;"SUBURBIO";"ABALROAMENTO LONGITUDINAL";"COLISÃO COM VITIMA MOTO X CAMINHÃO";0;1;0;0;0;0;1;0;0;1;0;"Longo da via";"Bom";"Não existe";"Perfeito estado";"Seca";"Perfeito estado";"Não existe";"Não há placas";"";"Única";"";"";""
"6875";2020-05-21;"14:08:00";"COM VÍTIMA";"FINALIZADA";"PINA";"AV HERCULANO BANDEIRA";"960";"RUA NOGUEIRA DE SOUZA";"EM FRENTE A JBS VEICULOS";"PINA";657;"SUBURBIO";"COLISÃO TRASEIRA";"COLISÃO COM VITIMA DUAS MOTOS";0;2;0;0;0;0;0;0;0;1;0;"Longo da via";"Bom";"Sem defeito";"Perfeito estado";"Seca";"Perfeito estado";"Faixa de pedestre";"R-4b";"";"Única";"Faixa seccionada";"";""
"6876";2020-05-22;"13:02:00";"SEM VÍTIMA";"DUPLICIDADE";"CASA AMARELA";"RUA BELA VISTA";"";"AV NORTE";"";"CASA AMARELA";NA;"";"COLISÃO";"AUTO X CAMINHÃO";1;0;0;0;0;0;1;0;0;0;0;"";"";"";"";"";"";"";"";"";"";"";"";""
"6877";2020-05-22;"13:06:00";"SEM VÍTIMA";"FINALIZADA";"CASA AMARELA";"AV NORTE";"";"RUA BELA VISTA";"DO LADO OPOSTO AO REI DA PICANHA";"CASA AMARELA";677;"SUBURBIO";"COLISÃO";"COLISÃO ENVOLVENDO DOIS VEÍCULOS";2;0;0;0;0;0;0;0;0;0;0;"Cruzamento";"Bom";"Sem defeito";"Perfeito estado";"Seca";"Perfeito estado";"Faixa de pedestre";"Outras";"";"Única";"Não existe";"";""
"6878";2020-05-22;"20:56:00";"COM VÍTIMA";"FINALIZADA";"BOA VIAGEM";"RUA BARAO DE SOUZA LEAO";"";"AV VINTE DE JANEIRO";"";"BOA VIAGEM";644;"CIDADE";"COLISÃO FRONTAL";"AUTO E MOTO";1;1;0;0;0;0;0;0;0;1;0;"Cruzamento";"Chuvoso";"Sem defeito";"Perfeito estado";"Molhada";"Perfeito estado";"Faixa de pedestre";"Não há placas";"";"Única";"Faixa seccionada";"";""
"6879";2020-05-23;"13:47:00";"COM VÍTIMA";"CANCELADA";"IBURA";"AV DOIS RIOS";"1536";"";"AO LADO DA POLICLINICA E MATERNIDADE DO IBURA";"IBURA";NA;"CIDADE";"COLISÃO";"COLISÃO COM VITIMA";1;1;0;0;0;0;0;0;0;2;0;"";"";"";"";"";"";"";"";"";"";"";"";""
"6880";2020-05-23;"18:35:00";"COM VÍTIMA";"FINALIZADA";"IMBIRIBEIRA";"AV MARECHAL MASCARENHAS DE MORAES";"1291";"RUA PAMPULHA";"EM FRENTE A EUROVIA";"IMBIRIBEIRA";534;"CIDADE";"COLISÃO";"COLISÃO COM VITIMA";0;2;0;0;0;0;0;0;0;1;0;"Cruzamento";"Chuvoso";"Sem defeito";"Perfeito estado";"Molhada";"Perfeito estado";"Faixa de pedestre";"Não há placas";"60 km/h";"Dupla";"Canteiro central";"";""
"6881";2020-05-24;"18:27:00";"SEM VÍTIMA";"CANCELADA";"ENGENHO DO MEIO";"AV VISCONDE DE SAO LEOPOLDO";"365";"";"EM FRENTE AO MOTOCLUBE BRASIL CAVEIRA";"ENGENHO DO MEIO";NA;"SUBURBIO";"COLISÃO";"VIATRUA DA PMPE COLIDIU COM UM VEICULO PARTICULAR";1;0;0;0;0;0;0;1;0;0;0;"";"";"";"";"";"";"";"";"";"";"";"";""
"6882";2020-05-24;"22:02:00";"COM VÍTIMA";"FINALIZADA";"BOA VIAGEM";"RUA CAPITAO ZUZINHA";"";"RUA DONA UZINHA NUNES";"VITÓRIA PRAIA HOTEL";"BOA VIAGEM";NA;"CIDADE";"ABALROAMENTO TRANSVERSAL";"MOTO E AUTO";1;1;0;0;0;0;0;0;0;1;0;"Cruzamento";"Bom";"Não existe";"Incompleta";"Seca";"";"Faixa de pedestre";"Não há placas";"";"";"";"";""
"6883";2020-05-25;"10:28:00";"COM VÍTIMA";"FINALIZADA";"JARDIM SÃO PAULO";"RUA LEANDRO BARRETO";"";"RUA LORENA";"DESCIDA DO VIADUTO ENTRE JARDIM SÃO PAULO E LA ROCK. LOJA PORFRIO.";"JARDIM SÃO PAULO";NA;"SUBURBIO";"ABALROAMENTO TRANSVERSAL";"COLISÃO ENTRE CAMINHOTE X MOTOCICLETA";1;1;0;0;0;0;0;0;0;1;0;"Cruzamento";"Bom";"Não existe";"Incompleta";"Seca";"Mal conservada";"Não existe";"Não há placas";"";"Dupla";"Não existe";"";""
"6884";2020-05-25;"15:38:00";"COM VÍTIMA";"CANCELADA";"BOA VIAGEM";"RUA DOS NAVEGANTES";"2665";"";"PROX. A IMOBILIÁRIA PAULO MIRANDA";"BOA VIAGEM";NA;"";"COLISÃO";"COLISÃO ENTRE AUTOMÓVEL X MOTOCICLETA";1;1;0;0;0;0;0;0;0;1;0;"";"";"";"";"";"";"";"";"";"";"";"";""
"6885";2020-05-25;"16:05:00";"COM VÍTIMA";"FINALIZADA";"PRADO";"RUA GOMES TABORDA";"918";"";"PROX. A PADARIA PLANETA PÃO. ECONOMAIS DROGARIA.";"PRADO";NA;"CORDEIRO";"ABALROAMENTO TRANSVERSAL";"COLISÃO ENTRE DUAS MOTOCICLETAS - UM DOS CONDUTORES COM SINAL DE EMBRIAGUEZ";0;2;0;0;0;0;0;0;0;2;0;"Longo da via";"Bom";"Não existe";"Perfeito estado";"Seca";"Perfeito estado";"Não existe";"Outras";"";"Dupla";"Faixa seccionada";"";""
"6886";2020-05-26;"05:02:00";"COM VÍTIMA";"FINALIZADA";"ARRUDA";"AV PROFESSOR JOSE DOS ANJOS";"";"EST VELHA DE AGUA FRIA";"COM A ESTRADA VELHA DE AGUA FRIA";"ARRUDA";306;"SUBURBIO";"ABALROAMENTO TRANSVERSAL";"COLISÃO DOIS AUTOS COM VITIMA";2;0;0;0;0;0;0;0;0;1;0;"Cruzamento";"Bom";"Sem defeito";"Perfeito estado";"Seca";"Perfeito estado";"Faixa de pedestre";"";"";"Única";"Canteiro central";"";""
"6887";2020-05-26;"10:59:00";"COM VÍTIMA";"FINALIZADA";"SANTO AMARO";"AV GOVERNADOR AGAMENON MAGALHAES";"";"AV DR JAYME DA FONTE";"CRUZAMENTO COM RUA JAIME DA FONTE";"SANTO AMARO";49;"OLINDA";"ABALROAMENTO TRANSVERSAL";"COLISÃO CARRO E MOTO";1;1;0;0;0;0;0;0;0;1;0;"Cruzamento";"Bom";"Sem defeito";"Perfeito estado";"Seca";"Perfeito estado";"Faixa de pedestre";"Não há placas";"";"Única";"Faixa seccionada";"";""
"6888";2020-05-26;"11:30:00";"COM VÍTIMA";"FINALIZADA";"PRADO";"RUA GOMES TABORDA";"";"RUA DES ADOLFO CIRIACO";"PROX. AO ANTIGO BAILE PERFUMADO";"PRADO";NA;"SUBURBIO";"ABALROAMENTO TRANSVERSAL";"COLISÃO CARRO E MOTO";1;1;0;0;0;0;0;0;0;1;0;"Cruzamento";"Bom";"Não existe";"";"Seca";"Perfeito estado";"Não existe";"Não há placas";"";"Dupla";"Faixa seccionada";"";""
"6889";2020-05-26;"13:43:00";"COM VÍTIMA";"FINALIZADA";"JARDIM SÃO PAULO";"RUA LEANDRO BARRETO";"";"RUA LORENA";"CRUZAMENTO COM O VIADUTO SENTIDO LA ROQUE";"JARDIM SÃO PAULO";NA;"SUBURBIO";"ABALROAMENTO TRANSVERSAL";"COLISÃO CARRO E MOTO";1;1;0;0;0;0;0;0;0;1;0;"Cruzamento";"Bom";"Não existe";"Não existente";"Seca";"Perfeito estado";"Não existe";"Não há placas";"";"Dupla";"Faixa contínua";"";""
"6890";2020-05-26;"19:04:00";"COM VÍTIMA";"FINALIZADA";"ENCRUZILHADA";"RUA MARECHAL DEODORO";"";"RUA CASTRO ALVES";"PRÓXIMO AO RESTAURANTE PRAÇA DA PICANHA";"ENCRUZILHADA";NA;"SUBURBIO";"COLISÃO FRONTAL";"COLISÃO ENVOLVENDO DUAS MOTOCICLETAS";0;2;0;0;0;0;0;0;0;2;0;"Cruzamento";"Bom";"Sem defeito";"Perfeito estado";"Seca";"Perfeito estado";"Faixa de pedestre";"R-6a";"";"Única";"Outros";"";""
"6891";2020-05-27;"09:24:00";"SEM VÍTIMA";"FINALIZADA";"TORRÕES";"AV ENGENHEIRO ABDIAS DE CARVALHO";"";"";"LADO OPOSTO A UPA DOS TORRÕES";"TORRÕES";NA;"";"COLISÃO";"COLISÃO SEM VÍTIMA";1;0;0;0;0;1;0;0;0;0;0;"Longo da via";"Bom";"Não existe";"Perfeito estado";"Seca";"Perfeito estado";"Não existe";"Não há placas";"n/i";"Dupla";"Canteiro central";"";""
"6892";2020-05-28;"07:39:00";"COM VÍTIMA";"FINALIZADA";"BOA VISTA";"AV MANOEL BORBA";"738";"";"PRÓXIMO AO HOSPITAL HAPVIDA.";"BOA VISTA";NA;"SUBURBIO";"COLISÃO COM CICLISTA";"COLISÃO ENTRE MOTO E BICICLETA";0;1;0;1;0;0;0;0;0;2;0;"Longo da via";"Bom";"Não existe";"Perfeito estado";"Seca";"Perfeito estado";"Faixa de pedestre";"R-6a";"40 km/h";"Única";"Faixa seccionada";"";""
"6893";2020-05-28;"09:16:00";"COM VÍTIMA";"FINALIZADA";"MADALENA";"RUA BENFICA";"";"RUA JOAO IVO DA SILVA";"SEMAFORO Nº257";"MADALENA";257;"CIDADE";"COLISÃO TRASEIRA";"AUTO E MOTO.";1;1;0;0;0;0;0;0;0;1;0;"Longo da via";"Bom";"Sem defeito";"Perfeito estado";"Seca";"Perfeito estado";"Faixa de pedestre";"Outras";"";"";"Faixa contínua";"";""
"6894";2020-05-28;"18:27:00";"COM VÍTIMA";"FINALIZADA";"IPSEP";"AV RECIFE";"2776";"";"FRENTE A PIZZARIA ATLANTICO";"IPSEP";NA;"SUBURBIO";"ABALROAMENTO LONGITUDINAL";"COLISÃO COM VITIMA ENTRE ONIBUS E MOTO";0;1;0;0;0;1;0;0;0;1;0;"Longo da via";"Bom";"Sem defeito";"Perfeito estado";"Seca";"Perfeito estado";"Não existe";"R-6a";"";"Dupla";"Canteiro central";"";""
"6895";2020-05-28;"20:02:00";"SEM VÍTIMA";"FINALIZADA";"ROSARINHO";"AV SANTOS DUMONT";"1508";"";"";"ROSARINHO";NA;"SUBURBIO";"CHOQUE";"CONDUTOR COM SUSPEITA DE EMBREAGUÊS - CHOCOU- SE COM OBJETO SOBRE A PRAÇA FICANDO COM VEICULO PRESO";1;0;0;0;0;0;0;0;0;0;0;"";"";"";"";"";"";"";"";"";"";"";"";""
"6896";2020-05-28;"21:34:00";"SEM VÍTIMA";"FINALIZADA";"ESTÂNCIA";"AV DR JOSE RUFINO";"2139";"";"PRÓXIMO A ANTIGA FÁBRICA HOLÂNDA E DEFRONTE AO POSTO IPIRANGA";"ESTÂNCIA";NA;"CIDADE";"COLISÃO";"O CONDUTOR COM SUSPEITA DE EMBREAGUÊS DE UM DOS VEICULOS ENVOLVIDO.";2;0;0;0;0;0;0;0;0;0;0;"Longo da via";"Bom";"Não existe";"Perfeito estado";"Seca";"Perfeito estado";"Não existe";"Não há placas";"40km";"Dupla";"Faixa contínua";"";""
"6897";2020-05-29;"00:56:00";"COM VÍTIMA";"FINALIZADA";"PINA";"AV HERCULANO BANDEIRA";"";"RUA ARQUITETO AUGUSTO REINALDO";"NA DESCIDA DA PONTE EM FRENTE O ATACADO DA CONSTRUÇÃO.";"PINA";660;"SUBURBIO";"ABALROAMENTO LONGITUDINAL";"DOIS AUTOS";2;0;0;0;0;0;0;0;0;1;0;"Cruzamento";"Chuvoso";"Intermitente";"Perfeito estado";"Molhada";"Perfeito estado";"";"";"";"Única";"Faixa seccionada";"";""
"6898";2020-05-29;"07:14:00";"COM VÍTIMA";"FINALIZADA";"ENCRUZILHADA";"AV NORTE";"";"AV JOAO DE BARROS";"";"ENCRUZILHADA";43;"SUBURBIO";"ABALROAMENTO TRANSVERSAL";"ÔNIBUS E AUTO";1;0;0;0;0;1;0;0;0;1;0;"Cruzamento";"Chuvoso";"Sem defeito";"Perfeito estado";"Molhada";"Perfeito estado";"";"";"";"Dupla";"";"";""
"6899";2020-05-30;"07:20:00";"COM VÍTIMA";"FINALIZADA";"CABANGA";"VIADUTO CAPITAO TEMUDO";"";"";"PRÓXIMO AO CABANGA IATE CLUBE";"CABANGA";NA;"CIDADE";"CHOQUE OBJETO FIXO";"CONDUTOR PERDEU O CONTROLE DA MOTOCICLETA E TOMBOU COM A MESMA.";0;1;0;0;0;0;0;0;0;1;0;"Longo da via";"Chuvoso";"Não existe";"Perfeito estado";"Molhada";"Perfeito estado";"Não existe";"Não há placas";"60 km/h";"Dupla";"Faixa contínua";"";""
"6900";2020-05-30;"09:23:00";"COM VÍTIMA";"FINALIZADA";"IPSEP";"RUA JEAN EMILE FAVRE";"7800";"RUA RIO BEBERIBE";"EM FRENTE À FEIJOADA DO VAVÁ E BANCA O CAMINHO DA SORTE.";"IPSEP";564;"CIDADE";"ABALROAMENTO TRANSVERSAL";"ACIDENTE ENVOLVENDO CAMINHÃO E MOTOCICLETA";1;1;0;0;0;0;0;0;0;1;0;"Longo da via";"Bom";"Sem defeito";"Perfeito estado";"Seca";"Perfeito estado";"Não existe";"Placas Pare";"";"Dupla";"Faixa seccionada";"";""
"6901";2020-05-30;"09:30:00";"SEM VÍTIMA";"FINALIZADA";"LINHA DO TIRO";"RUA ANTONIO CARLOS DE ANDRADE";"";"";"POR TRÁS DA UPINHA DA LINA DO TIRO";"LINHA DO TIRO";NA;"SUBURBIO";"CHOQUE";"VIATURA DA PM-PE CHOCOU-SE COM UM PRISMA DE CONCDRETO";0;0;0;0;0;0;0;0;0;0;0;"Longo da via";"Bom";"Não existe";"Ilegível";"Molhada";"Mal conservada";"Não existe";"Não há placas";"n/i";"Única";"Não existe";"";""
"6902";2020-05-30;"13:20:00";"COM VÍTIMA";"FINALIZADA";"CAÇOTE";"AV CAPITAO GREGORIO DE CALDAS";"";"RUA CAPITAO DOMINGOS DA COSTA";"PÓXIMO À FARMÁCIA PARA TODOS / BIG BOMPREÇO";"CAÇOTE";NA;"CIDADE";"ABALROAMENTO TRANSVERSAL";"COLISÃO ENVOLVENDO MOTOCICLETA E AUTO";1;1;0;0;0;0;0;0;0;1;0;"Longo da via";"Bom";"Não existe";"";"Seca";"Perfeito estado";"Não existe";"Placas Pare";"";"Dupla";"Não existe";"";""
"6903";2020-05-30;"16:37:00";"COM VÍTIMA";"FINALIZADA";"DERBY";"RUA JENER DE SOUZA";"";"";"PRÓXIMO AO COLEGIO DA POLÍCIA MILITAR. AO LADO DA FUNAPE.";"DERBY";NA;"CIDADE";"ABALROAMENTO TRANSVERSAL";"ÔNIBUS E MOTO";0;1;0;0;0;1;0;0;0;1;0;"Longo da via";"Bom";"Não existe";"Perfeito estado";"Seca";"Perfeito estado";"Não existe";"Não há placas";"";"Única";"Canteiro central";"";""
"6904";2020-05-30;"19:47:00";"COM VÍTIMA";"FINALIZADA";"BEBERIBE";"";"";"";"EM FRENTE AO ANTIGO MATADORO - UNIDADE DE VIGILÂNCIA AMBIENTAL E CONTROLE DE ZOONOSES";"BEBERIBE";NA;"SUBURBIO";"COLISÃO";"UM VEÍCULO DO GTO - COLIDIU EM UMA MOTO -NÃO FOI POSSÍVEL COLOCAR O NOME DA AV. ANTÔNIO COSTA AZEVEDO ESSSE ENDEREÇO E OLINDA -CELULA DE ENDREÇO FICOU SEM PREENCHIMENTO.";1;1;0;0;0;0;0;0;0;1;0;"Longo da via";"Bom";"Não existe";"Incompleta";"Seca";"Mal iluminada";"Não existe";"Não há placas";"n/i";"Dupla";"Não existe";"";""
"6905";2020-05-30;"20:58:00";"COM VÍTIMA";"FINALIZADA";"BOA VIAGEM";"RUA DOS NAVEGANTES";"";"";"LOGOS APÓS A PADRE BERNADINO PESSOA";"BOA VIAGEM";NA;"SUBURBIO";"COLISÃO";"COLISÃO ENTRE MOTO E AUTO";1;1;0;0;0;0;0;0;0;1;0;"Longo da via";"Chuvoso";"Não existe";"Perfeito estado";"Molhada";"Perfeito estado";"Não existe";"Não há placas";"n/i";"Única";"Não existe";"";""