"";"data";"hora";"natureza_acidente";"situacao";"bairro";"endereco";"numero";"detalhe_endereco_acidente";"complemento";"bairro_cruzamento";"num_semaforo";"sentido_via";"tipo";"descricao";"auto";"moto";"ciclom";"ciclista";"pedestre";"onibus";"caminhao";"viatura";"outros";"vitimas";"vitimasfatais";"acidente_verificado";"tempo_clima";"situacao_semaforo";"sinalizacao";"condicao_via";"conservacao_via";"ponto_controle";"situacao_placa";"velocidade_max_via";"mao_direcao";"divisao_via1";"divisao_via2";"divisao_via3"
"6906";2020-05-31;"01:16:00";"SEM VÍTIMA";"FINALIZADA";"BAIRRO DO RECIFE";"AV RIO BRANCO";"";"";"EM FRENTE AO MARCO ZERO";"BAIRRO DO RECIFE";NA;"SUBURBIO";"CHOQUE";"CHOQUE DA VIATURA DA PM COM O POSTE";1;0;0;0;0;0;0;0;0;0;0;"Esquina";"Chuvoso";"Não existe";"Perfeito estado";"Molhada";"Perfeito estado";"Faixa de pedestre";"Não há placas";"n/i";"Única";"Não existe";"";""
"6907";2020-05-31;"06:25:00";"SEM VÍTIMA";"CANCELADA";"BOA VIAGEM";"RUA VISCONDE DE JEQUITINHONHA";"2392";"";"2º PREDIO APOS O RECIFE FLET - PRÓXIMO AO PARQUE DONA LINDU";"BOA VIAGEM";NA;"SUBURBIO";"COLISÃO";"UM CONDUTOR ESTÁ COM SINTOMAS DE EMBRIAGUEZ";2;0;0;0;0;0;0;0;0;0;0;"";"";"";"";"";"";"";"";"";"";"";"";""
"6908";2020-05-31;"14:18:00";"COM VÍTIMA";"FINALIZADA";"CORDEIRO";"AV GENERAL SAN MARTIN";"1083";"";"EM FRENTE AO CORREIOS DE SAN MARTIN";"CORDEIRO";403;"SUBURBIO";"COLISÃO";"COLISÃO COM VITIMA";1;1;0;0;0;0;0;0;0;1;0;"Longo da via";"Bom";"Sem defeito";"Perfeito estado";"Seca";"Perfeito estado";"";"R-6a";"";"Dupla";"Faixa contínua";"";""
"6909";2020-05-31;"22:04:00";"COM VÍTIMA";"CANCELADA";"NOVA DESCOBERTA";"RUA NOVA DESCOBERTA";"1095";"";"PRÓXIMO À LOJA W MOTOS E SUBIDA DO OLHO D'ÁGUA";"NOVA DESCOBERTA";NA;"";"COLISÃO";"COLISÃO C/VITIMA CARRO X MOTO (VÍTIMA- APRESENTANDO SINTOMA DE EMBRIAGUEZ- FOI RETIRADO POR TERCEIROS PARA LOCAL IGNORADO)";1;1;0;0;0;0;0;0;0;1;0;"";"";"";"";"";"";"";"";"";"";"";"";""
"6910";2020-05-27;"08:53:00";"SEM VÍTIMA";"FINALIZADA";"TORRÕES";"AV ENGENHEIRO ABDIAS DE CARVALHO";"350";"";"PROXIMO AO POSTO BR/PETROCAL";"TORRÕES";NA;"CIDADE";"ABALROAMENTO LONGITUDINAL";"";2;0;0;0;0;0;0;0;0;0;0;"Longo da via";"Bom";"Não existe";"Perfeito estado";"Seca";"Perfeito estado";"Não existe";"Outras";"60 km/h";"Dupla";"Canteiro central";"";""
"6911";2020-05-28;"09:01:00";"SEM VÍTIMA";"FINALIZADA";"PINA";"AV ANTONIO DE GOES";"";"";"SAÍDA DO TÚNEL JOSÉ DE CASTRO C/ ANTONIO DE GOES";"PINA";103;"C";"ABALROAMENTO LONGITUDINAL";"";2;0;0;0;0;0;0;0;0;0;0;"Cruzamento";"Bom";"Sem defeito";"Perfeito estado";"Seca";"Perfeito estado";"Faixa de pedestre";"Não há placas";"";"Única";"Faixa seccionada";"";""
"6912";2020-06-01;"11:26:00";"VÍTIMA FATAL";"FINALIZADA";"SÃO JOSÉ";"AV DANTAS BARRETO";"1261";"RUA DO PEIXOTO";"CRUZAMENTO C/A RUA DO PEIXOTO.";"SÃO JOSÉ";181;"";"CHOQUE VEÍCULO PARADO";"COLISÃO ENTRE UM AUTO PASSEIO E UM CAMINHÃO COLETOR DE LIXO DA EMPRESA VITAL- C/VITIMA FATAL. (BOMBEIROS JÁ COMPARECEU AO LOCAL - IC- IML E DP SERÃO ACIONADOS PELA REQUERENTE)";1;0;0;0;0;0;1;0;0;0;1;"Cruzamento";"Bom";"Sem defeito";"Perfeito estado";"Seca";"Perfeito estado";"Faixa de pedestre";"R-6a";"";"Única";"Não existe";"";""
"6913";2020-06-01;"09:33:00";"COM VÍTIMA";"FINALIZADA";"CABANGA";"AV SUL";"";"";"EM FRENTE AO POSTO BR DESATIVADO";"CABANGA";NA;"CIDADE";"COLISÃO COM CICLISTA";"ENTRE CICLISTA E MOTOQUEIRO";0;1;0;1;0;0;0;0;0;1;0;"Longo da via";"Bom";"Não existe";"Perfeito estado";"Seca";"Perfeito estado";"";"Não há placas";"";"Dupla";"Canteiro central";"";""
"6914";2020-06-01;"11:24:00";"COM VÍTIMA";"FINALIZADA";"CAMPO GRANDE";"AV GOVERNADOR AGAMENON MAGALHAES";"";"RUA ODORICO MENDES";"";"CAMPO GRANDE";NA;"SUBURBIO";"ABALROAMENTO TRANSVERSAL";"DOIS AUTOS";2;0;0;1;0;0;0;0;0;1;0;"Cruzamento";"Bom";"Não existe";"Incompleta";"Seca";"Perfeito estado";"Faixa de pedestre";"Outras";"";"Única";"Não existe";"";""
"6915";2020-06-01;"13:41:00";"SEM VÍTIMA";"FINALIZADA";"MADALENA";"RUA ARLINDO GOUVEIA";"";"RUA ANTONIO CAMILO DIAS";"APROXIMADAMENTE A 100 METROS DO CLUBE INTERNACIONAL";"MADALENA";NA;"CIDADE";"COLISÃO";"ENVOLVENDO VEÍCULO OFICAL DO TRIBUNAL DE JUSTIÇA";1;0;0;0;0;0;0;1;0;0;0;"Longo da via";"Bom";"Não existe";"Perfeito estado";"Seca";"Perfeito estado";"Não existe";"Não há placas";"";"Única";"Não existe";"";""
"6916";2020-06-01;"15:22:00";"COM VÍTIMA";"FINALIZADA";"PARNAMIRIM";"RUA JOAO TUDE DE MELO";"203";"RUA VIRGINIA LORETO";"PRÓX. GUAIAMUM GIGANTE";"PARNAMIRIM";649;"SUBURBIO";"COLISÃO TRASEIRA";"DOIS AUTOS COM UMA VÍTIMA";2;0;0;0;0;0;0;0;0;1;0;"Longo da via";"Bom";"Sem defeito";"Perfeito estado";"Seca";"Perfeito estado";"Faixa de pedestre";"R-4b";"";"Única";"Faixa contínua";"";""
"6917";2020-06-01;"15:55:00";"COM VÍTIMA";"FINALIZADA";"SANTO AMARO";"AV CRUZ CABUGA";"";"AV MARIO MELO";"";"SANTO AMARO";171;"";"ABALROAMENTO LONGITUDINAL";"";0;2;0;0;0;0;0;0;0;3;0;"Cruzamento";"Bom";"Sem defeito";"Perfeito estado";"Seca";"Perfeito estado";"Faixa de retenção";"";"";"Dupla";"Canteiro central";"";""
"6918";2020-06-01;"19:46:00";"COM VÍTIMA";"FINALIZADA";"BOA VIAGEM";"RUA BARAO DE SOUZA LEAO";"1341";"RUA WALDEMAR NERY CARNEIRO MONTEIRO";"PRÓXIMO SUPERMERCADO TREVO";"BOA VIAGEM";NA;"CIDADE";"ABALROAMENTO TRANSVERSAL";"COM AUTO E MOTOCICLETA";1;1;0;0;0;0;0;0;0;1;0;"Esquina";"Bom";"Não existe";"Perfeito estado";"Seca";"Perfeito estado";"Não existe";"Não há placas";"";"Única";"Não existe";"";""
"6919";2020-06-02;"07:55:00";"COM VÍTIMA";"FINALIZADA";"BONGI";"RUA DONA MARIA AUGUSTA NOGUEIRA";"";"";"AO LADO DA CELPE E EM FRENTE A SECRETARIA DE SAÚDE";"BONGI";NA;"";"COLISÃO TRASEIRA";"COLISÃO ENTRE MOTOCICLETA X AUTO";1;1;0;0;0;0;0;0;0;1;0;"Longo da via";"Bom";"Não existe";"Não existente";"Seca";"Perfeito estado";"Não existe";"Não há placas";"";"Dupla";"Não existe";"";""
"6920";2020-06-02;"08:22:00";"COM VÍTIMA";"FINALIZADA";"AFOGADOS";"RUA COSME VIANA";"";"RUA CORONEL ALFREDO DUARTE";"NO CRUZAMENTO DO POSTO SETTA";"AFOGADOS";430;"SUBURBIO";"ABALROAMENTO TRANSVERSAL";"COLISÃO ENTRE MOTOCICLETA X AUTO";1;1;0;0;0;0;0;0;0;1;0;"Cruzamento";"Bom";"Com defeito";"Perfeito estado";"Seca";"Perfeito estado";"Outros";"Outras";"60 km/h";"Única";"Faixa contínua";"";""
"6921";2020-06-02;"12:21:00";"VÍTIMA FATAL";"FINALIZADA";"IPSEP";"AV RECIFE";"3532";"RUA CORONEL MURTA";"POSTO PETROBRAS";"IPSEP";NA;"CIDADE";"ATROPELAMENTO";"ATROPELAMENTO COM VÍTIMA FATAL";1;0;0;0;1;0;0;0;0;0;1;"Cruzamento";"Bom";"Não existe";"Incompleta";"Seca";"Perfeito estado";"Não existe";"Não há placas";"";"Dupla";"Canteiro central";"";""
"6922";2020-06-02;"14:08:00";"COM VÍTIMA";"FINALIZADA";"BOA VIAGEM";"RUA FELIX DE BRITO E MELO";"854";"";"BIG BOMPREÇO";"BOA VIAGEM";NA;"SUBURBIO";"COLISÃO TRASEIRA";"AUTO X MOTOCICLETA";1;1;0;0;0;0;0;0;0;1;0;"Longo da via";"Bom";"Não existe";"Perfeito estado";"Seca";"Perfeito estado";"Não existe";"Não há placas";"";"Única";"Faixa seccionada";"";""
"6923";2020-06-02;"15:25:00";"SEM VÍTIMA";"FINALIZADA";"TAMARINEIRA";"AV NORTE";"3751";"RUA CONEGO BARATA";"";"TAMARINEIRA";62;"SUBURBIO";"COLISÃO";"COLISÃO SEM VÍTIMAS- ENTRE 2 AUTOS.";2;0;0;0;0;0;0;0;0;0;0;"Cruzamento";"Bom";"Sem defeito";"Perfeito estado";"Seca";"Perfeito estado";"Agente";"Outras";"";"Dupla";"Faixa contínua";"Faixa seccionada";""
"6924";2020-06-02;"18:31:00";"COM VÍTIMA";"FINALIZADA";"BOA VIAGEM";"AVENIDA CELSO FURTADO (VIA MANGUE)";"";"";"PROXIMO A BIFURCAÇÃO SENTIDO BOA VIAGEM. PRÓXIMO AO HIPER.";"BOA VIAGEM";NA;"SUBURBIO";"ABALROAMENTO LONGITUDINAL";"COLISÃO AUTO E MOTO";1;1;0;0;0;0;0;0;0;1;0;"Longo da via";"Bom";"Não existe";"Perfeito estado";"Seca";"Perfeito estado";"Não existe";"Não há placas";"60 km/h";"Dupla";"Faixa seccionada";"";""
"6925";2020-06-03;"06:15:00";"COM VÍTIMA";"FINALIZADA";"SANTO AMARO";"AV GOVERNADOR AGAMENON MAGALHAES";"";"";"PROXIMO DO VIATUDO ENGº ROBERTO PEREIRA DE CARVALHO(VIATUADO DO TACARUNA) SENTIDO OLINDA";"SANTO AMARO";NA;"SUBURBIO";"COLISÃO TRASEIRA";"COLISÃO AUTO X MOTO";1;1;0;0;0;0;0;0;0;1;0;"Viaduto";"Bom";"Não existe";"Perfeito estado";"Seca";"Perfeito estado";"Não existe";"Não há placas";"";"Única";"Faixa seccionada";"";""
"6926";2020-06-03;"08:07:00";"COM VÍTIMA";"FINALIZADA";"BOA VIAGEM";"AV CONSELHEIRO AGUIAR";"";"RUA RIBEIRO DE BRITO";"POSTO PETROBRAS";"BOA VIAGEM";147;"CIDADE";"COLISÃO COM CICLISTA";"COLISÃO AUTOMÓVEL E BICICLETA";1;0;0;1;0;0;0;0;0;1;0;"Cruzamento";"Bom";"Sem defeito";"Perfeito estado";"Seca";"Perfeito estado";"Agente";"Outras";"";"Única";"Faixa contínua";"Faixa seccionada";""
"6927";2020-06-03;"11:24:00";"COM VÍTIMA";"FINALIZADA";"IMBIRIBEIRA";"RUA ITAJAI";"162";"RUA ITACARI";"PROX. A EMPRESA i9";"IMBIRIBEIRA";NA;"";"ABALROAMENTO TRANSVERSAL";"ACIDENTE COM MOTO E CARRO";1;1;0;0;0;0;0;0;0;1;0;"Cruzamento";"Bom";"Não existe";"Perfeito estado";"Seca";"Perfeito estado";"Faixa de pedestre";"Placas Pare";"";"";"";"";""
"6928";2020-06-03;"12:46:00";"COM VÍTIMA";"FINALIZADA";"JIQUIÁ";"RUA SAO MIGUEL";"1805";"RUA BELEM DE MARIA";"DEDÉ DAS BATERIAS";"JIQUIÁ";425;"SUBURBIO";"ABALROAMENTO TRANSVERSAL";"ACIDENTE COM MOTO E CARRO";1;1;0;0;0;0;0;0;0;1;0;"Esquina";"Bom";"Sem defeito";"Perfeito estado";"Seca";"Perfeito estado";"Faixa de pedestre";"Não há placas";"";"Dupla";"Faixa contínua";"";""
"6929";2020-06-03;"14:52:00";"SEM VÍTIMA";"FINALIZADA";"ILHA DO LEITE";"AV FREI MATIAS TEVES";"224";"RUA SENADOR JOSE HENRIQUE";"EM FRENTE AO POSTE N H027317";"ILHA DO LEITE";NA;"SUBURBIO";"COLISÃO";"COLISÃO SEM VÍTIMA NO CRUZAMENTO";2;0;0;0;0;0;0;0;0;0;0;"Cruzamento";"Bom";"Não existe";"Perfeito estado";"Seca";"Perfeito estado";"Faixa de pedestre";"Outras";"30 km/h";"Única";"Faixa seccionada";"";""
"6930";2020-06-03;"15:06:00";"COM VÍTIMA";"FINALIZADA";"ENCRUZILHADA";"EST DE BELEM";"";"RUA DONA ELVIRA";"EM FRENTE A FRUTARIA";"ENCRUZILHADA";201;"SUBURBIO";"ABALROAMENTO TRANSVERSAL";"COLISÃO ENTRE AUTO E MOTO ACIDENTE COM VITIMA";1;1;0;0;0;0;0;0;0;1;0;"Longo da via";"Bom";"Sem defeito";"Perfeito estado";"Seca";"Perfeito estado";"Faixa de pedestre";"Outras";"";"Dupla";"";"";""
"6931";2020-06-04;"07:05:00";"COM VÍTIMA";"FINALIZADA";"ROSARINHO";"AV NORTE";"3110";"AV SANTOS DUMONT";"EM FRENTE A PADARIA ROSARINHO";"ROSARINHO";81;"SUBURBIO";"ABALROAMENTO LONGITUDINAL";"COLISÃO COM VITIMA";1;1;0;0;0;0;0;0;0;1;0;"Cruzamento";"Bom";"Sem defeito";"Perfeito estado";"Seca";"Perfeito estado";"Faixa de pedestre";"Outras";"";"Dupla";"Canteiro central";"";""
"6932";2020-06-04;"08:21:00";"SEM VÍTIMA";"FINALIZADA";"TORRÕES";"AV ENGENHEIRO ABDIAS DE CARVALHO";"";"";"APÓS A UPA E ANTES DO VIADUTO";"TORRÕES";NA;"SUBURBIO";"COLISÃO";"COLISÃO ENVOLVENDO TRÊS VEÍCULOS- SENDO UM DELES UMA VIATURA DA PM-PE";2;0;0;0;0;0;0;1;0;0;0;"Longo da via";"Bom";"Não existe";"Perfeito estado";"Seca";"Perfeito estado";"Não existe";"Não há placas";"60km";"Dupla";"Canteiro central";"";""
"6933";2020-06-04;"16:37:00";"COM VÍTIMA";"FINALIZADA";"SANTO AMARO";"AV GOVERNADOR AGAMENON MAGALHAES";"";"";"EM FRENTE DA CENTRAL DE FLAGRANTE";"SANTO AMARO";NA;"BOA VIAGEM";"COLISÃO TRASEIRA";"ACIDENTE COM VÍTIMA ENVOLVENDO UMA MOTOCICLETA E UM AUTO PASSEIO";1;1;0;0;0;0;0;0;0;1;0;"Longo da via";"Bom";"Não existe";"Perfeito estado";"Seca";"Perfeito estado";"Não existe";"Não há placas";"60 km/h";"Dupla";"Canal";"";""
"6934";2020-06-05;"09:44:00";"SEM VÍTIMA";"FINALIZADA";"CORDEIRO";"AV CAXANGA";"1777";"";"CENTRO CAR PEÇAS E PNEUS";"CORDEIRO";NA;"CIDADE";"ABALROAMENTO LONGITUDINAL";"";2;0;0;0;0;0;0;0;0;0;0;"Longo da via";"Bom";"Não existe";"Perfeito estado";"Seca";"Perfeito estado";"Não existe";"Não há placas";"";"Dupla";"Canteiro central";"";""
"6935";2020-06-05;"09:49:00";"SEM VÍTIMA";"FINALIZADA";"ESPINHEIRO";"RUA CONS PORTELA";"";"RUA QUARENTA E OITO";"FARMACIA PAGUE MENOS";"ESPINHEIRO";11;"CIDADE";"ABALROAMENTO LONGITUDINAL";"AGENTES NO LOCA- FABIO LEITE E ARTHUR MONTEIRO";1;1;0;0;0;0;0;0;0;0;0;"Cruzamento";"Bom";"Sem defeito";"Perfeito estado";"Seca";"Perfeito estado";"Agente";"Outras";"";"Única";"Outros";"";""
"6936";2020-06-05;"12:46:00";"COM VÍTIMA";"FINALIZADA";"TORRE";"AV BEIRA RIO";"195";"";"PROXIMO A PONTE DA TORRE";"TORRE";NA;"SUBURBIO";"ABALROAMENTO LONGITUDINAL";"AUTO E MOTO";1;1;0;0;0;0;0;0;0;1;0;"Longo da via";"Bom";"Não existe";"Perfeito estado";"Seca";"Perfeito estado";"Não existe";"Não há placas";"";"Dupla";"Faixa seccionada";"";""
"6937";2020-06-05;"14:38:00";"COM VÍTIMA";"FINALIZADA";"VASCO DA GAMA";"AV VEREADOR OTACILIO AZEVEDO";"992";"RUA DIADEMA";"EM FRENTE A CLÍNICA ODONTOLOGICA DR. LUIS CARLOS PESSOA";"VASCO DA GAMA";NA;"SUBURBIO";"COLISÃO TRASEIRA";"AUTO E MOTO COM UMA VÍTIMA";1;1;0;0;0;0;0;0;0;1;0;"Esquina";"Bom";"Não existe";"Não existente";"Seca";"Perfeito estado";"Não existe";"Outras";"";"Dupla";"Faixa seccionada";"";""
"6938";2020-06-05;"22:24:00";"COM VÍTIMA";"FINALIZADA";"AFOGADOS";"RUA SAO MIGUEL";"1324";"";"PARAÍSO DOS PETS";"AFOGADOS";NA;"SUBURBIO";"ABALROAMENTO TRANSVERSAL";"MOTO E AUTO";1;1;0;0;0;0;0;0;0;1;0;"Longo da via";"Chuvoso";"Não existe";"Perfeito estado";"Molhada";"Perfeito estado";"Não existe";"Não há placas";"";"Dupla";"Faixa seccionada";"";""
"6939";2020-06-06;"00:02:00";"COM VÍTIMA";"FINALIZADA";"APIPUCOS";"RUA DE APIPUCOS";"866";"RUA MANDACARU";"APÓS O AÇUDE DE APIPUCOS";"APIPUCOS";500;"SUBURBIO";"COLISÃO TRASEIRA";"AUTO E MOTO";1;1;0;0;0;0;0;0;0;1;0;"Esquina";"Chuvoso";"Sem defeito";"Perfeito estado";"Molhada";"Perfeito estado";"Faixa de pedestre";"Não há placas";"";"Dupla";"Faixa contínua";"";""
"6940";2020-06-06;"04:33:00";"COM VÍTIMA";"FINALIZADA";"SÃO JOSÉ";"AV SUL";"";"";"CAIS DE SANTA RITA EM FRENTE AS TORRES GEMEAS. DEFRONTE AO 16º BPM.";"SÃO JOSÉ";NA;"CIDADE";"ATROPELAMENTO";"AUTO E PEDESTRE.";1;0;0;0;1;0;0;0;0;1;0;"Longo da via";"Bom";"Não existe";"Perfeito estado";"Seca";"Perfeito estado";"Não existe";"Não há placas";"60 km/h";"Dupla";"Canteiro central";"";""
"6941";2020-06-06;"13:42:00";"COM VÍTIMA";"FINALIZADA";"BOA VIAGEM";"RUA VISCONDE DE JEQUITINHONHA";"1503";"";"EM FRENTE AO POSTO BR DA VISCONDE DE JEQUITINHONHA. EDF PAINEIRAS.";"BOA VIAGEM";NA;"SUBURBIO";"ABALROAMENTO LONGITUDINAL";"COLISÃO MOTOCICLETA X AUTO PASSEIO";1;1;0;0;0;0;0;0;0;2;0;"Longo da via";"Bom";"Não existe";"Perfeito estado";"Seca";"Perfeito estado";"Não existe";"Não há placas";"60 km/h";"Única";"Canteiro central";"";""
"6942";2020-06-06;"15:04:00";"COM VÍTIMA";"CANCELADA";"PINA";"AV HERCULANO BANDEIRA";"";"RUA ARQUITETO AUGUSTO REINALDO";"EM FRENTE AO ATACADÃO DA CONSTRUÇÃO";"PINA";NA;"";"COLISÃO";"COLISÃO ENTRE MOTOCICLETA X DOIS AUTO PASSEIOS";2;1;0;0;0;0;0;0;0;1;0;"";"";"";"";"";"";"";"";"";"";"";"";""
"6943";2020-06-06;"18:30:00";"SEM VÍTIMA";"FINALIZADA";"BOA VIAGEM";"RUA FELIX DE BRITO E MELO";"";"RUA FRANCISCO DA CUNHA";"";"BOA VIAGEM";551;"SUBURBIO";"COLISÃO TRASEIRA";"COLISÃO AUTO E MOTO CONDUTOR COM SINTOMAS DE EMBRIAGUES PMPE NO LOCAL";1;1;0;0;0;0;0;0;0;0;0;"Cruzamento";"Chuvoso";"Sem defeito";"Perfeito estado";"Seca";"Perfeito estado";"Faixa de pedestre";"Outras";"40 km/h";"Única";"";"";""
"6944";2020-06-07;"06:31:00";"COM VÍTIMA";"FINALIZADA";"VASCO DA GAMA";"RUA ALTO DO EUCALIPTO";"128";"";"INDO PELA RUA VASCO DA GAMA RUA QUE FICA EM FRENTE A SUPERMERCADO RENDE MAIS";"VASCO DA GAMA";NA;"CIDADE";"ABALROAMENTO LONGITUDINAL";"COLISÃO AUTO X MOTO";1;1;0;0;0;0;0;0;0;1;0;"Longo da via";"Chuvoso";"Não existe";"Não existente";"Molhada";"Perfeito estado";"Não existe";"Não há placas";"";"Dupla";"Não existe";"";""
"6945";2020-06-07;"07:05:00";"SEM VÍTIMA";"FINALIZADA";"IMBIRIBEIRA";"AV MARECHAL MASCARENHAS DE MORAES";"";"RUA BARAO DE SOUZA LEAO";"PRÓXIMO AO VIADUTO";"IMBIRIBEIRA";NA;"CIDADE";"CHOQUE";"VEÍCULO CHOCOU-SE COM O MURO";0;0;0;0;0;0;0;0;0;0;0;"Outros";"Chuvoso";"Não existe";"Perfeito estado";"Molhada";"Perfeito estado";"Não existe";"Não há placas";"N/I";"Dupla";"Canteiro central";"";""
"6946";2020-06-07;"14:48:00";"SEM VÍTIMA";"FINALIZADA";"TAMARINEIRA";"RUA PADRE ROMA";"";"";"EM FRENTE AO HOSPITAL CORREIA PICANÇO";"TAMARINEIRA";NA;"";"COLISÃO";"COLISÃO ENTE DOIS CARROS E UM DOS CONDUTORES ENCONTRA-SE COM SINTOMAS DE EMBRIAGUÊS";2;0;0;0;0;0;0;0;0;0;0;"Longo da via";"Nublado";"Não existe";"Perfeito estado";"Seca";"Perfeito estado";"Não existe";"R-6a";"N/I";"Dupla";"Faixa seccionada";"Canteiro central";""
"6947";2020-06-08;"08:19:00";"COM VÍTIMA";"FINALIZADA";"TORRE";"RUA PROFESSOR TRAJANO DE MENDONCA";"148";"RUA VITORIANO PALHARES";"ATACADO DOS PRESENTES.";"TORRE";NA;"CIDADE";"ABALROAMENTO TRANSVERSAL";"COLISÃO COM VITIMA";1;1;0;0;0;0;0;0;0;1;0;"Longo da via";"Bom";"Não existe";"Perfeito estado";"Seca";"Perfeito estado";"Não existe";"Outras";"";"Única";"Faixa contínua";"Faixa seccionada";""
"6948";2020-06-08;"08:57:00";"SEM VÍTIMA";"CANCELADA";"AFOGADOS";"RUA SAO MIGUEL";"1470";"";"EM FRENTE AO ARMAZEM CORAL";"AFOGADOS";NA;"SUBURBIO";"COLISÃO";"COLISÃO SEM VITIMA . VT 14 NO LOCAL";1;1;0;0;0;0;0;0;0;0;0;"";"";"";"";"";"";"";"";"";"";"";"";""
"6949";2020-06-08;"12:35:00";"SEM VÍTIMA";"FINALIZADA";"ÁGUA FRIA";"AV BEBERIBE";"1796";"";"EM FRENTE AO N 1796";"ÁGUA FRIA";NA;"CIDADE";"COLISÃO";"O SOLICITANTE INFORMA QUE O MOTORISTA DO VEICULO DE PLACA PCR 8252 ESTA COM SINTOMAS DE EMBRIAGUEZ";2;0;0;0;0;0;0;0;0;0;0;"Esquina";"Bom";"Não existe";"Incompleta";"Seca";"Perfeito estado";"Não existe";"Outras";"N/I";"Dupla";"Não existe";"";""
"6950";2020-06-08;"14:48:00";"COM VÍTIMA";"FINALIZADA";"IBURA";"AV DOIS RIOS";"250";"";"SESI IBURA.";"IBURA";561;"SUBURBIO";"COLISÃO TRASEIRA";"CINCO VEÍCULOS ENVOLVIDOS EM UM ENGAVETAMENTO";5;0;0;0;0;0;0;0;0;1;0;"Longo da via";"Bom";"Sem defeito";"Perfeito estado";"Seca";"Perfeito estado";"Faixa de pedestre";"R-6a";"";"Dupla";"Faixa contínua";"";""
"6951";2020-06-08;"18:02:00";"COM VÍTIMA";"FINALIZADA";"SANTO AMARO";"AV CRUZ CABUGA";"1065";"AV DR JAYME DA FONTE";"EM FRENTE AO N 1065 E AO LADO DO (D E R)";"SANTO AMARO";343;"SUBURBIO";"COLISÃO COM CICLISTA";"COLISÃO COM VITIMA";0;0;0;1;0;1;0;0;0;1;0;"Cruzamento";"Bom";"Sem defeito";"Perfeito estado";"Seca";"Perfeito estado";"Faixa de pedestre";"Outras";"";"Dupla";"";"";""
"6952";2020-06-08;"18:29:00";"COM VÍTIMA";"FINALIZADA";"ENCRUZILHADA";"AV NORTE";"2390";"AV JOAO DE BARROS";"EM FRENTE AO N 2390. BANCO SANTANDER";"ENCRUZILHADA";43;"CIDADE";"COLISÃO TRASEIRA";"COLISÃO COM VITIMA";1;1;0;0;0;0;0;0;0;1;0;"Longo da via";"Bom";"Sem defeito";"Perfeito estado";"Seca";"Perfeito estado";"Faixa de pedestre";"Não há placas";"60 km/h";"Dupla";"Canteiro central";"";""
"6953";2020-06-08;"18:32:00";"COM VÍTIMA";"FINALIZADA";"CASA FORTE";"PRC DE CASA FORTE";"";"RUA VISCONDE DE OURO PRETO";"";"CASA FORTE";NA;"SUBURBIO";"ATROPELAMENTO";"MOTO E PEDESTRE.";0;1;0;0;1;0;0;0;0;1;0;"Esquina";"Bom";"Não existe";"Perfeito estado";"Seca";"Perfeito estado";"Não existe";"Outras";"";"Dupla";"Não existe";"";""
"6954";2020-06-09;"10:38:00";"COM VÍTIMA";"FINALIZADA";"MACAXEIRA";"AV NORTE";"";"RUA TIJUCAL";"LADO OPOSTO AO PARQUE DA MACAXEIRA. TAMBÉM PRÓXIMO A UMA ESCOLA TÉCNICA (CONFORME SOLICITANTE). MEGA ÓLEO CENTER CAR.";"MACAXEIRA";451;"SUBURBIO";"ABALROAMENTO TRANSVERSAL";"COISÃO ENTRE MOTOCICLETA E CAMINHÃO DA EMLURB";0;1;0;0;0;0;1;0;0;1;0;"Cruzamento";"Bom";"Sem defeito";"Perfeito estado";"Seca";"Perfeito estado";"Faixa de pedestre";"R-6a";"";"Dupla";"Canteiro central";"";""
"6955";2020-06-09;"13:23:00";"COM VÍTIMA";"FINALIZADA";"BOA VISTA";"AV CONDE DA BOA VISTA";"1317";"RUA GONCALVES MAIA";"";"BOA VISTA";299;"CIDADE";"CHOQUE OBJETO FIXO";"VEÍCULO SE CHOCOU COM O CANTEIRO CENTRAL E CAPOTOU COM DUAS VÍTIMAS";1;0;0;0;0;0;0;0;0;2;0;"Cruzamento";"Bom";"Sem defeito";"Perfeito estado";"Seca";"Perfeito estado";"Faixa de pedestre";"R-6c";"";"Dupla";"Canteiro central";"";""
"6956";2020-06-09;"13:04:00";"COM VÍTIMA";"FINALIZADA";"IMBIRIBEIRA";"AV MARECHAL MASCARENHAS DE MORAES";"570";"RUA ARQUITETO FERNANDO ALMEIDA";"AO LADO DO ARMAZEM CORAL";"IMBIRIBEIRA";286;"SUBURBIO";"CHOQUE VEÍCULO PARADO";"COLISÃO ENTRE VEICULOS CAUSADA POR UM HOMEM BALEADO";3;0;0;0;0;0;0;0;0;1;0;"Longo da via";"Chuvoso";"Sem defeito";"Perfeito estado";"Molhada";"Perfeito estado";"Faixa de retenção";"Outras";"";"Única";"Não existe";"";""
"6957";2020-06-09;"13:21:00";"COM VÍTIMA";"FINALIZADA";"ESTÂNCIA";"RUA MORAIS E SILVA";"548";"AV DR JOSE RUFINO";"PROXIMO A IGREJA SANTA LUZIA";"ESTÂNCIA";NA;"SUBURBIO";"COLISÃO FRONTAL";"ÔNIBUS E MOTO.";0;1;0;0;0;1;0;0;0;2;0;"Esquina";"Bom";"Não existe";"Não existente";"Seca";"Perfeito estado";"Não existe";"Não há placas";"";"Dupla";"Faixa contínua";"";""