"";"data";"hora";"natureza_acidente";"situacao";"bairro";"endereco";"numero";"detalhe_endereco_acidente";"complemento";"bairro_cruzamento";"num_semaforo";"sentido_via";"tipo";"descricao";"auto";"moto";"ciclom";"ciclista";"pedestre";"onibus";"caminhao";"viatura";"outros";"vitimas";"vitimasfatais";"acidente_verificado";"tempo_clima";"situacao_semaforo";"sinalizacao";"condicao_via";"conservacao_via";"ponto_controle";"situacao_placa";"velocidade_max_via";"mao_direcao";"divisao_via1";"divisao_via2";"divisao_via3"
"7377";2020-08-13;"12:42:00";"COM VÍTIMA";"FINALIZADA";"IBURA";"AV DOIS RIOS";"443";"";"IGREJA DE JESUS CRISTO DOS SANTOS DOS ÚLTIMOS DIAS.";"IBURA";NA;"CIDADE";"ABALROAMENTO LONGITUDINAL";"AUTO X MOTO COM VÍTIMA";1;1;0;0;0;0;0;0;0;1;0;"Longo da via";"Bom";"Não existe";"Perfeito estado";"Seca";"Perfeito estado";"Não existe";"Não há placas";"60 km/h";"Dupla";"Faixa contínua";"";""
"7378";2020-08-13;"16:08:00";"COM VÍTIMA";"FINALIZADA";"SANTO AMARO";"AV GOVERNADOR AGAMENON MAGALHAES";"";"";"DESCIDA DO VIADUTO DA JOÃO DE BARROS.";"SANTO AMARO";NA;"SUBURBIO";"TOMBAMENTO";"COM VÍTIMA";0;1;0;0;0;0;0;0;0;1;0;"Ponte";"Bom";"Não existe";"Perfeito estado";"Molhada";"Perfeito estado";"Não existe";"Não há placas";"60 km/h";"Dupla";"Canal";"";""
"7379";2020-08-13;"22:58:00";"SEM VÍTIMA";"CANCELADA";"TAMARINEIRA";"RUA PADRE ROMA";"489";"";"PROXIMO AO EDFº TAUROS";"TAMARINEIRA";NA;"";"COLISÃO";"COLISÃO SEM VITIMAS (CONDUTOR VEICULO CO SUSPEITA DE EMBRIAGUEZ)";1;1;0;0;0;0;0;0;0;0;0;"";"";"";"";"";"";"";"";"";"";"";"";""
"7380";2020-08-13;"23:39:00";"COM VÍTIMA";"FINALIZADA";"CASA FORTE";"AV DEZESSETE DE AGOSTO";"1950";"RUA MARECHAL RONDON";"PROXIMO A LABORATÓRIO ROBERTO MAGALHÃES";"CASA FORTE";NA;"";"COLISÃO FRONTAL";"COLISÃO COM VITMAS ENVOLVENDO DOIS AUTO (CONDUTOR COM SINTOMAS DE EMBRIAGUES)";2;0;0;0;0;0;0;0;0;1;0;"Cruzamento";"Bom";"";"Perfeito estado";"Seca";"Perfeito estado";"Não existe";"";"";"Dupla";"Faixa contínua";"";""
"7381";2020-08-14;"09:11:00";"COM VÍTIMA";"FINALIZADA";"CAJUEIRO";"AV CIDADE DE MONTEIRO";"159";"";"PROX AO ARMAZEM CORAL";"CAJUEIRO";NA;"SUBURBIO";"COLISÃO FRONTAL";"MOTO E AUTO";1;1;0;0;0;0;0;0;0;1;0;"Longo da via";"Bom";"Não existe";"Perfeito estado";"Seca";"Perfeito estado";"Não existe";"R-6a";"40 km/h";"Única";"Faixa contínua";"";""
"7382";2020-08-14;"14:30:00";"COM VÍTIMA";"FINALIZADA";"MADALENA";"AV VISCONDE DE ALBUQUERQUE";"401";"RUA LOPES DE CARVALHO";"LADO OPOSTO AO MADALENA CENTER";"MADALENA";NA;"SUBURBIO";"COLISÃO TRASEIRA";"COLISÃO MOTO E CARRO";1;1;0;0;0;0;0;0;0;1;0;"Longo da via";"Bom";"Não existe";"Perfeito estado";"Seca";"Perfeito estado";"Não existe";"Não há placas";"";"Única";"Faixa";"";""
"7383";2020-08-14;"17:58:00";"COM VÍTIMA";"FINALIZADA";"MANGUEIRA";"RUA SAO MIGUEL";"1357";"RUA MANOEL DE ALBUQUERQUE FERNANDES";"E/F AO BODE DO NO";"MANGUEIRA";392;"CIDADE";"ABALROAMENTO TRANSVERSAL";"COLISAO COM VITIMAS";1;1;0;0;0;0;0;0;0;1;0;"Longo da via";"Bom";"Sem defeito";"Perfeito estado";"Seca";"Perfeito estado";"Faixa de pedestre";"Placas Dê a preferência";"";"Dupla";"Faixa contínua";"";""
"7384";2020-08-14;"18:12:00";"COM VÍTIMA";"FINALIZADA";"IMBIRIBEIRA";"AV PRESIDENTE DUTRA";"451";"";"EM FRENTE AO SAL E BRASA- SENTIDO BOA VIAGEM.";"IMBIRIBEIRA";NA;"BOA VIAGEM";"CHOQUE OBJETO FIXO";"COM VÍTIMA";0;1;0;0;0;0;0;0;0;1;0;"Longo da via";"Bom";"Não existe";"Perfeito estado";"Seca";"Perfeito estado";"Não existe";"Não há placas";"";"Única";"Não existe";"";""
"7385";2020-08-14;"22:51:00";"SEM VÍTIMA";"CANCELADA";"NOVA DESCOBERTA";"RUA ALTO DA TELHA";"82";"";"NA SUBIDA DA LADEIRA // PRÓX AO TERMINAL DE NOVA DESCOBERTA";"NOVA DESCOBERTA";NA;"";"COLISÃO";"COLISÃO ENTRE AUTO E MOTO (CONDUTOR DA MOTO APRESENTA SINAIS CLAROS DE EMBRIAGUEZ)";1;1;0;0;0;0;0;0;0;0;0;"";"";"";"";"";"";"";"";"";"";"";"";""
"7386";2020-08-15;"08:18:00";"COM VÍTIMA";"CANCELADA";"CAÇOTE";"RUA CAMBUCA";"";"";"EM FRENTE A  LINHA DO TREM EM FRENTE AO RESTAURANTE BOI QUENTE";"CAÇOTE";NA;"";"COLISÃO";"COLISÃO COM VITIMA A ESPERA DO SAMU";1;1;0;0;0;0;0;0;0;1;0;"";"";"";"";"";"";"";"";"";"";"";"";""
"7387";2020-08-15;"11:34:00";"COM VÍTIMA";"CANCELADA";"BAIRRO DO RECIFE";"AV MARTINS DE BARROS";"";"RUA PRIMEIRO DE MARCO";"PROX A PRAÇA DO DIARIO  EM FRENTE AO BANCO ITAU";"BAIRRO DO RECIFE";NA;"";"COLISÃO";"COLISÃO COM VITIMA A ESPERA DO SAMU";1;1;0;0;0;0;0;0;0;1;0;"";"";"";"";"";"";"";"";"";"";"";"";""
"7388";2020-08-15;"11:53:00";"SEM VÍTIMA";"CANCELADA";"ARRUDA";"RUA ZEFERINO AGRA";"";"RUA DAS MOCAS";"";"ARRUDA";NA;"";"COLISÃO";"COLISÃO SEM VÍTIMA ENTRE VEÍCULO OFICIAL DA COMPESA E AUTO";0;0;0;0;0;0;0;0;0;0;0;"";"";"";"";"";"";"";"";"";"";"";"";""
"7389";2020-08-15;"15:37:00";"COM VÍTIMA";"FINALIZADA";"BOA VIAGEM";"AV ENGENHEIRO DOMINGOS FERREIRA";"4367";"RUA CORONEL BENEDITO CHAVES";"EM FRENTE AO MUNDO DO CABELEIREIRO";"BOA VIAGEM";128;"SUBURBIO";"TOMBAMENTO";"COM VÍTIMA";0;1;0;0;0;0;0;0;0;1;0;"Cruzamento";"Bom";"Sem defeito";"Perfeito estado";"Seca";"Perfeito estado";"Faixa de retenção";"R-6a";"";"Única";"Não existe";"";""
"7390";2020-08-15;"21:07:00";"COM VÍTIMA";"FINALIZADA";"CAMPO GRANDE";"AV GOVERNADOR AGAMENON MAGALHAES";"";"RUA ODORICO MENDES";"ENF. AO IC INSTITUTO CRIMINALISTICA";"CAMPO GRANDE";49;"SUBURBIO";"ABALROAMENTO TRANSVERSAL";"ENTRE AUTO E MOTO. C/V";1;1;0;0;0;0;0;0;0;1;0;"Cruzamento";"Bom";"Sem defeito";"Perfeito estado";"Seca";"Perfeito estado";"Faixa de pedestre";"";"60 km/h";"Única";"Faixa contínua";"Faixa seccionada";""
"7391";2020-08-15;"23:00:00";"SEM VÍTIMA";"CANCELADA";"TEJIPIÓ";"AV DR JOSE RUFINO";"";"";"ENF. AO QUARTO BATALHAO DE COMUNICAÇOES";"TEJIPIÓ";NA;"";"COLISÃO";"VOYAGE X FIESTA OBS: SUSPEITA DE EMBRIAGUES";2;0;0;0;0;0;0;0;0;0;0;"";"";"";"";"";"";"";"";"";"";"";"";""
"7392";2020-08-16;"01:30:00";"SEM VÍTIMA";"CANCELADA";"BOA VIAGEM";"AV BOA VIAGEM";"1628";"";"E/F AO EDF PORTO FINO E 2º JARDIM";"BOA VIAGEM";NA;"";"CHOQUE OBJETO FIXO";"VEICULO FOI ABANDONADO NA VIA APÓS SE CHOCAR CONTRA UM PAPA-METRALHA.";1;0;0;0;0;0;0;0;0;0;0;"";"";"";"";"";"";"";"";"";"";"";"";""
"7393";2020-08-16;"10:47:00";"SEM VÍTIMA";"FINALIZADA";"BOA VIAGEM";"RUA CORONEL ANIZIO RODRIGUES COELHO";"618";"";"EM FRENTE AO Nº 618";"BOA VIAGEM";NA;"SUBURBIO";"CHOQUE VEÍCULO PARADO";"DOIS AUTOS / CONDUTOR COM SINTOMAS DE EMBRIAGUEZ";4;0;0;0;0;0;0;0;0;0;0;"Longo da via";"Bom";"Não existe";"Perfeito estado";"Seca";"Perfeito estado";"Não existe";"Placas Pare";"";"Única";"Não existe";"";""
"7394";2020-08-16;"11:36:00";"COM VÍTIMA";"FINALIZADA";"CASA FORTE";"AV DEZESSETE DE AGOSTO";"312";"";"E/F A BURGUER KING E PET SHOP PETLAND";"CASA FORTE";NA;"";"ABALROAMENTO TRANSVERSAL";"COLISÃO C/VITIMA ENTRE UMA MOTO E UM AUTO";1;1;0;0;0;0;0;0;0;1;0;"Longo da via";"Bom";"Não existe";"Perfeito estado";"Seca";"Perfeito estado";"Outros";"R-6a";"";"Dupla";"Faixa contínua";"";""
"7395";2020-08-16;"14:56:00";"COM VÍTIMA";"FINALIZADA";"MACAXEIRA";"AV JOSE AMERICO DE ALMEIDA";"1202";"";"PROXIMO DA ESCOLA PERNAMBUCANA DE CIRCO- PROXIMO DO RESTAURANTE BOI NO PRATO. AO LADO DA FENIX BARBEARIA.";"MACAXEIRA";NA;"SUBURBIO";"CHOQUE VEÍCULO PARADO";"MOTO CHOCOU-SE COM AUTO QUE ESTAVA ESTACIONADO C/V";1;1;0;0;0;0;0;0;0;1;0;"Longo da via";"Bom";"Não existe";"Perfeito estado";"Seca";"Perfeito estado";"Não existe";"R-19";"30 km/h";"Única";"Não existe";"";""
"7396";2020-08-16;"16:09:00";"COM VÍTIMA";"FINALIZADA";"VÁRZEA";"AV AFONSO OLINDENSE";"1090";"";"AO LADO DO BAR PARAIBANO- PROX A LOMBADA ELETRONICA DA VARZEA. EM FRENTE A ACADEMIA ACTO.";"VÁRZEA";NA;"";"ABALROAMENTO TRANSVERSAL";"COLISÃO MOTO E CARRO";1;1;0;0;0;0;0;0;0;1;0;"Longo da via";"Bom";"Não existe";"Perfeito estado";"Seca";"Perfeito estado";"Não existe";"Outras";"30 km/h";"Dupla";"Faixa contínua";"";""
"7397";2020-08-16;"22:07:00";"SEM VÍTIMA";"FINALIZADA";"TEJIPIÓ";"AV DR JOSE RUFINO";"";"RUA MAJOR CHAGAS DE OLIVEIRA";"LADO OPOSTO A SERRALHARIA GUEDES";"TEJIPIÓ";NA;"CIDADE";"ABALROAMENTO TRANSVERSAL";"COLISÃO ENTRE VIATURA DA GMR E MOTO- S/V";1;1;0;0;0;0;0;0;0;0;0;"";"Bom";"Não existe";"Ilegível";"Seca";"Mal iluminada";"Não existe";"Não há placas";"";"Dupla";"Não existe";"";""
"7398";2020-08-17;"08:20:00";"SEM VÍTIMA";"CANCELADA";"AFOGADOS";"AV SUL";"";"";"NO COMEÇO DO VIADUTO DA AV SUL  NO SENTIDO CIDADE";"AFOGADOS";NA;"";"COLISÃO";"COLISÃO SEM VITIMAS GM PETERSON E R. AGUIAR QTH";2;0;0;0;0;0;0;0;0;0;0;"";"";"";"";"";"";"";"";"";"";"";"";""
"7399";2020-08-17;"12:27:00";"COM VÍTIMA";"FINALIZADA";"MADALENA";"RUA BENFICA";"";"";"NO SEMÁFORO 590";"MADALENA";590;"";"COLISÃO";"COLISÃO COM VÍTIMA";1;1;0;0;0;0;0;0;0;2;0;"Cruzamento";"Bom";"Sem defeito";"Perfeito estado";"Seca";"Perfeito estado";"Faixa de pedestre";"";"60 km/h";"";"";"";""
"7400";2020-08-17;"15:36:00";"COM VÍTIMA";"FINALIZADA";"ÁGUA FRIA";"AV BEBERIBE";"1769";"";"EM FRENTE A JORGE SUPLEMENTOS / SENTIDO CENTRO";"ÁGUA FRIA";NA;"SUBURBIO";"ABALROAMENTO TRANSVERSAL";"COLISÃO COM VÍTIMA";1;1;0;0;0;0;0;0;0;1;0;"Longo da via";"Bom";"Não existe";"Perfeito estado";"Seca";"Perfeito estado";"Faixa de pedestre";"Não há placas";"40 km/h";"Dupla";"Faixa contínua";"";""
"7401";2020-08-17;"21:20:00";"COM VÍTIMA";"FINALIZADA";"SANTO AMARO";"AV CRUZ CABUGA";"";"AV NORTE";"AO LADA DA CASA DA INDUSTRIA";"SANTO AMARO";NA;"SUBURBIO";"ABALROAMENTO TRANSVERSAL";"ONIBUS DA GLOBO X PEUGEOT";1;0;0;0;0;1;0;0;0;1;0;"Cruzamento";"Bom";"Sem defeito";"Perfeito estado";"Seca";"Perfeito estado";"Faixa de pedestre";"";"";"Dupla";"Canteiro central";"";""
"7402";2020-08-17;"21:26:00";"COM VÍTIMA";"FINALIZADA";"BOA VIAGEM";"AV CONSELHEIRO AGUIAR";"4200";"RUA RIBEIRO DE BRITO";"SEMÁFORO 147 / E/F AO EDF HOLIDAY";"BOA VIAGEM";147;"CIDADE";"ABALROAMENTO TRANSVERSAL";"ENTRE AUTO E MOTO. C/V";1;1;0;0;0;0;0;0;0;1;0;"Cruzamento";"Chuvoso";"Sem defeito";"Perfeito estado";"Molhada";"Perfeito estado";"Faixa de pedestre";"R-6a";"";"Única";"Faixa contínua";"";""
"7403";2020-08-18;"10:19:00";"COM VÍTIMA";"FINALIZADA";"SANTO ANTÔNIO";"RUA FLORIANO PEIXOTO";"";"RUA TOBIAS BARRETO";"EM FRENTE A CASA DA CULTIURA";"SANTO ANTÔNIO";NA;"SUBURBIO";"ABALROAMENTO LONGITUDINAL";"MOTO E ONIBUS";0;1;0;0;0;1;0;0;0;1;0;"Cruzamento";"Bom";"Não existe";"Perfeito estado";"Seca";"Perfeito estado";"Não existe";"Outras";"";"Única";"Faixa seccionada";"";""
"7404";2020-08-18;"11:36:00";"SEM VÍTIMA";"FINALIZADA";"BOA VIAGEM";"AV ENGENHEIRO DOMINGOS FERREIRA";"";"RUA FELIX DE BRITO E MELO";"SOB O SEMÁFORO Nº 545";"BOA VIAGEM";545;"SUBURBIO";"ABALROAMENTO TRANSVERSAL";"SEM VITIMAS-AMBULANCIA DO SAMU E AUTO PASSEIO VT29 DA CTTU NO LOCAL /GM PAULO RICARDO E LEONARDO";1;0;0;0;0;0;1;0;0;0;0;"Cruzamento";"Bom";"Sem defeito";"Perfeito estado";"Seca";"Perfeito estado";"Faixa de pedestre";"R-6a";"";"Única";"Faixa seccionada";"Canteiro central";""
"7405";2020-08-18;"14:52:00";"COM VÍTIMA";"FINALIZADA";"BOA VISTA";"RUA JOAO FERNANDES VIEIRA";"";"RUA DR BANDEIRA FILHO";"E/F A PRAÇA";"BOA VISTA";NA;"SUBURBIO";"ABALROAMENTO LONGITUDINAL";"COLISAO ENTRE DOIS AUTO E MOTO COM VITIMA";2;1;0;0;0;0;0;0;0;1;0;"Longo da via";"Bom";"Não existe";"Ilegível";"Seca";"Perfeito estado";"Não existe";"Não há placas";"60 km/h";"Única";"Não existe";"";""
"7406";2020-08-18;"17:45:00";"COM VÍTIMA";"FINALIZADA";"MADALENA";"AV BEIRA RIO";"591";"";"E/F AO EDF RIO CAPIBARIBE";"MADALENA";NA;"CIDADE";"ABALROAMENTO LONGITUDINAL";"COLISAO ENTRE AUTO E MOTO";1;1;0;0;0;0;0;0;0;2;0;"Longo da via";"Bom";"Não existe";"Perfeito estado";"Seca";"Perfeito estado";"Não existe";"Não há placas";"40 km/h";"";"Faixa seccionada";"";""
"7407";2020-08-18;"21:57:00";"COM VÍTIMA";"FINALIZADA";"BOA VIAGEM";"RUA ANTONIO LUMACK DO MONTE";"203";"";"EM FRENTE AO HOTEL IMPERIAL SUITE- PROXIMO AO SHOPPING RECIFE";"BOA VIAGEM";NA;"SENT. RUA PADRE CARAPUCEIRO";"CHOQUE VEÍCULO PARADO";"AUTO E MOTO.";1;1;0;0;0;0;0;0;0;1;0;"Longo da via";"Bom";"Não existe";"Perfeito estado";"Seca";"Perfeito estado";"Não existe";"Outras";"";"Única";"Não existe";"";""
"7408";2020-08-19;"07:23:00";"COM VÍTIMA";"FINALIZADA";"IPUTINGA";"AV CAXANGA";"";"";"EM FRENTE À CAXANGÁ VEÍCULOS";"IPUTINGA";270;"SUBURBIO";"ATROPELAMENTO";"APOIO NO MONITORAMENTO. SITUAÇÃO DE ATROPELAMENTO.";0;0;0;0;1;0;0;0;0;1;0;"Longo da via";"Bom";"Sem defeito";"Perfeito estado";"Seca";"Perfeito estado";"Faixa de pedestre";"Não há placas";"60 km/h";"Dupla";"Canteiro central";"";""
"7409";2020-08-19;"10:39:00";"SEM VÍTIMA";"FINALIZADA";"MANGUEIRA";"RUA MANDARI";"";"";"PROX. À ESTAÇÃO MANGUEIRA";"MANGUEIRA";NA;"";"COLISÃO";"VT PM / DOIS AUTOS";2;0;0;0;0;0;0;1;0;0;0;"";"";"";"";"";"";"";"";"";"";"";"";""
"7410";2020-08-19;"13:23:00";"SEM VÍTIMA";"FINALIZADA";"IPUTINGA";"AV CAXANGA";"";"EST DO BARBALHO";"NO SEMÁFORO 533";"IPUTINGA";533;"CIDADE";"COLISÃO";"COLISÃO SEM VÍTIMA / VEÍCULO OFICIAL";1;1;0;0;0;0;0;0;0;0;0;"";"";"";"";"";"";"";"";"";"";"";"";""
"7411";2020-08-24;"07:28:00";"SEM VÍTIMA";"FINALIZADA";"IBURA";"AV CHAPADA DO ARARIPE";"57";"";"EM FRENTE AO Nº 57";"IBURA";NA;"";"COLISÃO FRONTAL";"VEÍCULO ESTACIONADO EM FILA DUPLA";2;0;0;0;0;0;0;0;0;0;0;"Longo da via";"Bom";"Não existe";"Não existente";"Seca";"Perfeito estado";"Não existe";"Não há placas";"";"Dupla";"Não existe";"";""
"7412";2020-08-19;"14:45:00";"SEM VÍTIMA";"FINALIZADA";"ESPINHEIRO";"AV CONSELHEIRO AGUIAR";"431";"";"";"ESPINHEIRO";NA;"SUBURBIO";"CHOQUE OBJETO FIXO";"PEDALADA CICLISTICA - SOLICITANDO CICLO FAIXA";1;0;0;0;0;0;0;0;0;0;0;"Longo da via";"Bom";"Não existe";"Perfeito estado";"Seca";"Perfeito estado";"Não existe";"";"";"Única";"Faixa contínua";"Faixa seccionada";""
"7413";2020-08-19;"14:45:00";"SEM VÍTIMA";"FINALIZADA";"BOA VISTA";"AV CONDE DA BOA VISTA";"";"";"EM FRENTE AO SEMÁFORO Nº 025";"BOA VISTA";NA;"";"ABALROAMENTO TRANSVERSAL";"PEDALADA CICLISTICA - SOLICITANDO CICLO FAIXA";2;0;0;0;0;0;0;0;0;0;0;"Longo da via";"Chuvoso";"Sem defeito";"Perfeito estado";"Molhada";"Perfeito estado";"Não existe";"Não há placas";"";"Dupla";"Canteiro central";"";""
"7414";2020-08-19;"14:30:00";"COM VÍTIMA";"FINALIZADA";"BOA VISTA";"AV GOVERNADOR AGAMENON MAGALHAES";"";"RUA JOAO FERNANDES VIEIRA";"COMEÇO DA PRAÇA PARQUE AMORIM.";"BOA VISTA";NA;"";"ABALROAMENTO LONGITUDINAL";"ÔNIBUS E MOTO";0;1;0;0;0;1;0;0;0;1;0;"";"";"";"";"";"";"";"";"";"";"";"";""
"7415";2020-08-19;"17:07:00";"COM VÍTIMA";"FINALIZADA";"MANGABEIRA";"AV NORTE";"4578";"RUA DA MANGABEIRA";"NO SEMÁFORO 096";"MANGABEIRA";96;"SUBURBIO";"CHOQUE OBJETO FIXO";"CHOQUE SEGUIDO DE UMA COLISÃO TRASEIRA.";1;1;0;0;0;0;0;0;0;2;0;"Longo da via";"Bom";"Sem defeito";"Perfeito estado";"Seca";"Perfeito estado";"Faixa de pedestre";"Não há placas";"";"Única";"Canteiro central";"";""
"7416";2020-08-19;"18:38:00";"COM VÍTIMA";"FINALIZADA";"BEBERIBE";"AV BEBERIBE";"4575";"";"EM FRENTE A LOJA MAGAZINE LUIZA";"BEBERIBE";NA;"CIDADE";"COLISÃO FRONTAL";"AUTO E MOTO";1;1;0;0;0;0;0;0;0;1;0;"Longo da via";"Bom";"Não existe";"Não existente";"Seca";"Perfeito estado";"Não existe";"Não há placas";"";"Dupla";"Não existe";"";""
"7417";2020-08-19;"18:53:00";"COM VÍTIMA";"FINALIZADA";"ALTO JOSÉ DO PINHO";"AV NORTE";"4861";"";"EM FRENTE AO ARMAZÉM CORAL";"ALTO JOSÉ DO PINHO";NA;"CIDADE";"ATROPELAMENTO";"MOTO X AUTO E PEDESTRE";1;1;0;0;1;0;0;0;0;1;0;"Longo da via";"Bom";"Não existe";"Perfeito estado";"Seca";"Perfeito estado";"Não existe";"Não há placas";"40 km/h";"Dupla";"Canteiro central";"";""
"7418";2020-08-19;"19:32:00";"COM VÍTIMA";"FINALIZADA";"VÁRZEA";"RUA PROFESSOR ANTONIO COELHO";"447";"RUA MARECHAL MANOEL LUIS OSORIO";"E/F AO COLÉGIO PONTUAL E HOSPITAL HAPVIDA";"VÁRZEA";NA;"";"ABALROAMENTO TRANSVERSAL";"ENTRE ÕNIBUS E MOTO. C/V";0;1;0;0;0;1;0;0;0;1;0;"Cruzamento";"Bom";"Não existe";"Perfeito estado";"Seca";"Perfeito estado";"Faixa de pedestre";"Placas Pare";"30 km/h";"Dupla";"Faixa seccionada";"";""
"7419";2020-08-20;"07:24:00";"COM VÍTIMA";"FINALIZADA";"CASA AMARELA";"RUA DA ESTRELA";"183";"RUA ASTRONAUTA NEIL ARMSTRONG";"";"CASA AMARELA";NA;"SUBURBIO";"ABALROAMENTO TRANSVERSAL";"AUTO E MOTO.";1;1;0;0;0;0;0;0;0;1;0;"Longo da via";"Bom";"Não existe";"Incompleta";"Seca";"Perfeito estado";"Não existe";"Não há placas";"";"Dupla";"Não existe";"";""
"7420";2020-08-20;"08:08:00";"COM VÍTIMA";"FINALIZADA";"BOA VISTA";"RUA PRINCESA IZABEL";"";"RUA DA AURORA";"SECRETARIA DE DEFESA SOCIAL. POLÍCIA CIVIL DE PERNAMBUCO.";"BOA VISTA";22;"SUBURBIO";"ABALROAMENTO LONGITUDINAL";"COLISÃO ENTRE DOIS AUTOS E UMA MOTO.";2;1;0;0;0;0;0;0;0;1;0;"Cruzamento";"Bom";"Sem defeito";"Perfeito estado";"Seca";"Perfeito estado";"Agente";"Não há placas";"";"Única";"Não existe";"";""
"7421";2020-08-20;"11:15:00";"COM VÍTIMA";"FINALIZADA";"ALTO JOSÉ DO PINHO";"COR DO BARTOLOMEU";"124";"";"LADO OPOSTO A PADARIA ANDRÉA";"ALTO JOSÉ DO PINHO";NA;"CIDADE";"ATROPELAMENTO";"ATROPELAMENTO / VITIMA SOCORRIDA PELO SAMU";0;1;0;0;1;0;0;0;0;1;0;"Longo da via";"Bom";"Não existe";"Incompleta";"Seca";"Mal conservada";"Não existe";"Não há placas";"";"Dupla";"Faixa seccionada";"";""
"7422";2020-08-20;"11:57:00";"COM VÍTIMA";"FINALIZADA";"IBURA";"RUA PINTOR AGENOR DE ALBUQUERQUE CESAR";"369";"";"PROX AO SESI DO BARRO";"IBURA";NA;"";"COLISÃO";"MOTO E AUTO";1;1;0;0;0;0;0;0;0;1;0;"";"";"";"";"";"";"";"";"";"";"";"";""
"7423";2020-08-20;"12:33:00";"COM VÍTIMA";"FINALIZADA";"BOA VIAGEM";"AV ENGENHEIRO DOMINGOS FERREIRA";"";"RUA ARTUR MUNIZ";"PROX A O EXTRA. EM FRENTE AO CERPE DIAGNÓSTICO.";"BOA VIAGEM";380;"SUBURBIO";"ABALROAMENTO TRANSVERSAL";"COLISÃO CARRO E MOTO";1;1;0;0;0;0;0;0;0;1;0;"Cruzamento";"Bom";"Sem defeito";"Perfeito estado";"Seca";"Perfeito estado";"Faixa de pedestre";"";"60 km/h";"Única";"Canteiro central";"";""
"7424";2020-08-20;"15:20:00";"COM VÍTIMA";"FINALIZADA";"CAXANGÁ";"RUA RIBEIRO PESSOA";"931";"";"PROX UPA DA CAXANGA E HOTEL TURQUESA.";"CAXANGÁ";NA;"";"ABALROAMENTO LONGITUDINAL";"COLISÃO 3 VEICULOS / VT15 NO LOCAL ANANIAS E RAMALHO";2;0;0;0;0;0;1;0;0;1;0;"Longo da via";"Bom";"Não existe";"Incompleta";"Seca";"Mal conservada";"Não existe";"Outras";"";"Dupla";"Faixa seccionada";"";""
"7425";2020-08-20;"17:01:00";"SEM VÍTIMA";"FINALIZADA";"VASCO DA GAMA";"RUA VASCO DA GAMA";"464";"";"EM FRENTE A IGREJA CATOLICA";"VASCO DA GAMA";NA;"SUBURBIO";"COLISÃO";"VT 08 NO LOCAL / COLISÃO CARRO X CARRO";2;0;0;0;0;0;0;0;0;0;0;"Longo da via";"Bom";"Não existe";"Não existente";"Seca";"Perfeito estado";"Agente";"R-6a";"30 km/h";"Dupla";"Não existe";"";""
"7426";2020-08-21;"01:03:00";"COM VÍTIMA";"CANCELADA";"BOA VIAGEM";"AV CONSELHEIRO AGUIAR";"";"RUA ARTUR MUNIZ";"PRÓXIMO A MAC'DONALDS";"BOA VIAGEM";NA;"CIDADE";"COLISÃO";"COLISÃO COM VÍTIMA";0;0;0;0;0;0;0;0;0;1;0;"";"";"";"";"";"";"";"";"";"";"";"";""
"7427";2020-08-21;"07:08:00";"COM VÍTIMA";"FINALIZADA";"BOA VIAGEM";"RUA PROFESSOR JOAO MEDEIROS";"";"RUA RIBEIRO DE BRITO";"EM FRENTE AO RESTAURANTE MISTER FIT";"BOA VIAGEM";332;"CIDADE";"ABALROAMENTO TRANSVERSAL";"AUTO E MOTO BATEDORES NO LOCAL GM´S ANDRE E DECIO";1;1;0;0;0;0;0;0;0;1;0;"Cruzamento";"Chuvoso";"Com defeito";"Perfeito estado";"Molhada";"Perfeito estado";"Faixa de pedestre";"Outras";"";"Única";"Faixa";"";""
"7428";2020-08-21;"09:10:00";"COM VÍTIMA";"FINALIZADA";"BONGI";"AV ENGENHEIRO ABDIAS DE CARVALHO";"";"";"LADO OPOSTO AO ARENA DO CAMARÃO. EM FRENTE A CHESF.";"BONGI";NA;"CIDADE";"COLISÃO TRASEIRA";"COLISÃO COM VITIMA ENTRE DOIS AUTOS.";2;0;0;0;0;0;0;0;0;1;0;"Longo da via";"Bom";"Não existe";"Perfeito estado";"Seca";"Perfeito estado";"Não existe";"R-6a";"60 km/h";"Dupla";"Faixa seccionada";"Canteiro central";""
"7429";2020-08-21;"13:22:00";"COM VÍTIMA";"FINALIZADA";"TAMARINEIRA";"RUA JUNDIA";"";"RUA IBIAPABA";"EM FRENTE A FERREIRA COSTA";"TAMARINEIRA";NA;"";"ABALROAMENTO TRANSVERSAL";"COLISÃO COM VITIMA";1;1;0;0;0;0;0;0;0;1;0;"Cruzamento";"Bom";"Não existe";"Perfeito estado";"Seca";"Perfeito estado";"Não existe";"Placas Pare";"";"Dupla";"Não existe";"";""
"7430";2020-08-21;"19:44:00";"COM VÍTIMA";"FINALIZADA";"TORRE";"RUA LEONARDO BEZERRA CAVALCANTE";"340";"";"ENF. AO EDF PORTAL DE CAPIBARIBE E MUSEU MIRILO LAGREGA.";"TORRE";NA;"CIDADE";"ABALROAMENTO TRANSVERSAL";"AUTO E MOTO OBS: VT 25 DA CTTU ESTA NO LOCAL";1;1;0;0;0;0;0;0;0;1;0;"Longo da via";"Bom";"Não existe";"Perfeito estado";"Seca";"Perfeito estado";"Não existe";"Não há placas";"";"Dupla";"Faixa contínua";"";""
"7431";2020-08-22;"04:25:00";"COM VÍTIMA";"FINALIZADA";"BOA VIAGEM";"AVENIDA CELSO FURTADO (VIA MANGUE)";"";"";"PRÓXIMO AO BOMPREÇO - SENTIDO BOA VIAGEM";"BOA VIAGEM";NA;"";"ACID. DE PERCURSO";"MOTOCICLISTA PERDEU O CONTROLE DA MOTOCICLETA E CAIU NA VIA. A MOTOCICLETA ESTÁ ABANDONADA NA VIA GERANDO RISCO DE NOVO ACIDENTE";0;0;0;0;0;0;0;0;0;1;0;"";"";"";"";"";"";"";"";"";"";"";"";""