"";"data";"hora";"natureza_acidente";"situacao";"bairro";"endereco";"numero";"detalhe_endereco_acidente";"complemento";"bairro_cruzamento";"num_semaforo";"sentido_via";"tipo";"descricao";"auto";"moto";"ciclom";"ciclista";"pedestre";"onibus";"caminhao";"viatura";"outros";"vitimas";"vitimasfatais";"acidente_verificado";"tempo_clima";"situacao_semaforo";"sinalizacao";"condicao_via";"conservacao_via";"ponto_controle";"situacao_placa";"velocidade_max_via";"mao_direcao";"divisao_via1";"divisao_via2";"divisao_via3"
"7912";2020-11-04;"08:37:00";"COM VÍTIMA";"FINALIZADA";"SANTO AMARO";"RUA DOS PALMARES";"547";"";"EM FRENTE AO COMANDO DA GUARDA";"SANTO AMARO";NA;"CIDADE";"ABALROAMENTO LONGITUDINAL";"COM UMA VITIMA -AGUARDANDO SAMU/VT 29 ASSUMIU/GM ARLETE/GM MARCOS ALEXANDRE/GM ANTONIO SOUZA/GM ADAILSON";1;1;0;0;0;0;0;0;0;1;0;"Longo da via";"Bom";"Não existe";"Perfeito estado";"Seca";"Perfeito estado";"Não existe";"Não há placas";"60 km/h";"Dupla";"Faixa seccionada";"Canteiro central";""
"7913";2020-11-04;"11:20:00";"COM VÍTIMA";"FINALIZADA";"ARRUDA";"AV BEBERIBE";"";"RUA SAO BENTO";"";"ARRUDA";64;"SUBURBIO";"ABALROAMENTO TRANSVERSAL";"COLISÃO ENTRE CAMINHÃO E MOTOCICLETA";0;1;0;0;0;0;1;0;0;1;0;"Cruzamento";"Bom";"Sem defeito";"Perfeito estado";"Seca";"Perfeito estado";"Faixa de pedestre";"R-6a";"30 km/h";"Dupla";"Não existe";"";""
"7914";2020-11-04;"15:00:00";"COM VÍTIMA";"FINALIZADA";"VÁRZEA";"AV CAXANGA";"";"RUA RODRIGUES FERREIRA";"PROXIMO AO RESIDENCIAL JD. CAXANGA";"VÁRZEA";232;"";"ABALROAMENTO TRANSVERSAL";"ÔNIBUS E MOTO.";0;1;0;0;0;1;0;0;0;1;0;"Longo da via";"Bom";"Sem defeito";"Perfeito estado";"Seca";"Perfeito estado";"Não existe";"Não há placas";"";"Única";"Não existe";"";""
"7915";2020-11-04;"15:45:00";"COM VÍTIMA";"FINALIZADA";"CASA FORTE";"AV DEZESSETE DE AGOSTO";"";"RUA PIAUI";"PROX AO HOSPITAL HEMILIO DE MORAIS";"CASA FORTE";251;"SUBURBIO";"COLISÃO FRONTAL";"COLISÃO MOTO X CARRO / VT 27 NO LOCAL";1;1;0;0;0;0;0;0;0;1;0;"Cruzamento";"Bom";"Sem defeito";"Perfeito estado";"Seca";"Perfeito estado";"Agente";"R-6a";"";"Dupla";"Faixa contínua";"";""
"7916";2020-11-04;"16:22:00";"COM VÍTIMA";"FINALIZADA";"PARNAMIRIM";"AV DEZESSETE DE AGOSTO";"223";"";"50 METROS ANTES DA CULTURA INGLESA. PRAÇA JOSÉ VILELA.";"PARNAMIRIM";NA;"SUBURBIO";"ABALROAMENTO LONGITUDINAL";"COLISAO ENVOLVENDO AUTO- ONIBUS E MOTO COM VITIMA.";1;1;0;0;0;1;0;0;0;1;0;"Longo da via";"Bom";"Não existe";"Perfeito estado";"Seca";"Perfeito estado";"Não existe";"Não há placas";"";"Dupla";"Faixa contínua";"";""
"7917";2020-11-04;"19:32:00";"COM VÍTIMA";"FINALIZADA";"BOA VIAGEM";"RUA SA E SOUZA";"";"RUA GENERAL SALGADO";"AO LADO DA DROGARIA DROGAMAR.";"BOA VIAGEM";NA;"";"ABALROAMENTO TRANSVERSAL";"COLISAO ENTRE AUTO E MOTO COM VITIMA";1;1;0;0;0;0;0;0;0;1;0;"Cruzamento";"Bom";"Não existe";"Perfeito estado";"Seca";"Perfeito estado";"Não existe";"Placas Pare";"";"Dupla";"Faixa seccionada";"";""
"7918";2020-11-04;"20:26:00";"COM VÍTIMA";"FINALIZADA";"FUNDÃO";"RUA CORONEL URBANO RIBEIRO DE SENA";"439";"";"PROX. A BARRIGUDA";"FUNDÃO";NA;"SUBURBIO";"ABALROAMENTO TRANSVERSAL";"COLISÃO COM VITIMA/ VITIMA JÁ FOI LEVADA NA VIATURA DOS BOMBEIROS";1;1;0;0;0;0;0;0;0;1;0;"Longo da via";"Bom";"Não existe";"Perfeito estado";"Seca";"Perfeito estado";"Não existe";"";"";"Dupla";"Faixa seccionada";"";""
"7919";2020-11-05;"08:55:00";"COM VÍTIMA";"FINALIZADA";"ESTÂNCIA";"AV DR JOSE RUFINO";"";"RUA HAVAI";"PROX. A GALERIA MARGARIDA";"ESTÂNCIA";NA;"";"ABALROAMENTO TRANSVERSAL";"AUTO E MOTO C/V";1;1;0;0;0;0;0;0;0;1;0;"Cruzamento";"Bom";"Não existe";"Perfeito estado";"Seca";"Perfeito estado";"Não existe";"Não há placas";"40 km/h";"Dupla";"Faixa contínua";"";""
"7920";2020-11-05;"11:21:00";"SEM VÍTIMA";"FINALIZADA";"MADALENA";"RUA BELARMINO CARNEIRO";"";"RUA MANOEL BERNARDES";"PROX. A COMUNIDADE BATISTA";"MADALENA";NA;"";"ENGAVETAMENTO";"VT- POLICIA CIVIL OFICIAL E 3 AUTOS";3;0;0;0;0;0;0;1;0;0;0;"Cruzamento";"Bom";"Não existe";"Não existente";"Seca";"Perfeito estado";"Não existe";"Não há placas";"";"Dupla";"Não existe";"";""
"7921";2020-11-05;"13:25:00";"SEM VÍTIMA";"FINALIZADA";"COELHOS";"RUA FRANCISCO ALVES";"49";"";"PROX. AO IMIP";"COELHOS";NA;"";"COLISÃO";"AMBULANCIA OFICAL E AUTO";2;0;0;0;0;0;0;0;0;0;0;"Longo da via";"Bom";"Não existe";"Perfeito estado";"Seca";"Perfeito estado";"Outros";"Outras";"";"Dupla";"Faixa contínua";"";""
"7922";2020-11-05;"14:25:00";"COM VÍTIMA";"CANCELADA";"TORRE";"RUA MARQUES DE MARICA";"208";"";"APOS O CARREFOUR E/F A PRAÇA";"TORRE";NA;"";"COLISÃO";"COLISAO ENTRE AUTO E MOTO COM VITIMA";1;1;0;0;0;0;0;0;0;1;0;"";"";"";"";"";"";"";"";"";"";"";"";""
"7923";2020-11-05;"13:54:00";"COM VÍTIMA";"FINALIZADA";"CASA FORTE";"AV DEZESSETE DE AGOSTO";"1255";"";"ANTES DA PRAÇA VITORIA REGIA S/T CID ENTRE A FARMACIA DROGASIL E O POSTO PETROBRAS";"CASA FORTE";NA;"";"ABALROAMENTO TRANSVERSAL";"COLISAO ENTRE AUTO E MOTO COM VITIMA";1;1;0;0;0;0;0;0;0;1;0;"Longo da via";"Bom";"Não existe";"Perfeito estado";"Seca";"Perfeito estado";"Não existe";"Outras";"";"Dupla";"";"";""
"7924";2020-11-05;"21:00:00";"COM VÍTIMA";"FINALIZADA";"PINA";"AV HERCULANO BANDEIRA";"348";"";"APOS A IGREJA EM FRENTE A BIFURCAÇAO";"PINA";NA;"SUBURBIO";"COLISÃO TRASEIRA";"MOTO X AUTO   OBS: LOCAL DA COLISAO FOI DESCARACTERIZADO";1;1;0;0;0;0;0;0;0;1;0;"Longo da via";"Bom";"Não existe";"Perfeito estado";"Seca";"Perfeito estado";"Não existe";"R-6a";"50 km/h";"Única";"";"";""
"7925";2020-11-06;"01:29:00";"SEM VÍTIMA";"FINALIZADA";"TEJIPIÓ";"AV DR JOSE RUFINO";"";"";"EM FRENTE A ESCOLA ALBERTO TORRES";"TEJIPIÓ";NA;"";"COLISÃO";"COLISÃO DOIS AUTOS";2;0;0;0;0;0;0;0;0;0;0;"Longo da via";"Chuvoso";"Não existe";"Perfeito estado";"Molhada";"Perfeito estado";"";"";"";"Dupla";"Faixa contínua";"";""
"7926";2020-11-06;"08:22:00";"COM VÍTIMA";"FINALIZADA";"JORDÃO";"AV MARIA IRENE";"55";"RUA ANTONIO ROCHA";"EM FRENTE AO MARTELINHO DE OURO ALTO CRUZ";"JORDÃO";NA;"CIDADE";"ABALROAMENTO TRANSVERSAL";"COM UMA VITIMA SENDO SOCORRIDA PELO BOMBEIRO";1;1;0;0;0;0;0;0;0;1;0;"Cruzamento";"Bom";"Não existe";"Perfeito estado";"Seca";"Perfeito estado";"Não existe";"Não há placas";"";"Dupla";"Faixa contínua";"";""
"7927";2020-11-06;"10:05:00";"COM VÍTIMA";"FINALIZADA";"SÃO JOSÉ";"RUA IMPERIAL";"";"PRC SERGIO LORETO";"";"SÃO JOSÉ";408;"CIDADE";"ATROPELAMENTO";"MOTOCICLETA E PEDESTRE";0;1;0;0;1;0;0;0;0;1;0;"Longo da via";"Bom";"Sem defeito";"Perfeito estado";"Seca";"Perfeito estado";"Não existe";"Não há placas";"";"Única";"Não existe";"";""
"7928";2020-11-06;"12:15:00";"SEM VÍTIMA";"FINALIZADA";"SANTO AMARO";"RUA DA UNIAO";"";"RUA PRINCESA IZABEL";"NA RUA DA ASSEMBLEA LEGISLATIVA";"SANTO AMARO";NA;"";"COLISÃO";"MOTO X CARRO / AGENTES NO LOCAL INS EDINALDO - DAVID LUIZ VT 08";1;1;0;0;0;0;0;0;0;0;0;"";"";"";"";"";"";"";"";"";"";"";"";""
"7929";2020-11-06;"12:36:00";"COM VÍTIMA";"FINALIZADA";"AFOGADOS";"RUA SAO MIGUEL";"1204";"RUA DONA MARIA DE ANGELIS";"EM FRENTE CLINICA JAILME CORDEIRO- AO LADO DO CHINA IN BOX";"AFOGADOS";NA;"CIDADE";"ABALROAMENTO LONGITUDINAL";"COLISÃO ENTRE AUTO E MOTO- C/V";1;1;0;0;0;0;0;0;0;1;0;"Esquina";"Bom";"Não existe";"Perfeito estado";"Seca";"Perfeito estado";"Outros";"Outras";"50 km/h";"Dupla";"Faixa";"";""
"7930";2020-11-06;"13:07:00";"COM VÍTIMA";"FINALIZADA";"APIPUCOS";"RUA DE APIPUCOS";"";"RUA MANDACARU";"EM FRENTE AO RESIDENCIAL E PARQUE APIPUCOS.";"APIPUCOS";500;"CIDADE";"COLISÃO FRONTAL";"COLISÃO ENTRE AUTO E MOTO- C/V";1;1;0;0;0;0;0;0;0;1;0;"Longo da via";"Bom";"";"Perfeito estado";"Seca";"Perfeito estado";"";"";"50 km/h";"Dupla";"Faixa contínua";"";""
"7931";2020-11-06;"14:33:00";"COM VÍTIMA";"FINALIZADA";"PINA";"AV HERCULANO BANDEIRA";"";"RUA NOGUEIRA DE SOUZA";"INÍCIO DA AV HERCULANO BANDEIRA. EM FRENTE A MERCEDES BENZ.";"PINA";657;"SUBURBIO";"ABALROAMENTO LONGITUDINAL";"DOIS AUTOS E UMA MOTO";2;1;0;0;0;0;0;0;0;2;0;"Longo da via";"Bom";"Sem defeito";"Perfeito estado";"Seca";"Perfeito estado";"Faixa de pedestre";"Não há placas";"60 km/h";"Única";"Faixa seccionada";"";""
"7932";2020-11-06;"19:42:00";"COM VÍTIMA";"FINALIZADA";"VÁRZEA";"RUA TENENTE ROLAND RITTMISTER";"37";"";"PROX AO BAR DE QUETA. ASSOCIAÇÃO DOS MORADORES.";"VÁRZEA";NA;"SUBURBIO";"CHOQUE VEÍCULO PARADO";"COLISAO ENTRE AUTO E MOTO COM VITIMA";1;1;0;0;0;0;0;0;0;1;0;"Longo da via";"Bom";"Não existe";"Perfeito estado";"Seca";"Perfeito estado";"Não existe";"Não há placas";"";"Dupla";"Faixa contínua";"";""
"7933";2020-11-06;"19:52:00";"COM VÍTIMA";"FINALIZADA";"IBURA";"AV SANTOS";"186B";"RUA PARNARAMA";"EM FRENTE A ASSISTÊNCIA TÉCNICA.";"IBURA";NA;"CIDADE";"COLISÃO";"COLISAO ENTRE DUA MOTOS";0;2;0;0;0;0;0;0;0;2;0;"Longo da via";"Bom";"Não existe";"Incompleta";"Seca";"Mal conservada";"Não existe";"Não há placas";"";"Dupla";"Faixa seccionada";"";""
"7934";2020-11-06;"22:15:00";"COM VÍTIMA";"FINALIZADA";"IPSEP";"RUA RIO DOCE";"500";"RUA PINTOR ANTONIO ALBUQUERQUE";"SINDICATO DOS MOTORISTAS";"IPSEP";NA;"SUBURBIO";"COLISÃO FRONTAL";"COLISÃO COM VITIMA";1;1;0;0;0;0;0;0;0;1;0;"Cruzamento";"Bom";"Não existe";"Perfeito estado";"Seca";"Perfeito estado";"Faixa de pedestre";"Não há placas";"";"Dupla";"Faixa contínua";"";""
"7935";2020-11-07;"01:27:00";"SEM VÍTIMA";"CANCELADA";"IPSEP";"AV RECIFE";"";"";"EM FRENTE A PIZZARIA ATLANTICA";"IPSEP";NA;"";"CHOQUE OBJETO FIXO";"COLISÃO AUTO E POSTE";1;0;0;0;0;0;0;0;0;0;0;"";"";"";"";"";"";"";"";"";"";"";"";""
"7936";2020-11-07;"09:09:00";"COM VÍTIMA";"FINALIZADA";"CAMPO GRANDE";"RUA ODORICO MENDES";"100";"";"EM FRENTE AO RESIDENCIAL AUGUSTO LUCENA";"CAMPO GRANDE";NA;"SUBURBIO";"ABALROAMENTO TRANSVERSAL";"AUTO E MOTO C/V";1;1;0;0;0;0;0;0;0;1;0;"Longo da via";"Bom";"Não existe";"Incompleta";"Seca";"Perfeito estado";"Não existe";"Não há placas";"";"Dupla";"Faixa seccionada";"";""
"7937";2020-11-07;"13:01:00";"SEM VÍTIMA";"CANCELADA";"PARNAMIRIM";"AV FLOR DE SANTANA";"360";"";"E/F AO RESTAURANTE LA TRATORIA";"PARNAMIRIM";NA;"";"COLISÃO";"COLISÃO SEM VÍTIMA";0;2;0;0;0;0;0;0;0;0;0;"";"";"";"";"";"";"";"";"";"";"";"";""
"7938";2020-11-07;"13:53:00";"COM VÍTIMA";"CANCELADA";"IBURA";"AV DOIS RIOS";"515";"";"E/F AO PET SHOP PET CLINICA";"IBURA";NA;"";"COLISÃO";"COLISAO ENTRE AUTO E MOTO COM UMA VITIMA";1;1;0;0;0;0;0;0;0;1;0;"";"";"";"";"";"";"";"";"";"";"";"";""
"7939";2020-11-07;"14:02:00";"COM VÍTIMA";"FINALIZADA";"ARRUDA";"RUA DO MACHADO";"";"RUA ZEFERINO AGRA";"IGREJA BATISTA DO ARRUDA.";"ARRUDA";NA;"";"COLISÃO FRONTAL";"COLISAO ENTRE AUTO E MOTO COM UMA VITIMA";1;1;0;0;0;0;0;0;0;1;0;"Cruzamento";"Bom";"Não existe";"Perfeito estado";"Seca";"Perfeito estado";"Faixa de pedestre";"R-6a";"";"Dupla";"Faixa seccionada";"";""
"7940";2020-11-07;"14:42:00";"SEM VÍTIMA";"FINALIZADA";"";"RUA DR BENIGNO JORDAO DE VASCONCELOS";"386";"";"PROXIMO A IGREJA CATOLICA DE LAGOA ENCANTADA";"";NA;"SUBURBIO";"ABALROAMENTO LONGITUDINAL";"COLISÃO COM VIATURA";2;0;0;0;0;0;0;0;0;0;0;"Longo da via";"Bom";"Não existe";"Perfeito estado";"Seca";"Perfeito estado";"";"Outras";"30 km/h";"Dupla";"Faixa seccionada";"";""
"7941";2020-11-07;"16:52:00";"SEM VÍTIMA";"EQUIPE EM DESLOCAMENTO";"ARRUDA";"AV PROFESSOR JOSE DOS ANJOS";"";"";"SOB O SEMÁFORO Nº 306";"ARRUDA";306;"SUBURBIO";"CHOQUE VEÍCULO PARADO";"COLISÃO SEM VÍTIMA UM DOS CONDUTORES COM SINTOMAS DE EMBRIAGUEZ";2;0;0;0;0;0;0;0;0;0;0;"Cruzamento";"Bom";"Sem defeito";"Perfeito estado";"Seca";"Perfeito estado";"Não existe";"";"";"Dupla";"Canal";"";""
"7942";2020-11-07;"22:20:00";"COM VÍTIMA";"FINALIZADA";"SANTO AMARO";"AV JOAO DE BARROS";"594";"";"CONSERVATORIO PERNAMBUCANO DE MUSICA";"SANTO AMARO";NA;"SUBURBIO";"COLISÃO TRASEIRA";"AMBULANCIA X AUTO    OBS: SUSPEITA DE EMBRIAGUEZ";2;0;0;0;0;0;0;0;0;1;0;"Longo da via";"Chuvoso";"Sem defeito";"Perfeito estado";"Molhada";"Perfeito estado";"Faixa de pedestre";"Outras";"";"Única";"Não existe";"";""
"7943";2020-11-08;"02:35:00";"SEM VÍTIMA";"FINALIZADA";"BOA VISTA";"AV CONDE DA BOA VISTA";"357A";"RUA DAS NINFAS";"CASA AFRICANA";"BOA VISTA";681;"SUBURBIO";"CHOQUE VEÍCULO PARADO";"COLISÃO AUTO E MOTO";1;1;0;0;0;0;0;0;0;0;0;"Longo da via";"Bom";"Intermitente";"Perfeito estado";"Seca";"Perfeito estado";"Faixa de pedestre";"";"";"Única";"Faixa contínua";"";""
"7944";2020-11-08;"04:56:00";"SEM VÍTIMA";"FINALIZADA";"JORDÃO";"AV MARIA IRENE";"";"";"MURO DA BASE ÁEREA";"JORDÃO";NA;"";"CHOQUE OBJETO FIXO";"";1;0;0;0;0;0;0;0;0;0;0;"";"";"";"";"";"";"";"";"";"";"";"";""
"7945";2020-11-08;"05:03:00";"SEM VÍTIMA";"CANCELADA";"BOA VIAGEM";"RUA BARAO DE SOUZA LEAO";"1065";"";"EM FRENTE A LOJA ORTOBOM";"BOA VIAGEM";NA;"";"CHOQUE OBJETO FIXO";"PORTÃO DA RESIDÊNCIA";1;0;0;0;0;0;0;0;0;0;0;"";"";"";"";"";"";"";"";"";"";"";"";""
"7946";2020-11-08;"10:57:00";"SEM VÍTIMA";"FINALIZADA";"BOA VIAGEM";"AV BOA VIAGEM";"2784";"";"APÓS A PADARIA BOA VIAGEM";"BOA VIAGEM";NA;"CIDADE";"CHOQUE VEÍCULO PARADO";"SEM VITIMAS -UM DOS CONDUTORES EM SITUAÇÃO DE EMBRIAGUEZ";3;0;0;0;0;0;0;0;0;0;0;"Longo da via";"Bom";"Não existe";"Perfeito estado";"Seca";"Perfeito estado";"Não existe";"Não há placas";"";"Única";"Faixa seccionada";"";""
"7947";2020-11-08;"13:25:00";"COM VÍTIMA";"FINALIZADA";"MADALENA";"AV VISCONDE DE ALBUQUERQUE";"400";"RUA LOPES DE CARVALHO";"EM FRENTE A LOJA SPUK- AO LADO DO CENTRO ESPIRITA QUINTA LUZ. GALERIA MADALENA CENTER.";"MADALENA";NA;"TORRE";"ABALROAMENTO TRANSVERSAL";"COLISÃO ENTRE AUTO E MOTO C/V";1;1;0;0;0;0;0;0;0;1;0;"Cruzamento";"Bom";"Não existe";"Perfeito estado";"Seca";"Perfeito estado";"Não existe";"Placas Pare";"";"Única";"Faixa seccionada";"";""
"7948";2020-11-08;"14:23:00";"COM VÍTIMA";"FINALIZADA";"ROSARINHO";"RUA AMARO COUTINHO";"";"AV SANTOS DUMONT";"AO LADO DA PRAÇA DO ROSARINHO";"ROSARINHO";NA;"";"ABALROAMENTO TRANSVERSAL";"COLISÃO ENTRE AUTO E MOTO C/V- BATEDOR DE ANGELIS NO LOCAL";1;1;0;0;0;0;0;0;0;1;0;"Cruzamento";"Bom";"Não existe";"Perfeito estado";"Seca";"Perfeito estado";"Não existe";"Placas Pare";"40 km/h";"Dupla";"Faixa seccionada";"";""
"7949";2020-11-08;"15:44:00";"SEM VÍTIMA";"FINALIZADA";"IMBIRIBEIRA";"RUA ITACARI";"";"AV MARECHAL MASCARENHAS DE MORAES";"";"IMBIRIBEIRA";NA;"";"CHOQUE";"APOIO EM CHOQUE DE VEÍCULO COM POSTE SEMAFÓRICO";0;0;0;0;0;0;0;0;0;0;0;"";"";"";"";"";"";"";"";"";"";"";"";""
"7950";2020-11-08;"16:11:00";"COM VÍTIMA";"FINALIZADA";"LINHA DO TIRO";"RUA URIEL DE HOLANDA";"515A";"";"EM FRENTE AO NUMERO 515A. LADO OPOSTO AO LAVA JATO DEUS É FIEL.";"LINHA DO TIRO";NA;"PRAÇA DA CONVENÇÃO";"COLISÃO FRONTAL";"COLISÃO MOTO X CARRO / VT 11 NO LOCAL";1;1;0;0;0;0;0;0;0;1;0;"Longo da via";"Bom";"Não existe";"Incompleta";"Seca";"Perfeito estado";"Não existe";"R-6a";"";"Dupla";"Não existe";"";""
"7951";2020-11-08;"19:00:00";"COM VÍTIMA";"FINALIZADA";"IBURA";"AV DOM HELDER CAMARA";"309";"";"AO LADO DA MOTO SHOW DISTRIBUIDORA- PROXIMO DO FORMAQUINAS. PARADA DE ÔNIBUS 020180.";"IBURA";NA;"CIDADE";"CHOQUE VEÍCULO PARADO";"COLISÃO ENTRE ÔNIBUS E MOTO C/V";0;1;0;0;0;1;0;0;0;1;0;"Longo da via";"Bom";"Não existe";"Perfeito estado";"Seca";"Perfeito estado";"";"";"";"";"";"";""
"7952";2020-11-08;"19:40:00";"COM VÍTIMA";"FINALIZADA";"CAMPO GRANDE";"RUA PITIGUARAS";"470";"RUA ESBERARD";"PROX. A COMUNIDADE DO CHIE";"CAMPO GRANDE";NA;"SUBURBIO";"CHOQUE VEÍCULO PARADO";"COM VITIMA";1;0;0;0;0;0;1;0;0;1;0;"Longo da via";"Chuvoso";"Não existe";"Incompleta";"Molhada";"Mal conservada";"Não existe";"Não há placas";"";"Dupla";"Não existe";"";""
"7953";2020-11-09;"00:22:00";"COM VÍTIMA";"CANCELADA";"MADALENA";"EST DOS REMEDIOS";"";"AV JOSE GONCALVES DE MEDEIROS";"PROXIMO A POLICLINICA LESSA DE ANDRADE";"MADALENA";NA;"";"COLISÃO";"";0;0;0;0;0;0;0;0;0;2;0;"";"";"";"";"";"";"";"";"";"";"";"";""
"7954";2020-11-09;"02:58:00";"SEM VÍTIMA";"FINALIZADA";"TAMARINEIRA";"AV CONS ROSA E SILVA";"";"RUA CONEGO BARATA";"";"TAMARINEIRA";NA;"";"COLISÃO";"UMA DAS PARTES SE EVADIU DO LOCAL ABANDONANDO O VEÍCULO NO MEIO DA VIA";1;0;0;0;0;0;1;0;0;0;0;"Cruzamento";"Chuvoso";"Sem defeito";"Perfeito estado";"Molhada";"Perfeito estado";"Faixa de pedestre";"Outras";"";"";"";"";""
"7955";2020-11-09;"08:46:00";"COM VÍTIMA";"FINALIZADA";"ILHA DO LEITE";"AV BEIRA RIO";"-8.0667434- -34.8967541";"";"AO LADO DO HOSPITAL ESPERANÇA- EMBAIXO DO VIADUTO JOSÉ DE BARROS LIMA.";"ILHA DO LEITE";NA;"ILHA DO LEITE";"COLISÃO TRASEIRA";"AUTO E MOTO C/V";1;1;0;0;0;0;0;0;0;1;0;"Longo da via";"Bom";"Não existe";"Perfeito estado";"Seca";"Perfeito estado";"Não existe";"Não há placas";"40 km/h";"";"Faixa seccionada";"";""
"7956";2020-11-09;"12:14:00";"COM VÍTIMA";"FINALIZADA";"PARNAMIRIM";"RUA FERREIRA LOPES";"249";"";"LADO OPOSTO AO EDIFICIO TIGNANELLO";"PARNAMIRIM";NA;"EST. ENCANAMENTO";"ABALROAMENTO LONGITUDINAL";"COLISÃO COM VÍTIMA";1;1;0;0;0;0;0;0;0;1;0;"Longo da via";"Bom";"Sem defeito";"Perfeito estado";"Seca";"Perfeito estado";"Não existe";"Não há placas";"";"Dupla";"Faixa seccionada";"";""
"7957";2020-11-09;"12:34:00";"COM VÍTIMA";"FINALIZADA";"ENCRUZILHADA";"AV BEBERIBE";"259";"RUA PROFESSOR MIRANDA CURIO";"PROXIMO A AUTO ESCOLA NOVA YORK/ SENTIDO ARRUDA";"ENCRUZILHADA";NA;"SUBURBIO";"ABALROAMENTO TRANSVERSAL";"COLISÃO COM VÍTIMA";1;1;0;0;0;0;0;0;0;1;0;"Longo da via";"Bom";"Não existe";"Perfeito estado";"Seca";"Perfeito estado";"Não existe";"Outras";"";"Dupla";"Faixa seccionada";"";""
"7958";2020-11-09;"14:09:00";"COM VÍTIMA";"FINALIZADA";"ÁGUA FRIA";"AV BEBERIBE";"2202";"RUA DA REGENERACAO";"NO LARGO DE AGUA FRIA E/F AO POSTO DE GASOLINA IPIRANGA";"ÁGUA FRIA";187;"SUBURBIO";"ATROPELAMENTO";"TAXI ATROPELOU UM PEDESTRE";1;0;0;0;1;0;0;0;0;2;0;"Longo da via";"Bom";"Sem defeito";"Perfeito estado";"Seca";"Perfeito estado";"Faixa de pedestre";"";"40 km/h";"Dupla";"Faixa contínua";"";""
"7959";2020-11-09;"14:25:00";"COM VÍTIMA";"FINALIZADA";"SANTO ANTÔNIO";"AV GUARARAPES";"161";"";"E/F A CAIXA ECONOMICA DA GUARARAPES";"SANTO ANTÔNIO";603;"CIDADE";"ATROPELAMENTO";"TAXI ATROPELOU UM PEDESTRE";1;0;0;0;1;0;0;0;0;1;0;"Longo da via";"Bom";"Sem defeito";"Perfeito estado";"Seca";"Perfeito estado";"Faixa de pedestre";"Outras";"";"Dupla";"Faixa seccionada";"Canteiro central";""
"7960";2020-11-09;"15:16:00";"COM VÍTIMA";"FINALIZADA";"BOA VISTA";"AV GOVERNADOR AGAMENON MAGALHAES";"";"RUA DR BANDEIRA FILHO";"E/F AO AO WALMART NO SEMAFORO 173";"BOA VISTA";173;"SUBURBIO";"COLISÃO TRASEIRA";"COLISAO ENTRE AUTO E MOTO COM UMA VITIMA";1;1;0;0;0;0;0;0;0;1;0;"Longo da via";"Bom";"Sem defeito";"Perfeito estado";"Seca";"Perfeito estado";"";"R-6a";"60 km/h";"Dupla";"Canteiro central";"";""
"7961";2020-11-09;"16:07:00";"COM VÍTIMA";"FINALIZADA";"MADALENA";"AV CAXANGA";"1086";"";"EM FRENTE A IGREJA UNIVERSAL.";"MADALENA";NA;"SUBURBIO";"COLISÃO COM CICLISTA";"COM VÍTIMA";0;0;0;1;0;1;1;0;0;1;0;"Longo da via";"Bom";"Não existe";"Perfeito estado";"Seca";"Perfeito estado";"";"Outras";"";"Dupla";"Canteiro central";"";""
"7962";2020-11-09;"16:45:00";"COM VÍTIMA";"CANCELADA";"IPSEP";"AV RECIFE";"3021";"";"E/F AO POSTO FEDERAL S/T AREIAS";"IPSEP";NA;"";"COLISÃO COM CICLISTA";"COLISAO EN CO CICLISTA";1;0;0;1;0;0;0;0;0;1;0;"";"";"";"";"";"";"";"";"";"";"";"";""
"7963";2020-11-09;"17:51:00";"COM VÍTIMA";"FINALIZADA";"CAMPO GRANDE";"RUA PROFESSOR FRANCISCO DA TRINDADE";"481";"RUA CATULO DA PAIXAO CEARENSE";"PROXIMO AO ATELIER FRANCISCO FERREIRA";"CAMPO GRANDE";NA;"OLINDA";"ABALROAMENTO TRANSVERSAL";"COLISÃO COM VÍTIMA";1;2;0;0;0;0;0;0;0;2;0;"Cruzamento";"Chuvoso";"Não existe";"Perfeito estado";"Seca";"Perfeito estado";"Faixa de retenção";"Placas Pare";"";"Dupla";"Faixa seccionada";"";""
"7964";2020-11-09;"17:55:00";"COM VÍTIMA";"FINALIZADA";"JOANA BEZERRA";"RUA DOM PAULO II";"-8.071333- -34.895516";"";"LADO OPOSTO AO FORUM JOANA BEZERRA S/T BOA VIAGEM";"JOANA BEZERRA";NA;"SUBURBIO";"COLISÃO COM CICLISTA";"DOIS AUTOS ATROPELOU UMA VITIMA";1;1;0;1;0;0;0;0;0;1;0;"Longo da via";"Chuvoso";"Não existe";"Perfeito estado";"Molhada";"Perfeito estado";"Não existe";"Não há placas";"60 km/h";"Única";"Faixa seccionada";"";""
"7965";2020-11-09;"18:20:00";"COM VÍTIMA";"FINALIZADA";"MACAXEIRA";"RUA CORONEL JOAO BATISTA DO REGO BARROS";"101";"";"AO LADO DO PARQUE DA MACAXEIRA";"MACAXEIRA";NA;"CIDADE";"ATROPELAMENTO";"HONDA NXR 160 BROS X PEDESTRE AGUARDANDO SAMU";0;1;0;0;1;0;0;0;0;1;0;"Longo da via";"Bom";"Não existe";"Perfeito estado";"Seca";"Perfeito estado";"Não existe";"Outras";"";"Dupla";"Não existe";"";""