"";"data";"hora";"natureza_acidente";"situacao";"bairro";"endereco";"numero";"detalhe_endereco_acidente";"complemento";"bairro_cruzamento";"num_semaforo";"sentido_via";"tipo";"descricao";"auto";"moto";"ciclom";"ciclista";"pedestre";"onibus";"caminhao";"viatura";"outros";"vitimas";"vitimasfatais";"acidente_verificado";"tempo_clima";"situacao_semaforo";"sinalizacao";"condicao_via";"conservacao_via";"ponto_controle";"situacao_placa";"velocidade_max_via";"mao_direcao";"divisao_via1";"divisao_via2";"divisao_via3"
"8126";2020-11-27;"03:02:00";"COM VÍTIMA";"FINALIZADA";"SANTO ANTÔNIO";"RUA DO SOL";"";"PRC DA REPUBLICA";"PROXIMO AO TEATRO SANTA ISABEL";"SANTO ANTÔNIO";NA;"";"ABALROAMENTO TRANSVERSAL";"AUTO E MOTO.";1;1;0;0;0;0;0;0;0;1;0;"Longo da via";"Bom";"Não existe";"Perfeito estado";"Seca";"Perfeito estado";"Não existe";"R-6a";"";"Única";"Faixa contínua";"";""
"8127";2020-11-27;"08:16:00";"COM VÍTIMA";"FINALIZADA";"MADALENA";"AV CAXANGA";"653";"";"EM FRENTE AO COMPAZ- SENT. CIDADE";"MADALENA";NA;"";"COLISÃO COM CICLISTA";"MOTO E CICLISTA C/V";0;1;0;1;0;0;0;0;0;3;0;"Longo da via";"Bom";"Não existe";"Perfeito estado";"Seca";"Perfeito estado";"Faixa de pedestre";"Não há placas";"";"Única";"Canteiro central";"";""
"8128";2020-11-27;"08:58:00";"COM VÍTIMA";"CANCELADA";"MUSTARDINHA";"AV MANOEL GONCALVES DA LUZ";"";"";"EM FRENTE A ACADEMIA DA CIDADE  E A PRAÇA DO ABC";"MUSTARDINHA";NA;"";"COLISÃO";"COLISÃO COM VITIMA A ESPERA DO SAMU";1;1;0;0;0;0;0;0;0;1;0;"";"";"";"";"";"";"";"";"";"";"";"";""
"8129";2020-11-27;"09:49:00";"COM VÍTIMA";"FINALIZADA";"MADALENA";"AV BEIRA RIO";"591";"";"EM ENFRENTE AO PREDIO DO GOVERNADOR. EDF. SOBRADO DO CAPIBARIBE.";"MADALENA";NA;"TORRE";"CHOQUE VEÍCULO PARADO";"COM VITIMA";1;1;0;0;0;0;0;0;0;1;0;"Longo da via";"Bom";"Não existe";"Perfeito estado";"Seca";"Perfeito estado";"Faixa de pedestre";"R-6a";"";"Dupla";"Faixa seccionada";"";""
"8130";2020-11-27;"10:52:00";"SEM VÍTIMA";"FINALIZADA";"SANTO AMARO";"RUA DA SAUDADE";"";"RUA JOAO LIRA";"";"SANTO AMARO";308;"SUBURBIO";"ABALROAMENTO TRANSVERSAL";"VEICULO OFICIAL DA CASA MILITAR";2;0;0;0;0;0;0;0;0;0;0;"Cruzamento";"Bom";"Sem defeito";"Incompleta";"Seca";"Perfeito estado";"Faixa de pedestre";"Não há placas";"";"Única";"Não existe";"";""
"8131";2020-11-27;"10:59:00";"COM VÍTIMA";"FINALIZADA";"TAMARINEIRA";"AV NORTE";"3538";"";"EM FRENTE A  VISTOCAR  VISTORIA DO DETRAN";"TAMARINEIRA";NA;"SUBURBIO";"COLISÃO TRASEIRA";"COLISÃO COM VITIMA A ESPERA DO SAMU";1;1;0;0;0;0;0;0;0;1;0;"Longo da via";"Bom";"Não existe";"Perfeito estado";"Seca";"Perfeito estado";"Não existe";"Outras";"";"Dupla";"Canteiro central";"";""
"8132";2020-11-27;"16:56:00";"COM VÍTIMA";"FINALIZADA";"APIPUCOS";"AV DEZESSETE DE AGOSTO";"222";"";"APOS O COLEGIO SILVA JARDIM";"APIPUCOS";NA;"SUBURBIO";"COLISÃO TRASEIRA";"COLISAO ENTRE AUTO E MOTO COM UMA VITIMA";1;1;0;0;0;0;0;0;0;1;0;"Longo da via";"Bom";"Não existe";"Perfeito estado";"Seca";"Perfeito estado";"";"Outras";"";"Dupla";"Faixa contínua";"";""
"8133";2020-11-27;"19:00:00";"COM VÍTIMA";"FINALIZADA";"SANTO AMARO";"RUA AURORA";"";"AV NORTE";"PONTE DO LIMOEIRO . HOSPITAL RECIFE 1 - COVID.";"SANTO AMARO";243;"SUBURBIO";"COLISÃO COM CICLISTA";"MOTO X CICILISTA. C/V";0;1;0;1;0;0;0;0;0;1;0;"Cruzamento";"Bom";"Sem defeito";"Perfeito estado";"Seca";"Perfeito estado";"Faixa de pedestre";"Outras";"";"Dupla";"Não existe";"";""
"8134";2020-11-28;"05:57:00";"SEM VÍTIMA";"FINALIZADA";"TORRÕES";"RUA LUIZ DA CAMARA CASCUDO";"";"";"BARRACA DE SEU MARTIN";"TORRÕES";NA;"";"CHOQUE VEÍCULO PARADO";"VEICULO COLIDIU COM O MURO DE UMA RESIDENCIA E O CONDUTOR ESTA VISIVELMENTE EMBRIAGADO SEGUNDO RELATOS";2;0;0;0;0;0;0;0;0;0;0;"";"";"";"";"";"";"";"";"";"";"";"";""
"8135";2020-11-28;"07:33:00";"SEM VÍTIMA";"FINALIZADA";"SANTO AMARO";"AV CRUZ CABUGA";"";"RUA PEDRO AFONSO";"SOB SEMÁFORO 674";"SANTO AMARO";674;"SUBURBIO";"COLISÃO FRONTAL";"VEICULO CHOCOU-SE COM POSTE / VIRGINIA E JOAO SANTOS NO QTH";1;0;0;0;0;0;0;0;0;0;0;"Cruzamento";"Bom";"Sem defeito";"Perfeito estado";"Seca";"Perfeito estado";"Faixa de pedestre";"";"";"Dupla";"";"";""
"8136";2020-11-28;"11:23:00";"COM VÍTIMA";"FINALIZADA";"SANTO AMARO";"RUA DA AURORA";"1019";"";"EM FRENTE A GLOBO. APÓS A ESTÁTUA DO TORTURA NUNCA MAIS. LADO OPOSTO AO NÚMERO INFORMADO.";"SANTO AMARO";NA;"SUBURBIO";"COLISÃO TRASEIRA";"AUTO E MOTO PM";1;1;0;0;0;0;0;0;0;1;0;"Longo da via";"Bom";"Não existe";"Perfeito estado";"Seca";"Perfeito estado";"Não existe";"Não há placas";"";"Dupla";"Faixa seccionada";"Canteiro central";""
"8137";2020-11-28;"14:06:00";"COM VÍTIMA";"FINALIZADA";"IMBIRIBEIRA";"AV MARECHAL MASCARENHAS DE MORAES";"2200";"";"EM FRENTE A FACULDADE UNIVERSO";"IMBIRIBEIRA";NA;"SUBURBIO";"ABALROAMENTO LONGITUDINAL";"COLISÃO COM CARRO E MOTO / O CARRO COLIDIU COM A MOTO E A MOTO COLIDIU COM OUTRO CARRO";2;1;0;0;0;0;0;0;0;1;0;"Longo da via";"Bom";"Não existe";"Perfeito estado";"Seca";"Perfeito estado";"Não existe";"R-6a";"";"Dupla";"Canteiro central";"";""
"8138";2020-11-28;"17:13:00";"COM VÍTIMA";"FINALIZADA";"SANTO AMARO";"AV NORTE";"824";"";"PRÓX À NATY LANCHES / SENTIDO CABUGÁ. LADO OPOSTO A ANTIGA LBA.";"SANTO AMARO";NA;"SUBURBIO";"COLISÃO COM CICLISTA";"COLISÃO COM CICLISTA. VT 26 NO LOCAL.";0;1;0;1;0;0;0;0;0;2;0;"Longo da via";"Bom";"Sem defeito";"Perfeito estado";"Seca";"Perfeito estado";"Não existe";"Não há placas";"60 km/h";"Única";"Faixa seccionada";"";""
"8139";2020-11-28;"18:11:00";"SEM VÍTIMA";"CANCELADA";"VÁRZEA";"RUA GASTAO VIDIGAL";"";"";"EM FRENTE A FARMACIA DO TRABALHADOR / PROX A UPA DA CAXANGA";"VÁRZEA";NA;"";"COLISÃO";"COLISÃO COM SUSPEITA DE ALCOOLEMIA";2;0;0;0;0;0;0;0;0;0;0;"";"";"";"";"";"";"";"";"";"";"";"";""
"8140";2020-11-28;"21:45:00";"SEM VÍTIMA";"FINALIZADA";"BOA VIAGEM";"AV HELIO FALCAO";"715";"";"PRÓX AO COLÉGIO ANCHIETA // PRÓX A CHURRASCARIA PAJUSSARA";"BOA VIAGEM";NA;"";"CHOQUE";"VEÍCULO CHOCOU-SE CONTRA O MURO DO EDIFÍCIO E O CONDUTOR EVADIU-SE DO LOCAL";1;0;0;0;0;0;0;0;0;0;0;"";"";"";"";"";"";"";"";"";"";"";"";""
"8141";2020-11-28;"22:20:00";"COM VÍTIMA";"CANCELADA";"BOA VIAGEM";"RUA RIBEIRO DE BRITO";"";"";"EM FRENTE AO POSTO BR- PROXIMO DO VIADUTO TANCREDO NEVES";"BOA VIAGEM";NA;"";"ENGAVETAMENTO";"ENGAVETAMENTO ENVOLVENDO TRÊS AUTO E UMA MOTO- COM VÍTIMAS";3;1;0;0;0;0;0;0;0;1;0;"";"";"";"";"";"";"";"";"";"";"";"";""
"8142";2020-11-29;"00:55:00";"COM VÍTIMA";"EQUIPE NO LOCAL";"DERBY";"AV GOVERNADOR AGAMENON MAGALHAES";"";"RUA HENRIQUE DIAS";"SENTIDO OLINDA/BOA VIAGEM - EM FRENTE AO ANTIGO SPETTUS";"DERBY";68;"";"ABALROAMENTO TRANSVERSAL";"COLISÃO COM VÍTIMA ENTRE DOIS AUTOS";2;0;0;0;0;0;0;0;0;3;0;"Cruzamento";"Bom";"Sem defeito";"Perfeito estado";"Seca";"Perfeito estado";"Faixa de pedestre";"";"60 km/h";"Única";"";"";""
"8143";2020-11-29;"08:55:00";"COM VÍTIMA";"FINALIZADA";"CASA FORTE";"AV DEZESSETE DE AGOSTO";"2505";"";"EM FRENTE A RPA . GERÊNCIA OPERACIONAL DE FISCALIZAÇÃO.";"CASA FORTE";NA;"CIDADE";"COLISÃO TRASEIRA";"COLISÃO COM VITIMA GM MILLER  QTH";2;0;0;0;0;0;0;0;0;1;0;"Longo da via";"Bom";"Sem defeito";"Perfeito estado";"Seca";"Perfeito estado";"Faixa de pedestre";"R-6a";"60 km/h";"Dupla";"Faixa contínua";"";""
"8144";2020-11-29;"09:06:00";"COM VÍTIMA";"FINALIZADA";"BOA VISTA";"RUA DO PRINCIPE";"";"RUA BISPO CARDOSO AYRES";"EM FRENTE A IGREJA EVANGELICA PERNAMBUCANA";"BOA VISTA";176;"CIDADE";"ABALROAMENTO TRANSVERSAL";"COLISÃO COM VITIMA A ESPERA DO SAMU";1;0;0;0;0;1;0;0;0;1;0;"Cruzamento";"Chuvoso";"Sem defeito";"";"Molhada";"Perfeito estado";"Faixa de pedestre";"Não há placas";"";"Única";"Faixa seccionada";"";""
"8145";2020-11-29;"13:14:00";"COM VÍTIMA";"FINALIZADA";"BOA VIAGEM";"AV ENGENHEIRO DOMINGOS FERREIRA";"3838";"RUA BRUNO VELOSO";"EM FRENTE A DROGASIL/ VIA DA ESQUERDA";"BOA VIAGEM";338;"SUBURBIO";"ABALROAMENTO TRANSVERSAL";"COLISÃO COM VÍTIMA";2;0;0;0;0;0;0;0;0;1;0;"Cruzamento";"Bom";"Sem defeito";"Perfeito estado";"Seca";"Perfeito estado";"Faixa de pedestre";"Outras";"";"Única";"Faixa contínua";"Faixa seccionada";"Canteiro central"
"8146";2020-11-29;"15:08:00";"COM VÍTIMA";"FINALIZADA";"AFOGADOS";"EST DOS REMEDIOS";"";"";"E/F A DISRIBUIDORA DA TUPAN. LOJA JEEP FIORI.";"AFOGADOS";NA;"";"CHOQUE OBJETO FIXO";"VEICULO CHOCOU COM A LOJA VT 21 NO LOCAL";1;0;0;0;0;0;0;0;0;1;0;"Não informado";"Bom";"Sem defeito";"Perfeito estado";"Seca";"Perfeito estado";"";"";"";"Única";"Faixa seccionada";"";""
"8147";2020-11-29;"19:37:00";"COM VÍTIMA";"FINALIZADA";"ALTO JOSÉ BONIFÁCIO";"RUA ALTO JOSE BONIFACIO";"231";"";"EM FRENTE A IGREJA BATISTA- PROXIMO DA FARMÁCIA DESCONTÃO";"ALTO JOSÉ BONIFÁCIO";NA;"SUBURBIO";"COLISÃO FRONTAL";"COLISÃO ENTRE DOIS AUTO- COM VITIMA";2;0;0;0;0;0;0;0;0;1;0;"Longo da via";"Bom";"Não existe";"Perfeito estado";"Seca";"Perfeito estado";"Não existe";"Não há placas";"30 km/h";"Dupla";"Faixa contínua";"Faixa seccionada";""
"8148";2020-11-29;"19:52:00";"COM VÍTIMA";"FINALIZADA";"IPUTINGA";"AV MAURICIO DE NASSAU";"434";"EST DO BARBALHO";"SEMÁFORO 246 / E/F AO MERCADO DAS RAÇÕES E LANCHONETE DA NANDA";"IPUTINGA";246;"SUBURBIO";"ABALROAMENTO LONGITUDINAL";"2 MOTOS. C/V";0;2;0;0;0;0;0;0;0;2;0;"Longo da via";"Bom";"Sem defeito";"Perfeito estado";"Seca";"Perfeito estado";"Faixa de pedestre";"";"";"Dupla";"Faixa contínua";"";""
"8149";2020-11-29;"20:14:00";"COM VÍTIMA";"FINALIZADA";"BOA VIAGEM";"RUA CORONEL ANIZIO RODRIGUES COELHO";"618";"RUA DES JOAO PAES";"AO LADO DO NORTE SUL NEGOCIOS";"BOA VIAGEM";NA;"";"ABALROAMENTO TRANSVERSAL";"COLISÃO ENTRE AUTO E MOTO- COM VITIMA";1;1;0;0;0;0;0;0;0;1;0;"Cruzamento";"Bom";"Não existe";"Perfeito estado";"Seca";"Perfeito estado";"Faixa de pedestre";"Placas Pare";"";"Única";"Não existe";"";""
"8150";2020-11-30;"02:51:00";"SEM VÍTIMA";"FINALIZADA";"BOA VIAGEM";"RUA ANTONIO FALCAO";"211";"";"EM FRENTE AO PADERÃO";"BOA VIAGEM";NA;"";"CHOQUE OBJETO FIXO";"POSTE CAÍDO SOBRE O VEÍCULO";1;0;0;0;0;0;0;0;0;0;0;"";"";"";"";"";"";"";"";"";"";"";"";""
"8151";2020-11-30;"10:47:00";"COM VÍTIMA";"FINALIZADA";"BOA VISTA";"RUA MONTE CASTELO";"166";"";"EM FRENTE AO ANEXO TRES DA CAMARA MUNICIPAL DO RECIFE.";"BOA VISTA";NA;"";"ABALROAMENTO LONGITUDINAL";"COM UMA VITIMA SOCORRIDA PELO SAMU";2;0;0;0;0;0;0;0;0;1;0;"Longo da via";"Bom";"Não existe";"Perfeito estado";"Seca";"Perfeito estado";"Não existe";"Não há placas";"";"Única";"";"";""
"8152";2020-11-30;"12:12:00";"COM VÍTIMA";"CANCELADA";"ENCRUZILHADA";"AV NORTE";"2760";"RUA CEARA";"POR TRÁS DO EXTRABOM /";"ENCRUZILHADA";NA;"";"COLISÃO";"COLISÃO COM VÍTIMA";1;1;0;0;0;0;0;0;0;1;0;"";"";"";"";"";"";"";"";"";"";"";"";""
"8153";2020-11-30;"12:47:00";"COM VÍTIMA";"FINALIZADA";"PINA";"AV CONSELHEIRO AGUIAR";"";"RUA ONDINA";"EM FRENTE A VIA CAR";"PINA";NA;"CIDADE";"ABALROAMENTO LONGITUDINAL";"CARRO X MOTO";1;1;0;0;0;0;0;0;0;1;0;"Cruzamento";"Bom";"Não existe";"Incompleta";"Seca";"Perfeito estado";"Não existe";"R-6a";"";"Única";"Faixa seccionada";"";""
"8154";2020-11-30;"12:51:00";"SEM VÍTIMA";"FINALIZADA";"MADALENA";"AV CAXANGA";"";"";"ESTRADA DOS REMÉDIOS";"MADALENA";353;"CIDADE";"ABALROAMENTO LONGITUDINAL";"COLISÃO COM VEÍCULO OFICIAL";2;0;0;0;0;0;0;0;0;0;0;"Cruzamento";"Bom";"Sem defeito";"Perfeito estado";"Seca";"Perfeito estado";"Faixa de pedestre";"Não há placas";"60 km/h";"Dupla";"Blocos";"";""
"8155";2020-11-30;"13:30:00";"COM VÍTIMA";"FINALIZADA";"MADALENA";"RUA JOAO IVO DA SILVA";"267";"RUA NOBRE DE LACERDA";"PROX AO POSTO PETROVIA / APOS A SAIDO DO TUNEL MADALENA";"MADALENA";NA;"CIDADE";"ABALROAMENTO LONGITUDINAL";"CARRO X MOTO / ORIENTADOR DE TRANSITO NO LOCAL- CLAUDIO E DAGOBERTO";1;1;0;0;0;0;0;0;0;1;0;"Longo da via";"Bom";"Não existe";"Perfeito estado";"Seca";"Perfeito estado";"Não existe";"Não há placas";"";"Única";"Faixa seccionada";"";""
"8156";2020-11-30;"14:52:00";"COM VÍTIMA";"FINALIZADA";"IBURA";"AV DOIS RIOS";"106";"";"ANTES DA POLICLINICA ARNALDO MARQUES. PRÓXIMO A AUTO ESCOLA PILOTO.";"IBURA";NA;"CIDADE";"ABALROAMENTO TRANSVERSAL";"MOTO X CARRO";1;1;0;0;0;0;0;0;0;1;0;"Longo da via";"Bom";"Sem defeito";"Perfeito estado";"Seca";"Perfeito estado";"";"Não há placas";"";"Dupla";"Faixa contínua";"";""
"8157";2020-11-30;"15:00:00";"SEM VÍTIMA";"FINALIZADA";"CASA AMARELA";"RUA XAVANTES";"101";"RUA VISCONDE DE TAUNAY";"";"CASA AMARELA";NA;"";"ABALROAMENTO LONGITUDINAL";"COLISÃO COM VEÍCULO OFICIAL";1;0;0;0;0;0;1;0;0;0;0;"Longo da via";"Bom";"Não existe";"Perfeito estado";"Seca";"Perfeito estado";"Faixa de pedestre";"Placas Pare";"";"";"Não existe";"";""
"8158";2020-11-30;"15:38:00";"COM VÍTIMA";"FINALIZADA";"SOLEDADE";"RUA DAS NINFAS";"269";"RUA DO PROGRESSO";"PRÓX À UNI SÃO MIGUEL. AO LADO DA ODONTO LEITE.";"SOLEDADE";NA;"CIDADE";"ABALROAMENTO TRANSVERSAL";"AGUARDANDO ATENDIMENTO DO SAMU.";2;0;0;0;0;0;0;0;0;1;0;"Cruzamento";"Bom";"Não existe";"Perfeito estado";"Seca";"Perfeito estado";"Faixa de pedestre";"Placas Pare";"";"Única";"Não existe";"";""
"8159";2020-11-30;"16:40:00";"COM VÍTIMA";"FINALIZADA";"BREJO DE BEBERIBE";"AV VEREADOR OTACILIO AZEVEDO";"1015";"";"";"BREJO DE BEBERIBE";NA;"CIDADE";"CHOQUE VEÍCULO PARADO";"Auto x e auto y- SUSPEITA DE ALCOOLEMIA";2;0;0;0;0;0;0;0;0;1;0;"Longo da via";"Bom";"Não existe";"Incompleta";"Seca";"Perfeito estado";"Não existe";"Não há placas";"";"Dupla";"Faixa seccionada";"";""
"8160";2020-11-30;"16:51:00";"COM VÍTIMA";"FINALIZADA";"CAXANGÁ";"AV CAXANGA";"";"";"NA PONTE DA CAXANGA / PROX A UPA CAXANGA";"CAXANGÁ";NA;"SUBURBIO";"ABALROAMENTO TRANSVERSAL";"DUAS MOTOS.";0;2;0;0;0;0;0;0;0;1;0;"Longo da via";"Bom";"Não existe";"Perfeito estado";"Seca";"Perfeito estado";"Agente";"Não há placas";"";"Única";"Faixa seccionada";"";""
"8161";2020-11-30;"17:28:00";"COM VÍTIMA";"CANCELADA";"VÁRZEA";"AV PROFESSOR LUIZ FREIRE";"600";"";"AO LADO DO IFPE";"VÁRZEA";NA;"";"COLISÃO";"COLISÃO MOTO X MOTO";0;2;0;0;0;0;0;0;0;2;0;"";"";"";"";"";"";"";"";"";"";"";"";""
"8162";2020-11-30;"17:47:00";"COM VÍTIMA";"FINALIZADA";"BREJO DE BEBERIBE";"RUA URIEL DE HOLANDA";"1615";"";"PRÓX AO ARMAZÉM E SERRARIA OLIVEIRA";"BREJO DE BEBERIBE";NA;"";"ABALROAMENTO LONGITUDINAL";"SAMU REALIZANDO ATENDIMENTO. VT 27 NO LOCAL.";1;1;0;0;0;0;0;0;0;2;0;"Longo da via";"Bom";"Não existe";"Perfeito estado";"Seca";"Perfeito estado";"Não existe";"Não há placas";"";"Dupla";"Não existe";"";""
"8163";2020-11-30;"18:01:00";"COM VÍTIMA";"FINALIZADA";"SÃO JOSÉ";"AV SUL";"1800";"";"PRÓXIMO AO HOTEL LUA DE MEL. AO LADO DO NÚMERO 1800";"SÃO JOSÉ";NA;"CIDADE";"ABALROAMENTO TRANSVERSAL";"DUAS MOTOS.";0;2;0;0;0;0;0;0;0;1;0;"Longo da via";"Bom";"Não existe";"Perfeito estado";"Seca";"Perfeito estado";"Outros";"";"";"Dupla";"Canteiro central";"Blocos";""
"8164";2020-11-30;"19:40:00";"COM VÍTIMA";"FINALIZADA";"CASA AMARELA";"RUA CONS PERETTI";"106";"RUA OSCAR DE BARROS";"PRÓX A CAIXA ECONÔMICA DE CASA AMARELA";"CASA AMARELA";NA;"";"COLISÃO";"COLISÃO ENTRE MOTO E ÔNIBUS- COM VÍTIMA";1;1;0;0;0;0;0;0;0;1;0;"";"";"";"";"";"";"";"";"";"";"";"";""
"8165";2020-11-30;"20:46:00";"COM VÍTIMA";"CANCELADA";"BONGI";"AV ENGENHEIRO ABDIAS DE CARVALHO";"";"";"EM FRENTE A PRAÇA DA CHESF- SENTIDO BR / PROX AO YOKI";"BONGI";NA;"";"ENGAVETAMENTO";"ENGAVETAMENTO ENVONVENDO 4 VEÍCULOS- COM VÍTIMAS";4;0;0;0;0;0;0;0;0;2;0;"";"";"";"";"";"";"";"";"";"";"";"";""
"8166";2020-11-30;"22:14:00";"COM VÍTIMA";"CANCELADA";"MADALENA";"AV VISCONDE DE ALBUQUERQUE";"913";"";"EM FRENTE AO POSTO IPIRANGA // PRÓX AO HOSPITAL DE ÁVILLA";"MADALENA";NA;"";"COLISÃO";"COLISÃO ENTRE DOIS AUTOS- COM VÍTIMA (CONDUTOR DO CLASSIC APRESENTA SINAIS DE EMBRIAGUEZ)";2;0;0;0;0;0;0;0;0;1;0;"";"";"";"";"";"";"";"";"";"";"";"";""
"8167";2020-12-01;"08:46:00";"SEM VÍTIMA";"FINALIZADA";"VASCO DA GAMA";"AV NORTE";"5956";"";"";"VASCO DA GAMA";NA;"";"COLISÃO";"COLISÃO ENTRE DOIS AUTOS";3;0;0;0;0;0;0;0;0;0;0;"Longo da via";"Bom";"Não existe";"Perfeito estado";"Seca";"Perfeito estado";"Não existe";"";"";"Dupla";"Canteiro central";"";""
"8168";2020-12-01;"08:57:00";"SEM VÍTIMA";"FINALIZADA";"IMBIRIBEIRA";"";"";"";"RUA DES. AGENOR FERREIRA DE LIMA/ ESCOLA MUNIC. JULIO DE OLIVEIRA";"IMBIRIBEIRA";NA;"";"COLISÃO";"VEICULO OFICIAL";1;0;0;0;0;0;0;1;0;0;0;"Longo da via";"Bom";"Não existe";"Não existente";"Seca";"Perfeito estado";"Não existe";"Não há placas";"";"Dupla";"Não existe";"";""
"8169";2020-12-01;"21:56:00";"COM VÍTIMA";"FINALIZADA";"ESPINHEIRO";"RUA QUARENTA E OITO";"395";"RUA DO ESPINHEIRO";"E/F A PADARIA DO ESPINHEIRO E EDIFICIO ARAÇOYABA VILLAGE / SEMÁFORO 166";"ESPINHEIRO";166;"CIDADE";"ABALROAMENTO TRANSVERSAL";"DUAS MOTOS ENVOLVIDAS. C/V";0;2;0;0;0;0;0;0;0;2;0;"Cruzamento";"Chuvoso";"Sem defeito";"Perfeito estado";"Seca";"Perfeito estado";"Faixa de pedestre";"R-3";"30 km/h";"Única";"";"";""
"8170";2020-12-01;"22:02:00";"COM VÍTIMA";"CANCELADA";"TEJIPIÓ";"AV DR JOSE RUFINO";"5767";"";"E/F AO POSTO BR E REDES DA BATERIAS- SNT RECIFE";"TEJIPIÓ";NA;"";"COLISÃO";"DUAS MOTOS ENVOLVIDAS. C/V";0;2;0;0;0;0;0;0;0;2;0;"";"";"";"";"";"";"";"";"";"";"";"";""
"8171";2020-12-02;"08:17:00";"COM VÍTIMA";"FINALIZADA";"CASA FORTE";"AV DEZESSETE DE AGOSTO";"1961";"";"EM FRENTE AO LABORATORIO MARCELO MAGALHAES";"CASA FORTE";NA;"CIDADE";"ABALROAMENTO LONGITUDINAL";"AUTO E MOTO.";1;1;0;0;0;0;0;0;0;2;0;"Longo da via";"Bom";"Sem defeito";"Perfeito estado";"Seca";"Perfeito estado";"Não existe";"R-6a";"";"Dupla";"Faixa contínua";"";""
"8172";2020-12-02;"09:59:00";"SEM VÍTIMA";"FINALIZADA";"CORDEIRO";"RUA TOMAZ GONZAGA";"";"AV PROFESSOR ESTEVAO FRANCISCO DA COSTA";"";"CORDEIRO";280;"";"COLISÃO";"COLISÃO COM TRÊS VEÍCULOS ENVOLVIDOS E DERRAMAMENTO DE OLEO NA PISTA";0;0;0;0;0;0;0;0;0;0;0;"";"";"";"";"";"";"";"";"";"";"";"";""
"8173";2020-12-02;"11:11:00";"COM VÍTIMA";"FINALIZADA";"IMBIRIBEIRA";"RUA MURITIBA";"210";"";"RUA LATERAL AO BANCO DO BRASIL. POR TRÁS DO BANCO.";"IMBIRIBEIRA";NA;"IPSEP";"ABALROAMENTO LONGITUDINAL";"MOTO E AUTO";1;1;0;0;0;0;0;0;0;1;0;"Longo da via";"Bom";"Não existe";"Não existente";"Seca";"Perfeito estado";"Não existe";"Outras";"";"Dupla";"Não existe";"";""
"8174";2020-12-02;"11:31:00";"COM VÍTIMA";"FINALIZADA";"ESTÂNCIA";"AV DR JOSE RUFINO";"548";"";"RUA DA GALERIA MARGARIDA";"ESTÂNCIA";NA;"SUBURBIO";"ABALROAMENTO LONGITUDINAL";"MOTO E AUTO";1;1;0;0;0;0;0;0;0;1;0;"Longo da via";"Bom";"Não existe";"Perfeito estado";"Seca";"Perfeito estado";"Não existe";"Não há placas";"";"Dupla";"";"";""
"8175";2020-12-02;"13:47:00";"COM VÍTIMA";"FINALIZADA";"PINA";"RUA DAGOBERTO PIRES";"415";"AV BRASILIA FORMOSA";"PROX KIOSKE PALAFITA";"PINA";NA;"CIDADE";"ABALROAMENTO TRANSVERSAL";"COLISÃO MOTO X CARRO";1;1;0;0;0;0;0;0;0;1;0;"Longo da via";"Bom";"Não existe";"Perfeito estado";"Seca";"Perfeito estado";"Não existe";"Não há placas";"";"Dupla";"Faixa seccionada";"";""
"8176";2020-12-02;"16:00:00";"SEM VÍTIMA";"FINALIZADA";"BOA VIAGEM";"AV ENGENHEIRO DOMINGOS FERREIRA";"4060";"RUA RIBEIRO DE BRITO";"";"BOA VIAGEM";155;"SUBURBIO";"COLISÃO TRASEIRA";"VEÍCULO OFICIAL";1;1;0;0;0;0;0;0;0;0;0;"Longo da via";"Bom";"Sem defeito";"Perfeito estado";"Seca";"Perfeito estado";"Faixa de pedestre";"";"60 km/h";"Única";"Canteiro central";"";""
"8177";2020-12-02;"17:43:00";"COM VÍTIMA";"FINALIZADA";"CAMPO GRANDE";"EST DE BELEM";"1605A";"RUA COELHO NETO";"EM FRENTE A IGREJA UNIVERSAL / EM FRENTE A PRAÇA CAMPO GRANDE";"CAMPO GRANDE";NA;"OLINDA";"COLISÃO TRASEIRA";"COLISÃO MOTO X CARRO";1;1;0;0;0;0;0;0;0;2;0;"Longo da via";"Bom";"Não existe";"Perfeito estado";"Seca";"Perfeito estado";"Outros";"R-6a";"";"Dupla";"Faixa contínua";"Faixa seccionada";""
"8178";2020-12-02;"17:47:00";"COM VÍTIMA";"FINALIZADA";"SANTO AMARO";"RUA TUPINAMBAS";"646";"";"";"SANTO AMARO";NA;"SUBURBIO";"COLISÃO FRONTAL";"COLISÃO MOTO X CARRO";1;1;0;0;0;0;0;0;0;1;0;"Longo da via";"Bom";"Não existe";"Perfeito estado";"Seca";"Perfeito estado";"Não existe";"Não há placas";"";"Dupla";"Faixa seccionada";"";""
"8179";2020-12-02;"19:51:00";"SEM VÍTIMA";"CANCELADA";"BOA VIAGEM";"AV BOA VIAGEM";"4338";"";"APÓS O POINT DA JAMAICA- EM FRENTE AO EDIFICIO MOHANA";"BOA VIAGEM";NA;"";"CHOQUE";"COLISÃO ENTRE DOIS AUTOS SEM VITIMAS- APOS A COLISÃO UM DOS VEÍCULOS CHOCOU-SE NO PORTÃO DO CONDOMINIO MOHANA";2;0;0;0;0;0;0;0;0;0;0;"";"";"";"";"";"";"";"";"";"";"";"";""
"8180";2020-12-02;"20:22:00";"COM VÍTIMA";"CANCELADA";"CASA FORTE";"AV DEZESSETE DE AGOSTO";"1953";"";"EM FRENTE A CNA- AO LADO DO LABORATORIO MARCELO MAGALHÃES";"CASA FORTE";NA;"";"COLISÃO";"COLISÃO ENTRE AUTO E MOTO- C/V";1;1;0;0;0;0;0;0;0;1;0;"";"";"";"";"";"";"";"";"";"";"";"";""