"";"data";"hora";"natureza_acidente";"situacao";"bairro";"endereco";"numero";"detalhe_endereco_acidente";"complemento";"bairro_cruzamento";"num_semaforo";"sentido_via";"tipo";"descricao";"auto";"moto";"ciclom";"ciclista";"pedestre";"onibus";"caminhao";"viatura";"outros";"vitimas";"vitimasfatais";"acidente_verificado";"tempo_clima";"situacao_semaforo";"sinalizacao";"condicao_via";"conservacao_via";"ponto_controle";"situacao_placa";"velocidade_max_via";"mao_direcao";"divisao_via1";"divisao_via2";"divisao_via3"
"8237";2020-12-09;"10:03:00";"COM VÍTIMA";"FINALIZADA";"BOA VIAGEM";"AV CONSELHEIRO AGUIAR";"2088";"";"AO LADO DA CAIXA ECONOMICA FEDERAL E LOJA NOVO PROJETO.";"BOA VIAGEM";NA;"SUBURBIO";"ABALROAMENTO LONGITUDINAL";"COLISÃO COM VITIMA BT AGUIAR LUCAS RAMOS QTH";1;1;0;0;0;0;0;0;0;1;0;"Longo da via";"Chuvoso";"Não existe";"Perfeito estado";"Molhada";"Perfeito estado";"Não existe";"Não há placas";"";"Única";"Faixa seccionada";"";""
"8238";2020-12-09;"14:46:00";"COM VÍTIMA";"FINALIZADA";"MADALENA";"RUA NOBRE DE LACERDA";"";"EST DOS REMEDIOS";"E/F A NAGEM E AO LADO DO GRUPO SENA";"MADALENA";NA;"";"ABALROAMENTO LONGITUDINAL";"COLISAO ENTRE DOIS AUTOS E UMA MOTO COM UMA VITIMA";2;1;0;0;0;0;0;0;0;1;0;"Longo da via";"Bom";"Não existe";"Não existente";"Seca";"Perfeito estado";"Não existe";"Não há placas";"";"Dupla";"Não existe";"";""
"8239";2020-12-09;"17:29:00";"COM VÍTIMA";"CANCELADA";"ARRUDA";"AV PROFESSOR JOSE DOS ANJOS";"159";"";"PROXIMO AO BAR DO ZÉ/ SENTIDO CIDADE";"ARRUDA";642;"";"COLISÃO";"COLISÃO COM VÍTIMA";1;1;0;0;0;0;0;0;0;1;0;"";"";"";"";"";"";"";"";"";"";"";"";""
"8240";2020-12-10;"05:49:00";"SEM VÍTIMA";"FINALIZADA";"BOA VIAGEM";"AV ENGENHEIRO DOMINGOS FERREIRA";"";"";"APÓS CRUZ. COM A BRUNO VELOSO";"BOA VIAGEM";NA;"";"CHOQUE OBJETO FIXO";"COM POSTE";0;0;0;0;0;0;0;0;0;0;0;"";"";"";"";"";"";"";"";"";"";"";"";""
"8241";2020-12-10;"08:16:00";"COM VÍTIMA";"FINALIZADA";"IMBIRIBEIRA";"EST DO FRIGORIFICO";"";"";"APÓS O ARAS BOA VIAGEM E ATRÁS DA FACULDADE UNIVERSO";"IMBIRIBEIRA";NA;"";"CHOQUE OBJETO FIXO";"POSTE VEIO AO SOLO E FIOS DE ALTA TENSÃO NO CHÃO - UMA PESSOA SOFREU UM CHOQUE ELÉTRICO E UMA VÍTIMA";0;0;0;0;0;0;0;0;0;1;0;"";"";"";"";"";"";"";"";"";"";"";"";""
"8242";2020-12-10;"09:45:00";"COM VÍTIMA";"FINALIZADA";"ILHA DO LEITE";"RUA SENADOR JOSE HENRIQUE";"224";"AV FREI MATIAS TEVES";"EM FRENTE AO EMPRESARIAL CHARLES DARWIN";"ILHA DO LEITE";NA;"SUBURBIO";"COLISÃO FRONTAL";"COLISÃO ENTRE DOIS AUTOS .COM UMA VITIMA DE 89 ANOS SENDO SOCORRIDA PELO SAMU/";2;0;0;0;0;0;0;0;0;1;0;"Cruzamento";"Bom";"Não existe";"Perfeito estado";"Seca";"Perfeito estado";"Faixa de pedestre";"Placas Pare";"30 km/h";"Dupla";"Não existe";"";""
"8243";2020-12-10;"13:28:00";"COM VÍTIMA";"FINALIZADA";"PINA";"RUA PROFESSOR ARNALDO CARNEIRO LEAO";"";"";"PROX AO BIG BOMPREÇO";"PINA";NA;"";"COLISÃO";"COLISÃO MOTO X CARRO";1;1;0;0;0;0;0;0;0;1;0;"";"";"";"";"";"";"";"";"";"";"";"";""
"8244";2020-12-10;"13:34:00";"COM VÍTIMA";"FINALIZADA";"CIDADE UNIVERSITÁRIA";"RUA EMILIANO BRAGA";"";"RUA PROFESSOR ANTONIO COELHO";"POR TRAS DO TI CDU";"CIDADE UNIVERSITÁRIA";NA;"CIDADE";"ABALROAMENTO TRANSVERSAL";"COLISÃO MOTO X CARRO / VT 24 NO LOCAL";1;1;0;0;0;0;0;0;0;1;0;"Cruzamento";"Bom";"Não existe";"Perfeito estado";"Seca";"Perfeito estado";"";"Placas Pare";"";"Única";"Faixa seccionada";"";""
"8245";2020-12-10;"13:50:00";"COM VÍTIMA";"FINALIZADA";"MADALENA";"RUA BENFICA";"1146";"RUA JOAO IVO DA SILVA";"EM FRENTE AO MUSEU DA ABOLIÇÃO / BRADESCO";"MADALENA";257;"SUBURBIO";"COLISÃO";"SAMU NO LOCAL";1;1;0;0;0;0;0;0;0;1;0;"Longo da via";"Bom";"Sem defeito";"Perfeito estado";"Seca";"Perfeito estado";"Faixa de pedestre";"Não há placas";"";"Dupla";"Faixa contínua";"";""
"8246";2020-12-10;"14:05:00";"COM VÍTIMA";"FINALIZADA";"DOIS UNIDOS";"AV HILDEBRANDO DE VASCONCELOS";"512A";"RUA MARIO JOSE DE SOUZA";"APÓS O CANIL / PRÓX À KS DISTRIBUIDORA";"DOIS UNIDOS";NA;"CIDADE";"COLISÃO FRONTAL";"AGUARDANDO ATENDIMENTO DO SAMU";0;2;0;0;0;0;0;0;0;2;0;"Esquina";"Bom";"Não existe";"Perfeito estado";"Seca";"Perfeito estado";"Outros";"R-6a";"";"Dupla";"Faixa seccionada";"";""
"8247";2020-12-10;"15:00:00";"COM VÍTIMA";"FINALIZADA";"IMBIRIBEIRA";"AV MARECHAL MASCARENHAS DE MORAES";"";"";"APÓS O GERALDÃO / SAM'S CLUB";"IMBIRIBEIRA";NA;"";"COLISÃO";"AGUARDANDO ATENDIMENTO DO SAMU.";2;1;0;0;0;0;0;0;0;1;0;"";"";"";"";"";"";"";"";"";"";"";"";""
"8248";2020-12-10;"16:53:00";"COM VÍTIMA";"FINALIZADA";"BOA VIAGEM";"AV BOA VIAGEM";"1338";"";"EM FRENTE AO SEGUNDO JARDIM";"BOA VIAGEM";NA;"CIDADE";"ABALROAMENTO LONGITUDINAL";"AGUARDANDO ATENDIMENTO DO SAMU. BATEDORES REGINALDO E MILTON NO LOCAL.";1;1;0;0;0;0;0;0;0;1;0;"Longo da via";"Bom";"Não existe";"Perfeito estado";"Seca";"Perfeito estado";"Não existe";"Não há placas";"60 km/h";"Única";"Faixa seccionada";"";""
"8249";2020-12-10;"18:28:00";"COM VÍTIMA";"CANCELADA";"DOIS IRMÃOS";"RUA MANUEL DE MEDEIROS";"";"";"EM FRENTE AO LAFEPE- EM FRENTE A PRAÇA DOIS IRMÃOS";"DOIS IRMÃOS";189;"";"COLISÃO";"COLISÃO ENTRE AUTO E MOTO- COM VÍTIMAS";1;1;0;0;0;0;0;0;0;2;0;"";"";"";"";"";"";"";"";"";"";"";"";""
"8250";2020-12-10;"20:38:00";"COM VÍTIMA";"FINALIZADA";"SANTO AMARO";"AV DR JAYME DA FONTE";"34";"";"EM FRENTE A COMPESA- PROXIMO DO MERCADINHO MAIS VOCÊ";"SANTO AMARO";NA;"";"ABALROAMENTO TRANSVERSAL";"COLISÃO ENTRE AUTO E MOTO- COM VÍTIMA";1;1;0;0;0;0;0;0;0;2;0;"Longo da via";"Bom";"Não existe";"Perfeito estado";"Seca";"Perfeito estado";"Faixa de retenção";"Não há placas";"";"Dupla";"Faixa seccionada";"Canteiro central";""
"8251";2020-12-11;"07:59:00";"COM VÍTIMA";"FINALIZADA";"CAMPO GRANDE";"AV GOVERNADOR AGAMENON MAGALHAES";"1302";"";"PROX. A ANTIGA UNICORD E POSTO BR";"CAMPO GRANDE";379;"CIDADE";"ABALROAMENTO TRANSVERSAL";"COM VITIMAS";0;1;0;0;0;0;0;1;0;1;0;"Longo da via";"Bom";"Sem defeito";"Perfeito estado";"Seca";"Perfeito estado";"Faixa de pedestre";"Outras";"";"Dupla";"Faixa seccionada";"Canteiro central";""
"8252";2020-12-11;"08:13:00";"COM VÍTIMA";"FINALIZADA";"CORDEIRO";"AV CAXANGA";"279";"";"EM FRENTE DO BANCO SANTANDER";"CORDEIRO";NA;"CIDADE";"ABALROAMENTO LONGITUDINAL";"COLISÃO COM EVASÃO/ VITIMA NO LOCAL";1;1;0;0;0;0;0;0;0;1;0;"Longo da via";"Bom";"Não existe";"Perfeito estado";"Seca";"Mal conservada";"Não existe";"Não há placas";"";"Única";"Faixa seccionada";"";""
"8253";2020-12-11;"08:34:00";"COM VÍTIMA";"FINALIZADA";"DERBY";"AV GOVERNADOR AGAMENON MAGALHAES";"";"RUA HENRIQUE DIAS";"PROX. A FARMACIA PAGUE MENOS";"DERBY";68;"BOA VIAGEM";"ATROPELAMENTO";"MOTO E PEDESTRE C/V (PONTO FIXO GM JEFERSON E JOSY KARLA)";0;1;0;0;1;0;0;0;0;1;0;"Longo da via";"Bom";"Sem defeito";"Perfeito estado";"Seca";"Perfeito estado";"Agente";"R-19";"60 km/h";"Dupla";"Faixa contínua";"";""
"8254";2020-12-11;"10:53:00";"COM VÍTIMA";"FINALIZADA";"PINA";"AV HERCULANO BANDEIRA";"960";"";"EM FRENTE A MERCEDES";"PINA";657;"SUBURBIO";"COLISÃO TRASEIRA";"COM VITIMA";1;1;0;0;0;0;0;0;0;1;0;"Longo da via";"Bom";"Sem defeito";"Perfeito estado";"Seca";"Perfeito estado";"Agente";"Não há placas";"60 km/h";"Única";"Faixa seccionada";"";""
"8255";2020-12-11;"12:21:00";"COM VÍTIMA";"CANCELADA";"IBURA";"AV DOIS RIOS";"";"";"VIADUTO DA BR 101";"IBURA";NA;"";"CHOQUE";"SEGUNDO INFORME DO SUPERVISOR JONATHAN - VEICULO SE CHOCOU COM A MURETA DO VIADUTO E CAIU NA AV DOIS RIOS";1;0;0;0;0;0;0;0;0;3;0;"";"";"";"";"";"";"";"";"";"";"";"";""
"8256";2020-12-11;"13:18:00";"COM VÍTIMA";"FINALIZADA";"ENGENHO DO MEIO";"RUA LINDOLFO COLOR";"";"RUA ANTONIO CURADO";"NO SEMÁFORO 395/ SENTIDO AV CAXANGA";"ENGENHO DO MEIO";395;"";"COLISÃO TRASEIRA";"COLISÃO COM VÍTIMA";1;1;0;0;0;0;0;0;0;1;0;"Cruzamento";"Bom";"Sem defeito";"Ilegível";"Seca";"Perfeito estado";"Faixa de pedestre";"R-34";"40 km/h";"Dupla";"";"";""
"8257";2020-12-11;"13:51:00";"COM VÍTIMA";"FINALIZADA";"AREIAS";"AV DR JOSE RUFINO";"642";"";"NO SEMAFORO 491. IGREJA MATRIZ DE SANTA LUZIA";"AREIAS";491;"SUBURBIO";"ATROPELAMENTO";"MOTO ATROPELOU UM PEDESTRE VT 22 NO LOCAL";0;1;0;0;1;0;0;0;0;1;0;"Longo da via";"Bom";"Sem defeito";"Perfeito estado";"Seca";"Perfeito estado";"Faixa de pedestre";"R-6a";"";"Dupla";"Faixa contínua";"";""
"8258";2020-12-11;"18:12:00";"COM VÍTIMA";"FINALIZADA";"VÁRZEA";"AV AFONSO OLINDENSE";"988";"RUA MANOEL CORREIA";"E/F A LOMBADA ELETRONICA E SUPERMERCADO BEM BOM.";"VÁRZEA";NA;"PRC DA VÁRZEA";"ABALROAMENTO LONGITUDINAL";"COLISAO ENTRE MOTO E AUTO COM VITIMA";1;1;0;0;0;0;0;0;0;1;0;"Longo da via";"Bom";"Não existe";"Perfeito estado";"Seca";"";"Não existe";"Não há placas";"";"Dupla";"Faixa seccionada";"";""
"8259";2020-12-12;"12:45:00";"COM VÍTIMA";"FINALIZADA";"ENCRUZILHADA";"AV BEBERIBE";"433";"RUA PROFESSOR OTAVIO DE FREITAS";"PROX AO BAR DO DRAGAO / CANAL DA BARRIGUDA. AO LADO DO NÚMERO 433.";"ENCRUZILHADA";NA;"SUBURBIO";"ABALROAMENTO LONGITUDINAL";"COLISÃO MOTO X CARRO / VT 02 NO LOCAL";1;1;0;0;0;0;0;0;0;1;0;"Longo da via";"Bom";"Não existe";"Não existente";"Seca";"Perfeito estado";"Não existe";"Não há placas";"";"Dupla";"Faixa contínua";"";""
"8260";2020-12-12;"13:34:00";"COM VÍTIMA";"FINALIZADA";"ILHA JOANA BEZERRA";"PTE JOSE DE BARROS LIMA";"";"";"SUBIDA DA PONTE";"ILHA JOANA BEZERRA";NA;"CIDADE";"CHOQUE OBJETO FIXO";"COLISAO ENVOLVENDO DUAS MOTOS COM VITIMA";0;2;0;0;0;0;0;0;0;1;0;"Ponte";"Bom";"Não existe";"Perfeito estado";"Seca";"Perfeito estado";"Não existe";"Não há placas";"60 km/h";"Única";"Faixa seccionada";"";""
"8261";2020-12-12;"13:46:00";"COM VÍTIMA";"FINALIZADA";"BOA VISTA";"AV CONDE DA BOA VISTA";"1072";"RUA DA SOLEDADE";"ESTAÇÃO BRT SOLEDADE.";"BOA VISTA";25;"SUBURBIO";"ATROPELAMENTO";"HONDA XRE 300";0;1;0;0;1;0;0;0;0;2;0;"Longo da via";"Bom";"Sem defeito";"Perfeito estado";"Seca";"Perfeito estado";"Faixa de pedestre";"Não há placas";"";"Dupla";"Outros";"";""
"8262";2020-12-12;"15:04:00";"COM VÍTIMA";"FINALIZADA";"BOA VIAGEM";"AV ENGENHEIRO DOMINGOS FERREIRA";"";"RUA ERNESTO DE PAULA SANTOS";"EM FRENTE AO RESTAURANTE DOM FERREIRA FORNEIRA";"BOA VIAGEM";217;"SUBURBIO";"ABALROAMENTO LONGITUDINAL";"COLISÃO MOTO X CARRO";1;1;0;0;0;0;0;0;0;1;0;"Cruzamento";"Bom";"Sem defeito";"Perfeito estado";"Seca";"Perfeito estado";"Faixa de pedestre";"";"";"Única";"Canteiro central";"";""
"8263";2020-12-12;"15:25:00";"COM VÍTIMA";"FINALIZADA";"CAMPO GRANDE";"RUA ODORICO MENDES";"165";"RUA VISCONDE DE CAIRU";"APÓS O CLUBE DAS PÁS";"CAMPO GRANDE";NA;"CIDADE";"ABALROAMENTO LONGITUDINAL";"AGUARDANDO ATENDIMENTO DO SAMU.";1;1;0;0;0;0;0;0;0;2;0;"Cruzamento";"Bom";"Não existe";"";"Seca";"Perfeito estado";"Não existe";"R-6a";"";"Dupla";"Faixa seccionada";"";""
"8264";2020-12-13;"04:25:00";"SEM VÍTIMA";"CANCELADA";"BOA VIAGEM";"RUA VISCONDE DE JEQUITINHONHA";"";"";"COM RUA ARMINDO MOURA - SEMÁFORO 258";"BOA VIAGEM";258;"";"CAPOTAMENTO";"NA FAIXA NA DIREITA";0;0;0;0;0;0;0;0;0;0;0;"";"";"";"";"";"";"";"";"";"";"";"";""
"8265";2020-12-13;"10:34:00";"COM VÍTIMA";"FINALIZADA";"IMBIRIBEIRA";"AV MARECHAL MASCARENHAS DE MORAES";"";"RUA ITACARI";"EM FRENTE AO BANCO ITAÚ.";"IMBIRIBEIRA";255;"SUBURBIO";"COLISÃO TRASEIRA";"COLISÃO COM VÍTIMA";0;2;0;0;0;0;0;0;0;2;0;"Longo da via";"Bom";"Sem defeito";"Perfeito estado";"Seca";"Perfeito estado";"Faixa de pedestre";"Não há placas";"60 km/h";"Dupla";"Canteiro central";"";""
"8266";2020-12-13;"13:30:00";"COM VÍTIMA";"FINALIZADA";"PINA";"AV REPUBLICA ARABE UNIDA";"";"RUA NOGUEIRA DE SOUZA";"NA ENTRADA DO SHOPPING RIOMAR";"PINA";658;"SHOP RIO MAR";"ABALROAMENTO TRANSVERSAL";"COLISAO ENTRE AUTO E MOTO COM UMA VITIMA";1;1;0;0;0;0;0;0;0;1;0;"Cruzamento";"Bom";"Sem defeito";"Perfeito estado";"Seca";"Perfeito estado";"Não existe";"Não há placas";"";"Única";"Faixa seccionada";"";""
"8267";2020-12-13;"15:13:00";"COM VÍTIMA";"FINALIZADA";"AFOGADOS";"AV SUL";"2056";"";"ESTAÇÃO LARGO DA PAZ. BORRACHARIA SUL.";"AFOGADOS";NA;"CIDADE";"ABALROAMENTO LONGITUDINAL";"COLISÃO COM VITIMA";1;1;0;0;0;0;0;0;0;1;0;"Longo da via";"Bom";"Não existe";"Perfeito estado";"Seca";"Perfeito estado";"Não existe";"Outras";"";"Única";"Faixa seccionada";"";""
"8268";2020-12-13;"16:07:00";"COM VÍTIMA";"FINALIZADA";"IBURA";"RUA PINTOR AGENOR DE ALBUQUERQUE CESAR";"";"AV DOIS RIOS";"";"IBURA";561;"SUBURBIO";"ATROPELAMENTO";"MOTO ATROPELOU 1 PEDESTRE";0;1;0;0;1;0;0;0;0;1;0;"Longo da via";"Bom";"Sem defeito";"Incompleta";"Seca";"Perfeito estado";"Faixa de pedestre";"Outras";"40 km/h";"Dupla";"Faixa seccionada";"";""
"8269";2020-12-13;"17:40:00";"COM VÍTIMA";"FINALIZADA";"TAMARINEIRA";"EST VELHA DE AGUA FRIA";"637";"";"PROX AO DNOCS";"TAMARINEIRA";NA;"SUBURBIO";"ABALROAMENTO LONGITUDINAL";"COLISAO ENTRE AUTO E MOTO COM UMA VITIMA";1;1;0;0;0;0;0;0;0;1;0;"Longo da via";"Bom";"Não existe";"Perfeito estado";"Seca";"Perfeito estado";"Não existe";"Não há placas";"";"Dupla";"Faixa contínua";"";""
"8270";2020-12-13;"19:20:00";"COM VÍTIMA";"FINALIZADA";"ESPINHEIRO";"RUA DO ESPINHEIRO";"278";"RUA SANTO ELIAS";"E/F AO POSTO IPIRANGA";"ESPINHEIRO";NA;"NORTE";"ABALROAMENTO TRANSVERSAL";"AUTO X MOTO. C/V";1;1;0;0;0;0;0;0;0;1;0;"Cruzamento";"Bom";"Não existe";"Perfeito estado";"Seca";"Perfeito estado";"Faixa de pedestre";"Não há placas";"";"Única";"Faixa seccionada";"";""
"8271";2020-12-13;"19:57:00";"COM VÍTIMA";"FINALIZADA";"CAXANGÁ";"AV JOAQUIM RIBEIRO";"340";"AV PERNAMBUCO";"APÓS A UPA DA CAXANGÁ - PROXIMO À ESTAÇÃO BRT. EM FRENTE A REDE TEM SUPERMERCADO.";"CAXANGÁ";NA;"SUBURBIO";"ATROPELAMENTO";"MOTO X PEDESTRE";0;1;0;0;1;0;0;0;0;1;0;"Longo da via";"Bom";"Não existe";"Perfeito estado";"Seca";"Perfeito estado";"Outros";"";"";"Dupla";"Faixa seccionada";"";""
"8272";2020-12-13;"23:38:00";"SEM VÍTIMA";"CANCELADA";"AFOGADOS";"RUA PROFESSOR AUGUSTO WANDERLEY FILHO";"";"";"SUBIDA DA PONTE MOTOCOLOMBO / TROCÃO";"AFOGADOS";39;"";"COLISÃO";"SEM VÍTIMA /POSTE SEMÁFORICO DANIFICADO";0;0;0;0;0;0;0;0;0;0;0;"";"";"";"";"";"";"";"";"";"";"";"";""
"8273";2020-12-14;"01:18:00";"COM VÍTIMA";"CANCELADA";"CORDEIRO";"AV CAXANGA";"";"AV GENERAL SAN MARTIN";"CRUZAMENTO C/A AV GAL SAN MARTIN - SEM. 080";"CORDEIRO";80;"";"COLISÃO";"COLISÃO AUTO X MOTO C/VITIMA - SAMU A CAMINHO";1;1;0;0;0;0;0;0;0;1;0;"";"";"";"";"";"";"";"";"";"";"";"";""
"8274";2020-12-14;"13:02:00";"COM VÍTIMA";"FINALIZADA";"CORDEIRO";"AV CAXANGA";"2900";"";"EM FRENTE A O EXTRA SUPERMERCADO.";"CORDEIRO";NA;"SUBURBIO";"COLISÃO TRASEIRA";"COM UMA VITIMA-SAMU NO LOCAL";0;1;0;0;0;1;0;0;0;1;0;"Longo da via";"Bom";"";"Perfeito estado";"Seca";"Perfeito estado";"Agente";"Não há placas";"60 km/h";"Dupla";"Faixa contínua";"Faixa seccionada";"Canteiro central"
"8275";2020-12-14;"14:15:00";"COM VÍTIMA";"FINALIZADA";"SÃO JOSÉ";"RUA IMPERIAL";"981";"TRV DO RAPOSO";"C.M. PRODUTOS SIDERÚRGICOS FERRO E AÇO.";"SÃO JOSÉ";510;"SUBURBIO";"ABALROAMENTO TRANSVERSAL";"COM UMA VITIMA AGUARDANDO SOCORRO/CTTU NO LOCAL VT14";1;1;0;0;0;0;0;0;0;1;0;"Cruzamento";"Bom";"Sem defeito";"Perfeito estado";"Seca";"Perfeito estado";"Faixa de pedestre";"Não há placas";"";"Única";"Faixa contínua";"";""
"8276";2020-12-14;"15:01:00";"COM VÍTIMA";"FINALIZADA";"CAMPO GRANDE";"RUA PROFESSOR FRANCISCO DA TRINDADE";"481";"RUA CATULO DA PAIXAO CEARENSE";"PROX AO CENTRO DE BELEZA MERY. AO LADO DA CAPELA SÃO VICENTE.";"CAMPO GRANDE";NA;"CIDADE";"ABALROAMENTO TRANSVERSAL";"COLISÃO MOTO X CARRO";1;1;0;0;0;0;0;0;0;1;0;"Cruzamento";"Bom";"Não existe";"Incompleta";"Seca";"Perfeito estado";"Faixa de retenção";"Placas Pare";"";"Dupla";"Faixa seccionada";"";""
"8277";2020-12-14;"16:28:00";"COM VÍTIMA";"FINALIZADA";"CAXANGÁ";"AV CAXANGA";"";"";"EM FRENTE AO TI CAXANGA / PROX A PONTE SENTIDO UPA";"CAXANGÁ";NA;"SUBURBIO";"COLISÃO COM CICLISTA";"COLISÃO COM CICLISTA";0;0;0;1;0;1;0;0;0;1;0;"Longo da via";"Bom";"Sem defeito";"Perfeito estado";"Seca";"Perfeito estado";"Faixa de pedestre";"Não há placas";"60 km/h";"Dupla";"Faixa seccionada";"";""
"8278";2020-12-14;"16:55:00";"COM VÍTIMA";"FINALIZADA";"BOA VISTA";"RUA DR LEOPOLDO LINS";"";"AV GOVERNADOR AGAMENON MAGALHAES";"NA ESQUINA DA CAIXA ECONOMICA";"BOA VISTA";78;"SUBURBIO";"ABALROAMENTO TRANSVERSAL";"COLISAO ENVOLVENDO AUTO E MOTO COM VITIMA";1;1;0;0;0;0;0;0;0;1;0;"Cruzamento";"Bom";"Sem defeito";"Perfeito estado";"Seca";"Perfeito estado";"Faixa de pedestre";"R-19";"60 km/h";"Dupla";"Canal";"";""
"8279";2020-12-14;"18:43:00";"COM VÍTIMA";"FINALIZADA";"ENCRUZILHADA";"AV NORTE";"1835";"AV JOAO DE BARROS";"EM FRENTE AO BANCO SANTANDER";"ENCRUZILHADA";43;"";"ABALROAMENTO TRANSVERSAL";"COLISÃO ENTRE AUTO E MOTO- COM VÍTIMA";1;1;0;0;0;0;0;0;0;1;0;"Cruzamento";"Bom";"Sem defeito";"Perfeito estado";"Seca";"Perfeito estado";"Agente";"R-26";"";"Dupla";"Canteiro central";"";""
"8280";2020-12-15;"08:02:00";"SEM VÍTIMA";"FINALIZADA";"TORRE";"RUA NETO CAMPELO JUNIOR";"";"RUA PADRE ANCHIETA";"MINUTO PÃO DE AÇUCAR";"TORRE";NA;"";"COLISÃO";"VEICULO OFICIAL";2;0;0;0;0;0;0;0;0;0;0;"Longo da via";"Bom";"Não existe";"Não existente";"Seca";"Perfeito estado";"Não existe";"Não há placas";"";"Única";"Não existe";"";""
"8281";2020-12-15;"08:36:00";"COM VÍTIMA";"FINALIZADA";"CIDADE UNIVERSITÁRIA";"RUA GENERAL POLIDORO";"788";"";"GALERIA UNIVERSITARIA. AO LADO DO NÚMERO INFORMADO.";"CIDADE UNIVERSITÁRIA";NA;"SUBURBIO";"ABALROAMENTO LONGITUDINAL";"COM VITIMA";1;1;0;0;0;0;0;0;0;1;0;"Longo da via";"Bom";"Não existe";"Perfeito estado";"Seca";"Perfeito estado";"Não existe";"Não há placas";"";"Dupla";"Faixa contínua";"";""
"8282";2020-12-15;"09:00:00";"COM VÍTIMA";"FINALIZADA";"IBURA";"AV DOIS RIOS";"1333";"";"CONSELHO TUTELAR RPA 6B";"";NA;"SUBURBIO";"COLISÃO FRONTAL";"AUTO E MOTO";1;1;0;0;0;0;0;0;0;1;0;"Longo da via";"Bom";"Não existe";"Não existente";"Seca";"Perfeito estado";"Não existe";"Não há placas";"";"Dupla";"Faixa contínua";"";""
"8283";2020-12-15;"14:01:00";"COM VÍTIMA";"FINALIZADA";"CORDEIRO";"AV CAXANGA";"1845";"";"EM FRENTE AO SOBERANO/ SENTIDO CIDADE";"CORDEIRO";NA;"CIDADE";"ABALROAMENTO LONGITUDINAL";"COLISÃO COM VÍTIMA";1;1;0;0;0;0;0;0;0;1;0;"Longo da via";"Bom";"Não existe";"Perfeito estado";"Seca";"Perfeito estado";"Não existe";"R-6a";"60 km/h";"Única";"Faixa seccionada";"Canteiro central";""
"8284";2020-12-15;"18:13:00";"COM VÍTIMA";"FINALIZADA";"MADALENA";"AV ENGENHEIRO ABDIAS DE CARVALHO";"";"EST DOS REMEDIOS";"";"MADALENA";52;"TORRE";"ABALROAMENTO LONGITUDINAL";"COM VÍTIMA";0;2;0;0;0;0;0;0;0;1;0;"Longo da via";"Bom";"Sem defeito";"Perfeito estado";"Seca";"Perfeito estado";"Não existe";"Não há placas";"60 km/h";"Única";"Faixa seccionada";"";""
"8285";2020-12-15;"18:59:00";"COM VÍTIMA";"FINALIZADA";"CABANGA";"RUA CAPITAO TEMUDO";"";"AV SATURNINO DE BRITO";"SNT BV- AO LADO DO VIADUTO CAP TEMUDO";"CABANGA";NA;"BOA VIAGEM";"ABALROAMENTO LONGITUDINAL";"AUTO X MOTO. C/V";1;1;0;0;0;0;0;0;0;1;0;"Esquina";"Chuvoso";"Não existe";"Perfeito estado";"Molhada";"Perfeito estado";"Não existe";"Não há placas";"";"Única";"Faixa seccionada";"";""
"8286";2020-12-15;"19:14:00";"SEM VÍTIMA";"FINALIZADA";"CAMPO GRANDE";"EST DE BELEM";"1555";"";"E/F A PRAÇA DO TERMINAL DE ONIBUS DE CAMPO GRANDRE";"CAMPO GRANDE";NA;"";"COLISÃO";"COLISAO SEM VITIMAS ENTRE TRES VEICULOS";3;0;0;0;0;0;0;0;0;0;0;"";"";"";"";"";"";"";"";"";"";"";"";""
"8287";2020-12-15;"21:23:00";"COM VÍTIMA";"FINALIZADA";"VÁRZEA";"AV AFONSO OLINDENSE";"420";"";"E/F AO ANTIGO COLISEU- EMPRESA COOPERNORTE. SINPETRACOPE.";"VÁRZEA";NA;"PRAÇA DA VÁRZEA";"ABALROAMENTO TRANSVERSAL";"MOTO X ÕNIBUS. C/V";0;1;0;0;0;1;0;0;0;2;0;"Longo da via";"Bom";"Não existe";"Perfeito estado";"Seca";"Perfeito estado";"Não existe";"Não há placas";"";"Dupla";"Faixa seccionada";"";""
"8288";2020-12-16;"01:23:00";"COM VÍTIMA";"CANCELADA";"AFOGADOS";"RUA SAO MIGUEL";"116";"";"E/F AO CARTÓRIO DE AFOGADOS E DEPATRI";"AFOGADOS";NA;"CIDADE";"COLISÃO";"COLISÃO 2 AUTOS C/VITIMA (FIAT/UNO SE ENCONTRA CAPOTADO)";2;0;0;0;0;0;0;0;0;1;0;"";"";"";"";"";"";"";"";"";"";"";"";""
"8289";2020-12-16;"09:20:00";"COM VÍTIMA";"FINALIZADA";"VÁRZEA";"RUA CONEGO JOSE FERNANDES MACHADO";"41A";"";"RUA DA ANTENA DO UR7 VÁRZEA";"VÁRZEA";NA;"";"COLISÃO FRONTAL";"COM UMA VITIMA -AGUARDANDO SOCORRO";1;1;0;0;0;0;0;0;0;1;0;"Longo da via";"Bom";"Não existe";"Não existente";"Seca";"Perfeito estado";"Não existe";"Não há placas";"";"Dupla";"Não existe";"";""